[2026-02-14 22:00:42,105] INFO posture_coach: Processing uploaded video: fe9c4a2a89bd418b9d7648edcb4f6214.mp4 (exercise=barbell_curl)
[2026-02-14 22:00:42,107] ERROR posture_coach: Video processing error: Cannot find mediapipe pose solution. Try: pip install mediapipe==0.10.32
Traceback (most recent call last):
  File "C:\Users\saura\Downloads\posture_coach_ai\posture_coach\apps\posture_app\views.py", line 265, in api_upload
    engine = get_or_create_engine(
  File "C:\Users\saura\Downloads\posture_coach_ai\posture_coach\apps\ml_engine\inference_engine.py", line 335, in get_or_create_engine
    _engine_registry[session_key] = InferenceEngine(exercise, profiles_dir)
  File "C:\Users\saura\Downloads\posture_coach_ai\posture_coach\apps\ml_engine\inference_engine.py", line 67, in __init__
    self._extractor = PoseExtractor(
  File "C:\Users\saura\Downloads\posture_coach_ai\posture_coach\apps\ml_engine\pose_extractor.py", line 116, in __init__
    pose_sol = _get_pose_solution()
  File "C:\Users\saura\Downloads\posture_coach_ai\posture_coach\apps\ml_engine\pose_extractor.py", line 96, in _get_pose_solution
    raise ImportError("Cannot find mediapipe pose solution. Try: pip install mediapipe==0.10.32")
ImportError: Cannot find mediapipe pose solution. Try: pip install mediapipe==0.10.32
[2026-02-14 22:00:56,058] INFO posture_coach: Processing uploaded video: 42eb750db3cc4edabf49605d6ee9373f.mp4 (exercise=squat)
[2026-02-14 22:00:56,060] ERROR posture_coach: Video processing error: Cannot find mediapipe pose solution. Try: pip install mediapipe==0.10.32
Traceback (most recent call last):
  File "C:\Users\saura\Downloads\posture_coach_ai\posture_coach\apps\posture_app\views.py", line 265, in api_upload
    engine = get_or_create_engine(
  File "C:\Users\saura\Downloads\posture_coach_ai\posture_coach\apps\ml_engine\inference_engine.py", line 335, in get_or_create_engine
    _engine_registry[session_key] = InferenceEngine(exercise, profiles_dir)
  File "C:\Users\saura\Downloads\posture_coach_ai\posture_coach\apps\ml_engine\inference_engine.py", line 67, in __init__
    self._extractor = PoseExtractor(
  File "C:\Users\saura\Downloads\posture_coach_ai\posture_coach\apps\ml_engine\pose_extractor.py", line 116, in __init__
    pose_sol = _get_pose_solution()
  File "C:\Users\saura\Downloads\posture_coach_ai\posture_coach\apps\ml_engine\pose_extractor.py", line 96, in _get_pose_solution
    raise ImportError("Cannot find mediapipe pose solution. Try: pip install mediapipe==0.10.32")
ImportError: Cannot find mediapipe pose solution. Try: pip install mediapipe==0.10.32
[2026-02-15 22:06:58,843] ERROR posture_coach: Reset error: Cannot find mediapipe pose solution. Try: pip install mediapipe==0.10.32
[2026-02-15 22:06:59,083] ERROR posture_coach: api_infer error: Cannot find mediapipe pose solution. Try: pip install mediapipe==0.10.32
Traceback (most recent call last):
  File "C:\Users\saura\Downloads\posture_coach_ai\posture_coach\apps\posture_app\views.py", line 119, in api_infer
    engine = _get_engine(session_key, exercise)
  File "C:\Users\saura\Downloads\posture_coach_ai\posture_coach\apps\posture_app\views.py", line 29, in _get_engine
    return get_or_create_engine(session_key, exercise, profiles_dir)
  File "C:\Users\saura\Downloads\posture_coach_ai\posture_coach\apps\ml_engine\inference_engine.py", line 336, in get_or_create_engine
    _engine_registry[session_key] = InferenceEngine(exercise, profiles_dir)
  File "C:\Users\saura\Downloads\posture_coach_ai\posture_coach\apps\ml_engine\inference_engine.py", line 67, in __init__
    self._extractor = PoseExtractor(
  File "C:\Users\saura\Downloads\posture_coach_ai\posture_coach\apps\ml_engine\pose_extractor.py", line 116, in __init__
    pose_sol = _get_pose_solution()
  File "C:\Users\saura\Downloads\posture_coach_ai\posture_coach\apps\ml_engine\pose_extractor.py", line 96, in _get_pose_solution
    raise ImportError("Cannot find mediapipe pose solution. Try: pip install mediapipe==0.10.32")
ImportError: Cannot find mediapipe pose solution. Try: pip install mediapipe==0.10.32

[2026-02-15 22:06:59,222] ERROR posture_coach: api_infer error: Cannot find mediapipe pose solution. Try: pip install mediapipe==0.10.32
Traceback (most recent call last):
  File "C:\Users\saura\Downloads\posture_coach_ai\posture_coach\apps\posture_app\views.py", line 119, in api_infer
    engine = _get_engine(session_key, exercise)
  File "C:\Users\saura\Downloads\posture_coach_ai\posture_coach\apps\posture_app\views.py", line 29, in _get_engine
    return get_or_create_engine(session_key, exercise, profiles_dir)
  File "C:\Users\saura\Downloads\posture_coach_ai\posture_coach\apps\ml_engine\inference_engine.py", line 336, in get_or_create_engine
    _engine_registry[session_key] = InferenceEngine(exercise, profiles_dir)
  File "C:\Users\saura\Downloads\posture_coach_ai\posture_coach\apps\ml_engine\inference_engine.py", line 67, in __init__
    self._extractor = PoseExtractor(
  File "C:\Users\saura\Downloads\posture_coach_ai\posture_coach\apps\ml_engine\pose_extractor.py", line 116, in __init__
    pose_sol = _get_pose_solution()
  File "C:\Users\saura\Downloads\posture_coach_ai\posture_coach\apps\ml_engine\pose_extractor.py", line 96, in _get_pose_solution
    raise ImportError("Cannot find mediapipe pose solution. Try: pip install mediapipe==0.10.32")
ImportError: Cannot find mediapipe pose solution. Try: pip install mediapipe==0.10.32

[2026-02-15 22:06:59,311] ERROR posture_coach: api_infer error: Cannot find mediapipe pose solution. Try: pip install mediapipe==0.10.32
Traceback (most recent call last):
  File "C:\Users\saura\Downloads\posture_coach_ai\posture_coach\apps\posture_app\views.py", line 119, in api_infer
    engine = _get_engine(session_key, exercise)
  File "C:\Users\saura\Downloads\posture_coach_ai\posture_coach\apps\posture_app\views.py", line 29, in _get_engine
    return get_or_create_engine(session_key, exercise, profiles_dir)
  File "C:\Users\saura\Downloads\posture_coach_ai\posture_coach\apps\ml_engine\inference_engine.py", line 336, in get_or_create_engine
    _engine_registry[session_key] = InferenceEngine(exercise, profiles_dir)
  File "C:\Users\saura\Downloads\posture_coach_ai\posture_coach\apps\ml_engine\inference_engine.py", line 67, in __init__
    self._extractor = PoseExtractor(
  File "C:\Users\saura\Downloads\posture_coach_ai\posture_coach\apps\ml_engine\pose_extractor.py", line 116, in __init__
    pose_sol = _get_pose_solution()
  File "C:\Users\saura\Downloads\posture_coach_ai\posture_coach\apps\ml_engine\pose_extractor.py", line 96, in _get_pose_solution
    raise ImportError("Cannot find mediapipe pose solution. Try: pip install mediapipe==0.10.32")
ImportError: Cannot find mediapipe pose solution. Try: pip install mediapipe==0.10.32

[2026-02-15 22:06:59,408] ERROR posture_coach: api_infer error: Cannot find mediapipe pose solution. Try: pip install mediapipe==0.10.32
Traceback (most recent call last):
  File "C:\Users\saura\Downloads\posture_coach_ai\posture_coach\apps\posture_app\views.py", line 119, in api_infer
    engine = _get_engine(session_key, exercise)
  File "C:\Users\saura\Downloads\posture_coach_ai\posture_coach\apps\posture_app\views.py", line 29, in _get_engine
    return get_or_create_engine(session_key, exercise, profiles_dir)
  File "C:\Users\saura\Downloads\posture_coach_ai\posture_coach\apps\ml_engine\inference_engine.py", line 336, in get_or_create_engine
    _engine_registry[session_key] = InferenceEngine(exercise, profiles_dir)
  File "C:\Users\saura\Downloads\posture_coach_ai\posture_coach\apps\ml_engine\inference_engine.py", line 67, in __init__
    self._extractor = PoseExtractor(
  File "C:\Users\saura\Downloads\posture_coach_ai\posture_coach\apps\ml_engine\pose_extractor.py", line 116, in __init__
    pose_sol = _get_pose_solution()
  File "C:\Users\saura\Downloads\posture_coach_ai\posture_coach\apps\ml_engine\pose_extractor.py", line 96, in _get_pose_solution
    raise ImportError("Cannot find mediapipe pose solution. Try: pip install mediapipe==0.10.32")
ImportError: Cannot find mediapipe pose solution. Try: pip install mediapipe==0.10.32

[2026-02-15 22:06:59,508] ERROR posture_coach: api_infer error: Cannot find mediapipe pose solution. Try: pip install mediapipe==0.10.32
Traceback (most recent call last):
  File "C:\Users\saura\Downloads\posture_coach_ai\posture_coach\apps\posture_app\views.py", line 119, in api_infer
    engine = _get_engine(session_key, exercise)
  File "C:\Users\saura\Downloads\posture_coach_ai\posture_coach\apps\posture_app\views.py", line 29, in _get_engine
    return get_or_create_engine(session_key, exercise, profiles_dir)
  File "C:\Users\saura\Downloads\posture_coach_ai\posture_coach\apps\ml_engine\inference_engine.py", line 336, in get_or_create_engine
    _engine_registry[session_key] = InferenceEngine(exercise, profiles_dir)
  File "C:\Users\saura\Downloads\posture_coach_ai\posture_coach\apps\ml_engine\inference_engine.py", line 67, in __init__
    self._extractor = PoseExtractor(
  File "C:\Users\saura\Downloads\posture_coach_ai\posture_coach\apps\ml_engine\pose_extractor.py", line 116, in __init__
    pose_sol = _get_pose_solution()
  File "C:\Users\saura\Downloads\posture_coach_ai\posture_coach\apps\ml_engine\pose_extractor.py", line 96, in _get_pose_solution
    raise ImportError("Cannot find mediapipe pose solution. Try: pip install mediapipe==0.10.32")
ImportError: Cannot find mediapipe pose solution. Try: pip install mediapipe==0.10.32

[2026-02-15 22:06:59,606] ERROR posture_coach: api_infer error: Cannot find mediapipe pose solution. Try: pip install mediapipe==0.10.32
Traceback (most recent call last):
  File "C:\Users\saura\Downloads\posture_coach_ai\posture_coach\apps\posture_app\views.py", line 119, in api_infer
    engine = _get_engine(session_key, exercise)
  File "C:\Users\saura\Downloads\posture_coach_ai\posture_coach\apps\posture_app\views.py", line 29, in _get_engine
    return get_or_create_engine(session_key, exercise, profiles_dir)
  File "C:\Users\saura\Downloads\posture_coach_ai\posture_coach\apps\ml_engine\inference_engine.py", line 336, in get_or_create_engine
    _engine_registry[session_key] = InferenceEngine(exercise, profiles_dir)
  File "C:\Users\saura\Downloads\posture_coach_ai\posture_coach\apps\ml_engine\inference_engine.py", line 67, in __init__
    self._extractor = PoseExtractor(
  File "C:\Users\saura\Downloads\posture_coach_ai\posture_coach\apps\ml_engine\pose_extractor.py", line 116, in __init__
    pose_sol = _get_pose_solution()
  File "C:\Users\saura\Downloads\posture_coach_ai\posture_coach\apps\ml_engine\pose_extractor.py", line 96, in _get_pose_solution
    raise ImportError("Cannot find mediapipe pose solution. Try: pip install mediapipe==0.10.32")
ImportError: Cannot find mediapipe pose solution. Try: pip install mediapipe==0.10.32

[2026-02-15 22:06:59,709] ERROR posture_coach: api_infer error: Cannot find mediapipe pose solution. Try: pip install mediapipe==0.10.32
Traceback (most recent call last):
  File "C:\Users\saura\Downloads\posture_coach_ai\posture_coach\apps\posture_app\views.py", line 119, in api_infer
    engine = _get_engine(session_key, exercise)
  File "C:\Users\saura\Downloads\posture_coach_ai\posture_coach\apps\posture_app\views.py", line 29, in _get_engine
    return get_or_create_engine(session_key, exercise, profiles_dir)
  File "C:\Users\saura\Downloads\posture_coach_ai\posture_coach\apps\ml_engine\inference_engine.py", line 336, in get_or_create_engine
    _engine_registry[session_key] = InferenceEngine(exercise, profiles_dir)
  File "C:\Users\saura\Downloads\posture_coach_ai\posture_coach\apps\ml_engine\inference_engine.py", line 67, in __init__
    self._extractor = PoseExtractor(
  File "C:\Users\saura\Downloads\posture_coach_ai\posture_coach\apps\ml_engine\pose_extractor.py", line 116, in __init__
    pose_sol = _get_pose_solution()
  File "C:\Users\saura\Downloads\posture_coach_ai\posture_coach\apps\ml_engine\pose_extractor.py", line 96, in _get_pose_solution
    raise ImportError("Cannot find mediapipe pose solution. Try: pip install mediapipe==0.10.32")
ImportError: Cannot find mediapipe pose solution. Try: pip install mediapipe==0.10.32

[2026-02-15 22:06:59,806] ERROR posture_coach: api_infer error: Cannot find mediapipe pose solution. Try: pip install mediapipe==0.10.32
Traceback (most recent call last):
  File "C:\Users\saura\Downloads\posture_coach_ai\posture_coach\apps\posture_app\views.py", line 119, in api_infer
    engine = _get_engine(session_key, exercise)
  File "C:\Users\saura\Downloads\posture_coach_ai\posture_coach\apps\posture_app\views.py", line 29, in _get_engine
    return get_or_create_engine(session_key, exercise, profiles_dir)
  File "C:\Users\saura\Downloads\posture_coach_ai\posture_coach\apps\ml_engine\inference_engine.py", line 336, in get_or_create_engine
    _engine_registry[session_key] = InferenceEngine(exercise, profiles_dir)
  File "C:\Users\saura\Downloads\posture_coach_ai\posture_coach\apps\ml_engine\inference_engine.py", line 67, in __init__
    self._extractor = PoseExtractor(
  File "C:\Users\saura\Downloads\posture_coach_ai\posture_coach\apps\ml_engine\pose_extractor.py", line 116, in __init__
    pose_sol = _get_pose_solution()
  File "C:\Users\saura\Downloads\posture_coach_ai\posture_coach\apps\ml_engine\pose_extractor.py", line 96, in _get_pose_solution
    raise ImportError("Cannot find mediapipe pose solution. Try: pip install mediapipe==0.10.32")
ImportError: Cannot find mediapipe pose solution. Try: pip install mediapipe==0.10.32

[2026-02-15 22:06:59,908] ERROR posture_coach: api_infer error: Cannot find mediapipe pose solution. Try: pip install mediapipe==0.10.32
Traceback (most recent call last):
  File "C:\Users\saura\Downloads\posture_coach_ai\posture_coach\apps\posture_app\views.py", line 119, in api_infer
    engine = _get_engine(session_key, exercise)
  File "C:\Users\saura\Downloads\posture_coach_ai\posture_coach\apps\posture_app\views.py", line 29, in _get_engine
    return get_or_create_engine(session_key, exercise, profiles_dir)
  File "C:\Users\saura\Downloads\posture_coach_ai\posture_coach\apps\ml_engine\inference_engine.py", line 336, in get_or_create_engine
    _engine_registry[session_key] = InferenceEngine(exercise, profiles_dir)
  File "C:\Users\saura\Downloads\posture_coach_ai\posture_coach\apps\ml_engine\inference_engine.py", line 67, in __init__
    self._extractor = PoseExtractor(
  File "C:\Users\saura\Downloads\posture_coach_ai\posture_coach\apps\ml_engine\pose_extractor.py", line 116, in __init__
    pose_sol = _get_pose_solution()
  File "C:\Users\saura\Downloads\posture_coach_ai\posture_coach\apps\ml_engine\pose_extractor.py", line 96, in _get_pose_solution
    raise ImportError("Cannot find mediapipe pose solution. Try: pip install mediapipe==0.10.32")
ImportError: Cannot find mediapipe pose solution. Try: pip install mediapipe==0.10.32

[2026-02-15 22:07:00,009] ERROR posture_coach: api_infer error: Cannot find mediapipe pose solution. Try: pip install mediapipe==0.10.32
Traceback (most recent call last):
  File "C:\Users\saura\Downloads\posture_coach_ai\posture_coach\apps\posture_app\views.py", line 119, in api_infer
    engine = _get_engine(session_key, exercise)
  File "C:\Users\saura\Downloads\posture_coach_ai\posture_coach\apps\posture_app\views.py", line 29, in _get_engine
    return get_or_create_engine(session_key, exercise, profiles_dir)
  File "C:\Users\saura\Downloads\posture_coach_ai\posture_coach\apps\ml_engine\inference_engine.py", line 336, in get_or_create_engine
    _engine_registry[session_key] = InferenceEngine(exercise, profiles_dir)
  File "C:\Users\saura\Downloads\posture_coach_ai\posture_coach\apps\ml_engine\inference_engine.py", line 67, in __init__
    self._extractor = PoseExtractor(
  File "C:\Users\saura\Downloads\posture_coach_ai\posture_coach\apps\ml_engine\pose_extractor.py", line 116, in __init__
    pose_sol = _get_pose_solution()
  File "C:\Users\saura\Downloads\posture_coach_ai\posture_coach\apps\ml_engine\pose_extractor.py", line 96, in _get_pose_solution
    raise ImportError("Cannot find mediapipe pose solution. Try: pip install mediapipe==0.10.32")
ImportError: Cannot find mediapipe pose solution. Try: pip install mediapipe==0.10.32

[2026-02-15 22:07:00,107] ERROR posture_coach: api_infer error: Cannot find mediapipe pose solution. Try: pip install mediapipe==0.10.32
Traceback (most recent call last):
  File "C:\Users\saura\Downloads\posture_coach_ai\posture_coach\apps\posture_app\views.py", line 119, in api_infer
    engine = _get_engine(session_key, exercise)
  File "C:\Users\saura\Downloads\posture_coach_ai\posture_coach\apps\posture_app\views.py", line 29, in _get_engine
    return get_or_create_engine(session_key, exercise, profiles_dir)
  File "C:\Users\saura\Downloads\posture_coach_ai\posture_coach\apps\ml_engine\inference_engine.py", line 336, in get_or_create_engine
    _engine_registry[session_key] = InferenceEngine(exercise, profiles_dir)
  File "C:\Users\saura\Downloads\posture_coach_ai\posture_coach\apps\ml_engine\inference_engine.py", line 67, in __init__
    self._extractor = PoseExtractor(
  File "C:\Users\saura\Downloads\posture_coach_ai\posture_coach\apps\ml_engine\pose_extractor.py", line 116, in __init__
    pose_sol = _get_pose_solution()
  File "C:\Users\saura\Downloads\posture_coach_ai\posture_coach\apps\ml_engine\pose_extractor.py", line 96, in _get_pose_solution
    raise ImportError("Cannot find mediapipe pose solution. Try: pip install mediapipe==0.10.32")
ImportError: Cannot find mediapipe pose solution. Try: pip install mediapipe==0.10.32

[2026-02-15 22:07:00,211] ERROR posture_coach: api_infer error: Cannot find mediapipe pose solution. Try: pip install mediapipe==0.10.32
Traceback (most recent call last):
  File "C:\Users\saura\Downloads\posture_coach_ai\posture_coach\apps\posture_app\views.py", line 119, in api_infer
    engine = _get_engine(session_key, exercise)
  File "C:\Users\saura\Downloads\posture_coach_ai\posture_coach\apps\posture_app\views.py", line 29, in _get_engine
    return get_or_create_engine(session_key, exercise, profiles_dir)
  File "C:\Users\saura\Downloads\posture_coach_ai\posture_coach\apps\ml_engine\inference_engine.py", line 336, in get_or_create_engine
    _engine_registry[session_key] = InferenceEngine(exercise, profiles_dir)
  File "C:\Users\saura\Downloads\posture_coach_ai\posture_coach\apps\ml_engine\inference_engine.py", line 67, in __init__
    self._extractor = PoseExtractor(
  File "C:\Users\saura\Downloads\posture_coach_ai\posture_coach\apps\ml_engine\pose_extractor.py", line 116, in __init__
    pose_sol = _get_pose_solution()
  File "C:\Users\saura\Downloads\posture_coach_ai\posture_coach\apps\ml_engine\pose_extractor.py", line 96, in _get_pose_solution
    raise ImportError("Cannot find mediapipe pose solution. Try: pip install mediapipe==0.10.32")
ImportError: Cannot find mediapipe pose solution. Try: pip install mediapipe==0.10.32

[2026-02-15 22:07:00,305] ERROR posture_coach: api_infer error: Cannot find mediapipe pose solution. Try: pip install mediapipe==0.10.32
Traceback (most recent call last):
  File "C:\Users\saura\Downloads\posture_coach_ai\posture_coach\apps\posture_app\views.py", line 119, in api_infer
    engine = _get_engine(session_key, exercise)
  File "C:\Users\saura\Downloads\posture_coach_ai\posture_coach\apps\posture_app\views.py", line 29, in _get_engine
    return get_or_create_engine(session_key, exercise, profiles_dir)
  File "C:\Users\saura\Downloads\posture_coach_ai\posture_coach\apps\ml_engine\inference_engine.py", line 336, in get_or_create_engine
    _engine_registry[session_key] = InferenceEngine(exercise, profiles_dir)
  File "C:\Users\saura\Downloads\posture_coach_ai\posture_coach\apps\ml_engine\inference_engine.py", line 67, in __init__
    self._extractor = PoseExtractor(
  File "C:\Users\saura\Downloads\posture_coach_ai\posture_coach\apps\ml_engine\pose_extractor.py", line 116, in __init__
    pose_sol = _get_pose_solution()
  File "C:\Users\saura\Downloads\posture_coach_ai\posture_coach\apps\ml_engine\pose_extractor.py", line 96, in _get_pose_solution
    raise ImportError("Cannot find mediapipe pose solution. Try: pip install mediapipe==0.10.32")
ImportError: Cannot find mediapipe pose solution. Try: pip install mediapipe==0.10.32

[2026-02-15 22:07:00,409] ERROR posture_coach: api_infer error: Cannot find mediapipe pose solution. Try: pip install mediapipe==0.10.32
Traceback (most recent call last):
  File "C:\Users\saura\Downloads\posture_coach_ai\posture_coach\apps\posture_app\views.py", line 119, in api_infer
    engine = _get_engine(session_key, exercise)
  File "C:\Users\saura\Downloads\posture_coach_ai\posture_coach\apps\posture_app\views.py", line 29, in _get_engine
    return get_or_create_engine(session_key, exercise, profiles_dir)
  File "C:\Users\saura\Downloads\posture_coach_ai\posture_coach\apps\ml_engine\inference_engine.py", line 336, in get_or_create_engine
    _engine_registry[session_key] = InferenceEngine(exercise, profiles_dir)
  File "C:\Users\saura\Downloads\posture_coach_ai\posture_coach\apps\ml_engine\inference_engine.py", line 67, in __init__
    self._extractor = PoseExtractor(
  File "C:\Users\saura\Downloads\posture_coach_ai\posture_coach\apps\ml_engine\pose_extractor.py", line 116, in __init__
    pose_sol = _get_pose_solution()
  File "C:\Users\saura\Downloads\posture_coach_ai\posture_coach\apps\ml_engine\pose_extractor.py", line 96, in _get_pose_solution
    raise ImportError("Cannot find mediapipe pose solution. Try: pip install mediapipe==0.10.32")
ImportError: Cannot find mediapipe pose solution. Try: pip install mediapipe==0.10.32

[2026-02-15 22:07:00,501] ERROR posture_coach: api_infer error: Cannot find mediapipe pose solution. Try: pip install mediapipe==0.10.32
Traceback (most recent call last):
  File "C:\Users\saura\Downloads\posture_coach_ai\posture_coach\apps\posture_app\views.py", line 119, in api_infer
    engine = _get_engine(session_key, exercise)
  File "C:\Users\saura\Downloads\posture_coach_ai\posture_coach\apps\posture_app\views.py", line 29, in _get_engine
    return get_or_create_engine(session_key, exercise, profiles_dir)
  File "C:\Users\saura\Downloads\posture_coach_ai\posture_coach\apps\ml_engine\inference_engine.py", line 336, in get_or_create_engine
    _engine_registry[session_key] = InferenceEngine(exercise, profiles_dir)
  File "C:\Users\saura\Downloads\posture_coach_ai\posture_coach\apps\ml_engine\inference_engine.py", line 67, in __init__
    self._extractor = PoseExtractor(
  File "C:\Users\saura\Downloads\posture_coach_ai\posture_coach\apps\ml_engine\pose_extractor.py", line 116, in __init__
    pose_sol = _get_pose_solution()
  File "C:\Users\saura\Downloads\posture_coach_ai\posture_coach\apps\ml_engine\pose_extractor.py", line 96, in _get_pose_solution
    raise ImportError("Cannot find mediapipe pose solution. Try: pip install mediapipe==0.10.32")
ImportError: Cannot find mediapipe pose solution. Try: pip install mediapipe==0.10.32

[2026-02-15 22:07:00,602] ERROR posture_coach: api_infer error: Cannot find mediapipe pose solution. Try: pip install mediapipe==0.10.32
Traceback (most recent call last):
  File "C:\Users\saura\Downloads\posture_coach_ai\posture_coach\apps\posture_app\views.py", line 119, in api_infer
    engine = _get_engine(session_key, exercise)
  File "C:\Users\saura\Downloads\posture_coach_ai\posture_coach\apps\posture_app\views.py", line 29, in _get_engine
    return get_or_create_engine(session_key, exercise, profiles_dir)
  File "C:\Users\saura\Downloads\posture_coach_ai\posture_coach\apps\ml_engine\inference_engine.py", line 336, in get_or_create_engine
    _engine_registry[session_key] = InferenceEngine(exercise, profiles_dir)
  File "C:\Users\saura\Downloads\posture_coach_ai\posture_coach\apps\ml_engine\inference_engine.py", line 67, in __init__
    self._extractor = PoseExtractor(
  File "C:\Users\saura\Downloads\posture_coach_ai\posture_coach\apps\ml_engine\pose_extractor.py", line 116, in __init__
    pose_sol = _get_pose_solution()
  File "C:\Users\saura\Downloads\posture_coach_ai\posture_coach\apps\ml_engine\pose_extractor.py", line 96, in _get_pose_solution
    raise ImportError("Cannot find mediapipe pose solution. Try: pip install mediapipe==0.10.32")
ImportError: Cannot find mediapipe pose solution. Try: pip install mediapipe==0.10.32

[2026-02-15 22:07:00,724] ERROR posture_coach: api_infer error: Cannot find mediapipe pose solution. Try: pip install mediapipe==0.10.32
Traceback (most recent call last):
  File "C:\Users\saura\Downloads\posture_coach_ai\posture_coach\apps\posture_app\views.py", line 119, in api_infer
    engine = _get_engine(session_key, exercise)
  File "C:\Users\saura\Downloads\posture_coach_ai\posture_coach\apps\posture_app\views.py", line 29, in _get_engine
    return get_or_create_engine(session_key, exercise, profiles_dir)
  File "C:\Users\saura\Downloads\posture_coach_ai\posture_coach\apps\ml_engine\inference_engine.py", line 336, in get_or_create_engine
    _engine_registry[session_key] = InferenceEngine(exercise, profiles_dir)
  File "C:\Users\saura\Downloads\posture_coach_ai\posture_coach\apps\ml_engine\inference_engine.py", line 67, in __init__
    self._extractor = PoseExtractor(
  File "C:\Users\saura\Downloads\posture_coach_ai\posture_coach\apps\ml_engine\pose_extractor.py", line 116, in __init__
    pose_sol = _get_pose_solution()
  File "C:\Users\saura\Downloads\posture_coach_ai\posture_coach\apps\ml_engine\pose_extractor.py", line 96, in _get_pose_solution
    raise ImportError("Cannot find mediapipe pose solution. Try: pip install mediapipe==0.10.32")
ImportError: Cannot find mediapipe pose solution. Try: pip install mediapipe==0.10.32

[2026-02-15 22:07:00,805] ERROR posture_coach: api_infer error: Cannot find mediapipe pose solution. Try: pip install mediapipe==0.10.32
Traceback (most recent call last):
  File "C:\Users\saura\Downloads\posture_coach_ai\posture_coach\apps\posture_app\views.py", line 119, in api_infer
    engine = _get_engine(session_key, exercise)
  File "C:\Users\saura\Downloads\posture_coach_ai\posture_coach\apps\posture_app\views.py", line 29, in _get_engine
    return get_or_create_engine(session_key, exercise, profiles_dir)
  File "C:\Users\saura\Downloads\posture_coach_ai\posture_coach\apps\ml_engine\inference_engine.py", line 336, in get_or_create_engine
    _engine_registry[session_key] = InferenceEngine(exercise, profiles_dir)
  File "C:\Users\saura\Downloads\posture_coach_ai\posture_coach\apps\ml_engine\inference_engine.py", line 67, in __init__
    self._extractor = PoseExtractor(
  File "C:\Users\saura\Downloads\posture_coach_ai\posture_coach\apps\ml_engine\pose_extractor.py", line 116, in __init__
    pose_sol = _get_pose_solution()
  File "C:\Users\saura\Downloads\posture_coach_ai\posture_coach\apps\ml_engine\pose_extractor.py", line 96, in _get_pose_solution
    raise ImportError("Cannot find mediapipe pose solution. Try: pip install mediapipe==0.10.32")
ImportError: Cannot find mediapipe pose solution. Try: pip install mediapipe==0.10.32

[2026-02-15 22:07:00,903] ERROR posture_coach: api_infer error: Cannot find mediapipe pose solution. Try: pip install mediapipe==0.10.32
Traceback (most recent call last):
  File "C:\Users\saura\Downloads\posture_coach_ai\posture_coach\apps\posture_app\views.py", line 119, in api_infer
    engine = _get_engine(session_key, exercise)
  File "C:\Users\saura\Downloads\posture_coach_ai\posture_coach\apps\posture_app\views.py", line 29, in _get_engine
    return get_or_create_engine(session_key, exercise, profiles_dir)
  File "C:\Users\saura\Downloads\posture_coach_ai\posture_coach\apps\ml_engine\inference_engine.py", line 336, in get_or_create_engine
    _engine_registry[session_key] = InferenceEngine(exercise, profiles_dir)
  File "C:\Users\saura\Downloads\posture_coach_ai\posture_coach\apps\ml_engine\inference_engine.py", line 67, in __init__
    self._extractor = PoseExtractor(
  File "C:\Users\saura\Downloads\posture_coach_ai\posture_coach\apps\ml_engine\pose_extractor.py", line 116, in __init__
    pose_sol = _get_pose_solution()
  File "C:\Users\saura\Downloads\posture_coach_ai\posture_coach\apps\ml_engine\pose_extractor.py", line 96, in _get_pose_solution
    raise ImportError("Cannot find mediapipe pose solution. Try: pip install mediapipe==0.10.32")
ImportError: Cannot find mediapipe pose solution. Try: pip install mediapipe==0.10.32

[2026-02-15 22:07:01,006] ERROR posture_coach: api_infer error: Cannot find mediapipe pose solution. Try: pip install mediapipe==0.10.32
Traceback (most recent call last):
  File "C:\Users\saura\Downloads\posture_coach_ai\posture_coach\apps\posture_app\views.py", line 119, in api_infer
    engine = _get_engine(session_key, exercise)
  File "C:\Users\saura\Downloads\posture_coach_ai\posture_coach\apps\posture_app\views.py", line 29, in _get_engine
    return get_or_create_engine(session_key, exercise, profiles_dir)
  File "C:\Users\saura\Downloads\posture_coach_ai\posture_coach\apps\ml_engine\inference_engine.py", line 336, in get_or_create_engine
    _engine_registry[session_key] = InferenceEngine(exercise, profiles_dir)
  File "C:\Users\saura\Downloads\posture_coach_ai\posture_coach\apps\ml_engine\inference_engine.py", line 67, in __init__
    self._extractor = PoseExtractor(
  File "C:\Users\saura\Downloads\posture_coach_ai\posture_coach\apps\ml_engine\pose_extractor.py", line 116, in __init__
    pose_sol = _get_pose_solution()
  File "C:\Users\saura\Downloads\posture_coach_ai\posture_coach\apps\ml_engine\pose_extractor.py", line 96, in _get_pose_solution
    raise ImportError("Cannot find mediapipe pose solution. Try: pip install mediapipe==0.10.32")
ImportError: Cannot find mediapipe pose solution. Try: pip install mediapipe==0.10.32

[2026-02-15 22:07:01,107] ERROR posture_coach: api_infer error: Cannot find mediapipe pose solution. Try: pip install mediapipe==0.10.32
Traceback (most recent call last):
  File "C:\Users\saura\Downloads\posture_coach_ai\posture_coach\apps\posture_app\views.py", line 119, in api_infer
    engine = _get_engine(session_key, exercise)
  File "C:\Users\saura\Downloads\posture_coach_ai\posture_coach\apps\posture_app\views.py", line 29, in _get_engine
    return get_or_create_engine(session_key, exercise, profiles_dir)
  File "C:\Users\saura\Downloads\posture_coach_ai\posture_coach\apps\ml_engine\inference_engine.py", line 336, in get_or_create_engine
    _engine_registry[session_key] = InferenceEngine(exercise, profiles_dir)
  File "C:\Users\saura\Downloads\posture_coach_ai\posture_coach\apps\ml_engine\inference_engine.py", line 67, in __init__
    self._extractor = PoseExtractor(
  File "C:\Users\saura\Downloads\posture_coach_ai\posture_coach\apps\ml_engine\pose_extractor.py", line 116, in __init__
    pose_sol = _get_pose_solution()
  File "C:\Users\saura\Downloads\posture_coach_ai\posture_coach\apps\ml_engine\pose_extractor.py", line 96, in _get_pose_solution
    raise ImportError("Cannot find mediapipe pose solution. Try: pip install mediapipe==0.10.32")
ImportError: Cannot find mediapipe pose solution. Try: pip install mediapipe==0.10.32

[2026-02-15 22:07:01,203] ERROR posture_coach: api_infer error: Cannot find mediapipe pose solution. Try: pip install mediapipe==0.10.32
Traceback (most recent call last):
  File "C:\Users\saura\Downloads\posture_coach_ai\posture_coach\apps\posture_app\views.py", line 119, in api_infer
    engine = _get_engine(session_key, exercise)
  File "C:\Users\saura\Downloads\posture_coach_ai\posture_coach\apps\posture_app\views.py", line 29, in _get_engine
    return get_or_create_engine(session_key, exercise, profiles_dir)
  File "C:\Users\saura\Downloads\posture_coach_ai\posture_coach\apps\ml_engine\inference_engine.py", line 336, in get_or_create_engine
    _engine_registry[session_key] = InferenceEngine(exercise, profiles_dir)
  File "C:\Users\saura\Downloads\posture_coach_ai\posture_coach\apps\ml_engine\inference_engine.py", line 67, in __init__
    self._extractor = PoseExtractor(
  File "C:\Users\saura\Downloads\posture_coach_ai\posture_coach\apps\ml_engine\pose_extractor.py", line 116, in __init__
    pose_sol = _get_pose_solution()
  File "C:\Users\saura\Downloads\posture_coach_ai\posture_coach\apps\ml_engine\pose_extractor.py", line 96, in _get_pose_solution
    raise ImportError("Cannot find mediapipe pose solution. Try: pip install mediapipe==0.10.32")
ImportError: Cannot find mediapipe pose solution. Try: pip install mediapipe==0.10.32

[2026-02-15 22:07:01,301] ERROR posture_coach: api_infer error: Cannot find mediapipe pose solution. Try: pip install mediapipe==0.10.32
Traceback (most recent call last):
  File "C:\Users\saura\Downloads\posture_coach_ai\posture_coach\apps\posture_app\views.py", line 119, in api_infer
    engine = _get_engine(session_key, exercise)
  File "C:\Users\saura\Downloads\posture_coach_ai\posture_coach\apps\posture_app\views.py", line 29, in _get_engine
    return get_or_create_engine(session_key, exercise, profiles_dir)
  File "C:\Users\saura\Downloads\posture_coach_ai\posture_coach\apps\ml_engine\inference_engine.py", line 336, in get_or_create_engine
    _engine_registry[session_key] = InferenceEngine(exercise, profiles_dir)
  File "C:\Users\saura\Downloads\posture_coach_ai\posture_coach\apps\ml_engine\inference_engine.py", line 67, in __init__
    self._extractor = PoseExtractor(
  File "C:\Users\saura\Downloads\posture_coach_ai\posture_coach\apps\ml_engine\pose_extractor.py", line 116, in __init__
    pose_sol = _get_pose_solution()
  File "C:\Users\saura\Downloads\posture_coach_ai\posture_coach\apps\ml_engine\pose_extractor.py", line 96, in _get_pose_solution
    raise ImportError("Cannot find mediapipe pose solution. Try: pip install mediapipe==0.10.32")
ImportError: Cannot find mediapipe pose solution. Try: pip install mediapipe==0.10.32

[2026-02-15 22:07:01,401] ERROR posture_coach: api_infer error: Cannot find mediapipe pose solution. Try: pip install mediapipe==0.10.32
Traceback (most recent call last):
  File "C:\Users\saura\Downloads\posture_coach_ai\posture_coach\apps\posture_app\views.py", line 119, in api_infer
    engine = _get_engine(session_key, exercise)
  File "C:\Users\saura\Downloads\posture_coach_ai\posture_coach\apps\posture_app\views.py", line 29, in _get_engine
    return get_or_create_engine(session_key, exercise, profiles_dir)
  File "C:\Users\saura\Downloads\posture_coach_ai\posture_coach\apps\ml_engine\inference_engine.py", line 336, in get_or_create_engine
    _engine_registry[session_key] = InferenceEngine(exercise, profiles_dir)
  File "C:\Users\saura\Downloads\posture_coach_ai\posture_coach\apps\ml_engine\inference_engine.py", line 67, in __init__
    self._extractor = PoseExtractor(
  File "C:\Users\saura\Downloads\posture_coach_ai\posture_coach\apps\ml_engine\pose_extractor.py", line 116, in __init__
    pose_sol = _get_pose_solution()
  File "C:\Users\saura\Downloads\posture_coach_ai\posture_coach\apps\ml_engine\pose_extractor.py", line 96, in _get_pose_solution
    raise ImportError("Cannot find mediapipe pose solution. Try: pip install mediapipe==0.10.32")
ImportError: Cannot find mediapipe pose solution. Try: pip install mediapipe==0.10.32

[2026-02-15 22:07:01,504] ERROR posture_coach: api_infer error: Cannot find mediapipe pose solution. Try: pip install mediapipe==0.10.32
Traceback (most recent call last):
  File "C:\Users\saura\Downloads\posture_coach_ai\posture_coach\apps\posture_app\views.py", line 119, in api_infer
    engine = _get_engine(session_key, exercise)
  File "C:\Users\saura\Downloads\posture_coach_ai\posture_coach\apps\posture_app\views.py", line 29, in _get_engine
    return get_or_create_engine(session_key, exercise, profiles_dir)
  File "C:\Users\saura\Downloads\posture_coach_ai\posture_coach\apps\ml_engine\inference_engine.py", line 336, in get_or_create_engine
    _engine_registry[session_key] = InferenceEngine(exercise, profiles_dir)
  File "C:\Users\saura\Downloads\posture_coach_ai\posture_coach\apps\ml_engine\inference_engine.py", line 67, in __init__
    self._extractor = PoseExtractor(
  File "C:\Users\saura\Downloads\posture_coach_ai\posture_coach\apps\ml_engine\pose_extractor.py", line 116, in __init__
    pose_sol = _get_pose_solution()
  File "C:\Users\saura\Downloads\posture_coach_ai\posture_coach\apps\ml_engine\pose_extractor.py", line 96, in _get_pose_solution
    raise ImportError("Cannot find mediapipe pose solution. Try: pip install mediapipe==0.10.32")
ImportError: Cannot find mediapipe pose solution. Try: pip install mediapipe==0.10.32

[2026-02-15 22:07:01,604] ERROR posture_coach: api_infer error: Cannot find mediapipe pose solution. Try: pip install mediapipe==0.10.32
Traceback (most recent call last):
  File "C:\Users\saura\Downloads\posture_coach_ai\posture_coach\apps\posture_app\views.py", line 119, in api_infer
    engine = _get_engine(session_key, exercise)
  File "C:\Users\saura\Downloads\posture_coach_ai\posture_coach\apps\posture_app\views.py", line 29, in _get_engine
    return get_or_create_engine(session_key, exercise, profiles_dir)
  File "C:\Users\saura\Downloads\posture_coach_ai\posture_coach\apps\ml_engine\inference_engine.py", line 336, in get_or_create_engine
    _engine_registry[session_key] = InferenceEngine(exercise, profiles_dir)
  File "C:\Users\saura\Downloads\posture_coach_ai\posture_coach\apps\ml_engine\inference_engine.py", line 67, in __init__
    self._extractor = PoseExtractor(
  File "C:\Users\saura\Downloads\posture_coach_ai\posture_coach\apps\ml_engine\pose_extractor.py", line 116, in __init__
    pose_sol = _get_pose_solution()
  File "C:\Users\saura\Downloads\posture_coach_ai\posture_coach\apps\ml_engine\pose_extractor.py", line 96, in _get_pose_solution
    raise ImportError("Cannot find mediapipe pose solution. Try: pip install mediapipe==0.10.32")
ImportError: Cannot find mediapipe pose solution. Try: pip install mediapipe==0.10.32

[2026-02-15 22:07:01,702] ERROR posture_coach: api_infer error: Cannot find mediapipe pose solution. Try: pip install mediapipe==0.10.32
Traceback (most recent call last):
  File "C:\Users\saura\Downloads\posture_coach_ai\posture_coach\apps\posture_app\views.py", line 119, in api_infer
    engine = _get_engine(session_key, exercise)
  File "C:\Users\saura\Downloads\posture_coach_ai\posture_coach\apps\posture_app\views.py", line 29, in _get_engine
    return get_or_create_engine(session_key, exercise, profiles_dir)
  File "C:\Users\saura\Downloads\posture_coach_ai\posture_coach\apps\ml_engine\inference_engine.py", line 336, in get_or_create_engine
    _engine_registry[session_key] = InferenceEngine(exercise, profiles_dir)
  File "C:\Users\saura\Downloads\posture_coach_ai\posture_coach\apps\ml_engine\inference_engine.py", line 67, in __init__
    self._extractor = PoseExtractor(
  File "C:\Users\saura\Downloads\posture_coach_ai\posture_coach\apps\ml_engine\pose_extractor.py", line 116, in __init__
    pose_sol = _get_pose_solution()
  File "C:\Users\saura\Downloads\posture_coach_ai\posture_coach\apps\ml_engine\pose_extractor.py", line 96, in _get_pose_solution
    raise ImportError("Cannot find mediapipe pose solution. Try: pip install mediapipe==0.10.32")
ImportError: Cannot find mediapipe pose solution. Try: pip install mediapipe==0.10.32

[2026-02-15 22:07:01,804] ERROR posture_coach: api_infer error: Cannot find mediapipe pose solution. Try: pip install mediapipe==0.10.32
Traceback (most recent call last):
  File "C:\Users\saura\Downloads\posture_coach_ai\posture_coach\apps\posture_app\views.py", line 119, in api_infer
    engine = _get_engine(session_key, exercise)
  File "C:\Users\saura\Downloads\posture_coach_ai\posture_coach\apps\posture_app\views.py", line 29, in _get_engine
    return get_or_create_engine(session_key, exercise, profiles_dir)
  File "C:\Users\saura\Downloads\posture_coach_ai\posture_coach\apps\ml_engine\inference_engine.py", line 336, in get_or_create_engine
    _engine_registry[session_key] = InferenceEngine(exercise, profiles_dir)
  File "C:\Users\saura\Downloads\posture_coach_ai\posture_coach\apps\ml_engine\inference_engine.py", line 67, in __init__
    self._extractor = PoseExtractor(
  File "C:\Users\saura\Downloads\posture_coach_ai\posture_coach\apps\ml_engine\pose_extractor.py", line 116, in __init__
    pose_sol = _get_pose_solution()
  File "C:\Users\saura\Downloads\posture_coach_ai\posture_coach\apps\ml_engine\pose_extractor.py", line 96, in _get_pose_solution
    raise ImportError("Cannot find mediapipe pose solution. Try: pip install mediapipe==0.10.32")
ImportError: Cannot find mediapipe pose solution. Try: pip install mediapipe==0.10.32

[2026-02-15 22:07:01,904] ERROR posture_coach: api_infer error: Cannot find mediapipe pose solution. Try: pip install mediapipe==0.10.32
Traceback (most recent call last):
  File "C:\Users\saura\Downloads\posture_coach_ai\posture_coach\apps\posture_app\views.py", line 119, in api_infer
    engine = _get_engine(session_key, exercise)
  File "C:\Users\saura\Downloads\posture_coach_ai\posture_coach\apps\posture_app\views.py", line 29, in _get_engine
    return get_or_create_engine(session_key, exercise, profiles_dir)
  File "C:\Users\saura\Downloads\posture_coach_ai\posture_coach\apps\ml_engine\inference_engine.py", line 336, in get_or_create_engine
    _engine_registry[session_key] = InferenceEngine(exercise, profiles_dir)
  File "C:\Users\saura\Downloads\posture_coach_ai\posture_coach\apps\ml_engine\inference_engine.py", line 67, in __init__
    self._extractor = PoseExtractor(
  File "C:\Users\saura\Downloads\posture_coach_ai\posture_coach\apps\ml_engine\pose_extractor.py", line 116, in __init__
    pose_sol = _get_pose_solution()
  File "C:\Users\saura\Downloads\posture_coach_ai\posture_coach\apps\ml_engine\pose_extractor.py", line 96, in _get_pose_solution
    raise ImportError("Cannot find mediapipe pose solution. Try: pip install mediapipe==0.10.32")
ImportError: Cannot find mediapipe pose solution. Try: pip install mediapipe==0.10.32

[2026-02-15 22:07:02,003] ERROR posture_coach: api_infer error: Cannot find mediapipe pose solution. Try: pip install mediapipe==0.10.32
Traceback (most recent call last):
  File "C:\Users\saura\Downloads\posture_coach_ai\posture_coach\apps\posture_app\views.py", line 119, in api_infer
    engine = _get_engine(session_key, exercise)
  File "C:\Users\saura\Downloads\posture_coach_ai\posture_coach\apps\posture_app\views.py", line 29, in _get_engine
    return get_or_create_engine(session_key, exercise, profiles_dir)
  File "C:\Users\saura\Downloads\posture_coach_ai\posture_coach\apps\ml_engine\inference_engine.py", line 336, in get_or_create_engine
    _engine_registry[session_key] = InferenceEngine(exercise, profiles_dir)
  File "C:\Users\saura\Downloads\posture_coach_ai\posture_coach\apps\ml_engine\inference_engine.py", line 67, in __init__
    self._extractor = PoseExtractor(
  File "C:\Users\saura\Downloads\posture_coach_ai\posture_coach\apps\ml_engine\pose_extractor.py", line 116, in __init__
    pose_sol = _get_pose_solution()
  File "C:\Users\saura\Downloads\posture_coach_ai\posture_coach\apps\ml_engine\pose_extractor.py", line 96, in _get_pose_solution
    raise ImportError("Cannot find mediapipe pose solution. Try: pip install mediapipe==0.10.32")
ImportError: Cannot find mediapipe pose solution. Try: pip install mediapipe==0.10.32

[2026-02-15 22:07:02,103] ERROR posture_coach: api_infer error: Cannot find mediapipe pose solution. Try: pip install mediapipe==0.10.32
Traceback (most recent call last):
  File "C:\Users\saura\Downloads\posture_coach_ai\posture_coach\apps\posture_app\views.py", line 119, in api_infer
    engine = _get_engine(session_key, exercise)
  File "C:\Users\saura\Downloads\posture_coach_ai\posture_coach\apps\posture_app\views.py", line 29, in _get_engine
    return get_or_create_engine(session_key, exercise, profiles_dir)
  File "C:\Users\saura\Downloads\posture_coach_ai\posture_coach\apps\ml_engine\inference_engine.py", line 336, in get_or_create_engine
    _engine_registry[session_key] = InferenceEngine(exercise, profiles_dir)
  File "C:\Users\saura\Downloads\posture_coach_ai\posture_coach\apps\ml_engine\inference_engine.py", line 67, in __init__
    self._extractor = PoseExtractor(
  File "C:\Users\saura\Downloads\posture_coach_ai\posture_coach\apps\ml_engine\pose_extractor.py", line 116, in __init__
    pose_sol = _get_pose_solution()
  File "C:\Users\saura\Downloads\posture_coach_ai\posture_coach\apps\ml_engine\pose_extractor.py", line 96, in _get_pose_solution
    raise ImportError("Cannot find mediapipe pose solution. Try: pip install mediapipe==0.10.32")
ImportError: Cannot find mediapipe pose solution. Try: pip install mediapipe==0.10.32

[2026-02-15 22:07:02,202] ERROR posture_coach: api_infer error: Cannot find mediapipe pose solution. Try: pip install mediapipe==0.10.32
Traceback (most recent call last):
  File "C:\Users\saura\Downloads\posture_coach_ai\posture_coach\apps\posture_app\views.py", line 119, in api_infer
    engine = _get_engine(session_key, exercise)
  File "C:\Users\saura\Downloads\posture_coach_ai\posture_coach\apps\posture_app\views.py", line 29, in _get_engine
    return get_or_create_engine(session_key, exercise, profiles_dir)
  File "C:\Users\saura\Downloads\posture_coach_ai\posture_coach\apps\ml_engine\inference_engine.py", line 336, in get_or_create_engine
    _engine_registry[session_key] = InferenceEngine(exercise, profiles_dir)
  File "C:\Users\saura\Downloads\posture_coach_ai\posture_coach\apps\ml_engine\inference_engine.py", line 67, in __init__
    self._extractor = PoseExtractor(
  File "C:\Users\saura\Downloads\posture_coach_ai\posture_coach\apps\ml_engine\pose_extractor.py", line 116, in __init__
    pose_sol = _get_pose_solution()
  File "C:\Users\saura\Downloads\posture_coach_ai\posture_coach\apps\ml_engine\pose_extractor.py", line 96, in _get_pose_solution
    raise ImportError("Cannot find mediapipe pose solution. Try: pip install mediapipe==0.10.32")
ImportError: Cannot find mediapipe pose solution. Try: pip install mediapipe==0.10.32

[2026-02-15 22:07:02,312] ERROR posture_coach: api_infer error: Cannot find mediapipe pose solution. Try: pip install mediapipe==0.10.32
Traceback (most recent call last):
  File "C:\Users\saura\Downloads\posture_coach_ai\posture_coach\apps\posture_app\views.py", line 119, in api_infer
    engine = _get_engine(session_key, exercise)
  File "C:\Users\saura\Downloads\posture_coach_ai\posture_coach\apps\posture_app\views.py", line 29, in _get_engine
    return get_or_create_engine(session_key, exercise, profiles_dir)
  File "C:\Users\saura\Downloads\posture_coach_ai\posture_coach\apps\ml_engine\inference_engine.py", line 336, in get_or_create_engine
    _engine_registry[session_key] = InferenceEngine(exercise, profiles_dir)
  File "C:\Users\saura\Downloads\posture_coach_ai\posture_coach\apps\ml_engine\inference_engine.py", line 67, in __init__
    self._extractor = PoseExtractor(
  File "C:\Users\saura\Downloads\posture_coach_ai\posture_coach\apps\ml_engine\pose_extractor.py", line 116, in __init__
    pose_sol = _get_pose_solution()
  File "C:\Users\saura\Downloads\posture_coach_ai\posture_coach\apps\ml_engine\pose_extractor.py", line 96, in _get_pose_solution
    raise ImportError("Cannot find mediapipe pose solution. Try: pip install mediapipe==0.10.32")
ImportError: Cannot find mediapipe pose solution. Try: pip install mediapipe==0.10.32

[2026-02-15 22:07:02,413] ERROR posture_coach: api_infer error: Cannot find mediapipe pose solution. Try: pip install mediapipe==0.10.32
Traceback (most recent call last):
  File "C:\Users\saura\Downloads\posture_coach_ai\posture_coach\apps\posture_app\views.py", line 119, in api_infer
    engine = _get_engine(session_key, exercise)
  File "C:\Users\saura\Downloads\posture_coach_ai\posture_coach\apps\posture_app\views.py", line 29, in _get_engine
    return get_or_create_engine(session_key, exercise, profiles_dir)
  File "C:\Users\saura\Downloads\posture_coach_ai\posture_coach\apps\ml_engine\inference_engine.py", line 336, in get_or_create_engine
    _engine_registry[session_key] = InferenceEngine(exercise, profiles_dir)
  File "C:\Users\saura\Downloads\posture_coach_ai\posture_coach\apps\ml_engine\inference_engine.py", line 67, in __init__
    self._extractor = PoseExtractor(
  File "C:\Users\saura\Downloads\posture_coach_ai\posture_coach\apps\ml_engine\pose_extractor.py", line 116, in __init__
    pose_sol = _get_pose_solution()
  File "C:\Users\saura\Downloads\posture_coach_ai\posture_coach\apps\ml_engine\pose_extractor.py", line 96, in _get_pose_solution
    raise ImportError("Cannot find mediapipe pose solution. Try: pip install mediapipe==0.10.32")
ImportError: Cannot find mediapipe pose solution. Try: pip install mediapipe==0.10.32

[2026-02-15 22:07:02,510] ERROR posture_coach: api_infer error: Cannot find mediapipe pose solution. Try: pip install mediapipe==0.10.32
Traceback (most recent call last):
  File "C:\Users\saura\Downloads\posture_coach_ai\posture_coach\apps\posture_app\views.py", line 119, in api_infer
    engine = _get_engine(session_key, exercise)
  File "C:\Users\saura\Downloads\posture_coach_ai\posture_coach\apps\posture_app\views.py", line 29, in _get_engine
    return get_or_create_engine(session_key, exercise, profiles_dir)
  File "C:\Users\saura\Downloads\posture_coach_ai\posture_coach\apps\ml_engine\inference_engine.py", line 336, in get_or_create_engine
    _engine_registry[session_key] = InferenceEngine(exercise, profiles_dir)
  File "C:\Users\saura\Downloads\posture_coach_ai\posture_coach\apps\ml_engine\inference_engine.py", line 67, in __init__
    self._extractor = PoseExtractor(
  File "C:\Users\saura\Downloads\posture_coach_ai\posture_coach\apps\ml_engine\pose_extractor.py", line 116, in __init__
    pose_sol = _get_pose_solution()
  File "C:\Users\saura\Downloads\posture_coach_ai\posture_coach\apps\ml_engine\pose_extractor.py", line 96, in _get_pose_solution
    raise ImportError("Cannot find mediapipe pose solution. Try: pip install mediapipe==0.10.32")
ImportError: Cannot find mediapipe pose solution. Try: pip install mediapipe==0.10.32

[2026-02-15 22:07:02,602] ERROR posture_coach: api_infer error: Cannot find mediapipe pose solution. Try: pip install mediapipe==0.10.32
Traceback (most recent call last):
  File "C:\Users\saura\Downloads\posture_coach_ai\posture_coach\apps\posture_app\views.py", line 119, in api_infer
    engine = _get_engine(session_key, exercise)
  File "C:\Users\saura\Downloads\posture_coach_ai\posture_coach\apps\posture_app\views.py", line 29, in _get_engine
    return get_or_create_engine(session_key, exercise, profiles_dir)
  File "C:\Users\saura\Downloads\posture_coach_ai\posture_coach\apps\ml_engine\inference_engine.py", line 336, in get_or_create_engine
    _engine_registry[session_key] = InferenceEngine(exercise, profiles_dir)
  File "C:\Users\saura\Downloads\posture_coach_ai\posture_coach\apps\ml_engine\inference_engine.py", line 67, in __init__
    self._extractor = PoseExtractor(
  File "C:\Users\saura\Downloads\posture_coach_ai\posture_coach\apps\ml_engine\pose_extractor.py", line 116, in __init__
    pose_sol = _get_pose_solution()
  File "C:\Users\saura\Downloads\posture_coach_ai\posture_coach\apps\ml_engine\pose_extractor.py", line 96, in _get_pose_solution
    raise ImportError("Cannot find mediapipe pose solution. Try: pip install mediapipe==0.10.32")
ImportError: Cannot find mediapipe pose solution. Try: pip install mediapipe==0.10.32

[2026-02-15 22:07:02,705] ERROR posture_coach: api_infer error: Cannot find mediapipe pose solution. Try: pip install mediapipe==0.10.32
Traceback (most recent call last):
  File "C:\Users\saura\Downloads\posture_coach_ai\posture_coach\apps\posture_app\views.py", line 119, in api_infer
    engine = _get_engine(session_key, exercise)
  File "C:\Users\saura\Downloads\posture_coach_ai\posture_coach\apps\posture_app\views.py", line 29, in _get_engine
    return get_or_create_engine(session_key, exercise, profiles_dir)
  File "C:\Users\saura\Downloads\posture_coach_ai\posture_coach\apps\ml_engine\inference_engine.py", line 336, in get_or_create_engine
    _engine_registry[session_key] = InferenceEngine(exercise, profiles_dir)
  File "C:\Users\saura\Downloads\posture_coach_ai\posture_coach\apps\ml_engine\inference_engine.py", line 67, in __init__
    self._extractor = PoseExtractor(
  File "C:\Users\saura\Downloads\posture_coach_ai\posture_coach\apps\ml_engine\pose_extractor.py", line 116, in __init__
    pose_sol = _get_pose_solution()
  File "C:\Users\saura\Downloads\posture_coach_ai\posture_coach\apps\ml_engine\pose_extractor.py", line 96, in _get_pose_solution
    raise ImportError("Cannot find mediapipe pose solution. Try: pip install mediapipe==0.10.32")
ImportError: Cannot find mediapipe pose solution. Try: pip install mediapipe==0.10.32

[2026-02-15 22:07:02,805] ERROR posture_coach: api_infer error: Cannot find mediapipe pose solution. Try: pip install mediapipe==0.10.32
Traceback (most recent call last):
  File "C:\Users\saura\Downloads\posture_coach_ai\posture_coach\apps\posture_app\views.py", line 119, in api_infer
    engine = _get_engine(session_key, exercise)
  File "C:\Users\saura\Downloads\posture_coach_ai\posture_coach\apps\posture_app\views.py", line 29, in _get_engine
    return get_or_create_engine(session_key, exercise, profiles_dir)
  File "C:\Users\saura\Downloads\posture_coach_ai\posture_coach\apps\ml_engine\inference_engine.py", line 336, in get_or_create_engine
    _engine_registry[session_key] = InferenceEngine(exercise, profiles_dir)
  File "C:\Users\saura\Downloads\posture_coach_ai\posture_coach\apps\ml_engine\inference_engine.py", line 67, in __init__
    self._extractor = PoseExtractor(
  File "C:\Users\saura\Downloads\posture_coach_ai\posture_coach\apps\ml_engine\pose_extractor.py", line 116, in __init__
    pose_sol = _get_pose_solution()
  File "C:\Users\saura\Downloads\posture_coach_ai\posture_coach\apps\ml_engine\pose_extractor.py", line 96, in _get_pose_solution
    raise ImportError("Cannot find mediapipe pose solution. Try: pip install mediapipe==0.10.32")
ImportError: Cannot find mediapipe pose solution. Try: pip install mediapipe==0.10.32

[2026-02-15 22:07:02,905] ERROR posture_coach: api_infer error: Cannot find mediapipe pose solution. Try: pip install mediapipe==0.10.32
Traceback (most recent call last):
  File "C:\Users\saura\Downloads\posture_coach_ai\posture_coach\apps\posture_app\views.py", line 119, in api_infer
    engine = _get_engine(session_key, exercise)
  File "C:\Users\saura\Downloads\posture_coach_ai\posture_coach\apps\posture_app\views.py", line 29, in _get_engine
    return get_or_create_engine(session_key, exercise, profiles_dir)
  File "C:\Users\saura\Downloads\posture_coach_ai\posture_coach\apps\ml_engine\inference_engine.py", line 336, in get_or_create_engine
    _engine_registry[session_key] = InferenceEngine(exercise, profiles_dir)
  File "C:\Users\saura\Downloads\posture_coach_ai\posture_coach\apps\ml_engine\inference_engine.py", line 67, in __init__
    self._extractor = PoseExtractor(
  File "C:\Users\saura\Downloads\posture_coach_ai\posture_coach\apps\ml_engine\pose_extractor.py", line 116, in __init__
    pose_sol = _get_pose_solution()
  File "C:\Users\saura\Downloads\posture_coach_ai\posture_coach\apps\ml_engine\pose_extractor.py", line 96, in _get_pose_solution
    raise ImportError("Cannot find mediapipe pose solution. Try: pip install mediapipe==0.10.32")
ImportError: Cannot find mediapipe pose solution. Try: pip install mediapipe==0.10.32

[2026-02-15 22:07:03,007] ERROR posture_coach: api_infer error: Cannot find mediapipe pose solution. Try: pip install mediapipe==0.10.32
Traceback (most recent call last):
  File "C:\Users\saura\Downloads\posture_coach_ai\posture_coach\apps\posture_app\views.py", line 119, in api_infer
    engine = _get_engine(session_key, exercise)
  File "C:\Users\saura\Downloads\posture_coach_ai\posture_coach\apps\posture_app\views.py", line 29, in _get_engine
    return get_or_create_engine(session_key, exercise, profiles_dir)
  File "C:\Users\saura\Downloads\posture_coach_ai\posture_coach\apps\ml_engine\inference_engine.py", line 336, in get_or_create_engine
    _engine_registry[session_key] = InferenceEngine(exercise, profiles_dir)
  File "C:\Users\saura\Downloads\posture_coach_ai\posture_coach\apps\ml_engine\inference_engine.py", line 67, in __init__
    self._extractor = PoseExtractor(
  File "C:\Users\saura\Downloads\posture_coach_ai\posture_coach\apps\ml_engine\pose_extractor.py", line 116, in __init__
    pose_sol = _get_pose_solution()
  File "C:\Users\saura\Downloads\posture_coach_ai\posture_coach\apps\ml_engine\pose_extractor.py", line 96, in _get_pose_solution
    raise ImportError("Cannot find mediapipe pose solution. Try: pip install mediapipe==0.10.32")
ImportError: Cannot find mediapipe pose solution. Try: pip install mediapipe==0.10.32

[2026-02-15 22:07:03,105] ERROR posture_coach: api_infer error: Cannot find mediapipe pose solution. Try: pip install mediapipe==0.10.32
Traceback (most recent call last):
  File "C:\Users\saura\Downloads\posture_coach_ai\posture_coach\apps\posture_app\views.py", line 119, in api_infer
    engine = _get_engine(session_key, exercise)
  File "C:\Users\saura\Downloads\posture_coach_ai\posture_coach\apps\posture_app\views.py", line 29, in _get_engine
    return get_or_create_engine(session_key, exercise, profiles_dir)
  File "C:\Users\saura\Downloads\posture_coach_ai\posture_coach\apps\ml_engine\inference_engine.py", line 336, in get_or_create_engine
    _engine_registry[session_key] = InferenceEngine(exercise, profiles_dir)
  File "C:\Users\saura\Downloads\posture_coach_ai\posture_coach\apps\ml_engine\inference_engine.py", line 67, in __init__
    self._extractor = PoseExtractor(
  File "C:\Users\saura\Downloads\posture_coach_ai\posture_coach\apps\ml_engine\pose_extractor.py", line 116, in __init__
    pose_sol = _get_pose_solution()
  File "C:\Users\saura\Downloads\posture_coach_ai\posture_coach\apps\ml_engine\pose_extractor.py", line 96, in _get_pose_solution
    raise ImportError("Cannot find mediapipe pose solution. Try: pip install mediapipe==0.10.32")
ImportError: Cannot find mediapipe pose solution. Try: pip install mediapipe==0.10.32

[2026-02-15 22:07:03,209] ERROR posture_coach: api_infer error: Cannot find mediapipe pose solution. Try: pip install mediapipe==0.10.32
Traceback (most recent call last):
  File "C:\Users\saura\Downloads\posture_coach_ai\posture_coach\apps\posture_app\views.py", line 119, in api_infer
    engine = _get_engine(session_key, exercise)
  File "C:\Users\saura\Downloads\posture_coach_ai\posture_coach\apps\posture_app\views.py", line 29, in _get_engine
    return get_or_create_engine(session_key, exercise, profiles_dir)
  File "C:\Users\saura\Downloads\posture_coach_ai\posture_coach\apps\ml_engine\inference_engine.py", line 336, in get_or_create_engine
    _engine_registry[session_key] = InferenceEngine(exercise, profiles_dir)
  File "C:\Users\saura\Downloads\posture_coach_ai\posture_coach\apps\ml_engine\inference_engine.py", line 67, in __init__
    self._extractor = PoseExtractor(
  File "C:\Users\saura\Downloads\posture_coach_ai\posture_coach\apps\ml_engine\pose_extractor.py", line 116, in __init__
    pose_sol = _get_pose_solution()
  File "C:\Users\saura\Downloads\posture_coach_ai\posture_coach\apps\ml_engine\pose_extractor.py", line 96, in _get_pose_solution
    raise ImportError("Cannot find mediapipe pose solution. Try: pip install mediapipe==0.10.32")
ImportError: Cannot find mediapipe pose solution. Try: pip install mediapipe==0.10.32

[2026-02-15 22:07:03,305] ERROR posture_coach: api_infer error: Cannot find mediapipe pose solution. Try: pip install mediapipe==0.10.32
Traceback (most recent call last):
  File "C:\Users\saura\Downloads\posture_coach_ai\posture_coach\apps\posture_app\views.py", line 119, in api_infer
    engine = _get_engine(session_key, exercise)
  File "C:\Users\saura\Downloads\posture_coach_ai\posture_coach\apps\posture_app\views.py", line 29, in _get_engine
    return get_or_create_engine(session_key, exercise, profiles_dir)
  File "C:\Users\saura\Downloads\posture_coach_ai\posture_coach\apps\ml_engine\inference_engine.py", line 336, in get_or_create_engine
    _engine_registry[session_key] = InferenceEngine(exercise, profiles_dir)
  File "C:\Users\saura\Downloads\posture_coach_ai\posture_coach\apps\ml_engine\inference_engine.py", line 67, in __init__
    self._extractor = PoseExtractor(
  File "C:\Users\saura\Downloads\posture_coach_ai\posture_coach\apps\ml_engine\pose_extractor.py", line 116, in __init__
    pose_sol = _get_pose_solution()
  File "C:\Users\saura\Downloads\posture_coach_ai\posture_coach\apps\ml_engine\pose_extractor.py", line 96, in _get_pose_solution
    raise ImportError("Cannot find mediapipe pose solution. Try: pip install mediapipe==0.10.32")
ImportError: Cannot find mediapipe pose solution. Try: pip install mediapipe==0.10.32

[2026-02-15 22:07:03,404] ERROR posture_coach: api_infer error: Cannot find mediapipe pose solution. Try: pip install mediapipe==0.10.32
Traceback (most recent call last):
  File "C:\Users\saura\Downloads\posture_coach_ai\posture_coach\apps\posture_app\views.py", line 119, in api_infer
    engine = _get_engine(session_key, exercise)
  File "C:\Users\saura\Downloads\posture_coach_ai\posture_coach\apps\posture_app\views.py", line 29, in _get_engine
    return get_or_create_engine(session_key, exercise, profiles_dir)
  File "C:\Users\saura\Downloads\posture_coach_ai\posture_coach\apps\ml_engine\inference_engine.py", line 336, in get_or_create_engine
    _engine_registry[session_key] = InferenceEngine(exercise, profiles_dir)
  File "C:\Users\saura\Downloads\posture_coach_ai\posture_coach\apps\ml_engine\inference_engine.py", line 67, in __init__
    self._extractor = PoseExtractor(
  File "C:\Users\saura\Downloads\posture_coach_ai\posture_coach\apps\ml_engine\pose_extractor.py", line 116, in __init__
    pose_sol = _get_pose_solution()
  File "C:\Users\saura\Downloads\posture_coach_ai\posture_coach\apps\ml_engine\pose_extractor.py", line 96, in _get_pose_solution
    raise ImportError("Cannot find mediapipe pose solution. Try: pip install mediapipe==0.10.32")
ImportError: Cannot find mediapipe pose solution. Try: pip install mediapipe==0.10.32

[2026-02-15 22:07:03,506] ERROR posture_coach: api_infer error: Cannot find mediapipe pose solution. Try: pip install mediapipe==0.10.32
Traceback (most recent call last):
  File "C:\Users\saura\Downloads\posture_coach_ai\posture_coach\apps\posture_app\views.py", line 119, in api_infer
    engine = _get_engine(session_key, exercise)
  File "C:\Users\saura\Downloads\posture_coach_ai\posture_coach\apps\posture_app\views.py", line 29, in _get_engine
    return get_or_create_engine(session_key, exercise, profiles_dir)
  File "C:\Users\saura\Downloads\posture_coach_ai\posture_coach\apps\ml_engine\inference_engine.py", line 336, in get_or_create_engine
    _engine_registry[session_key] = InferenceEngine(exercise, profiles_dir)
  File "C:\Users\saura\Downloads\posture_coach_ai\posture_coach\apps\ml_engine\inference_engine.py", line 67, in __init__
    self._extractor = PoseExtractor(
  File "C:\Users\saura\Downloads\posture_coach_ai\posture_coach\apps\ml_engine\pose_extractor.py", line 116, in __init__
    pose_sol = _get_pose_solution()
  File "C:\Users\saura\Downloads\posture_coach_ai\posture_coach\apps\ml_engine\pose_extractor.py", line 96, in _get_pose_solution
    raise ImportError("Cannot find mediapipe pose solution. Try: pip install mediapipe==0.10.32")
ImportError: Cannot find mediapipe pose solution. Try: pip install mediapipe==0.10.32

[2026-02-15 22:07:03,603] ERROR posture_coach: api_infer error: Cannot find mediapipe pose solution. Try: pip install mediapipe==0.10.32
Traceback (most recent call last):
  File "C:\Users\saura\Downloads\posture_coach_ai\posture_coach\apps\posture_app\views.py", line 119, in api_infer
    engine = _get_engine(session_key, exercise)
  File "C:\Users\saura\Downloads\posture_coach_ai\posture_coach\apps\posture_app\views.py", line 29, in _get_engine
    return get_or_create_engine(session_key, exercise, profiles_dir)
  File "C:\Users\saura\Downloads\posture_coach_ai\posture_coach\apps\ml_engine\inference_engine.py", line 336, in get_or_create_engine
    _engine_registry[session_key] = InferenceEngine(exercise, profiles_dir)
  File "C:\Users\saura\Downloads\posture_coach_ai\posture_coach\apps\ml_engine\inference_engine.py", line 67, in __init__
    self._extractor = PoseExtractor(
  File "C:\Users\saura\Downloads\posture_coach_ai\posture_coach\apps\ml_engine\pose_extractor.py", line 116, in __init__
    pose_sol = _get_pose_solution()
  File "C:\Users\saura\Downloads\posture_coach_ai\posture_coach\apps\ml_engine\pose_extractor.py", line 96, in _get_pose_solution
    raise ImportError("Cannot find mediapipe pose solution. Try: pip install mediapipe==0.10.32")
ImportError: Cannot find mediapipe pose solution. Try: pip install mediapipe==0.10.32

[2026-02-15 22:07:03,703] ERROR posture_coach: api_infer error: Cannot find mediapipe pose solution. Try: pip install mediapipe==0.10.32
Traceback (most recent call last):
  File "C:\Users\saura\Downloads\posture_coach_ai\posture_coach\apps\posture_app\views.py", line 119, in api_infer
    engine = _get_engine(session_key, exercise)
  File "C:\Users\saura\Downloads\posture_coach_ai\posture_coach\apps\posture_app\views.py", line 29, in _get_engine
    return get_or_create_engine(session_key, exercise, profiles_dir)
  File "C:\Users\saura\Downloads\posture_coach_ai\posture_coach\apps\ml_engine\inference_engine.py", line 336, in get_or_create_engine
    _engine_registry[session_key] = InferenceEngine(exercise, profiles_dir)
  File "C:\Users\saura\Downloads\posture_coach_ai\posture_coach\apps\ml_engine\inference_engine.py", line 67, in __init__
    self._extractor = PoseExtractor(
  File "C:\Users\saura\Downloads\posture_coach_ai\posture_coach\apps\ml_engine\pose_extractor.py", line 116, in __init__
    pose_sol = _get_pose_solution()
  File "C:\Users\saura\Downloads\posture_coach_ai\posture_coach\apps\ml_engine\pose_extractor.py", line 96, in _get_pose_solution
    raise ImportError("Cannot find mediapipe pose solution. Try: pip install mediapipe==0.10.32")
ImportError: Cannot find mediapipe pose solution. Try: pip install mediapipe==0.10.32

[2026-02-15 22:07:03,805] ERROR posture_coach: api_infer error: Cannot find mediapipe pose solution. Try: pip install mediapipe==0.10.32
Traceback (most recent call last):
  File "C:\Users\saura\Downloads\posture_coach_ai\posture_coach\apps\posture_app\views.py", line 119, in api_infer
    engine = _get_engine(session_key, exercise)
  File "C:\Users\saura\Downloads\posture_coach_ai\posture_coach\apps\posture_app\views.py", line 29, in _get_engine
    return get_or_create_engine(session_key, exercise, profiles_dir)
  File "C:\Users\saura\Downloads\posture_coach_ai\posture_coach\apps\ml_engine\inference_engine.py", line 336, in get_or_create_engine
    _engine_registry[session_key] = InferenceEngine(exercise, profiles_dir)
  File "C:\Users\saura\Downloads\posture_coach_ai\posture_coach\apps\ml_engine\inference_engine.py", line 67, in __init__
    self._extractor = PoseExtractor(
  File "C:\Users\saura\Downloads\posture_coach_ai\posture_coach\apps\ml_engine\pose_extractor.py", line 116, in __init__
    pose_sol = _get_pose_solution()
  File "C:\Users\saura\Downloads\posture_coach_ai\posture_coach\apps\ml_engine\pose_extractor.py", line 96, in _get_pose_solution
    raise ImportError("Cannot find mediapipe pose solution. Try: pip install mediapipe==0.10.32")
ImportError: Cannot find mediapipe pose solution. Try: pip install mediapipe==0.10.32

[2026-02-15 22:07:03,907] ERROR posture_coach: api_infer error: Cannot find mediapipe pose solution. Try: pip install mediapipe==0.10.32
Traceback (most recent call last):
  File "C:\Users\saura\Downloads\posture_coach_ai\posture_coach\apps\posture_app\views.py", line 119, in api_infer
    engine = _get_engine(session_key, exercise)
  File "C:\Users\saura\Downloads\posture_coach_ai\posture_coach\apps\posture_app\views.py", line 29, in _get_engine
    return get_or_create_engine(session_key, exercise, profiles_dir)
  File "C:\Users\saura\Downloads\posture_coach_ai\posture_coach\apps\ml_engine\inference_engine.py", line 336, in get_or_create_engine
    _engine_registry[session_key] = InferenceEngine(exercise, profiles_dir)
  File "C:\Users\saura\Downloads\posture_coach_ai\posture_coach\apps\ml_engine\inference_engine.py", line 67, in __init__
    self._extractor = PoseExtractor(
  File "C:\Users\saura\Downloads\posture_coach_ai\posture_coach\apps\ml_engine\pose_extractor.py", line 116, in __init__
    pose_sol = _get_pose_solution()
  File "C:\Users\saura\Downloads\posture_coach_ai\posture_coach\apps\ml_engine\pose_extractor.py", line 96, in _get_pose_solution
    raise ImportError("Cannot find mediapipe pose solution. Try: pip install mediapipe==0.10.32")
ImportError: Cannot find mediapipe pose solution. Try: pip install mediapipe==0.10.32

[2026-02-15 22:07:04,004] ERROR posture_coach: api_infer error: Cannot find mediapipe pose solution. Try: pip install mediapipe==0.10.32
Traceback (most recent call last):
  File "C:\Users\saura\Downloads\posture_coach_ai\posture_coach\apps\posture_app\views.py", line 119, in api_infer
    engine = _get_engine(session_key, exercise)
  File "C:\Users\saura\Downloads\posture_coach_ai\posture_coach\apps\posture_app\views.py", line 29, in _get_engine
    return get_or_create_engine(session_key, exercise, profiles_dir)
  File "C:\Users\saura\Downloads\posture_coach_ai\posture_coach\apps\ml_engine\inference_engine.py", line 336, in get_or_create_engine
    _engine_registry[session_key] = InferenceEngine(exercise, profiles_dir)
  File "C:\Users\saura\Downloads\posture_coach_ai\posture_coach\apps\ml_engine\inference_engine.py", line 67, in __init__
    self._extractor = PoseExtractor(
  File "C:\Users\saura\Downloads\posture_coach_ai\posture_coach\apps\ml_engine\pose_extractor.py", line 116, in __init__
    pose_sol = _get_pose_solution()
  File "C:\Users\saura\Downloads\posture_coach_ai\posture_coach\apps\ml_engine\pose_extractor.py", line 96, in _get_pose_solution
    raise ImportError("Cannot find mediapipe pose solution. Try: pip install mediapipe==0.10.32")
ImportError: Cannot find mediapipe pose solution. Try: pip install mediapipe==0.10.32

[2026-02-15 22:07:04,104] ERROR posture_coach: api_infer error: Cannot find mediapipe pose solution. Try: pip install mediapipe==0.10.32
Traceback (most recent call last):
  File "C:\Users\saura\Downloads\posture_coach_ai\posture_coach\apps\posture_app\views.py", line 119, in api_infer
    engine = _get_engine(session_key, exercise)
  File "C:\Users\saura\Downloads\posture_coach_ai\posture_coach\apps\posture_app\views.py", line 29, in _get_engine
    return get_or_create_engine(session_key, exercise, profiles_dir)
  File "C:\Users\saura\Downloads\posture_coach_ai\posture_coach\apps\ml_engine\inference_engine.py", line 336, in get_or_create_engine
    _engine_registry[session_key] = InferenceEngine(exercise, profiles_dir)
  File "C:\Users\saura\Downloads\posture_coach_ai\posture_coach\apps\ml_engine\inference_engine.py", line 67, in __init__
    self._extractor = PoseExtractor(
  File "C:\Users\saura\Downloads\posture_coach_ai\posture_coach\apps\ml_engine\pose_extractor.py", line 116, in __init__
    pose_sol = _get_pose_solution()
  File "C:\Users\saura\Downloads\posture_coach_ai\posture_coach\apps\ml_engine\pose_extractor.py", line 96, in _get_pose_solution
    raise ImportError("Cannot find mediapipe pose solution. Try: pip install mediapipe==0.10.32")
ImportError: Cannot find mediapipe pose solution. Try: pip install mediapipe==0.10.32

[2026-02-15 22:07:04,219] ERROR posture_coach: api_infer error: Cannot find mediapipe pose solution. Try: pip install mediapipe==0.10.32
Traceback (most recent call last):
  File "C:\Users\saura\Downloads\posture_coach_ai\posture_coach\apps\posture_app\views.py", line 119, in api_infer
    engine = _get_engine(session_key, exercise)
  File "C:\Users\saura\Downloads\posture_coach_ai\posture_coach\apps\posture_app\views.py", line 29, in _get_engine
    return get_or_create_engine(session_key, exercise, profiles_dir)
  File "C:\Users\saura\Downloads\posture_coach_ai\posture_coach\apps\ml_engine\inference_engine.py", line 336, in get_or_create_engine
    _engine_registry[session_key] = InferenceEngine(exercise, profiles_dir)
  File "C:\Users\saura\Downloads\posture_coach_ai\posture_coach\apps\ml_engine\inference_engine.py", line 67, in __init__
    self._extractor = PoseExtractor(
  File "C:\Users\saura\Downloads\posture_coach_ai\posture_coach\apps\ml_engine\pose_extractor.py", line 116, in __init__
    pose_sol = _get_pose_solution()
  File "C:\Users\saura\Downloads\posture_coach_ai\posture_coach\apps\ml_engine\pose_extractor.py", line 96, in _get_pose_solution
    raise ImportError("Cannot find mediapipe pose solution. Try: pip install mediapipe==0.10.32")
ImportError: Cannot find mediapipe pose solution. Try: pip install mediapipe==0.10.32

[2026-02-15 22:07:04,306] ERROR posture_coach: api_infer error: Cannot find mediapipe pose solution. Try: pip install mediapipe==0.10.32
Traceback (most recent call last):
  File "C:\Users\saura\Downloads\posture_coach_ai\posture_coach\apps\posture_app\views.py", line 119, in api_infer
    engine = _get_engine(session_key, exercise)
  File "C:\Users\saura\Downloads\posture_coach_ai\posture_coach\apps\posture_app\views.py", line 29, in _get_engine
    return get_or_create_engine(session_key, exercise, profiles_dir)
  File "C:\Users\saura\Downloads\posture_coach_ai\posture_coach\apps\ml_engine\inference_engine.py", line 336, in get_or_create_engine
    _engine_registry[session_key] = InferenceEngine(exercise, profiles_dir)
  File "C:\Users\saura\Downloads\posture_coach_ai\posture_coach\apps\ml_engine\inference_engine.py", line 67, in __init__
    self._extractor = PoseExtractor(
  File "C:\Users\saura\Downloads\posture_coach_ai\posture_coach\apps\ml_engine\pose_extractor.py", line 116, in __init__
    pose_sol = _get_pose_solution()
  File "C:\Users\saura\Downloads\posture_coach_ai\posture_coach\apps\ml_engine\pose_extractor.py", line 96, in _get_pose_solution
    raise ImportError("Cannot find mediapipe pose solution. Try: pip install mediapipe==0.10.32")
ImportError: Cannot find mediapipe pose solution. Try: pip install mediapipe==0.10.32

[2026-02-15 22:07:04,411] ERROR posture_coach: api_infer error: Cannot find mediapipe pose solution. Try: pip install mediapipe==0.10.32
Traceback (most recent call last):
  File "C:\Users\saura\Downloads\posture_coach_ai\posture_coach\apps\posture_app\views.py", line 119, in api_infer
    engine = _get_engine(session_key, exercise)
  File "C:\Users\saura\Downloads\posture_coach_ai\posture_coach\apps\posture_app\views.py", line 29, in _get_engine
    return get_or_create_engine(session_key, exercise, profiles_dir)
  File "C:\Users\saura\Downloads\posture_coach_ai\posture_coach\apps\ml_engine\inference_engine.py", line 336, in get_or_create_engine
    _engine_registry[session_key] = InferenceEngine(exercise, profiles_dir)
  File "C:\Users\saura\Downloads\posture_coach_ai\posture_coach\apps\ml_engine\inference_engine.py", line 67, in __init__
    self._extractor = PoseExtractor(
  File "C:\Users\saura\Downloads\posture_coach_ai\posture_coach\apps\ml_engine\pose_extractor.py", line 116, in __init__
    pose_sol = _get_pose_solution()
  File "C:\Users\saura\Downloads\posture_coach_ai\posture_coach\apps\ml_engine\pose_extractor.py", line 96, in _get_pose_solution
    raise ImportError("Cannot find mediapipe pose solution. Try: pip install mediapipe==0.10.32")
ImportError: Cannot find mediapipe pose solution. Try: pip install mediapipe==0.10.32

[2026-02-15 22:07:04,508] ERROR posture_coach: api_infer error: Cannot find mediapipe pose solution. Try: pip install mediapipe==0.10.32
Traceback (most recent call last):
  File "C:\Users\saura\Downloads\posture_coach_ai\posture_coach\apps\posture_app\views.py", line 119, in api_infer
    engine = _get_engine(session_key, exercise)
  File "C:\Users\saura\Downloads\posture_coach_ai\posture_coach\apps\posture_app\views.py", line 29, in _get_engine
    return get_or_create_engine(session_key, exercise, profiles_dir)
  File "C:\Users\saura\Downloads\posture_coach_ai\posture_coach\apps\ml_engine\inference_engine.py", line 336, in get_or_create_engine
    _engine_registry[session_key] = InferenceEngine(exercise, profiles_dir)
  File "C:\Users\saura\Downloads\posture_coach_ai\posture_coach\apps\ml_engine\inference_engine.py", line 67, in __init__
    self._extractor = PoseExtractor(
  File "C:\Users\saura\Downloads\posture_coach_ai\posture_coach\apps\ml_engine\pose_extractor.py", line 116, in __init__
    pose_sol = _get_pose_solution()
  File "C:\Users\saura\Downloads\posture_coach_ai\posture_coach\apps\ml_engine\pose_extractor.py", line 96, in _get_pose_solution
    raise ImportError("Cannot find mediapipe pose solution. Try: pip install mediapipe==0.10.32")
ImportError: Cannot find mediapipe pose solution. Try: pip install mediapipe==0.10.32

[2026-02-15 22:07:04,604] ERROR posture_coach: api_infer error: Cannot find mediapipe pose solution. Try: pip install mediapipe==0.10.32
Traceback (most recent call last):
  File "C:\Users\saura\Downloads\posture_coach_ai\posture_coach\apps\posture_app\views.py", line 119, in api_infer
    engine = _get_engine(session_key, exercise)
  File "C:\Users\saura\Downloads\posture_coach_ai\posture_coach\apps\posture_app\views.py", line 29, in _get_engine
    return get_or_create_engine(session_key, exercise, profiles_dir)
  File "C:\Users\saura\Downloads\posture_coach_ai\posture_coach\apps\ml_engine\inference_engine.py", line 336, in get_or_create_engine
    _engine_registry[session_key] = InferenceEngine(exercise, profiles_dir)
  File "C:\Users\saura\Downloads\posture_coach_ai\posture_coach\apps\ml_engine\inference_engine.py", line 67, in __init__
    self._extractor = PoseExtractor(
  File "C:\Users\saura\Downloads\posture_coach_ai\posture_coach\apps\ml_engine\pose_extractor.py", line 116, in __init__
    pose_sol = _get_pose_solution()
  File "C:\Users\saura\Downloads\posture_coach_ai\posture_coach\apps\ml_engine\pose_extractor.py", line 96, in _get_pose_solution
    raise ImportError("Cannot find mediapipe pose solution. Try: pip install mediapipe==0.10.32")
ImportError: Cannot find mediapipe pose solution. Try: pip install mediapipe==0.10.32

[2026-02-15 22:07:04,699] ERROR posture_coach: api_infer error: Cannot find mediapipe pose solution. Try: pip install mediapipe==0.10.32
Traceback (most recent call last):
  File "C:\Users\saura\Downloads\posture_coach_ai\posture_coach\apps\posture_app\views.py", line 119, in api_infer
    engine = _get_engine(session_key, exercise)
  File "C:\Users\saura\Downloads\posture_coach_ai\posture_coach\apps\posture_app\views.py", line 29, in _get_engine
    return get_or_create_engine(session_key, exercise, profiles_dir)
  File "C:\Users\saura\Downloads\posture_coach_ai\posture_coach\apps\ml_engine\inference_engine.py", line 336, in get_or_create_engine
    _engine_registry[session_key] = InferenceEngine(exercise, profiles_dir)
  File "C:\Users\saura\Downloads\posture_coach_ai\posture_coach\apps\ml_engine\inference_engine.py", line 67, in __init__
    self._extractor = PoseExtractor(
  File "C:\Users\saura\Downloads\posture_coach_ai\posture_coach\apps\ml_engine\pose_extractor.py", line 116, in __init__
    pose_sol = _get_pose_solution()
  File "C:\Users\saura\Downloads\posture_coach_ai\posture_coach\apps\ml_engine\pose_extractor.py", line 96, in _get_pose_solution
    raise ImportError("Cannot find mediapipe pose solution. Try: pip install mediapipe==0.10.32")
ImportError: Cannot find mediapipe pose solution. Try: pip install mediapipe==0.10.32

[2026-02-15 22:07:04,797] ERROR posture_coach: api_infer error: Cannot find mediapipe pose solution. Try: pip install mediapipe==0.10.32
Traceback (most recent call last):
  File "C:\Users\saura\Downloads\posture_coach_ai\posture_coach\apps\posture_app\views.py", line 119, in api_infer
    engine = _get_engine(session_key, exercise)
  File "C:\Users\saura\Downloads\posture_coach_ai\posture_coach\apps\posture_app\views.py", line 29, in _get_engine
    return get_or_create_engine(session_key, exercise, profiles_dir)
  File "C:\Users\saura\Downloads\posture_coach_ai\posture_coach\apps\ml_engine\inference_engine.py", line 336, in get_or_create_engine
    _engine_registry[session_key] = InferenceEngine(exercise, profiles_dir)
  File "C:\Users\saura\Downloads\posture_coach_ai\posture_coach\apps\ml_engine\inference_engine.py", line 67, in __init__
    self._extractor = PoseExtractor(
  File "C:\Users\saura\Downloads\posture_coach_ai\posture_coach\apps\ml_engine\pose_extractor.py", line 116, in __init__
    pose_sol = _get_pose_solution()
  File "C:\Users\saura\Downloads\posture_coach_ai\posture_coach\apps\ml_engine\pose_extractor.py", line 96, in _get_pose_solution
    raise ImportError("Cannot find mediapipe pose solution. Try: pip install mediapipe==0.10.32")
ImportError: Cannot find mediapipe pose solution. Try: pip install mediapipe==0.10.32

[2026-02-15 22:07:04,902] ERROR posture_coach: api_infer error: Cannot find mediapipe pose solution. Try: pip install mediapipe==0.10.32
Traceback (most recent call last):
  File "C:\Users\saura\Downloads\posture_coach_ai\posture_coach\apps\posture_app\views.py", line 119, in api_infer
    engine = _get_engine(session_key, exercise)
  File "C:\Users\saura\Downloads\posture_coach_ai\posture_coach\apps\posture_app\views.py", line 29, in _get_engine
    return get_or_create_engine(session_key, exercise, profiles_dir)
  File "C:\Users\saura\Downloads\posture_coach_ai\posture_coach\apps\ml_engine\inference_engine.py", line 336, in get_or_create_engine
    _engine_registry[session_key] = InferenceEngine(exercise, profiles_dir)
  File "C:\Users\saura\Downloads\posture_coach_ai\posture_coach\apps\ml_engine\inference_engine.py", line 67, in __init__
    self._extractor = PoseExtractor(
  File "C:\Users\saura\Downloads\posture_coach_ai\posture_coach\apps\ml_engine\pose_extractor.py", line 116, in __init__
    pose_sol = _get_pose_solution()
  File "C:\Users\saura\Downloads\posture_coach_ai\posture_coach\apps\ml_engine\pose_extractor.py", line 96, in _get_pose_solution
    raise ImportError("Cannot find mediapipe pose solution. Try: pip install mediapipe==0.10.32")
ImportError: Cannot find mediapipe pose solution. Try: pip install mediapipe==0.10.32

[2026-02-15 22:07:05,014] ERROR posture_coach: api_infer error: Cannot find mediapipe pose solution. Try: pip install mediapipe==0.10.32
Traceback (most recent call last):
  File "C:\Users\saura\Downloads\posture_coach_ai\posture_coach\apps\posture_app\views.py", line 119, in api_infer
    engine = _get_engine(session_key, exercise)
  File "C:\Users\saura\Downloads\posture_coach_ai\posture_coach\apps\posture_app\views.py", line 29, in _get_engine
    return get_or_create_engine(session_key, exercise, profiles_dir)
  File "C:\Users\saura\Downloads\posture_coach_ai\posture_coach\apps\ml_engine\inference_engine.py", line 336, in get_or_create_engine
    _engine_registry[session_key] = InferenceEngine(exercise, profiles_dir)
  File "C:\Users\saura\Downloads\posture_coach_ai\posture_coach\apps\ml_engine\inference_engine.py", line 67, in __init__
    self._extractor = PoseExtractor(
  File "C:\Users\saura\Downloads\posture_coach_ai\posture_coach\apps\ml_engine\pose_extractor.py", line 116, in __init__
    pose_sol = _get_pose_solution()
  File "C:\Users\saura\Downloads\posture_coach_ai\posture_coach\apps\ml_engine\pose_extractor.py", line 96, in _get_pose_solution
    raise ImportError("Cannot find mediapipe pose solution. Try: pip install mediapipe==0.10.32")
ImportError: Cannot find mediapipe pose solution. Try: pip install mediapipe==0.10.32

[2026-02-15 22:07:05,103] ERROR posture_coach: api_infer error: Cannot find mediapipe pose solution. Try: pip install mediapipe==0.10.32
Traceback (most recent call last):
  File "C:\Users\saura\Downloads\posture_coach_ai\posture_coach\apps\posture_app\views.py", line 119, in api_infer
    engine = _get_engine(session_key, exercise)
  File "C:\Users\saura\Downloads\posture_coach_ai\posture_coach\apps\posture_app\views.py", line 29, in _get_engine
    return get_or_create_engine(session_key, exercise, profiles_dir)
  File "C:\Users\saura\Downloads\posture_coach_ai\posture_coach\apps\ml_engine\inference_engine.py", line 336, in get_or_create_engine
    _engine_registry[session_key] = InferenceEngine(exercise, profiles_dir)
  File "C:\Users\saura\Downloads\posture_coach_ai\posture_coach\apps\ml_engine\inference_engine.py", line 67, in __init__
    self._extractor = PoseExtractor(
  File "C:\Users\saura\Downloads\posture_coach_ai\posture_coach\apps\ml_engine\pose_extractor.py", line 116, in __init__
    pose_sol = _get_pose_solution()
  File "C:\Users\saura\Downloads\posture_coach_ai\posture_coach\apps\ml_engine\pose_extractor.py", line 96, in _get_pose_solution
    raise ImportError("Cannot find mediapipe pose solution. Try: pip install mediapipe==0.10.32")
ImportError: Cannot find mediapipe pose solution. Try: pip install mediapipe==0.10.32

[2026-02-15 22:07:05,199] ERROR posture_coach: api_infer error: Cannot find mediapipe pose solution. Try: pip install mediapipe==0.10.32
Traceback (most recent call last):
  File "C:\Users\saura\Downloads\posture_coach_ai\posture_coach\apps\posture_app\views.py", line 119, in api_infer
    engine = _get_engine(session_key, exercise)
  File "C:\Users\saura\Downloads\posture_coach_ai\posture_coach\apps\posture_app\views.py", line 29, in _get_engine
    return get_or_create_engine(session_key, exercise, profiles_dir)
  File "C:\Users\saura\Downloads\posture_coach_ai\posture_coach\apps\ml_engine\inference_engine.py", line 336, in get_or_create_engine
    _engine_registry[session_key] = InferenceEngine(exercise, profiles_dir)
  File "C:\Users\saura\Downloads\posture_coach_ai\posture_coach\apps\ml_engine\inference_engine.py", line 67, in __init__
    self._extractor = PoseExtractor(
  File "C:\Users\saura\Downloads\posture_coach_ai\posture_coach\apps\ml_engine\pose_extractor.py", line 116, in __init__
    pose_sol = _get_pose_solution()
  File "C:\Users\saura\Downloads\posture_coach_ai\posture_coach\apps\ml_engine\pose_extractor.py", line 96, in _get_pose_solution
    raise ImportError("Cannot find mediapipe pose solution. Try: pip install mediapipe==0.10.32")
ImportError: Cannot find mediapipe pose solution. Try: pip install mediapipe==0.10.32

[2026-02-15 22:07:05,302] ERROR posture_coach: api_infer error: Cannot find mediapipe pose solution. Try: pip install mediapipe==0.10.32
Traceback (most recent call last):
  File "C:\Users\saura\Downloads\posture_coach_ai\posture_coach\apps\posture_app\views.py", line 119, in api_infer
    engine = _get_engine(session_key, exercise)
  File "C:\Users\saura\Downloads\posture_coach_ai\posture_coach\apps\posture_app\views.py", line 29, in _get_engine
    return get_or_create_engine(session_key, exercise, profiles_dir)
  File "C:\Users\saura\Downloads\posture_coach_ai\posture_coach\apps\ml_engine\inference_engine.py", line 336, in get_or_create_engine
    _engine_registry[session_key] = InferenceEngine(exercise, profiles_dir)
  File "C:\Users\saura\Downloads\posture_coach_ai\posture_coach\apps\ml_engine\inference_engine.py", line 67, in __init__
    self._extractor = PoseExtractor(
  File "C:\Users\saura\Downloads\posture_coach_ai\posture_coach\apps\ml_engine\pose_extractor.py", line 116, in __init__
    pose_sol = _get_pose_solution()
  File "C:\Users\saura\Downloads\posture_coach_ai\posture_coach\apps\ml_engine\pose_extractor.py", line 96, in _get_pose_solution
    raise ImportError("Cannot find mediapipe pose solution. Try: pip install mediapipe==0.10.32")
ImportError: Cannot find mediapipe pose solution. Try: pip install mediapipe==0.10.32

[2026-02-15 22:07:05,399] ERROR posture_coach: api_infer error: Cannot find mediapipe pose solution. Try: pip install mediapipe==0.10.32
Traceback (most recent call last):
  File "C:\Users\saura\Downloads\posture_coach_ai\posture_coach\apps\posture_app\views.py", line 119, in api_infer
    engine = _get_engine(session_key, exercise)
  File "C:\Users\saura\Downloads\posture_coach_ai\posture_coach\apps\posture_app\views.py", line 29, in _get_engine
    return get_or_create_engine(session_key, exercise, profiles_dir)
  File "C:\Users\saura\Downloads\posture_coach_ai\posture_coach\apps\ml_engine\inference_engine.py", line 336, in get_or_create_engine
    _engine_registry[session_key] = InferenceEngine(exercise, profiles_dir)
  File "C:\Users\saura\Downloads\posture_coach_ai\posture_coach\apps\ml_engine\inference_engine.py", line 67, in __init__
    self._extractor = PoseExtractor(
  File "C:\Users\saura\Downloads\posture_coach_ai\posture_coach\apps\ml_engine\pose_extractor.py", line 116, in __init__
    pose_sol = _get_pose_solution()
  File "C:\Users\saura\Downloads\posture_coach_ai\posture_coach\apps\ml_engine\pose_extractor.py", line 96, in _get_pose_solution
    raise ImportError("Cannot find mediapipe pose solution. Try: pip install mediapipe==0.10.32")
ImportError: Cannot find mediapipe pose solution. Try: pip install mediapipe==0.10.32

[2026-02-15 22:07:05,500] ERROR posture_coach: api_infer error: Cannot find mediapipe pose solution. Try: pip install mediapipe==0.10.32
Traceback (most recent call last):
  File "C:\Users\saura\Downloads\posture_coach_ai\posture_coach\apps\posture_app\views.py", line 119, in api_infer
    engine = _get_engine(session_key, exercise)
  File "C:\Users\saura\Downloads\posture_coach_ai\posture_coach\apps\posture_app\views.py", line 29, in _get_engine
    return get_or_create_engine(session_key, exercise, profiles_dir)
  File "C:\Users\saura\Downloads\posture_coach_ai\posture_coach\apps\ml_engine\inference_engine.py", line 336, in get_or_create_engine
    _engine_registry[session_key] = InferenceEngine(exercise, profiles_dir)
  File "C:\Users\saura\Downloads\posture_coach_ai\posture_coach\apps\ml_engine\inference_engine.py", line 67, in __init__
    self._extractor = PoseExtractor(
  File "C:\Users\saura\Downloads\posture_coach_ai\posture_coach\apps\ml_engine\pose_extractor.py", line 116, in __init__
    pose_sol = _get_pose_solution()
  File "C:\Users\saura\Downloads\posture_coach_ai\posture_coach\apps\ml_engine\pose_extractor.py", line 96, in _get_pose_solution
    raise ImportError("Cannot find mediapipe pose solution. Try: pip install mediapipe==0.10.32")
ImportError: Cannot find mediapipe pose solution. Try: pip install mediapipe==0.10.32

[2026-02-15 22:07:05,610] ERROR posture_coach: api_infer error: Cannot find mediapipe pose solution. Try: pip install mediapipe==0.10.32
Traceback (most recent call last):
  File "C:\Users\saura\Downloads\posture_coach_ai\posture_coach\apps\posture_app\views.py", line 119, in api_infer
    engine = _get_engine(session_key, exercise)
  File "C:\Users\saura\Downloads\posture_coach_ai\posture_coach\apps\posture_app\views.py", line 29, in _get_engine
    return get_or_create_engine(session_key, exercise, profiles_dir)
  File "C:\Users\saura\Downloads\posture_coach_ai\posture_coach\apps\ml_engine\inference_engine.py", line 336, in get_or_create_engine
    _engine_registry[session_key] = InferenceEngine(exercise, profiles_dir)
  File "C:\Users\saura\Downloads\posture_coach_ai\posture_coach\apps\ml_engine\inference_engine.py", line 67, in __init__
    self._extractor = PoseExtractor(
  File "C:\Users\saura\Downloads\posture_coach_ai\posture_coach\apps\ml_engine\pose_extractor.py", line 116, in __init__
    pose_sol = _get_pose_solution()
  File "C:\Users\saura\Downloads\posture_coach_ai\posture_coach\apps\ml_engine\pose_extractor.py", line 96, in _get_pose_solution
    raise ImportError("Cannot find mediapipe pose solution. Try: pip install mediapipe==0.10.32")
ImportError: Cannot find mediapipe pose solution. Try: pip install mediapipe==0.10.32

[2026-02-15 22:07:05,700] ERROR posture_coach: api_infer error: Cannot find mediapipe pose solution. Try: pip install mediapipe==0.10.32
Traceback (most recent call last):
  File "C:\Users\saura\Downloads\posture_coach_ai\posture_coach\apps\posture_app\views.py", line 119, in api_infer
    engine = _get_engine(session_key, exercise)
  File "C:\Users\saura\Downloads\posture_coach_ai\posture_coach\apps\posture_app\views.py", line 29, in _get_engine
    return get_or_create_engine(session_key, exercise, profiles_dir)
  File "C:\Users\saura\Downloads\posture_coach_ai\posture_coach\apps\ml_engine\inference_engine.py", line 336, in get_or_create_engine
    _engine_registry[session_key] = InferenceEngine(exercise, profiles_dir)
  File "C:\Users\saura\Downloads\posture_coach_ai\posture_coach\apps\ml_engine\inference_engine.py", line 67, in __init__
    self._extractor = PoseExtractor(
  File "C:\Users\saura\Downloads\posture_coach_ai\posture_coach\apps\ml_engine\pose_extractor.py", line 116, in __init__
    pose_sol = _get_pose_solution()
  File "C:\Users\saura\Downloads\posture_coach_ai\posture_coach\apps\ml_engine\pose_extractor.py", line 96, in _get_pose_solution
    raise ImportError("Cannot find mediapipe pose solution. Try: pip install mediapipe==0.10.32")
ImportError: Cannot find mediapipe pose solution. Try: pip install mediapipe==0.10.32

[2026-02-15 22:07:05,802] ERROR posture_coach: api_infer error: Cannot find mediapipe pose solution. Try: pip install mediapipe==0.10.32
Traceback (most recent call last):
  File "C:\Users\saura\Downloads\posture_coach_ai\posture_coach\apps\posture_app\views.py", line 119, in api_infer
    engine = _get_engine(session_key, exercise)
  File "C:\Users\saura\Downloads\posture_coach_ai\posture_coach\apps\posture_app\views.py", line 29, in _get_engine
    return get_or_create_engine(session_key, exercise, profiles_dir)
  File "C:\Users\saura\Downloads\posture_coach_ai\posture_coach\apps\ml_engine\inference_engine.py", line 336, in get_or_create_engine
    _engine_registry[session_key] = InferenceEngine(exercise, profiles_dir)
  File "C:\Users\saura\Downloads\posture_coach_ai\posture_coach\apps\ml_engine\inference_engine.py", line 67, in __init__
    self._extractor = PoseExtractor(
  File "C:\Users\saura\Downloads\posture_coach_ai\posture_coach\apps\ml_engine\pose_extractor.py", line 116, in __init__
    pose_sol = _get_pose_solution()
  File "C:\Users\saura\Downloads\posture_coach_ai\posture_coach\apps\ml_engine\pose_extractor.py", line 96, in _get_pose_solution
    raise ImportError("Cannot find mediapipe pose solution. Try: pip install mediapipe==0.10.32")
ImportError: Cannot find mediapipe pose solution. Try: pip install mediapipe==0.10.32

[2026-02-15 22:07:05,904] ERROR posture_coach: api_infer error: Cannot find mediapipe pose solution. Try: pip install mediapipe==0.10.32
Traceback (most recent call last):
  File "C:\Users\saura\Downloads\posture_coach_ai\posture_coach\apps\posture_app\views.py", line 119, in api_infer
    engine = _get_engine(session_key, exercise)
  File "C:\Users\saura\Downloads\posture_coach_ai\posture_coach\apps\posture_app\views.py", line 29, in _get_engine
    return get_or_create_engine(session_key, exercise, profiles_dir)
  File "C:\Users\saura\Downloads\posture_coach_ai\posture_coach\apps\ml_engine\inference_engine.py", line 336, in get_or_create_engine
    _engine_registry[session_key] = InferenceEngine(exercise, profiles_dir)
  File "C:\Users\saura\Downloads\posture_coach_ai\posture_coach\apps\ml_engine\inference_engine.py", line 67, in __init__
    self._extractor = PoseExtractor(
  File "C:\Users\saura\Downloads\posture_coach_ai\posture_coach\apps\ml_engine\pose_extractor.py", line 116, in __init__
    pose_sol = _get_pose_solution()
  File "C:\Users\saura\Downloads\posture_coach_ai\posture_coach\apps\ml_engine\pose_extractor.py", line 96, in _get_pose_solution
    raise ImportError("Cannot find mediapipe pose solution. Try: pip install mediapipe==0.10.32")
ImportError: Cannot find mediapipe pose solution. Try: pip install mediapipe==0.10.32

[2026-02-15 22:07:06,009] ERROR posture_coach: api_infer error: Cannot find mediapipe pose solution. Try: pip install mediapipe==0.10.32
Traceback (most recent call last):
  File "C:\Users\saura\Downloads\posture_coach_ai\posture_coach\apps\posture_app\views.py", line 119, in api_infer
    engine = _get_engine(session_key, exercise)
  File "C:\Users\saura\Downloads\posture_coach_ai\posture_coach\apps\posture_app\views.py", line 29, in _get_engine
    return get_or_create_engine(session_key, exercise, profiles_dir)
  File "C:\Users\saura\Downloads\posture_coach_ai\posture_coach\apps\ml_engine\inference_engine.py", line 336, in get_or_create_engine
    _engine_registry[session_key] = InferenceEngine(exercise, profiles_dir)
  File "C:\Users\saura\Downloads\posture_coach_ai\posture_coach\apps\ml_engine\inference_engine.py", line 67, in __init__
    self._extractor = PoseExtractor(
  File "C:\Users\saura\Downloads\posture_coach_ai\posture_coach\apps\ml_engine\pose_extractor.py", line 116, in __init__
    pose_sol = _get_pose_solution()
  File "C:\Users\saura\Downloads\posture_coach_ai\posture_coach\apps\ml_engine\pose_extractor.py", line 96, in _get_pose_solution
    raise ImportError("Cannot find mediapipe pose solution. Try: pip install mediapipe==0.10.32")
ImportError: Cannot find mediapipe pose solution. Try: pip install mediapipe==0.10.32

[2026-02-15 22:07:06,108] ERROR posture_coach: api_infer error: Cannot find mediapipe pose solution. Try: pip install mediapipe==0.10.32
Traceback (most recent call last):
  File "C:\Users\saura\Downloads\posture_coach_ai\posture_coach\apps\posture_app\views.py", line 119, in api_infer
    engine = _get_engine(session_key, exercise)
  File "C:\Users\saura\Downloads\posture_coach_ai\posture_coach\apps\posture_app\views.py", line 29, in _get_engine
    return get_or_create_engine(session_key, exercise, profiles_dir)
  File "C:\Users\saura\Downloads\posture_coach_ai\posture_coach\apps\ml_engine\inference_engine.py", line 336, in get_or_create_engine
    _engine_registry[session_key] = InferenceEngine(exercise, profiles_dir)
  File "C:\Users\saura\Downloads\posture_coach_ai\posture_coach\apps\ml_engine\inference_engine.py", line 67, in __init__
    self._extractor = PoseExtractor(
  File "C:\Users\saura\Downloads\posture_coach_ai\posture_coach\apps\ml_engine\pose_extractor.py", line 116, in __init__
    pose_sol = _get_pose_solution()
  File "C:\Users\saura\Downloads\posture_coach_ai\posture_coach\apps\ml_engine\pose_extractor.py", line 96, in _get_pose_solution
    raise ImportError("Cannot find mediapipe pose solution. Try: pip install mediapipe==0.10.32")
ImportError: Cannot find mediapipe pose solution. Try: pip install mediapipe==0.10.32

[2026-02-15 22:07:06,202] ERROR posture_coach: api_infer error: Cannot find mediapipe pose solution. Try: pip install mediapipe==0.10.32
Traceback (most recent call last):
  File "C:\Users\saura\Downloads\posture_coach_ai\posture_coach\apps\posture_app\views.py", line 119, in api_infer
    engine = _get_engine(session_key, exercise)
  File "C:\Users\saura\Downloads\posture_coach_ai\posture_coach\apps\posture_app\views.py", line 29, in _get_engine
    return get_or_create_engine(session_key, exercise, profiles_dir)
  File "C:\Users\saura\Downloads\posture_coach_ai\posture_coach\apps\ml_engine\inference_engine.py", line 336, in get_or_create_engine
    _engine_registry[session_key] = InferenceEngine(exercise, profiles_dir)
  File "C:\Users\saura\Downloads\posture_coach_ai\posture_coach\apps\ml_engine\inference_engine.py", line 67, in __init__
    self._extractor = PoseExtractor(
  File "C:\Users\saura\Downloads\posture_coach_ai\posture_coach\apps\ml_engine\pose_extractor.py", line 116, in __init__
    pose_sol = _get_pose_solution()
  File "C:\Users\saura\Downloads\posture_coach_ai\posture_coach\apps\ml_engine\pose_extractor.py", line 96, in _get_pose_solution
    raise ImportError("Cannot find mediapipe pose solution. Try: pip install mediapipe==0.10.32")
ImportError: Cannot find mediapipe pose solution. Try: pip install mediapipe==0.10.32

[2026-02-15 22:07:06,309] ERROR posture_coach: api_infer error: Cannot find mediapipe pose solution. Try: pip install mediapipe==0.10.32
Traceback (most recent call last):
  File "C:\Users\saura\Downloads\posture_coach_ai\posture_coach\apps\posture_app\views.py", line 119, in api_infer
    engine = _get_engine(session_key, exercise)
  File "C:\Users\saura\Downloads\posture_coach_ai\posture_coach\apps\posture_app\views.py", line 29, in _get_engine
    return get_or_create_engine(session_key, exercise, profiles_dir)
  File "C:\Users\saura\Downloads\posture_coach_ai\posture_coach\apps\ml_engine\inference_engine.py", line 336, in get_or_create_engine
    _engine_registry[session_key] = InferenceEngine(exercise, profiles_dir)
  File "C:\Users\saura\Downloads\posture_coach_ai\posture_coach\apps\ml_engine\inference_engine.py", line 67, in __init__
    self._extractor = PoseExtractor(
  File "C:\Users\saura\Downloads\posture_coach_ai\posture_coach\apps\ml_engine\pose_extractor.py", line 116, in __init__
    pose_sol = _get_pose_solution()
  File "C:\Users\saura\Downloads\posture_coach_ai\posture_coach\apps\ml_engine\pose_extractor.py", line 96, in _get_pose_solution
    raise ImportError("Cannot find mediapipe pose solution. Try: pip install mediapipe==0.10.32")
ImportError: Cannot find mediapipe pose solution. Try: pip install mediapipe==0.10.32

[2026-02-15 22:07:06,399] ERROR posture_coach: api_infer error: Cannot find mediapipe pose solution. Try: pip install mediapipe==0.10.32
Traceback (most recent call last):
  File "C:\Users\saura\Downloads\posture_coach_ai\posture_coach\apps\posture_app\views.py", line 119, in api_infer
    engine = _get_engine(session_key, exercise)
  File "C:\Users\saura\Downloads\posture_coach_ai\posture_coach\apps\posture_app\views.py", line 29, in _get_engine
    return get_or_create_engine(session_key, exercise, profiles_dir)
  File "C:\Users\saura\Downloads\posture_coach_ai\posture_coach\apps\ml_engine\inference_engine.py", line 336, in get_or_create_engine
    _engine_registry[session_key] = InferenceEngine(exercise, profiles_dir)
  File "C:\Users\saura\Downloads\posture_coach_ai\posture_coach\apps\ml_engine\inference_engine.py", line 67, in __init__
    self._extractor = PoseExtractor(
  File "C:\Users\saura\Downloads\posture_coach_ai\posture_coach\apps\ml_engine\pose_extractor.py", line 116, in __init__
    pose_sol = _get_pose_solution()
  File "C:\Users\saura\Downloads\posture_coach_ai\posture_coach\apps\ml_engine\pose_extractor.py", line 96, in _get_pose_solution
    raise ImportError("Cannot find mediapipe pose solution. Try: pip install mediapipe==0.10.32")
ImportError: Cannot find mediapipe pose solution. Try: pip install mediapipe==0.10.32

[2026-02-15 22:07:06,504] ERROR posture_coach: api_infer error: Cannot find mediapipe pose solution. Try: pip install mediapipe==0.10.32
Traceback (most recent call last):
  File "C:\Users\saura\Downloads\posture_coach_ai\posture_coach\apps\posture_app\views.py", line 119, in api_infer
    engine = _get_engine(session_key, exercise)
  File "C:\Users\saura\Downloads\posture_coach_ai\posture_coach\apps\posture_app\views.py", line 29, in _get_engine
    return get_or_create_engine(session_key, exercise, profiles_dir)
  File "C:\Users\saura\Downloads\posture_coach_ai\posture_coach\apps\ml_engine\inference_engine.py", line 336, in get_or_create_engine
    _engine_registry[session_key] = InferenceEngine(exercise, profiles_dir)
  File "C:\Users\saura\Downloads\posture_coach_ai\posture_coach\apps\ml_engine\inference_engine.py", line 67, in __init__
    self._extractor = PoseExtractor(
  File "C:\Users\saura\Downloads\posture_coach_ai\posture_coach\apps\ml_engine\pose_extractor.py", line 116, in __init__
    pose_sol = _get_pose_solution()
  File "C:\Users\saura\Downloads\posture_coach_ai\posture_coach\apps\ml_engine\pose_extractor.py", line 96, in _get_pose_solution
    raise ImportError("Cannot find mediapipe pose solution. Try: pip install mediapipe==0.10.32")
ImportError: Cannot find mediapipe pose solution. Try: pip install mediapipe==0.10.32

[2026-02-15 22:07:06,598] ERROR posture_coach: api_infer error: Cannot find mediapipe pose solution. Try: pip install mediapipe==0.10.32
Traceback (most recent call last):
  File "C:\Users\saura\Downloads\posture_coach_ai\posture_coach\apps\posture_app\views.py", line 119, in api_infer
    engine = _get_engine(session_key, exercise)
  File "C:\Users\saura\Downloads\posture_coach_ai\posture_coach\apps\posture_app\views.py", line 29, in _get_engine
    return get_or_create_engine(session_key, exercise, profiles_dir)
  File "C:\Users\saura\Downloads\posture_coach_ai\posture_coach\apps\ml_engine\inference_engine.py", line 336, in get_or_create_engine
    _engine_registry[session_key] = InferenceEngine(exercise, profiles_dir)
  File "C:\Users\saura\Downloads\posture_coach_ai\posture_coach\apps\ml_engine\inference_engine.py", line 67, in __init__
    self._extractor = PoseExtractor(
  File "C:\Users\saura\Downloads\posture_coach_ai\posture_coach\apps\ml_engine\pose_extractor.py", line 116, in __init__
    pose_sol = _get_pose_solution()
  File "C:\Users\saura\Downloads\posture_coach_ai\posture_coach\apps\ml_engine\pose_extractor.py", line 96, in _get_pose_solution
    raise ImportError("Cannot find mediapipe pose solution. Try: pip install mediapipe==0.10.32")
ImportError: Cannot find mediapipe pose solution. Try: pip install mediapipe==0.10.32

[2026-02-15 22:07:06,695] ERROR posture_coach: api_infer error: Cannot find mediapipe pose solution. Try: pip install mediapipe==0.10.32
Traceback (most recent call last):
  File "C:\Users\saura\Downloads\posture_coach_ai\posture_coach\apps\posture_app\views.py", line 119, in api_infer
    engine = _get_engine(session_key, exercise)
  File "C:\Users\saura\Downloads\posture_coach_ai\posture_coach\apps\posture_app\views.py", line 29, in _get_engine
    return get_or_create_engine(session_key, exercise, profiles_dir)
  File "C:\Users\saura\Downloads\posture_coach_ai\posture_coach\apps\ml_engine\inference_engine.py", line 336, in get_or_create_engine
    _engine_registry[session_key] = InferenceEngine(exercise, profiles_dir)
  File "C:\Users\saura\Downloads\posture_coach_ai\posture_coach\apps\ml_engine\inference_engine.py", line 67, in __init__
    self._extractor = PoseExtractor(
  File "C:\Users\saura\Downloads\posture_coach_ai\posture_coach\apps\ml_engine\pose_extractor.py", line 116, in __init__
    pose_sol = _get_pose_solution()
  File "C:\Users\saura\Downloads\posture_coach_ai\posture_coach\apps\ml_engine\pose_extractor.py", line 96, in _get_pose_solution
    raise ImportError("Cannot find mediapipe pose solution. Try: pip install mediapipe==0.10.32")
ImportError: Cannot find mediapipe pose solution. Try: pip install mediapipe==0.10.32

[2026-02-15 22:07:06,799] ERROR posture_coach: api_infer error: Cannot find mediapipe pose solution. Try: pip install mediapipe==0.10.32
Traceback (most recent call last):
  File "C:\Users\saura\Downloads\posture_coach_ai\posture_coach\apps\posture_app\views.py", line 119, in api_infer
    engine = _get_engine(session_key, exercise)
  File "C:\Users\saura\Downloads\posture_coach_ai\posture_coach\apps\posture_app\views.py", line 29, in _get_engine
    return get_or_create_engine(session_key, exercise, profiles_dir)
  File "C:\Users\saura\Downloads\posture_coach_ai\posture_coach\apps\ml_engine\inference_engine.py", line 336, in get_or_create_engine
    _engine_registry[session_key] = InferenceEngine(exercise, profiles_dir)
  File "C:\Users\saura\Downloads\posture_coach_ai\posture_coach\apps\ml_engine\inference_engine.py", line 67, in __init__
    self._extractor = PoseExtractor(
  File "C:\Users\saura\Downloads\posture_coach_ai\posture_coach\apps\ml_engine\pose_extractor.py", line 116, in __init__
    pose_sol = _get_pose_solution()
  File "C:\Users\saura\Downloads\posture_coach_ai\posture_coach\apps\ml_engine\pose_extractor.py", line 96, in _get_pose_solution
    raise ImportError("Cannot find mediapipe pose solution. Try: pip install mediapipe==0.10.32")
ImportError: Cannot find mediapipe pose solution. Try: pip install mediapipe==0.10.32

[2026-02-15 22:07:06,896] ERROR posture_coach: api_infer error: Cannot find mediapipe pose solution. Try: pip install mediapipe==0.10.32
Traceback (most recent call last):
  File "C:\Users\saura\Downloads\posture_coach_ai\posture_coach\apps\posture_app\views.py", line 119, in api_infer
    engine = _get_engine(session_key, exercise)
  File "C:\Users\saura\Downloads\posture_coach_ai\posture_coach\apps\posture_app\views.py", line 29, in _get_engine
    return get_or_create_engine(session_key, exercise, profiles_dir)
  File "C:\Users\saura\Downloads\posture_coach_ai\posture_coach\apps\ml_engine\inference_engine.py", line 336, in get_or_create_engine
    _engine_registry[session_key] = InferenceEngine(exercise, profiles_dir)
  File "C:\Users\saura\Downloads\posture_coach_ai\posture_coach\apps\ml_engine\inference_engine.py", line 67, in __init__
    self._extractor = PoseExtractor(
  File "C:\Users\saura\Downloads\posture_coach_ai\posture_coach\apps\ml_engine\pose_extractor.py", line 116, in __init__
    pose_sol = _get_pose_solution()
  File "C:\Users\saura\Downloads\posture_coach_ai\posture_coach\apps\ml_engine\pose_extractor.py", line 96, in _get_pose_solution
    raise ImportError("Cannot find mediapipe pose solution. Try: pip install mediapipe==0.10.32")
ImportError: Cannot find mediapipe pose solution. Try: pip install mediapipe==0.10.32

[2026-02-15 22:07:06,997] ERROR posture_coach: api_infer error: Cannot find mediapipe pose solution. Try: pip install mediapipe==0.10.32
Traceback (most recent call last):
  File "C:\Users\saura\Downloads\posture_coach_ai\posture_coach\apps\posture_app\views.py", line 119, in api_infer
    engine = _get_engine(session_key, exercise)
  File "C:\Users\saura\Downloads\posture_coach_ai\posture_coach\apps\posture_app\views.py", line 29, in _get_engine
    return get_or_create_engine(session_key, exercise, profiles_dir)
  File "C:\Users\saura\Downloads\posture_coach_ai\posture_coach\apps\ml_engine\inference_engine.py", line 336, in get_or_create_engine
    _engine_registry[session_key] = InferenceEngine(exercise, profiles_dir)
  File "C:\Users\saura\Downloads\posture_coach_ai\posture_coach\apps\ml_engine\inference_engine.py", line 67, in __init__
    self._extractor = PoseExtractor(
  File "C:\Users\saura\Downloads\posture_coach_ai\posture_coach\apps\ml_engine\pose_extractor.py", line 116, in __init__
    pose_sol = _get_pose_solution()
  File "C:\Users\saura\Downloads\posture_coach_ai\posture_coach\apps\ml_engine\pose_extractor.py", line 96, in _get_pose_solution
    raise ImportError("Cannot find mediapipe pose solution. Try: pip install mediapipe==0.10.32")
ImportError: Cannot find mediapipe pose solution. Try: pip install mediapipe==0.10.32

[2026-02-15 22:07:07,097] ERROR posture_coach: api_infer error: Cannot find mediapipe pose solution. Try: pip install mediapipe==0.10.32
Traceback (most recent call last):
  File "C:\Users\saura\Downloads\posture_coach_ai\posture_coach\apps\posture_app\views.py", line 119, in api_infer
    engine = _get_engine(session_key, exercise)
  File "C:\Users\saura\Downloads\posture_coach_ai\posture_coach\apps\posture_app\views.py", line 29, in _get_engine
    return get_or_create_engine(session_key, exercise, profiles_dir)
  File "C:\Users\saura\Downloads\posture_coach_ai\posture_coach\apps\ml_engine\inference_engine.py", line 336, in get_or_create_engine
    _engine_registry[session_key] = InferenceEngine(exercise, profiles_dir)
  File "C:\Users\saura\Downloads\posture_coach_ai\posture_coach\apps\ml_engine\inference_engine.py", line 67, in __init__
    self._extractor = PoseExtractor(
  File "C:\Users\saura\Downloads\posture_coach_ai\posture_coach\apps\ml_engine\pose_extractor.py", line 116, in __init__
    pose_sol = _get_pose_solution()
  File "C:\Users\saura\Downloads\posture_coach_ai\posture_coach\apps\ml_engine\pose_extractor.py", line 96, in _get_pose_solution
    raise ImportError("Cannot find mediapipe pose solution. Try: pip install mediapipe==0.10.32")
ImportError: Cannot find mediapipe pose solution. Try: pip install mediapipe==0.10.32

[2026-02-15 22:07:07,197] ERROR posture_coach: api_infer error: Cannot find mediapipe pose solution. Try: pip install mediapipe==0.10.32
Traceback (most recent call last):
  File "C:\Users\saura\Downloads\posture_coach_ai\posture_coach\apps\posture_app\views.py", line 119, in api_infer
    engine = _get_engine(session_key, exercise)
  File "C:\Users\saura\Downloads\posture_coach_ai\posture_coach\apps\posture_app\views.py", line 29, in _get_engine
    return get_or_create_engine(session_key, exercise, profiles_dir)
  File "C:\Users\saura\Downloads\posture_coach_ai\posture_coach\apps\ml_engine\inference_engine.py", line 336, in get_or_create_engine
    _engine_registry[session_key] = InferenceEngine(exercise, profiles_dir)
  File "C:\Users\saura\Downloads\posture_coach_ai\posture_coach\apps\ml_engine\inference_engine.py", line 67, in __init__
    self._extractor = PoseExtractor(
  File "C:\Users\saura\Downloads\posture_coach_ai\posture_coach\apps\ml_engine\pose_extractor.py", line 116, in __init__
    pose_sol = _get_pose_solution()
  File "C:\Users\saura\Downloads\posture_coach_ai\posture_coach\apps\ml_engine\pose_extractor.py", line 96, in _get_pose_solution
    raise ImportError("Cannot find mediapipe pose solution. Try: pip install mediapipe==0.10.32")
ImportError: Cannot find mediapipe pose solution. Try: pip install mediapipe==0.10.32

[2026-02-15 22:07:07,301] ERROR posture_coach: api_infer error: Cannot find mediapipe pose solution. Try: pip install mediapipe==0.10.32
Traceback (most recent call last):
  File "C:\Users\saura\Downloads\posture_coach_ai\posture_coach\apps\posture_app\views.py", line 119, in api_infer
    engine = _get_engine(session_key, exercise)
  File "C:\Users\saura\Downloads\posture_coach_ai\posture_coach\apps\posture_app\views.py", line 29, in _get_engine
    return get_or_create_engine(session_key, exercise, profiles_dir)
  File "C:\Users\saura\Downloads\posture_coach_ai\posture_coach\apps\ml_engine\inference_engine.py", line 336, in get_or_create_engine
    _engine_registry[session_key] = InferenceEngine(exercise, profiles_dir)
  File "C:\Users\saura\Downloads\posture_coach_ai\posture_coach\apps\ml_engine\inference_engine.py", line 67, in __init__
    self._extractor = PoseExtractor(
  File "C:\Users\saura\Downloads\posture_coach_ai\posture_coach\apps\ml_engine\pose_extractor.py", line 116, in __init__
    pose_sol = _get_pose_solution()
  File "C:\Users\saura\Downloads\posture_coach_ai\posture_coach\apps\ml_engine\pose_extractor.py", line 96, in _get_pose_solution
    raise ImportError("Cannot find mediapipe pose solution. Try: pip install mediapipe==0.10.32")
ImportError: Cannot find mediapipe pose solution. Try: pip install mediapipe==0.10.32

[2026-02-15 22:07:07,396] ERROR posture_coach: api_infer error: Cannot find mediapipe pose solution. Try: pip install mediapipe==0.10.32
Traceback (most recent call last):
  File "C:\Users\saura\Downloads\posture_coach_ai\posture_coach\apps\posture_app\views.py", line 119, in api_infer
    engine = _get_engine(session_key, exercise)
  File "C:\Users\saura\Downloads\posture_coach_ai\posture_coach\apps\posture_app\views.py", line 29, in _get_engine
    return get_or_create_engine(session_key, exercise, profiles_dir)
  File "C:\Users\saura\Downloads\posture_coach_ai\posture_coach\apps\ml_engine\inference_engine.py", line 336, in get_or_create_engine
    _engine_registry[session_key] = InferenceEngine(exercise, profiles_dir)
  File "C:\Users\saura\Downloads\posture_coach_ai\posture_coach\apps\ml_engine\inference_engine.py", line 67, in __init__
    self._extractor = PoseExtractor(
  File "C:\Users\saura\Downloads\posture_coach_ai\posture_coach\apps\ml_engine\pose_extractor.py", line 116, in __init__
    pose_sol = _get_pose_solution()
  File "C:\Users\saura\Downloads\posture_coach_ai\posture_coach\apps\ml_engine\pose_extractor.py", line 96, in _get_pose_solution
    raise ImportError("Cannot find mediapipe pose solution. Try: pip install mediapipe==0.10.32")
ImportError: Cannot find mediapipe pose solution. Try: pip install mediapipe==0.10.32

[2026-02-15 22:07:07,499] ERROR posture_coach: api_infer error: Cannot find mediapipe pose solution. Try: pip install mediapipe==0.10.32
Traceback (most recent call last):
  File "C:\Users\saura\Downloads\posture_coach_ai\posture_coach\apps\posture_app\views.py", line 119, in api_infer
    engine = _get_engine(session_key, exercise)
  File "C:\Users\saura\Downloads\posture_coach_ai\posture_coach\apps\posture_app\views.py", line 29, in _get_engine
    return get_or_create_engine(session_key, exercise, profiles_dir)
  File "C:\Users\saura\Downloads\posture_coach_ai\posture_coach\apps\ml_engine\inference_engine.py", line 336, in get_or_create_engine
    _engine_registry[session_key] = InferenceEngine(exercise, profiles_dir)
  File "C:\Users\saura\Downloads\posture_coach_ai\posture_coach\apps\ml_engine\inference_engine.py", line 67, in __init__
    self._extractor = PoseExtractor(
  File "C:\Users\saura\Downloads\posture_coach_ai\posture_coach\apps\ml_engine\pose_extractor.py", line 116, in __init__
    pose_sol = _get_pose_solution()
  File "C:\Users\saura\Downloads\posture_coach_ai\posture_coach\apps\ml_engine\pose_extractor.py", line 96, in _get_pose_solution
    raise ImportError("Cannot find mediapipe pose solution. Try: pip install mediapipe==0.10.32")
ImportError: Cannot find mediapipe pose solution. Try: pip install mediapipe==0.10.32

[2026-02-15 22:07:07,596] ERROR posture_coach: api_infer error: Cannot find mediapipe pose solution. Try: pip install mediapipe==0.10.32
Traceback (most recent call last):
  File "C:\Users\saura\Downloads\posture_coach_ai\posture_coach\apps\posture_app\views.py", line 119, in api_infer
    engine = _get_engine(session_key, exercise)
  File "C:\Users\saura\Downloads\posture_coach_ai\posture_coach\apps\posture_app\views.py", line 29, in _get_engine
    return get_or_create_engine(session_key, exercise, profiles_dir)
  File "C:\Users\saura\Downloads\posture_coach_ai\posture_coach\apps\ml_engine\inference_engine.py", line 336, in get_or_create_engine
    _engine_registry[session_key] = InferenceEngine(exercise, profiles_dir)
  File "C:\Users\saura\Downloads\posture_coach_ai\posture_coach\apps\ml_engine\inference_engine.py", line 67, in __init__
    self._extractor = PoseExtractor(
  File "C:\Users\saura\Downloads\posture_coach_ai\posture_coach\apps\ml_engine\pose_extractor.py", line 116, in __init__
    pose_sol = _get_pose_solution()
  File "C:\Users\saura\Downloads\posture_coach_ai\posture_coach\apps\ml_engine\pose_extractor.py", line 96, in _get_pose_solution
    raise ImportError("Cannot find mediapipe pose solution. Try: pip install mediapipe==0.10.32")
ImportError: Cannot find mediapipe pose solution. Try: pip install mediapipe==0.10.32

[2026-02-15 22:07:07,699] ERROR posture_coach: api_infer error: Cannot find mediapipe pose solution. Try: pip install mediapipe==0.10.32
Traceback (most recent call last):
  File "C:\Users\saura\Downloads\posture_coach_ai\posture_coach\apps\posture_app\views.py", line 119, in api_infer
    engine = _get_engine(session_key, exercise)
  File "C:\Users\saura\Downloads\posture_coach_ai\posture_coach\apps\posture_app\views.py", line 29, in _get_engine
    return get_or_create_engine(session_key, exercise, profiles_dir)
  File "C:\Users\saura\Downloads\posture_coach_ai\posture_coach\apps\ml_engine\inference_engine.py", line 336, in get_or_create_engine
    _engine_registry[session_key] = InferenceEngine(exercise, profiles_dir)
  File "C:\Users\saura\Downloads\posture_coach_ai\posture_coach\apps\ml_engine\inference_engine.py", line 67, in __init__
    self._extractor = PoseExtractor(
  File "C:\Users\saura\Downloads\posture_coach_ai\posture_coach\apps\ml_engine\pose_extractor.py", line 116, in __init__
    pose_sol = _get_pose_solution()
  File "C:\Users\saura\Downloads\posture_coach_ai\posture_coach\apps\ml_engine\pose_extractor.py", line 96, in _get_pose_solution
    raise ImportError("Cannot find mediapipe pose solution. Try: pip install mediapipe==0.10.32")
ImportError: Cannot find mediapipe pose solution. Try: pip install mediapipe==0.10.32

[2026-02-15 22:07:07,814] ERROR posture_coach: api_infer error: Cannot find mediapipe pose solution. Try: pip install mediapipe==0.10.32
Traceback (most recent call last):
  File "C:\Users\saura\Downloads\posture_coach_ai\posture_coach\apps\posture_app\views.py", line 119, in api_infer
    engine = _get_engine(session_key, exercise)
  File "C:\Users\saura\Downloads\posture_coach_ai\posture_coach\apps\posture_app\views.py", line 29, in _get_engine
    return get_or_create_engine(session_key, exercise, profiles_dir)
  File "C:\Users\saura\Downloads\posture_coach_ai\posture_coach\apps\ml_engine\inference_engine.py", line 336, in get_or_create_engine
    _engine_registry[session_key] = InferenceEngine(exercise, profiles_dir)
  File "C:\Users\saura\Downloads\posture_coach_ai\posture_coach\apps\ml_engine\inference_engine.py", line 67, in __init__
    self._extractor = PoseExtractor(
  File "C:\Users\saura\Downloads\posture_coach_ai\posture_coach\apps\ml_engine\pose_extractor.py", line 116, in __init__
    pose_sol = _get_pose_solution()
  File "C:\Users\saura\Downloads\posture_coach_ai\posture_coach\apps\ml_engine\pose_extractor.py", line 96, in _get_pose_solution
    raise ImportError("Cannot find mediapipe pose solution. Try: pip install mediapipe==0.10.32")
ImportError: Cannot find mediapipe pose solution. Try: pip install mediapipe==0.10.32

[2026-02-15 22:07:07,898] ERROR posture_coach: api_infer error: Cannot find mediapipe pose solution. Try: pip install mediapipe==0.10.32
Traceback (most recent call last):
  File "C:\Users\saura\Downloads\posture_coach_ai\posture_coach\apps\posture_app\views.py", line 119, in api_infer
    engine = _get_engine(session_key, exercise)
  File "C:\Users\saura\Downloads\posture_coach_ai\posture_coach\apps\posture_app\views.py", line 29, in _get_engine
    return get_or_create_engine(session_key, exercise, profiles_dir)
  File "C:\Users\saura\Downloads\posture_coach_ai\posture_coach\apps\ml_engine\inference_engine.py", line 336, in get_or_create_engine
    _engine_registry[session_key] = InferenceEngine(exercise, profiles_dir)
  File "C:\Users\saura\Downloads\posture_coach_ai\posture_coach\apps\ml_engine\inference_engine.py", line 67, in __init__
    self._extractor = PoseExtractor(
  File "C:\Users\saura\Downloads\posture_coach_ai\posture_coach\apps\ml_engine\pose_extractor.py", line 116, in __init__
    pose_sol = _get_pose_solution()
  File "C:\Users\saura\Downloads\posture_coach_ai\posture_coach\apps\ml_engine\pose_extractor.py", line 96, in _get_pose_solution
    raise ImportError("Cannot find mediapipe pose solution. Try: pip install mediapipe==0.10.32")
ImportError: Cannot find mediapipe pose solution. Try: pip install mediapipe==0.10.32

[2026-02-15 22:07:07,999] ERROR posture_coach: api_infer error: Cannot find mediapipe pose solution. Try: pip install mediapipe==0.10.32
Traceback (most recent call last):
  File "C:\Users\saura\Downloads\posture_coach_ai\posture_coach\apps\posture_app\views.py", line 119, in api_infer
    engine = _get_engine(session_key, exercise)
  File "C:\Users\saura\Downloads\posture_coach_ai\posture_coach\apps\posture_app\views.py", line 29, in _get_engine
    return get_or_create_engine(session_key, exercise, profiles_dir)
  File "C:\Users\saura\Downloads\posture_coach_ai\posture_coach\apps\ml_engine\inference_engine.py", line 336, in get_or_create_engine
    _engine_registry[session_key] = InferenceEngine(exercise, profiles_dir)
  File "C:\Users\saura\Downloads\posture_coach_ai\posture_coach\apps\ml_engine\inference_engine.py", line 67, in __init__
    self._extractor = PoseExtractor(
  File "C:\Users\saura\Downloads\posture_coach_ai\posture_coach\apps\ml_engine\pose_extractor.py", line 116, in __init__
    pose_sol = _get_pose_solution()
  File "C:\Users\saura\Downloads\posture_coach_ai\posture_coach\apps\ml_engine\pose_extractor.py", line 96, in _get_pose_solution
    raise ImportError("Cannot find mediapipe pose solution. Try: pip install mediapipe==0.10.32")
ImportError: Cannot find mediapipe pose solution. Try: pip install mediapipe==0.10.32

[2026-02-15 22:07:08,100] ERROR posture_coach: api_infer error: Cannot find mediapipe pose solution. Try: pip install mediapipe==0.10.32
Traceback (most recent call last):
  File "C:\Users\saura\Downloads\posture_coach_ai\posture_coach\apps\posture_app\views.py", line 119, in api_infer
    engine = _get_engine(session_key, exercise)
  File "C:\Users\saura\Downloads\posture_coach_ai\posture_coach\apps\posture_app\views.py", line 29, in _get_engine
    return get_or_create_engine(session_key, exercise, profiles_dir)
  File "C:\Users\saura\Downloads\posture_coach_ai\posture_coach\apps\ml_engine\inference_engine.py", line 336, in get_or_create_engine
    _engine_registry[session_key] = InferenceEngine(exercise, profiles_dir)
  File "C:\Users\saura\Downloads\posture_coach_ai\posture_coach\apps\ml_engine\inference_engine.py", line 67, in __init__
    self._extractor = PoseExtractor(
  File "C:\Users\saura\Downloads\posture_coach_ai\posture_coach\apps\ml_engine\pose_extractor.py", line 116, in __init__
    pose_sol = _get_pose_solution()
  File "C:\Users\saura\Downloads\posture_coach_ai\posture_coach\apps\ml_engine\pose_extractor.py", line 96, in _get_pose_solution
    raise ImportError("Cannot find mediapipe pose solution. Try: pip install mediapipe==0.10.32")
ImportError: Cannot find mediapipe pose solution. Try: pip install mediapipe==0.10.32

[2026-02-15 22:07:08,200] ERROR posture_coach: api_infer error: Cannot find mediapipe pose solution. Try: pip install mediapipe==0.10.32
Traceback (most recent call last):
  File "C:\Users\saura\Downloads\posture_coach_ai\posture_coach\apps\posture_app\views.py", line 119, in api_infer
    engine = _get_engine(session_key, exercise)
  File "C:\Users\saura\Downloads\posture_coach_ai\posture_coach\apps\posture_app\views.py", line 29, in _get_engine
    return get_or_create_engine(session_key, exercise, profiles_dir)
  File "C:\Users\saura\Downloads\posture_coach_ai\posture_coach\apps\ml_engine\inference_engine.py", line 336, in get_or_create_engine
    _engine_registry[session_key] = InferenceEngine(exercise, profiles_dir)
  File "C:\Users\saura\Downloads\posture_coach_ai\posture_coach\apps\ml_engine\inference_engine.py", line 67, in __init__
    self._extractor = PoseExtractor(
  File "C:\Users\saura\Downloads\posture_coach_ai\posture_coach\apps\ml_engine\pose_extractor.py", line 116, in __init__
    pose_sol = _get_pose_solution()
  File "C:\Users\saura\Downloads\posture_coach_ai\posture_coach\apps\ml_engine\pose_extractor.py", line 96, in _get_pose_solution
    raise ImportError("Cannot find mediapipe pose solution. Try: pip install mediapipe==0.10.32")
ImportError: Cannot find mediapipe pose solution. Try: pip install mediapipe==0.10.32

[2026-02-15 22:07:08,313] ERROR posture_coach: api_infer error: Cannot find mediapipe pose solution. Try: pip install mediapipe==0.10.32
Traceback (most recent call last):
  File "C:\Users\saura\Downloads\posture_coach_ai\posture_coach\apps\posture_app\views.py", line 119, in api_infer
    engine = _get_engine(session_key, exercise)
  File "C:\Users\saura\Downloads\posture_coach_ai\posture_coach\apps\posture_app\views.py", line 29, in _get_engine
    return get_or_create_engine(session_key, exercise, profiles_dir)
  File "C:\Users\saura\Downloads\posture_coach_ai\posture_coach\apps\ml_engine\inference_engine.py", line 336, in get_or_create_engine
    _engine_registry[session_key] = InferenceEngine(exercise, profiles_dir)
  File "C:\Users\saura\Downloads\posture_coach_ai\posture_coach\apps\ml_engine\inference_engine.py", line 67, in __init__
    self._extractor = PoseExtractor(
  File "C:\Users\saura\Downloads\posture_coach_ai\posture_coach\apps\ml_engine\pose_extractor.py", line 116, in __init__
    pose_sol = _get_pose_solution()
  File "C:\Users\saura\Downloads\posture_coach_ai\posture_coach\apps\ml_engine\pose_extractor.py", line 96, in _get_pose_solution
    raise ImportError("Cannot find mediapipe pose solution. Try: pip install mediapipe==0.10.32")
ImportError: Cannot find mediapipe pose solution. Try: pip install mediapipe==0.10.32

[2026-02-15 22:07:08,401] ERROR posture_coach: api_infer error: Cannot find mediapipe pose solution. Try: pip install mediapipe==0.10.32
Traceback (most recent call last):
  File "C:\Users\saura\Downloads\posture_coach_ai\posture_coach\apps\posture_app\views.py", line 119, in api_infer
    engine = _get_engine(session_key, exercise)
  File "C:\Users\saura\Downloads\posture_coach_ai\posture_coach\apps\posture_app\views.py", line 29, in _get_engine
    return get_or_create_engine(session_key, exercise, profiles_dir)
  File "C:\Users\saura\Downloads\posture_coach_ai\posture_coach\apps\ml_engine\inference_engine.py", line 336, in get_or_create_engine
    _engine_registry[session_key] = InferenceEngine(exercise, profiles_dir)
  File "C:\Users\saura\Downloads\posture_coach_ai\posture_coach\apps\ml_engine\inference_engine.py", line 67, in __init__
    self._extractor = PoseExtractor(
  File "C:\Users\saura\Downloads\posture_coach_ai\posture_coach\apps\ml_engine\pose_extractor.py", line 116, in __init__
    pose_sol = _get_pose_solution()
  File "C:\Users\saura\Downloads\posture_coach_ai\posture_coach\apps\ml_engine\pose_extractor.py", line 96, in _get_pose_solution
    raise ImportError("Cannot find mediapipe pose solution. Try: pip install mediapipe==0.10.32")
ImportError: Cannot find mediapipe pose solution. Try: pip install mediapipe==0.10.32

[2026-02-15 22:07:08,516] ERROR posture_coach: api_infer error: Cannot find mediapipe pose solution. Try: pip install mediapipe==0.10.32
Traceback (most recent call last):
  File "C:\Users\saura\Downloads\posture_coach_ai\posture_coach\apps\posture_app\views.py", line 119, in api_infer
    engine = _get_engine(session_key, exercise)
  File "C:\Users\saura\Downloads\posture_coach_ai\posture_coach\apps\posture_app\views.py", line 29, in _get_engine
    return get_or_create_engine(session_key, exercise, profiles_dir)
  File "C:\Users\saura\Downloads\posture_coach_ai\posture_coach\apps\ml_engine\inference_engine.py", line 336, in get_or_create_engine
    _engine_registry[session_key] = InferenceEngine(exercise, profiles_dir)
  File "C:\Users\saura\Downloads\posture_coach_ai\posture_coach\apps\ml_engine\inference_engine.py", line 67, in __init__
    self._extractor = PoseExtractor(
  File "C:\Users\saura\Downloads\posture_coach_ai\posture_coach\apps\ml_engine\pose_extractor.py", line 116, in __init__
    pose_sol = _get_pose_solution()
  File "C:\Users\saura\Downloads\posture_coach_ai\posture_coach\apps\ml_engine\pose_extractor.py", line 96, in _get_pose_solution
    raise ImportError("Cannot find mediapipe pose solution. Try: pip install mediapipe==0.10.32")
ImportError: Cannot find mediapipe pose solution. Try: pip install mediapipe==0.10.32

[2026-02-15 22:07:08,603] ERROR posture_coach: api_infer error: Cannot find mediapipe pose solution. Try: pip install mediapipe==0.10.32
Traceback (most recent call last):
  File "C:\Users\saura\Downloads\posture_coach_ai\posture_coach\apps\posture_app\views.py", line 119, in api_infer
    engine = _get_engine(session_key, exercise)
  File "C:\Users\saura\Downloads\posture_coach_ai\posture_coach\apps\posture_app\views.py", line 29, in _get_engine
    return get_or_create_engine(session_key, exercise, profiles_dir)
  File "C:\Users\saura\Downloads\posture_coach_ai\posture_coach\apps\ml_engine\inference_engine.py", line 336, in get_or_create_engine
    _engine_registry[session_key] = InferenceEngine(exercise, profiles_dir)
  File "C:\Users\saura\Downloads\posture_coach_ai\posture_coach\apps\ml_engine\inference_engine.py", line 67, in __init__
    self._extractor = PoseExtractor(
  File "C:\Users\saura\Downloads\posture_coach_ai\posture_coach\apps\ml_engine\pose_extractor.py", line 116, in __init__
    pose_sol = _get_pose_solution()
  File "C:\Users\saura\Downloads\posture_coach_ai\posture_coach\apps\ml_engine\pose_extractor.py", line 96, in _get_pose_solution
    raise ImportError("Cannot find mediapipe pose solution. Try: pip install mediapipe==0.10.32")
ImportError: Cannot find mediapipe pose solution. Try: pip install mediapipe==0.10.32

[2026-02-15 22:07:08,712] ERROR posture_coach: api_infer error: Cannot find mediapipe pose solution. Try: pip install mediapipe==0.10.32
Traceback (most recent call last):
  File "C:\Users\saura\Downloads\posture_coach_ai\posture_coach\apps\posture_app\views.py", line 119, in api_infer
    engine = _get_engine(session_key, exercise)
  File "C:\Users\saura\Downloads\posture_coach_ai\posture_coach\apps\posture_app\views.py", line 29, in _get_engine
    return get_or_create_engine(session_key, exercise, profiles_dir)
  File "C:\Users\saura\Downloads\posture_coach_ai\posture_coach\apps\ml_engine\inference_engine.py", line 336, in get_or_create_engine
    _engine_registry[session_key] = InferenceEngine(exercise, profiles_dir)
  File "C:\Users\saura\Downloads\posture_coach_ai\posture_coach\apps\ml_engine\inference_engine.py", line 67, in __init__
    self._extractor = PoseExtractor(
  File "C:\Users\saura\Downloads\posture_coach_ai\posture_coach\apps\ml_engine\pose_extractor.py", line 116, in __init__
    pose_sol = _get_pose_solution()
  File "C:\Users\saura\Downloads\posture_coach_ai\posture_coach\apps\ml_engine\pose_extractor.py", line 96, in _get_pose_solution
    raise ImportError("Cannot find mediapipe pose solution. Try: pip install mediapipe==0.10.32")
ImportError: Cannot find mediapipe pose solution. Try: pip install mediapipe==0.10.32

[2026-02-15 22:07:08,801] ERROR posture_coach: api_infer error: Cannot find mediapipe pose solution. Try: pip install mediapipe==0.10.32
Traceback (most recent call last):
  File "C:\Users\saura\Downloads\posture_coach_ai\posture_coach\apps\posture_app\views.py", line 119, in api_infer
    engine = _get_engine(session_key, exercise)
  File "C:\Users\saura\Downloads\posture_coach_ai\posture_coach\apps\posture_app\views.py", line 29, in _get_engine
    return get_or_create_engine(session_key, exercise, profiles_dir)
  File "C:\Users\saura\Downloads\posture_coach_ai\posture_coach\apps\ml_engine\inference_engine.py", line 336, in get_or_create_engine
    _engine_registry[session_key] = InferenceEngine(exercise, profiles_dir)
  File "C:\Users\saura\Downloads\posture_coach_ai\posture_coach\apps\ml_engine\inference_engine.py", line 67, in __init__
    self._extractor = PoseExtractor(
  File "C:\Users\saura\Downloads\posture_coach_ai\posture_coach\apps\ml_engine\pose_extractor.py", line 116, in __init__
    pose_sol = _get_pose_solution()
  File "C:\Users\saura\Downloads\posture_coach_ai\posture_coach\apps\ml_engine\pose_extractor.py", line 96, in _get_pose_solution
    raise ImportError("Cannot find mediapipe pose solution. Try: pip install mediapipe==0.10.32")
ImportError: Cannot find mediapipe pose solution. Try: pip install mediapipe==0.10.32

[2026-02-15 22:07:08,901] ERROR posture_coach: api_infer error: Cannot find mediapipe pose solution. Try: pip install mediapipe==0.10.32
Traceback (most recent call last):
  File "C:\Users\saura\Downloads\posture_coach_ai\posture_coach\apps\posture_app\views.py", line 119, in api_infer
    engine = _get_engine(session_key, exercise)
  File "C:\Users\saura\Downloads\posture_coach_ai\posture_coach\apps\posture_app\views.py", line 29, in _get_engine
    return get_or_create_engine(session_key, exercise, profiles_dir)
  File "C:\Users\saura\Downloads\posture_coach_ai\posture_coach\apps\ml_engine\inference_engine.py", line 336, in get_or_create_engine
    _engine_registry[session_key] = InferenceEngine(exercise, profiles_dir)
  File "C:\Users\saura\Downloads\posture_coach_ai\posture_coach\apps\ml_engine\inference_engine.py", line 67, in __init__
    self._extractor = PoseExtractor(
  File "C:\Users\saura\Downloads\posture_coach_ai\posture_coach\apps\ml_engine\pose_extractor.py", line 116, in __init__
    pose_sol = _get_pose_solution()
  File "C:\Users\saura\Downloads\posture_coach_ai\posture_coach\apps\ml_engine\pose_extractor.py", line 96, in _get_pose_solution
    raise ImportError("Cannot find mediapipe pose solution. Try: pip install mediapipe==0.10.32")
ImportError: Cannot find mediapipe pose solution. Try: pip install mediapipe==0.10.32

[2026-02-15 22:07:09,017] ERROR posture_coach: api_infer error: Cannot find mediapipe pose solution. Try: pip install mediapipe==0.10.32
Traceback (most recent call last):
  File "C:\Users\saura\Downloads\posture_coach_ai\posture_coach\apps\posture_app\views.py", line 119, in api_infer
    engine = _get_engine(session_key, exercise)
  File "C:\Users\saura\Downloads\posture_coach_ai\posture_coach\apps\posture_app\views.py", line 29, in _get_engine
    return get_or_create_engine(session_key, exercise, profiles_dir)
  File "C:\Users\saura\Downloads\posture_coach_ai\posture_coach\apps\ml_engine\inference_engine.py", line 336, in get_or_create_engine
    _engine_registry[session_key] = InferenceEngine(exercise, profiles_dir)
  File "C:\Users\saura\Downloads\posture_coach_ai\posture_coach\apps\ml_engine\inference_engine.py", line 67, in __init__
    self._extractor = PoseExtractor(
  File "C:\Users\saura\Downloads\posture_coach_ai\posture_coach\apps\ml_engine\pose_extractor.py", line 116, in __init__
    pose_sol = _get_pose_solution()
  File "C:\Users\saura\Downloads\posture_coach_ai\posture_coach\apps\ml_engine\pose_extractor.py", line 96, in _get_pose_solution
    raise ImportError("Cannot find mediapipe pose solution. Try: pip install mediapipe==0.10.32")
ImportError: Cannot find mediapipe pose solution. Try: pip install mediapipe==0.10.32

[2026-02-15 22:07:09,100] ERROR posture_coach: api_infer error: Cannot find mediapipe pose solution. Try: pip install mediapipe==0.10.32
Traceback (most recent call last):
  File "C:\Users\saura\Downloads\posture_coach_ai\posture_coach\apps\posture_app\views.py", line 119, in api_infer
    engine = _get_engine(session_key, exercise)
  File "C:\Users\saura\Downloads\posture_coach_ai\posture_coach\apps\posture_app\views.py", line 29, in _get_engine
    return get_or_create_engine(session_key, exercise, profiles_dir)
  File "C:\Users\saura\Downloads\posture_coach_ai\posture_coach\apps\ml_engine\inference_engine.py", line 336, in get_or_create_engine
    _engine_registry[session_key] = InferenceEngine(exercise, profiles_dir)
  File "C:\Users\saura\Downloads\posture_coach_ai\posture_coach\apps\ml_engine\inference_engine.py", line 67, in __init__
    self._extractor = PoseExtractor(
  File "C:\Users\saura\Downloads\posture_coach_ai\posture_coach\apps\ml_engine\pose_extractor.py", line 116, in __init__
    pose_sol = _get_pose_solution()
  File "C:\Users\saura\Downloads\posture_coach_ai\posture_coach\apps\ml_engine\pose_extractor.py", line 96, in _get_pose_solution
    raise ImportError("Cannot find mediapipe pose solution. Try: pip install mediapipe==0.10.32")
ImportError: Cannot find mediapipe pose solution. Try: pip install mediapipe==0.10.32

[2026-02-15 22:07:09,197] ERROR posture_coach: api_infer error: Cannot find mediapipe pose solution. Try: pip install mediapipe==0.10.32
Traceback (most recent call last):
  File "C:\Users\saura\Downloads\posture_coach_ai\posture_coach\apps\posture_app\views.py", line 119, in api_infer
    engine = _get_engine(session_key, exercise)
  File "C:\Users\saura\Downloads\posture_coach_ai\posture_coach\apps\posture_app\views.py", line 29, in _get_engine
    return get_or_create_engine(session_key, exercise, profiles_dir)
  File "C:\Users\saura\Downloads\posture_coach_ai\posture_coach\apps\ml_engine\inference_engine.py", line 336, in get_or_create_engine
    _engine_registry[session_key] = InferenceEngine(exercise, profiles_dir)
  File "C:\Users\saura\Downloads\posture_coach_ai\posture_coach\apps\ml_engine\inference_engine.py", line 67, in __init__
    self._extractor = PoseExtractor(
  File "C:\Users\saura\Downloads\posture_coach_ai\posture_coach\apps\ml_engine\pose_extractor.py", line 116, in __init__
    pose_sol = _get_pose_solution()
  File "C:\Users\saura\Downloads\posture_coach_ai\posture_coach\apps\ml_engine\pose_extractor.py", line 96, in _get_pose_solution
    raise ImportError("Cannot find mediapipe pose solution. Try: pip install mediapipe==0.10.32")
ImportError: Cannot find mediapipe pose solution. Try: pip install mediapipe==0.10.32

[2026-02-15 22:07:09,300] ERROR posture_coach: api_infer error: Cannot find mediapipe pose solution. Try: pip install mediapipe==0.10.32
Traceback (most recent call last):
  File "C:\Users\saura\Downloads\posture_coach_ai\posture_coach\apps\posture_app\views.py", line 119, in api_infer
    engine = _get_engine(session_key, exercise)
  File "C:\Users\saura\Downloads\posture_coach_ai\posture_coach\apps\posture_app\views.py", line 29, in _get_engine
    return get_or_create_engine(session_key, exercise, profiles_dir)
  File "C:\Users\saura\Downloads\posture_coach_ai\posture_coach\apps\ml_engine\inference_engine.py", line 336, in get_or_create_engine
    _engine_registry[session_key] = InferenceEngine(exercise, profiles_dir)
  File "C:\Users\saura\Downloads\posture_coach_ai\posture_coach\apps\ml_engine\inference_engine.py", line 67, in __init__
    self._extractor = PoseExtractor(
  File "C:\Users\saura\Downloads\posture_coach_ai\posture_coach\apps\ml_engine\pose_extractor.py", line 116, in __init__
    pose_sol = _get_pose_solution()
  File "C:\Users\saura\Downloads\posture_coach_ai\posture_coach\apps\ml_engine\pose_extractor.py", line 96, in _get_pose_solution
    raise ImportError("Cannot find mediapipe pose solution. Try: pip install mediapipe==0.10.32")
ImportError: Cannot find mediapipe pose solution. Try: pip install mediapipe==0.10.32

[2026-02-15 22:07:09,396] ERROR posture_coach: api_infer error: Cannot find mediapipe pose solution. Try: pip install mediapipe==0.10.32
Traceback (most recent call last):
  File "C:\Users\saura\Downloads\posture_coach_ai\posture_coach\apps\posture_app\views.py", line 119, in api_infer
    engine = _get_engine(session_key, exercise)
  File "C:\Users\saura\Downloads\posture_coach_ai\posture_coach\apps\posture_app\views.py", line 29, in _get_engine
    return get_or_create_engine(session_key, exercise, profiles_dir)
  File "C:\Users\saura\Downloads\posture_coach_ai\posture_coach\apps\ml_engine\inference_engine.py", line 336, in get_or_create_engine
    _engine_registry[session_key] = InferenceEngine(exercise, profiles_dir)
  File "C:\Users\saura\Downloads\posture_coach_ai\posture_coach\apps\ml_engine\inference_engine.py", line 67, in __init__
    self._extractor = PoseExtractor(
  File "C:\Users\saura\Downloads\posture_coach_ai\posture_coach\apps\ml_engine\pose_extractor.py", line 116, in __init__
    pose_sol = _get_pose_solution()
  File "C:\Users\saura\Downloads\posture_coach_ai\posture_coach\apps\ml_engine\pose_extractor.py", line 96, in _get_pose_solution
    raise ImportError("Cannot find mediapipe pose solution. Try: pip install mediapipe==0.10.32")
ImportError: Cannot find mediapipe pose solution. Try: pip install mediapipe==0.10.32

[2026-02-15 22:07:09,513] ERROR posture_coach: api_infer error: Cannot find mediapipe pose solution. Try: pip install mediapipe==0.10.32
Traceback (most recent call last):
  File "C:\Users\saura\Downloads\posture_coach_ai\posture_coach\apps\posture_app\views.py", line 119, in api_infer
    engine = _get_engine(session_key, exercise)
  File "C:\Users\saura\Downloads\posture_coach_ai\posture_coach\apps\posture_app\views.py", line 29, in _get_engine
    return get_or_create_engine(session_key, exercise, profiles_dir)
  File "C:\Users\saura\Downloads\posture_coach_ai\posture_coach\apps\ml_engine\inference_engine.py", line 336, in get_or_create_engine
    _engine_registry[session_key] = InferenceEngine(exercise, profiles_dir)
  File "C:\Users\saura\Downloads\posture_coach_ai\posture_coach\apps\ml_engine\inference_engine.py", line 67, in __init__
    self._extractor = PoseExtractor(
  File "C:\Users\saura\Downloads\posture_coach_ai\posture_coach\apps\ml_engine\pose_extractor.py", line 116, in __init__
    pose_sol = _get_pose_solution()
  File "C:\Users\saura\Downloads\posture_coach_ai\posture_coach\apps\ml_engine\pose_extractor.py", line 96, in _get_pose_solution
    raise ImportError("Cannot find mediapipe pose solution. Try: pip install mediapipe==0.10.32")
ImportError: Cannot find mediapipe pose solution. Try: pip install mediapipe==0.10.32

[2026-02-15 22:07:09,597] ERROR posture_coach: api_infer error: Cannot find mediapipe pose solution. Try: pip install mediapipe==0.10.32
Traceback (most recent call last):
  File "C:\Users\saura\Downloads\posture_coach_ai\posture_coach\apps\posture_app\views.py", line 119, in api_infer
    engine = _get_engine(session_key, exercise)
  File "C:\Users\saura\Downloads\posture_coach_ai\posture_coach\apps\posture_app\views.py", line 29, in _get_engine
    return get_or_create_engine(session_key, exercise, profiles_dir)
  File "C:\Users\saura\Downloads\posture_coach_ai\posture_coach\apps\ml_engine\inference_engine.py", line 336, in get_or_create_engine
    _engine_registry[session_key] = InferenceEngine(exercise, profiles_dir)
  File "C:\Users\saura\Downloads\posture_coach_ai\posture_coach\apps\ml_engine\inference_engine.py", line 67, in __init__
    self._extractor = PoseExtractor(
  File "C:\Users\saura\Downloads\posture_coach_ai\posture_coach\apps\ml_engine\pose_extractor.py", line 116, in __init__
    pose_sol = _get_pose_solution()
  File "C:\Users\saura\Downloads\posture_coach_ai\posture_coach\apps\ml_engine\pose_extractor.py", line 96, in _get_pose_solution
    raise ImportError("Cannot find mediapipe pose solution. Try: pip install mediapipe==0.10.32")
ImportError: Cannot find mediapipe pose solution. Try: pip install mediapipe==0.10.32

[2026-02-15 22:07:09,711] ERROR posture_coach: api_infer error: Cannot find mediapipe pose solution. Try: pip install mediapipe==0.10.32
Traceback (most recent call last):
  File "C:\Users\saura\Downloads\posture_coach_ai\posture_coach\apps\posture_app\views.py", line 119, in api_infer
    engine = _get_engine(session_key, exercise)
  File "C:\Users\saura\Downloads\posture_coach_ai\posture_coach\apps\posture_app\views.py", line 29, in _get_engine
    return get_or_create_engine(session_key, exercise, profiles_dir)
  File "C:\Users\saura\Downloads\posture_coach_ai\posture_coach\apps\ml_engine\inference_engine.py", line 336, in get_or_create_engine
    _engine_registry[session_key] = InferenceEngine(exercise, profiles_dir)
  File "C:\Users\saura\Downloads\posture_coach_ai\posture_coach\apps\ml_engine\inference_engine.py", line 67, in __init__
    self._extractor = PoseExtractor(
  File "C:\Users\saura\Downloads\posture_coach_ai\posture_coach\apps\ml_engine\pose_extractor.py", line 116, in __init__
    pose_sol = _get_pose_solution()
  File "C:\Users\saura\Downloads\posture_coach_ai\posture_coach\apps\ml_engine\pose_extractor.py", line 96, in _get_pose_solution
    raise ImportError("Cannot find mediapipe pose solution. Try: pip install mediapipe==0.10.32")
ImportError: Cannot find mediapipe pose solution. Try: pip install mediapipe==0.10.32

[2026-02-15 22:07:09,806] ERROR posture_coach: api_infer error: Cannot find mediapipe pose solution. Try: pip install mediapipe==0.10.32
Traceback (most recent call last):
  File "C:\Users\saura\Downloads\posture_coach_ai\posture_coach\apps\posture_app\views.py", line 119, in api_infer
    engine = _get_engine(session_key, exercise)
  File "C:\Users\saura\Downloads\posture_coach_ai\posture_coach\apps\posture_app\views.py", line 29, in _get_engine
    return get_or_create_engine(session_key, exercise, profiles_dir)
  File "C:\Users\saura\Downloads\posture_coach_ai\posture_coach\apps\ml_engine\inference_engine.py", line 336, in get_or_create_engine
    _engine_registry[session_key] = InferenceEngine(exercise, profiles_dir)
  File "C:\Users\saura\Downloads\posture_coach_ai\posture_coach\apps\ml_engine\inference_engine.py", line 67, in __init__
    self._extractor = PoseExtractor(
  File "C:\Users\saura\Downloads\posture_coach_ai\posture_coach\apps\ml_engine\pose_extractor.py", line 116, in __init__
    pose_sol = _get_pose_solution()
  File "C:\Users\saura\Downloads\posture_coach_ai\posture_coach\apps\ml_engine\pose_extractor.py", line 96, in _get_pose_solution
    raise ImportError("Cannot find mediapipe pose solution. Try: pip install mediapipe==0.10.32")
ImportError: Cannot find mediapipe pose solution. Try: pip install mediapipe==0.10.32

[2026-02-15 22:07:09,902] ERROR posture_coach: api_infer error: Cannot find mediapipe pose solution. Try: pip install mediapipe==0.10.32
Traceback (most recent call last):
  File "C:\Users\saura\Downloads\posture_coach_ai\posture_coach\apps\posture_app\views.py", line 119, in api_infer
    engine = _get_engine(session_key, exercise)
  File "C:\Users\saura\Downloads\posture_coach_ai\posture_coach\apps\posture_app\views.py", line 29, in _get_engine
    return get_or_create_engine(session_key, exercise, profiles_dir)
  File "C:\Users\saura\Downloads\posture_coach_ai\posture_coach\apps\ml_engine\inference_engine.py", line 336, in get_or_create_engine
    _engine_registry[session_key] = InferenceEngine(exercise, profiles_dir)
  File "C:\Users\saura\Downloads\posture_coach_ai\posture_coach\apps\ml_engine\inference_engine.py", line 67, in __init__
    self._extractor = PoseExtractor(
  File "C:\Users\saura\Downloads\posture_coach_ai\posture_coach\apps\ml_engine\pose_extractor.py", line 116, in __init__
    pose_sol = _get_pose_solution()
  File "C:\Users\saura\Downloads\posture_coach_ai\posture_coach\apps\ml_engine\pose_extractor.py", line 96, in _get_pose_solution
    raise ImportError("Cannot find mediapipe pose solution. Try: pip install mediapipe==0.10.32")
ImportError: Cannot find mediapipe pose solution. Try: pip install mediapipe==0.10.32

[2026-02-15 22:07:10,013] ERROR posture_coach: api_infer error: Cannot find mediapipe pose solution. Try: pip install mediapipe==0.10.32
Traceback (most recent call last):
  File "C:\Users\saura\Downloads\posture_coach_ai\posture_coach\apps\posture_app\views.py", line 119, in api_infer
    engine = _get_engine(session_key, exercise)
  File "C:\Users\saura\Downloads\posture_coach_ai\posture_coach\apps\posture_app\views.py", line 29, in _get_engine
    return get_or_create_engine(session_key, exercise, profiles_dir)
  File "C:\Users\saura\Downloads\posture_coach_ai\posture_coach\apps\ml_engine\inference_engine.py", line 336, in get_or_create_engine
    _engine_registry[session_key] = InferenceEngine(exercise, profiles_dir)
  File "C:\Users\saura\Downloads\posture_coach_ai\posture_coach\apps\ml_engine\inference_engine.py", line 67, in __init__
    self._extractor = PoseExtractor(
  File "C:\Users\saura\Downloads\posture_coach_ai\posture_coach\apps\ml_engine\pose_extractor.py", line 116, in __init__
    pose_sol = _get_pose_solution()
  File "C:\Users\saura\Downloads\posture_coach_ai\posture_coach\apps\ml_engine\pose_extractor.py", line 96, in _get_pose_solution
    raise ImportError("Cannot find mediapipe pose solution. Try: pip install mediapipe==0.10.32")
ImportError: Cannot find mediapipe pose solution. Try: pip install mediapipe==0.10.32

[2026-02-15 22:07:10,097] ERROR posture_coach: api_infer error: Cannot find mediapipe pose solution. Try: pip install mediapipe==0.10.32
Traceback (most recent call last):
  File "C:\Users\saura\Downloads\posture_coach_ai\posture_coach\apps\posture_app\views.py", line 119, in api_infer
    engine = _get_engine(session_key, exercise)
  File "C:\Users\saura\Downloads\posture_coach_ai\posture_coach\apps\posture_app\views.py", line 29, in _get_engine
    return get_or_create_engine(session_key, exercise, profiles_dir)
  File "C:\Users\saura\Downloads\posture_coach_ai\posture_coach\apps\ml_engine\inference_engine.py", line 336, in get_or_create_engine
    _engine_registry[session_key] = InferenceEngine(exercise, profiles_dir)
  File "C:\Users\saura\Downloads\posture_coach_ai\posture_coach\apps\ml_engine\inference_engine.py", line 67, in __init__
    self._extractor = PoseExtractor(
  File "C:\Users\saura\Downloads\posture_coach_ai\posture_coach\apps\ml_engine\pose_extractor.py", line 116, in __init__
    pose_sol = _get_pose_solution()
  File "C:\Users\saura\Downloads\posture_coach_ai\posture_coach\apps\ml_engine\pose_extractor.py", line 96, in _get_pose_solution
    raise ImportError("Cannot find mediapipe pose solution. Try: pip install mediapipe==0.10.32")
ImportError: Cannot find mediapipe pose solution. Try: pip install mediapipe==0.10.32

[2026-02-15 22:07:10,215] ERROR posture_coach: api_infer error: Cannot find mediapipe pose solution. Try: pip install mediapipe==0.10.32
Traceback (most recent call last):
  File "C:\Users\saura\Downloads\posture_coach_ai\posture_coach\apps\posture_app\views.py", line 119, in api_infer
    engine = _get_engine(session_key, exercise)
  File "C:\Users\saura\Downloads\posture_coach_ai\posture_coach\apps\posture_app\views.py", line 29, in _get_engine
    return get_or_create_engine(session_key, exercise, profiles_dir)
  File "C:\Users\saura\Downloads\posture_coach_ai\posture_coach\apps\ml_engine\inference_engine.py", line 336, in get_or_create_engine
    _engine_registry[session_key] = InferenceEngine(exercise, profiles_dir)
  File "C:\Users\saura\Downloads\posture_coach_ai\posture_coach\apps\ml_engine\inference_engine.py", line 67, in __init__
    self._extractor = PoseExtractor(
  File "C:\Users\saura\Downloads\posture_coach_ai\posture_coach\apps\ml_engine\pose_extractor.py", line 116, in __init__
    pose_sol = _get_pose_solution()
  File "C:\Users\saura\Downloads\posture_coach_ai\posture_coach\apps\ml_engine\pose_extractor.py", line 96, in _get_pose_solution
    raise ImportError("Cannot find mediapipe pose solution. Try: pip install mediapipe==0.10.32")
ImportError: Cannot find mediapipe pose solution. Try: pip install mediapipe==0.10.32

[2026-02-15 22:07:10,299] ERROR posture_coach: api_infer error: Cannot find mediapipe pose solution. Try: pip install mediapipe==0.10.32
Traceback (most recent call last):
  File "C:\Users\saura\Downloads\posture_coach_ai\posture_coach\apps\posture_app\views.py", line 119, in api_infer
    engine = _get_engine(session_key, exercise)
  File "C:\Users\saura\Downloads\posture_coach_ai\posture_coach\apps\posture_app\views.py", line 29, in _get_engine
    return get_or_create_engine(session_key, exercise, profiles_dir)
  File "C:\Users\saura\Downloads\posture_coach_ai\posture_coach\apps\ml_engine\inference_engine.py", line 336, in get_or_create_engine
    _engine_registry[session_key] = InferenceEngine(exercise, profiles_dir)
  File "C:\Users\saura\Downloads\posture_coach_ai\posture_coach\apps\ml_engine\inference_engine.py", line 67, in __init__
    self._extractor = PoseExtractor(
  File "C:\Users\saura\Downloads\posture_coach_ai\posture_coach\apps\ml_engine\pose_extractor.py", line 116, in __init__
    pose_sol = _get_pose_solution()
  File "C:\Users\saura\Downloads\posture_coach_ai\posture_coach\apps\ml_engine\pose_extractor.py", line 96, in _get_pose_solution
    raise ImportError("Cannot find mediapipe pose solution. Try: pip install mediapipe==0.10.32")
ImportError: Cannot find mediapipe pose solution. Try: pip install mediapipe==0.10.32

[2026-02-15 22:07:10,394] ERROR posture_coach: api_infer error: Cannot find mediapipe pose solution. Try: pip install mediapipe==0.10.32
Traceback (most recent call last):
  File "C:\Users\saura\Downloads\posture_coach_ai\posture_coach\apps\posture_app\views.py", line 119, in api_infer
    engine = _get_engine(session_key, exercise)
  File "C:\Users\saura\Downloads\posture_coach_ai\posture_coach\apps\posture_app\views.py", line 29, in _get_engine
    return get_or_create_engine(session_key, exercise, profiles_dir)
  File "C:\Users\saura\Downloads\posture_coach_ai\posture_coach\apps\ml_engine\inference_engine.py", line 336, in get_or_create_engine
    _engine_registry[session_key] = InferenceEngine(exercise, profiles_dir)
  File "C:\Users\saura\Downloads\posture_coach_ai\posture_coach\apps\ml_engine\inference_engine.py", line 67, in __init__
    self._extractor = PoseExtractor(
  File "C:\Users\saura\Downloads\posture_coach_ai\posture_coach\apps\ml_engine\pose_extractor.py", line 116, in __init__
    pose_sol = _get_pose_solution()
  File "C:\Users\saura\Downloads\posture_coach_ai\posture_coach\apps\ml_engine\pose_extractor.py", line 96, in _get_pose_solution
    raise ImportError("Cannot find mediapipe pose solution. Try: pip install mediapipe==0.10.32")
ImportError: Cannot find mediapipe pose solution. Try: pip install mediapipe==0.10.32

[2026-02-15 22:07:10,513] ERROR posture_coach: api_infer error: Cannot find mediapipe pose solution. Try: pip install mediapipe==0.10.32
Traceback (most recent call last):
  File "C:\Users\saura\Downloads\posture_coach_ai\posture_coach\apps\posture_app\views.py", line 119, in api_infer
    engine = _get_engine(session_key, exercise)
  File "C:\Users\saura\Downloads\posture_coach_ai\posture_coach\apps\posture_app\views.py", line 29, in _get_engine
    return get_or_create_engine(session_key, exercise, profiles_dir)
  File "C:\Users\saura\Downloads\posture_coach_ai\posture_coach\apps\ml_engine\inference_engine.py", line 336, in get_or_create_engine
    _engine_registry[session_key] = InferenceEngine(exercise, profiles_dir)
  File "C:\Users\saura\Downloads\posture_coach_ai\posture_coach\apps\ml_engine\inference_engine.py", line 67, in __init__
    self._extractor = PoseExtractor(
  File "C:\Users\saura\Downloads\posture_coach_ai\posture_coach\apps\ml_engine\pose_extractor.py", line 116, in __init__
    pose_sol = _get_pose_solution()
  File "C:\Users\saura\Downloads\posture_coach_ai\posture_coach\apps\ml_engine\pose_extractor.py", line 96, in _get_pose_solution
    raise ImportError("Cannot find mediapipe pose solution. Try: pip install mediapipe==0.10.32")
ImportError: Cannot find mediapipe pose solution. Try: pip install mediapipe==0.10.32

[2026-02-15 22:07:10,596] ERROR posture_coach: api_infer error: Cannot find mediapipe pose solution. Try: pip install mediapipe==0.10.32
Traceback (most recent call last):
  File "C:\Users\saura\Downloads\posture_coach_ai\posture_coach\apps\posture_app\views.py", line 119, in api_infer
    engine = _get_engine(session_key, exercise)
  File "C:\Users\saura\Downloads\posture_coach_ai\posture_coach\apps\posture_app\views.py", line 29, in _get_engine
    return get_or_create_engine(session_key, exercise, profiles_dir)
  File "C:\Users\saura\Downloads\posture_coach_ai\posture_coach\apps\ml_engine\inference_engine.py", line 336, in get_or_create_engine
    _engine_registry[session_key] = InferenceEngine(exercise, profiles_dir)
  File "C:\Users\saura\Downloads\posture_coach_ai\posture_coach\apps\ml_engine\inference_engine.py", line 67, in __init__
    self._extractor = PoseExtractor(
  File "C:\Users\saura\Downloads\posture_coach_ai\posture_coach\apps\ml_engine\pose_extractor.py", line 116, in __init__
    pose_sol = _get_pose_solution()
  File "C:\Users\saura\Downloads\posture_coach_ai\posture_coach\apps\ml_engine\pose_extractor.py", line 96, in _get_pose_solution
    raise ImportError("Cannot find mediapipe pose solution. Try: pip install mediapipe==0.10.32")
ImportError: Cannot find mediapipe pose solution. Try: pip install mediapipe==0.10.32

[2026-02-15 22:07:10,711] ERROR posture_coach: api_infer error: Cannot find mediapipe pose solution. Try: pip install mediapipe==0.10.32
Traceback (most recent call last):
  File "C:\Users\saura\Downloads\posture_coach_ai\posture_coach\apps\posture_app\views.py", line 119, in api_infer
    engine = _get_engine(session_key, exercise)
  File "C:\Users\saura\Downloads\posture_coach_ai\posture_coach\apps\posture_app\views.py", line 29, in _get_engine
    return get_or_create_engine(session_key, exercise, profiles_dir)
  File "C:\Users\saura\Downloads\posture_coach_ai\posture_coach\apps\ml_engine\inference_engine.py", line 336, in get_or_create_engine
    _engine_registry[session_key] = InferenceEngine(exercise, profiles_dir)
  File "C:\Users\saura\Downloads\posture_coach_ai\posture_coach\apps\ml_engine\inference_engine.py", line 67, in __init__
    self._extractor = PoseExtractor(
  File "C:\Users\saura\Downloads\posture_coach_ai\posture_coach\apps\ml_engine\pose_extractor.py", line 116, in __init__
    pose_sol = _get_pose_solution()
  File "C:\Users\saura\Downloads\posture_coach_ai\posture_coach\apps\ml_engine\pose_extractor.py", line 96, in _get_pose_solution
    raise ImportError("Cannot find mediapipe pose solution. Try: pip install mediapipe==0.10.32")
ImportError: Cannot find mediapipe pose solution. Try: pip install mediapipe==0.10.32

[2026-02-15 22:07:10,794] ERROR posture_coach: api_infer error: Cannot find mediapipe pose solution. Try: pip install mediapipe==0.10.32
Traceback (most recent call last):
  File "C:\Users\saura\Downloads\posture_coach_ai\posture_coach\apps\posture_app\views.py", line 119, in api_infer
    engine = _get_engine(session_key, exercise)
  File "C:\Users\saura\Downloads\posture_coach_ai\posture_coach\apps\posture_app\views.py", line 29, in _get_engine
    return get_or_create_engine(session_key, exercise, profiles_dir)
  File "C:\Users\saura\Downloads\posture_coach_ai\posture_coach\apps\ml_engine\inference_engine.py", line 336, in get_or_create_engine
    _engine_registry[session_key] = InferenceEngine(exercise, profiles_dir)
  File "C:\Users\saura\Downloads\posture_coach_ai\posture_coach\apps\ml_engine\inference_engine.py", line 67, in __init__
    self._extractor = PoseExtractor(
  File "C:\Users\saura\Downloads\posture_coach_ai\posture_coach\apps\ml_engine\pose_extractor.py", line 116, in __init__
    pose_sol = _get_pose_solution()
  File "C:\Users\saura\Downloads\posture_coach_ai\posture_coach\apps\ml_engine\pose_extractor.py", line 96, in _get_pose_solution
    raise ImportError("Cannot find mediapipe pose solution. Try: pip install mediapipe==0.10.32")
ImportError: Cannot find mediapipe pose solution. Try: pip install mediapipe==0.10.32

[2026-02-15 22:07:10,909] ERROR posture_coach: api_infer error: Cannot find mediapipe pose solution. Try: pip install mediapipe==0.10.32
Traceback (most recent call last):
  File "C:\Users\saura\Downloads\posture_coach_ai\posture_coach\apps\posture_app\views.py", line 119, in api_infer
    engine = _get_engine(session_key, exercise)
  File "C:\Users\saura\Downloads\posture_coach_ai\posture_coach\apps\posture_app\views.py", line 29, in _get_engine
    return get_or_create_engine(session_key, exercise, profiles_dir)
  File "C:\Users\saura\Downloads\posture_coach_ai\posture_coach\apps\ml_engine\inference_engine.py", line 336, in get_or_create_engine
    _engine_registry[session_key] = InferenceEngine(exercise, profiles_dir)
  File "C:\Users\saura\Downloads\posture_coach_ai\posture_coach\apps\ml_engine\inference_engine.py", line 67, in __init__
    self._extractor = PoseExtractor(
  File "C:\Users\saura\Downloads\posture_coach_ai\posture_coach\apps\ml_engine\pose_extractor.py", line 116, in __init__
    pose_sol = _get_pose_solution()
  File "C:\Users\saura\Downloads\posture_coach_ai\posture_coach\apps\ml_engine\pose_extractor.py", line 96, in _get_pose_solution
    raise ImportError("Cannot find mediapipe pose solution. Try: pip install mediapipe==0.10.32")
ImportError: Cannot find mediapipe pose solution. Try: pip install mediapipe==0.10.32

[2026-02-15 22:07:10,999] ERROR posture_coach: api_infer error: Cannot find mediapipe pose solution. Try: pip install mediapipe==0.10.32
Traceback (most recent call last):
  File "C:\Users\saura\Downloads\posture_coach_ai\posture_coach\apps\posture_app\views.py", line 119, in api_infer
    engine = _get_engine(session_key, exercise)
  File "C:\Users\saura\Downloads\posture_coach_ai\posture_coach\apps\posture_app\views.py", line 29, in _get_engine
    return get_or_create_engine(session_key, exercise, profiles_dir)
  File "C:\Users\saura\Downloads\posture_coach_ai\posture_coach\apps\ml_engine\inference_engine.py", line 336, in get_or_create_engine
    _engine_registry[session_key] = InferenceEngine(exercise, profiles_dir)
  File "C:\Users\saura\Downloads\posture_coach_ai\posture_coach\apps\ml_engine\inference_engine.py", line 67, in __init__
    self._extractor = PoseExtractor(
  File "C:\Users\saura\Downloads\posture_coach_ai\posture_coach\apps\ml_engine\pose_extractor.py", line 116, in __init__
    pose_sol = _get_pose_solution()
  File "C:\Users\saura\Downloads\posture_coach_ai\posture_coach\apps\ml_engine\pose_extractor.py", line 96, in _get_pose_solution
    raise ImportError("Cannot find mediapipe pose solution. Try: pip install mediapipe==0.10.32")
ImportError: Cannot find mediapipe pose solution. Try: pip install mediapipe==0.10.32

[2026-02-15 22:07:11,093] ERROR posture_coach: api_infer error: Cannot find mediapipe pose solution. Try: pip install mediapipe==0.10.32
Traceback (most recent call last):
  File "C:\Users\saura\Downloads\posture_coach_ai\posture_coach\apps\posture_app\views.py", line 119, in api_infer
    engine = _get_engine(session_key, exercise)
  File "C:\Users\saura\Downloads\posture_coach_ai\posture_coach\apps\posture_app\views.py", line 29, in _get_engine
    return get_or_create_engine(session_key, exercise, profiles_dir)
  File "C:\Users\saura\Downloads\posture_coach_ai\posture_coach\apps\ml_engine\inference_engine.py", line 336, in get_or_create_engine
    _engine_registry[session_key] = InferenceEngine(exercise, profiles_dir)
  File "C:\Users\saura\Downloads\posture_coach_ai\posture_coach\apps\ml_engine\inference_engine.py", line 67, in __init__
    self._extractor = PoseExtractor(
  File "C:\Users\saura\Downloads\posture_coach_ai\posture_coach\apps\ml_engine\pose_extractor.py", line 116, in __init__
    pose_sol = _get_pose_solution()
  File "C:\Users\saura\Downloads\posture_coach_ai\posture_coach\apps\ml_engine\pose_extractor.py", line 96, in _get_pose_solution
    raise ImportError("Cannot find mediapipe pose solution. Try: pip install mediapipe==0.10.32")
ImportError: Cannot find mediapipe pose solution. Try: pip install mediapipe==0.10.32

[2026-02-15 22:07:11,210] ERROR posture_coach: api_infer error: Cannot find mediapipe pose solution. Try: pip install mediapipe==0.10.32
Traceback (most recent call last):
  File "C:\Users\saura\Downloads\posture_coach_ai\posture_coach\apps\posture_app\views.py", line 119, in api_infer
    engine = _get_engine(session_key, exercise)
  File "C:\Users\saura\Downloads\posture_coach_ai\posture_coach\apps\posture_app\views.py", line 29, in _get_engine
    return get_or_create_engine(session_key, exercise, profiles_dir)
  File "C:\Users\saura\Downloads\posture_coach_ai\posture_coach\apps\ml_engine\inference_engine.py", line 336, in get_or_create_engine
    _engine_registry[session_key] = InferenceEngine(exercise, profiles_dir)
  File "C:\Users\saura\Downloads\posture_coach_ai\posture_coach\apps\ml_engine\inference_engine.py", line 67, in __init__
    self._extractor = PoseExtractor(
  File "C:\Users\saura\Downloads\posture_coach_ai\posture_coach\apps\ml_engine\pose_extractor.py", line 116, in __init__
    pose_sol = _get_pose_solution()
  File "C:\Users\saura\Downloads\posture_coach_ai\posture_coach\apps\ml_engine\pose_extractor.py", line 96, in _get_pose_solution
    raise ImportError("Cannot find mediapipe pose solution. Try: pip install mediapipe==0.10.32")
ImportError: Cannot find mediapipe pose solution. Try: pip install mediapipe==0.10.32

[2026-02-15 22:07:11,295] ERROR posture_coach: api_infer error: Cannot find mediapipe pose solution. Try: pip install mediapipe==0.10.32
Traceback (most recent call last):
  File "C:\Users\saura\Downloads\posture_coach_ai\posture_coach\apps\posture_app\views.py", line 119, in api_infer
    engine = _get_engine(session_key, exercise)
  File "C:\Users\saura\Downloads\posture_coach_ai\posture_coach\apps\posture_app\views.py", line 29, in _get_engine
    return get_or_create_engine(session_key, exercise, profiles_dir)
  File "C:\Users\saura\Downloads\posture_coach_ai\posture_coach\apps\ml_engine\inference_engine.py", line 336, in get_or_create_engine
    _engine_registry[session_key] = InferenceEngine(exercise, profiles_dir)
  File "C:\Users\saura\Downloads\posture_coach_ai\posture_coach\apps\ml_engine\inference_engine.py", line 67, in __init__
    self._extractor = PoseExtractor(
  File "C:\Users\saura\Downloads\posture_coach_ai\posture_coach\apps\ml_engine\pose_extractor.py", line 116, in __init__
    pose_sol = _get_pose_solution()
  File "C:\Users\saura\Downloads\posture_coach_ai\posture_coach\apps\ml_engine\pose_extractor.py", line 96, in _get_pose_solution
    raise ImportError("Cannot find mediapipe pose solution. Try: pip install mediapipe==0.10.32")
ImportError: Cannot find mediapipe pose solution. Try: pip install mediapipe==0.10.32

[2026-02-15 22:07:11,395] ERROR posture_coach: api_infer error: Cannot find mediapipe pose solution. Try: pip install mediapipe==0.10.32
Traceback (most recent call last):
  File "C:\Users\saura\Downloads\posture_coach_ai\posture_coach\apps\posture_app\views.py", line 119, in api_infer
    engine = _get_engine(session_key, exercise)
  File "C:\Users\saura\Downloads\posture_coach_ai\posture_coach\apps\posture_app\views.py", line 29, in _get_engine
    return get_or_create_engine(session_key, exercise, profiles_dir)
  File "C:\Users\saura\Downloads\posture_coach_ai\posture_coach\apps\ml_engine\inference_engine.py", line 336, in get_or_create_engine
    _engine_registry[session_key] = InferenceEngine(exercise, profiles_dir)
  File "C:\Users\saura\Downloads\posture_coach_ai\posture_coach\apps\ml_engine\inference_engine.py", line 67, in __init__
    self._extractor = PoseExtractor(
  File "C:\Users\saura\Downloads\posture_coach_ai\posture_coach\apps\ml_engine\pose_extractor.py", line 116, in __init__
    pose_sol = _get_pose_solution()
  File "C:\Users\saura\Downloads\posture_coach_ai\posture_coach\apps\ml_engine\pose_extractor.py", line 96, in _get_pose_solution
    raise ImportError("Cannot find mediapipe pose solution. Try: pip install mediapipe==0.10.32")
ImportError: Cannot find mediapipe pose solution. Try: pip install mediapipe==0.10.32

[2026-02-15 22:07:11,501] ERROR posture_coach: api_infer error: Cannot find mediapipe pose solution. Try: pip install mediapipe==0.10.32
Traceback (most recent call last):
  File "C:\Users\saura\Downloads\posture_coach_ai\posture_coach\apps\posture_app\views.py", line 119, in api_infer
    engine = _get_engine(session_key, exercise)
  File "C:\Users\saura\Downloads\posture_coach_ai\posture_coach\apps\posture_app\views.py", line 29, in _get_engine
    return get_or_create_engine(session_key, exercise, profiles_dir)
  File "C:\Users\saura\Downloads\posture_coach_ai\posture_coach\apps\ml_engine\inference_engine.py", line 336, in get_or_create_engine
    _engine_registry[session_key] = InferenceEngine(exercise, profiles_dir)
  File "C:\Users\saura\Downloads\posture_coach_ai\posture_coach\apps\ml_engine\inference_engine.py", line 67, in __init__
    self._extractor = PoseExtractor(
  File "C:\Users\saura\Downloads\posture_coach_ai\posture_coach\apps\ml_engine\pose_extractor.py", line 116, in __init__
    pose_sol = _get_pose_solution()
  File "C:\Users\saura\Downloads\posture_coach_ai\posture_coach\apps\ml_engine\pose_extractor.py", line 96, in _get_pose_solution
    raise ImportError("Cannot find mediapipe pose solution. Try: pip install mediapipe==0.10.32")
ImportError: Cannot find mediapipe pose solution. Try: pip install mediapipe==0.10.32

[2026-02-15 22:07:11,596] ERROR posture_coach: api_infer error: Cannot find mediapipe pose solution. Try: pip install mediapipe==0.10.32
Traceback (most recent call last):
  File "C:\Users\saura\Downloads\posture_coach_ai\posture_coach\apps\posture_app\views.py", line 119, in api_infer
    engine = _get_engine(session_key, exercise)
  File "C:\Users\saura\Downloads\posture_coach_ai\posture_coach\apps\posture_app\views.py", line 29, in _get_engine
    return get_or_create_engine(session_key, exercise, profiles_dir)
  File "C:\Users\saura\Downloads\posture_coach_ai\posture_coach\apps\ml_engine\inference_engine.py", line 336, in get_or_create_engine
    _engine_registry[session_key] = InferenceEngine(exercise, profiles_dir)
  File "C:\Users\saura\Downloads\posture_coach_ai\posture_coach\apps\ml_engine\inference_engine.py", line 67, in __init__
    self._extractor = PoseExtractor(
  File "C:\Users\saura\Downloads\posture_coach_ai\posture_coach\apps\ml_engine\pose_extractor.py", line 116, in __init__
    pose_sol = _get_pose_solution()
  File "C:\Users\saura\Downloads\posture_coach_ai\posture_coach\apps\ml_engine\pose_extractor.py", line 96, in _get_pose_solution
    raise ImportError("Cannot find mediapipe pose solution. Try: pip install mediapipe==0.10.32")
ImportError: Cannot find mediapipe pose solution. Try: pip install mediapipe==0.10.32

[2026-02-15 22:07:11,714] ERROR posture_coach: api_infer error: Cannot find mediapipe pose solution. Try: pip install mediapipe==0.10.32
Traceback (most recent call last):
  File "C:\Users\saura\Downloads\posture_coach_ai\posture_coach\apps\posture_app\views.py", line 119, in api_infer
    engine = _get_engine(session_key, exercise)
  File "C:\Users\saura\Downloads\posture_coach_ai\posture_coach\apps\posture_app\views.py", line 29, in _get_engine
    return get_or_create_engine(session_key, exercise, profiles_dir)
  File "C:\Users\saura\Downloads\posture_coach_ai\posture_coach\apps\ml_engine\inference_engine.py", line 336, in get_or_create_engine
    _engine_registry[session_key] = InferenceEngine(exercise, profiles_dir)
  File "C:\Users\saura\Downloads\posture_coach_ai\posture_coach\apps\ml_engine\inference_engine.py", line 67, in __init__
    self._extractor = PoseExtractor(
  File "C:\Users\saura\Downloads\posture_coach_ai\posture_coach\apps\ml_engine\pose_extractor.py", line 116, in __init__
    pose_sol = _get_pose_solution()
  File "C:\Users\saura\Downloads\posture_coach_ai\posture_coach\apps\ml_engine\pose_extractor.py", line 96, in _get_pose_solution
    raise ImportError("Cannot find mediapipe pose solution. Try: pip install mediapipe==0.10.32")
ImportError: Cannot find mediapipe pose solution. Try: pip install mediapipe==0.10.32

[2026-02-15 22:07:11,797] ERROR posture_coach: api_infer error: Cannot find mediapipe pose solution. Try: pip install mediapipe==0.10.32
Traceback (most recent call last):
  File "C:\Users\saura\Downloads\posture_coach_ai\posture_coach\apps\posture_app\views.py", line 119, in api_infer
    engine = _get_engine(session_key, exercise)
  File "C:\Users\saura\Downloads\posture_coach_ai\posture_coach\apps\posture_app\views.py", line 29, in _get_engine
    return get_or_create_engine(session_key, exercise, profiles_dir)
  File "C:\Users\saura\Downloads\posture_coach_ai\posture_coach\apps\ml_engine\inference_engine.py", line 336, in get_or_create_engine
    _engine_registry[session_key] = InferenceEngine(exercise, profiles_dir)
  File "C:\Users\saura\Downloads\posture_coach_ai\posture_coach\apps\ml_engine\inference_engine.py", line 67, in __init__
    self._extractor = PoseExtractor(
  File "C:\Users\saura\Downloads\posture_coach_ai\posture_coach\apps\ml_engine\pose_extractor.py", line 116, in __init__
    pose_sol = _get_pose_solution()
  File "C:\Users\saura\Downloads\posture_coach_ai\posture_coach\apps\ml_engine\pose_extractor.py", line 96, in _get_pose_solution
    raise ImportError("Cannot find mediapipe pose solution. Try: pip install mediapipe==0.10.32")
ImportError: Cannot find mediapipe pose solution. Try: pip install mediapipe==0.10.32

[2026-02-15 22:07:11,895] ERROR posture_coach: api_infer error: Cannot find mediapipe pose solution. Try: pip install mediapipe==0.10.32
Traceback (most recent call last):
  File "C:\Users\saura\Downloads\posture_coach_ai\posture_coach\apps\posture_app\views.py", line 119, in api_infer
    engine = _get_engine(session_key, exercise)
  File "C:\Users\saura\Downloads\posture_coach_ai\posture_coach\apps\posture_app\views.py", line 29, in _get_engine
    return get_or_create_engine(session_key, exercise, profiles_dir)
  File "C:\Users\saura\Downloads\posture_coach_ai\posture_coach\apps\ml_engine\inference_engine.py", line 336, in get_or_create_engine
    _engine_registry[session_key] = InferenceEngine(exercise, profiles_dir)
  File "C:\Users\saura\Downloads\posture_coach_ai\posture_coach\apps\ml_engine\inference_engine.py", line 67, in __init__
    self._extractor = PoseExtractor(
  File "C:\Users\saura\Downloads\posture_coach_ai\posture_coach\apps\ml_engine\pose_extractor.py", line 116, in __init__
    pose_sol = _get_pose_solution()
  File "C:\Users\saura\Downloads\posture_coach_ai\posture_coach\apps\ml_engine\pose_extractor.py", line 96, in _get_pose_solution
    raise ImportError("Cannot find mediapipe pose solution. Try: pip install mediapipe==0.10.32")
ImportError: Cannot find mediapipe pose solution. Try: pip install mediapipe==0.10.32

[2026-02-15 22:07:12,011] ERROR posture_coach: api_infer error: Cannot find mediapipe pose solution. Try: pip install mediapipe==0.10.32
Traceback (most recent call last):
  File "C:\Users\saura\Downloads\posture_coach_ai\posture_coach\apps\posture_app\views.py", line 119, in api_infer
    engine = _get_engine(session_key, exercise)
  File "C:\Users\saura\Downloads\posture_coach_ai\posture_coach\apps\posture_app\views.py", line 29, in _get_engine
    return get_or_create_engine(session_key, exercise, profiles_dir)
  File "C:\Users\saura\Downloads\posture_coach_ai\posture_coach\apps\ml_engine\inference_engine.py", line 336, in get_or_create_engine
    _engine_registry[session_key] = InferenceEngine(exercise, profiles_dir)
  File "C:\Users\saura\Downloads\posture_coach_ai\posture_coach\apps\ml_engine\inference_engine.py", line 67, in __init__
    self._extractor = PoseExtractor(
  File "C:\Users\saura\Downloads\posture_coach_ai\posture_coach\apps\ml_engine\pose_extractor.py", line 116, in __init__
    pose_sol = _get_pose_solution()
  File "C:\Users\saura\Downloads\posture_coach_ai\posture_coach\apps\ml_engine\pose_extractor.py", line 96, in _get_pose_solution
    raise ImportError("Cannot find mediapipe pose solution. Try: pip install mediapipe==0.10.32")
ImportError: Cannot find mediapipe pose solution. Try: pip install mediapipe==0.10.32

[2026-02-15 22:07:12,093] ERROR posture_coach: api_infer error: Cannot find mediapipe pose solution. Try: pip install mediapipe==0.10.32
Traceback (most recent call last):
  File "C:\Users\saura\Downloads\posture_coach_ai\posture_coach\apps\posture_app\views.py", line 119, in api_infer
    engine = _get_engine(session_key, exercise)
  File "C:\Users\saura\Downloads\posture_coach_ai\posture_coach\apps\posture_app\views.py", line 29, in _get_engine
    return get_or_create_engine(session_key, exercise, profiles_dir)
  File "C:\Users\saura\Downloads\posture_coach_ai\posture_coach\apps\ml_engine\inference_engine.py", line 336, in get_or_create_engine
    _engine_registry[session_key] = InferenceEngine(exercise, profiles_dir)
  File "C:\Users\saura\Downloads\posture_coach_ai\posture_coach\apps\ml_engine\inference_engine.py", line 67, in __init__
    self._extractor = PoseExtractor(
  File "C:\Users\saura\Downloads\posture_coach_ai\posture_coach\apps\ml_engine\pose_extractor.py", line 116, in __init__
    pose_sol = _get_pose_solution()
  File "C:\Users\saura\Downloads\posture_coach_ai\posture_coach\apps\ml_engine\pose_extractor.py", line 96, in _get_pose_solution
    raise ImportError("Cannot find mediapipe pose solution. Try: pip install mediapipe==0.10.32")
ImportError: Cannot find mediapipe pose solution. Try: pip install mediapipe==0.10.32

[2026-02-15 22:07:12,192] ERROR posture_coach: api_infer error: Cannot find mediapipe pose solution. Try: pip install mediapipe==0.10.32
Traceback (most recent call last):
  File "C:\Users\saura\Downloads\posture_coach_ai\posture_coach\apps\posture_app\views.py", line 119, in api_infer
    engine = _get_engine(session_key, exercise)
  File "C:\Users\saura\Downloads\posture_coach_ai\posture_coach\apps\posture_app\views.py", line 29, in _get_engine
    return get_or_create_engine(session_key, exercise, profiles_dir)
  File "C:\Users\saura\Downloads\posture_coach_ai\posture_coach\apps\ml_engine\inference_engine.py", line 336, in get_or_create_engine
    _engine_registry[session_key] = InferenceEngine(exercise, profiles_dir)
  File "C:\Users\saura\Downloads\posture_coach_ai\posture_coach\apps\ml_engine\inference_engine.py", line 67, in __init__
    self._extractor = PoseExtractor(
  File "C:\Users\saura\Downloads\posture_coach_ai\posture_coach\apps\ml_engine\pose_extractor.py", line 116, in __init__
    pose_sol = _get_pose_solution()
  File "C:\Users\saura\Downloads\posture_coach_ai\posture_coach\apps\ml_engine\pose_extractor.py", line 96, in _get_pose_solution
    raise ImportError("Cannot find mediapipe pose solution. Try: pip install mediapipe==0.10.32")
ImportError: Cannot find mediapipe pose solution. Try: pip install mediapipe==0.10.32

[2026-02-15 22:07:12,312] ERROR posture_coach: api_infer error: Cannot find mediapipe pose solution. Try: pip install mediapipe==0.10.32
Traceback (most recent call last):
  File "C:\Users\saura\Downloads\posture_coach_ai\posture_coach\apps\posture_app\views.py", line 119, in api_infer
    engine = _get_engine(session_key, exercise)
  File "C:\Users\saura\Downloads\posture_coach_ai\posture_coach\apps\posture_app\views.py", line 29, in _get_engine
    return get_or_create_engine(session_key, exercise, profiles_dir)
  File "C:\Users\saura\Downloads\posture_coach_ai\posture_coach\apps\ml_engine\inference_engine.py", line 336, in get_or_create_engine
    _engine_registry[session_key] = InferenceEngine(exercise, profiles_dir)
  File "C:\Users\saura\Downloads\posture_coach_ai\posture_coach\apps\ml_engine\inference_engine.py", line 67, in __init__
    self._extractor = PoseExtractor(
  File "C:\Users\saura\Downloads\posture_coach_ai\posture_coach\apps\ml_engine\pose_extractor.py", line 116, in __init__
    pose_sol = _get_pose_solution()
  File "C:\Users\saura\Downloads\posture_coach_ai\posture_coach\apps\ml_engine\pose_extractor.py", line 96, in _get_pose_solution
    raise ImportError("Cannot find mediapipe pose solution. Try: pip install mediapipe==0.10.32")
ImportError: Cannot find mediapipe pose solution. Try: pip install mediapipe==0.10.32

[2026-02-15 22:07:12,395] ERROR posture_coach: api_infer error: Cannot find mediapipe pose solution. Try: pip install mediapipe==0.10.32
Traceback (most recent call last):
  File "C:\Users\saura\Downloads\posture_coach_ai\posture_coach\apps\posture_app\views.py", line 119, in api_infer
    engine = _get_engine(session_key, exercise)
  File "C:\Users\saura\Downloads\posture_coach_ai\posture_coach\apps\posture_app\views.py", line 29, in _get_engine
    return get_or_create_engine(session_key, exercise, profiles_dir)
  File "C:\Users\saura\Downloads\posture_coach_ai\posture_coach\apps\ml_engine\inference_engine.py", line 336, in get_or_create_engine
    _engine_registry[session_key] = InferenceEngine(exercise, profiles_dir)
  File "C:\Users\saura\Downloads\posture_coach_ai\posture_coach\apps\ml_engine\inference_engine.py", line 67, in __init__
    self._extractor = PoseExtractor(
  File "C:\Users\saura\Downloads\posture_coach_ai\posture_coach\apps\ml_engine\pose_extractor.py", line 116, in __init__
    pose_sol = _get_pose_solution()
  File "C:\Users\saura\Downloads\posture_coach_ai\posture_coach\apps\ml_engine\pose_extractor.py", line 96, in _get_pose_solution
    raise ImportError("Cannot find mediapipe pose solution. Try: pip install mediapipe==0.10.32")
ImportError: Cannot find mediapipe pose solution. Try: pip install mediapipe==0.10.32

[2026-02-15 22:07:12,512] ERROR posture_coach: api_infer error: Cannot find mediapipe pose solution. Try: pip install mediapipe==0.10.32
Traceback (most recent call last):
  File "C:\Users\saura\Downloads\posture_coach_ai\posture_coach\apps\posture_app\views.py", line 119, in api_infer
    engine = _get_engine(session_key, exercise)
  File "C:\Users\saura\Downloads\posture_coach_ai\posture_coach\apps\posture_app\views.py", line 29, in _get_engine
    return get_or_create_engine(session_key, exercise, profiles_dir)
  File "C:\Users\saura\Downloads\posture_coach_ai\posture_coach\apps\ml_engine\inference_engine.py", line 336, in get_or_create_engine
    _engine_registry[session_key] = InferenceEngine(exercise, profiles_dir)
  File "C:\Users\saura\Downloads\posture_coach_ai\posture_coach\apps\ml_engine\inference_engine.py", line 67, in __init__
    self._extractor = PoseExtractor(
  File "C:\Users\saura\Downloads\posture_coach_ai\posture_coach\apps\ml_engine\pose_extractor.py", line 116, in __init__
    pose_sol = _get_pose_solution()
  File "C:\Users\saura\Downloads\posture_coach_ai\posture_coach\apps\ml_engine\pose_extractor.py", line 96, in _get_pose_solution
    raise ImportError("Cannot find mediapipe pose solution. Try: pip install mediapipe==0.10.32")
ImportError: Cannot find mediapipe pose solution. Try: pip install mediapipe==0.10.32

[2026-02-15 22:07:12,603] ERROR posture_coach: api_infer error: Cannot find mediapipe pose solution. Try: pip install mediapipe==0.10.32
Traceback (most recent call last):
  File "C:\Users\saura\Downloads\posture_coach_ai\posture_coach\apps\posture_app\views.py", line 119, in api_infer
    engine = _get_engine(session_key, exercise)
  File "C:\Users\saura\Downloads\posture_coach_ai\posture_coach\apps\posture_app\views.py", line 29, in _get_engine
    return get_or_create_engine(session_key, exercise, profiles_dir)
  File "C:\Users\saura\Downloads\posture_coach_ai\posture_coach\apps\ml_engine\inference_engine.py", line 336, in get_or_create_engine
    _engine_registry[session_key] = InferenceEngine(exercise, profiles_dir)
  File "C:\Users\saura\Downloads\posture_coach_ai\posture_coach\apps\ml_engine\inference_engine.py", line 67, in __init__
    self._extractor = PoseExtractor(
  File "C:\Users\saura\Downloads\posture_coach_ai\posture_coach\apps\ml_engine\pose_extractor.py", line 116, in __init__
    pose_sol = _get_pose_solution()
  File "C:\Users\saura\Downloads\posture_coach_ai\posture_coach\apps\ml_engine\pose_extractor.py", line 96, in _get_pose_solution
    raise ImportError("Cannot find mediapipe pose solution. Try: pip install mediapipe==0.10.32")
ImportError: Cannot find mediapipe pose solution. Try: pip install mediapipe==0.10.32

[2026-02-15 22:07:12,694] ERROR posture_coach: api_infer error: Cannot find mediapipe pose solution. Try: pip install mediapipe==0.10.32
Traceback (most recent call last):
  File "C:\Users\saura\Downloads\posture_coach_ai\posture_coach\apps\posture_app\views.py", line 119, in api_infer
    engine = _get_engine(session_key, exercise)
  File "C:\Users\saura\Downloads\posture_coach_ai\posture_coach\apps\posture_app\views.py", line 29, in _get_engine
    return get_or_create_engine(session_key, exercise, profiles_dir)
  File "C:\Users\saura\Downloads\posture_coach_ai\posture_coach\apps\ml_engine\inference_engine.py", line 336, in get_or_create_engine
    _engine_registry[session_key] = InferenceEngine(exercise, profiles_dir)
  File "C:\Users\saura\Downloads\posture_coach_ai\posture_coach\apps\ml_engine\inference_engine.py", line 67, in __init__
    self._extractor = PoseExtractor(
  File "C:\Users\saura\Downloads\posture_coach_ai\posture_coach\apps\ml_engine\pose_extractor.py", line 116, in __init__
    pose_sol = _get_pose_solution()
  File "C:\Users\saura\Downloads\posture_coach_ai\posture_coach\apps\ml_engine\pose_extractor.py", line 96, in _get_pose_solution
    raise ImportError("Cannot find mediapipe pose solution. Try: pip install mediapipe==0.10.32")
ImportError: Cannot find mediapipe pose solution. Try: pip install mediapipe==0.10.32

[2026-02-15 22:07:12,813] ERROR posture_coach: api_infer error: Cannot find mediapipe pose solution. Try: pip install mediapipe==0.10.32
Traceback (most recent call last):
  File "C:\Users\saura\Downloads\posture_coach_ai\posture_coach\apps\posture_app\views.py", line 119, in api_infer
    engine = _get_engine(session_key, exercise)
  File "C:\Users\saura\Downloads\posture_coach_ai\posture_coach\apps\posture_app\views.py", line 29, in _get_engine
    return get_or_create_engine(session_key, exercise, profiles_dir)
  File "C:\Users\saura\Downloads\posture_coach_ai\posture_coach\apps\ml_engine\inference_engine.py", line 336, in get_or_create_engine
    _engine_registry[session_key] = InferenceEngine(exercise, profiles_dir)
  File "C:\Users\saura\Downloads\posture_coach_ai\posture_coach\apps\ml_engine\inference_engine.py", line 67, in __init__
    self._extractor = PoseExtractor(
  File "C:\Users\saura\Downloads\posture_coach_ai\posture_coach\apps\ml_engine\pose_extractor.py", line 116, in __init__
    pose_sol = _get_pose_solution()
  File "C:\Users\saura\Downloads\posture_coach_ai\posture_coach\apps\ml_engine\pose_extractor.py", line 96, in _get_pose_solution
    raise ImportError("Cannot find mediapipe pose solution. Try: pip install mediapipe==0.10.32")
ImportError: Cannot find mediapipe pose solution. Try: pip install mediapipe==0.10.32

[2026-02-15 22:07:12,894] ERROR posture_coach: api_infer error: Cannot find mediapipe pose solution. Try: pip install mediapipe==0.10.32
Traceback (most recent call last):
  File "C:\Users\saura\Downloads\posture_coach_ai\posture_coach\apps\posture_app\views.py", line 119, in api_infer
    engine = _get_engine(session_key, exercise)
  File "C:\Users\saura\Downloads\posture_coach_ai\posture_coach\apps\posture_app\views.py", line 29, in _get_engine
    return get_or_create_engine(session_key, exercise, profiles_dir)
  File "C:\Users\saura\Downloads\posture_coach_ai\posture_coach\apps\ml_engine\inference_engine.py", line 336, in get_or_create_engine
    _engine_registry[session_key] = InferenceEngine(exercise, profiles_dir)
  File "C:\Users\saura\Downloads\posture_coach_ai\posture_coach\apps\ml_engine\inference_engine.py", line 67, in __init__
    self._extractor = PoseExtractor(
  File "C:\Users\saura\Downloads\posture_coach_ai\posture_coach\apps\ml_engine\pose_extractor.py", line 116, in __init__
    pose_sol = _get_pose_solution()
  File "C:\Users\saura\Downloads\posture_coach_ai\posture_coach\apps\ml_engine\pose_extractor.py", line 96, in _get_pose_solution
    raise ImportError("Cannot find mediapipe pose solution. Try: pip install mediapipe==0.10.32")
ImportError: Cannot find mediapipe pose solution. Try: pip install mediapipe==0.10.32

[2026-02-15 22:07:13,012] ERROR posture_coach: api_infer error: Cannot find mediapipe pose solution. Try: pip install mediapipe==0.10.32
Traceback (most recent call last):
  File "C:\Users\saura\Downloads\posture_coach_ai\posture_coach\apps\posture_app\views.py", line 119, in api_infer
    engine = _get_engine(session_key, exercise)
  File "C:\Users\saura\Downloads\posture_coach_ai\posture_coach\apps\posture_app\views.py", line 29, in _get_engine
    return get_or_create_engine(session_key, exercise, profiles_dir)
  File "C:\Users\saura\Downloads\posture_coach_ai\posture_coach\apps\ml_engine\inference_engine.py", line 336, in get_or_create_engine
    _engine_registry[session_key] = InferenceEngine(exercise, profiles_dir)
  File "C:\Users\saura\Downloads\posture_coach_ai\posture_coach\apps\ml_engine\inference_engine.py", line 67, in __init__
    self._extractor = PoseExtractor(
  File "C:\Users\saura\Downloads\posture_coach_ai\posture_coach\apps\ml_engine\pose_extractor.py", line 116, in __init__
    pose_sol = _get_pose_solution()
  File "C:\Users\saura\Downloads\posture_coach_ai\posture_coach\apps\ml_engine\pose_extractor.py", line 96, in _get_pose_solution
    raise ImportError("Cannot find mediapipe pose solution. Try: pip install mediapipe==0.10.32")
ImportError: Cannot find mediapipe pose solution. Try: pip install mediapipe==0.10.32

[2026-02-15 22:07:13,112] ERROR posture_coach: api_infer error: Cannot find mediapipe pose solution. Try: pip install mediapipe==0.10.32
Traceback (most recent call last):
  File "C:\Users\saura\Downloads\posture_coach_ai\posture_coach\apps\posture_app\views.py", line 119, in api_infer
    engine = _get_engine(session_key, exercise)
  File "C:\Users\saura\Downloads\posture_coach_ai\posture_coach\apps\posture_app\views.py", line 29, in _get_engine
    return get_or_create_engine(session_key, exercise, profiles_dir)
  File "C:\Users\saura\Downloads\posture_coach_ai\posture_coach\apps\ml_engine\inference_engine.py", line 336, in get_or_create_engine
    _engine_registry[session_key] = InferenceEngine(exercise, profiles_dir)
  File "C:\Users\saura\Downloads\posture_coach_ai\posture_coach\apps\ml_engine\inference_engine.py", line 67, in __init__
    self._extractor = PoseExtractor(
  File "C:\Users\saura\Downloads\posture_coach_ai\posture_coach\apps\ml_engine\pose_extractor.py", line 116, in __init__
    pose_sol = _get_pose_solution()
  File "C:\Users\saura\Downloads\posture_coach_ai\posture_coach\apps\ml_engine\pose_extractor.py", line 96, in _get_pose_solution
    raise ImportError("Cannot find mediapipe pose solution. Try: pip install mediapipe==0.10.32")
ImportError: Cannot find mediapipe pose solution. Try: pip install mediapipe==0.10.32

[2026-02-15 22:07:13,208] ERROR posture_coach: api_infer error: Cannot find mediapipe pose solution. Try: pip install mediapipe==0.10.32
Traceback (most recent call last):
  File "C:\Users\saura\Downloads\posture_coach_ai\posture_coach\apps\posture_app\views.py", line 119, in api_infer
    engine = _get_engine(session_key, exercise)
  File "C:\Users\saura\Downloads\posture_coach_ai\posture_coach\apps\posture_app\views.py", line 29, in _get_engine
    return get_or_create_engine(session_key, exercise, profiles_dir)
  File "C:\Users\saura\Downloads\posture_coach_ai\posture_coach\apps\ml_engine\inference_engine.py", line 336, in get_or_create_engine
    _engine_registry[session_key] = InferenceEngine(exercise, profiles_dir)
  File "C:\Users\saura\Downloads\posture_coach_ai\posture_coach\apps\ml_engine\inference_engine.py", line 67, in __init__
    self._extractor = PoseExtractor(
  File "C:\Users\saura\Downloads\posture_coach_ai\posture_coach\apps\ml_engine\pose_extractor.py", line 116, in __init__
    pose_sol = _get_pose_solution()
  File "C:\Users\saura\Downloads\posture_coach_ai\posture_coach\apps\ml_engine\pose_extractor.py", line 96, in _get_pose_solution
    raise ImportError("Cannot find mediapipe pose solution. Try: pip install mediapipe==0.10.32")
ImportError: Cannot find mediapipe pose solution. Try: pip install mediapipe==0.10.32

[2026-02-15 22:07:13,309] ERROR posture_coach: api_infer error: Cannot find mediapipe pose solution. Try: pip install mediapipe==0.10.32
Traceback (most recent call last):
  File "C:\Users\saura\Downloads\posture_coach_ai\posture_coach\apps\posture_app\views.py", line 119, in api_infer
    engine = _get_engine(session_key, exercise)
  File "C:\Users\saura\Downloads\posture_coach_ai\posture_coach\apps\posture_app\views.py", line 29, in _get_engine
    return get_or_create_engine(session_key, exercise, profiles_dir)
  File "C:\Users\saura\Downloads\posture_coach_ai\posture_coach\apps\ml_engine\inference_engine.py", line 336, in get_or_create_engine
    _engine_registry[session_key] = InferenceEngine(exercise, profiles_dir)
  File "C:\Users\saura\Downloads\posture_coach_ai\posture_coach\apps\ml_engine\inference_engine.py", line 67, in __init__
    self._extractor = PoseExtractor(
  File "C:\Users\saura\Downloads\posture_coach_ai\posture_coach\apps\ml_engine\pose_extractor.py", line 116, in __init__
    pose_sol = _get_pose_solution()
  File "C:\Users\saura\Downloads\posture_coach_ai\posture_coach\apps\ml_engine\pose_extractor.py", line 96, in _get_pose_solution
    raise ImportError("Cannot find mediapipe pose solution. Try: pip install mediapipe==0.10.32")
ImportError: Cannot find mediapipe pose solution. Try: pip install mediapipe==0.10.32

[2026-02-15 22:07:13,396] ERROR posture_coach: api_infer error: Cannot find mediapipe pose solution. Try: pip install mediapipe==0.10.32
Traceback (most recent call last):
  File "C:\Users\saura\Downloads\posture_coach_ai\posture_coach\apps\posture_app\views.py", line 119, in api_infer
    engine = _get_engine(session_key, exercise)
  File "C:\Users\saura\Downloads\posture_coach_ai\posture_coach\apps\posture_app\views.py", line 29, in _get_engine
    return get_or_create_engine(session_key, exercise, profiles_dir)
  File "C:\Users\saura\Downloads\posture_coach_ai\posture_coach\apps\ml_engine\inference_engine.py", line 336, in get_or_create_engine
    _engine_registry[session_key] = InferenceEngine(exercise, profiles_dir)
  File "C:\Users\saura\Downloads\posture_coach_ai\posture_coach\apps\ml_engine\inference_engine.py", line 67, in __init__
    self._extractor = PoseExtractor(
  File "C:\Users\saura\Downloads\posture_coach_ai\posture_coach\apps\ml_engine\pose_extractor.py", line 116, in __init__
    pose_sol = _get_pose_solution()
  File "C:\Users\saura\Downloads\posture_coach_ai\posture_coach\apps\ml_engine\pose_extractor.py", line 96, in _get_pose_solution
    raise ImportError("Cannot find mediapipe pose solution. Try: pip install mediapipe==0.10.32")
ImportError: Cannot find mediapipe pose solution. Try: pip install mediapipe==0.10.32

[2026-02-15 22:07:13,513] ERROR posture_coach: api_infer error: Cannot find mediapipe pose solution. Try: pip install mediapipe==0.10.32
Traceback (most recent call last):
  File "C:\Users\saura\Downloads\posture_coach_ai\posture_coach\apps\posture_app\views.py", line 119, in api_infer
    engine = _get_engine(session_key, exercise)
  File "C:\Users\saura\Downloads\posture_coach_ai\posture_coach\apps\posture_app\views.py", line 29, in _get_engine
    return get_or_create_engine(session_key, exercise, profiles_dir)
  File "C:\Users\saura\Downloads\posture_coach_ai\posture_coach\apps\ml_engine\inference_engine.py", line 336, in get_or_create_engine
    _engine_registry[session_key] = InferenceEngine(exercise, profiles_dir)
  File "C:\Users\saura\Downloads\posture_coach_ai\posture_coach\apps\ml_engine\inference_engine.py", line 67, in __init__
    self._extractor = PoseExtractor(
  File "C:\Users\saura\Downloads\posture_coach_ai\posture_coach\apps\ml_engine\pose_extractor.py", line 116, in __init__
    pose_sol = _get_pose_solution()
  File "C:\Users\saura\Downloads\posture_coach_ai\posture_coach\apps\ml_engine\pose_extractor.py", line 96, in _get_pose_solution
    raise ImportError("Cannot find mediapipe pose solution. Try: pip install mediapipe==0.10.32")
ImportError: Cannot find mediapipe pose solution. Try: pip install mediapipe==0.10.32

[2026-02-15 22:07:13,596] ERROR posture_coach: api_infer error: Cannot find mediapipe pose solution. Try: pip install mediapipe==0.10.32
Traceback (most recent call last):
  File "C:\Users\saura\Downloads\posture_coach_ai\posture_coach\apps\posture_app\views.py", line 119, in api_infer
    engine = _get_engine(session_key, exercise)
  File "C:\Users\saura\Downloads\posture_coach_ai\posture_coach\apps\posture_app\views.py", line 29, in _get_engine
    return get_or_create_engine(session_key, exercise, profiles_dir)
  File "C:\Users\saura\Downloads\posture_coach_ai\posture_coach\apps\ml_engine\inference_engine.py", line 336, in get_or_create_engine
    _engine_registry[session_key] = InferenceEngine(exercise, profiles_dir)
  File "C:\Users\saura\Downloads\posture_coach_ai\posture_coach\apps\ml_engine\inference_engine.py", line 67, in __init__
    self._extractor = PoseExtractor(
  File "C:\Users\saura\Downloads\posture_coach_ai\posture_coach\apps\ml_engine\pose_extractor.py", line 116, in __init__
    pose_sol = _get_pose_solution()
  File "C:\Users\saura\Downloads\posture_coach_ai\posture_coach\apps\ml_engine\pose_extractor.py", line 96, in _get_pose_solution
    raise ImportError("Cannot find mediapipe pose solution. Try: pip install mediapipe==0.10.32")
ImportError: Cannot find mediapipe pose solution. Try: pip install mediapipe==0.10.32

[2026-02-15 22:07:13,706] ERROR posture_coach: api_infer error: Cannot find mediapipe pose solution. Try: pip install mediapipe==0.10.32
Traceback (most recent call last):
  File "C:\Users\saura\Downloads\posture_coach_ai\posture_coach\apps\posture_app\views.py", line 119, in api_infer
    engine = _get_engine(session_key, exercise)
  File "C:\Users\saura\Downloads\posture_coach_ai\posture_coach\apps\posture_app\views.py", line 29, in _get_engine
    return get_or_create_engine(session_key, exercise, profiles_dir)
  File "C:\Users\saura\Downloads\posture_coach_ai\posture_coach\apps\ml_engine\inference_engine.py", line 336, in get_or_create_engine
    _engine_registry[session_key] = InferenceEngine(exercise, profiles_dir)
  File "C:\Users\saura\Downloads\posture_coach_ai\posture_coach\apps\ml_engine\inference_engine.py", line 67, in __init__
    self._extractor = PoseExtractor(
  File "C:\Users\saura\Downloads\posture_coach_ai\posture_coach\apps\ml_engine\pose_extractor.py", line 116, in __init__
    pose_sol = _get_pose_solution()
  File "C:\Users\saura\Downloads\posture_coach_ai\posture_coach\apps\ml_engine\pose_extractor.py", line 96, in _get_pose_solution
    raise ImportError("Cannot find mediapipe pose solution. Try: pip install mediapipe==0.10.32")
ImportError: Cannot find mediapipe pose solution. Try: pip install mediapipe==0.10.32

[2026-02-15 22:07:13,810] ERROR posture_coach: api_infer error: Cannot find mediapipe pose solution. Try: pip install mediapipe==0.10.32
Traceback (most recent call last):
  File "C:\Users\saura\Downloads\posture_coach_ai\posture_coach\apps\posture_app\views.py", line 119, in api_infer
    engine = _get_engine(session_key, exercise)
  File "C:\Users\saura\Downloads\posture_coach_ai\posture_coach\apps\posture_app\views.py", line 29, in _get_engine
    return get_or_create_engine(session_key, exercise, profiles_dir)
  File "C:\Users\saura\Downloads\posture_coach_ai\posture_coach\apps\ml_engine\inference_engine.py", line 336, in get_or_create_engine
    _engine_registry[session_key] = InferenceEngine(exercise, profiles_dir)
  File "C:\Users\saura\Downloads\posture_coach_ai\posture_coach\apps\ml_engine\inference_engine.py", line 67, in __init__
    self._extractor = PoseExtractor(
  File "C:\Users\saura\Downloads\posture_coach_ai\posture_coach\apps\ml_engine\pose_extractor.py", line 116, in __init__
    pose_sol = _get_pose_solution()
  File "C:\Users\saura\Downloads\posture_coach_ai\posture_coach\apps\ml_engine\pose_extractor.py", line 96, in _get_pose_solution
    raise ImportError("Cannot find mediapipe pose solution. Try: pip install mediapipe==0.10.32")
ImportError: Cannot find mediapipe pose solution. Try: pip install mediapipe==0.10.32

[2026-02-15 22:07:13,897] ERROR posture_coach: api_infer error: Cannot find mediapipe pose solution. Try: pip install mediapipe==0.10.32
Traceback (most recent call last):
  File "C:\Users\saura\Downloads\posture_coach_ai\posture_coach\apps\posture_app\views.py", line 119, in api_infer
    engine = _get_engine(session_key, exercise)
  File "C:\Users\saura\Downloads\posture_coach_ai\posture_coach\apps\posture_app\views.py", line 29, in _get_engine
    return get_or_create_engine(session_key, exercise, profiles_dir)
  File "C:\Users\saura\Downloads\posture_coach_ai\posture_coach\apps\ml_engine\inference_engine.py", line 336, in get_or_create_engine
    _engine_registry[session_key] = InferenceEngine(exercise, profiles_dir)
  File "C:\Users\saura\Downloads\posture_coach_ai\posture_coach\apps\ml_engine\inference_engine.py", line 67, in __init__
    self._extractor = PoseExtractor(
  File "C:\Users\saura\Downloads\posture_coach_ai\posture_coach\apps\ml_engine\pose_extractor.py", line 116, in __init__
    pose_sol = _get_pose_solution()
  File "C:\Users\saura\Downloads\posture_coach_ai\posture_coach\apps\ml_engine\pose_extractor.py", line 96, in _get_pose_solution
    raise ImportError("Cannot find mediapipe pose solution. Try: pip install mediapipe==0.10.32")
ImportError: Cannot find mediapipe pose solution. Try: pip install mediapipe==0.10.32

[2026-02-15 22:07:14,009] ERROR posture_coach: api_infer error: Cannot find mediapipe pose solution. Try: pip install mediapipe==0.10.32
Traceback (most recent call last):
  File "C:\Users\saura\Downloads\posture_coach_ai\posture_coach\apps\posture_app\views.py", line 119, in api_infer
    engine = _get_engine(session_key, exercise)
  File "C:\Users\saura\Downloads\posture_coach_ai\posture_coach\apps\posture_app\views.py", line 29, in _get_engine
    return get_or_create_engine(session_key, exercise, profiles_dir)
  File "C:\Users\saura\Downloads\posture_coach_ai\posture_coach\apps\ml_engine\inference_engine.py", line 336, in get_or_create_engine
    _engine_registry[session_key] = InferenceEngine(exercise, profiles_dir)
  File "C:\Users\saura\Downloads\posture_coach_ai\posture_coach\apps\ml_engine\inference_engine.py", line 67, in __init__
    self._extractor = PoseExtractor(
  File "C:\Users\saura\Downloads\posture_coach_ai\posture_coach\apps\ml_engine\pose_extractor.py", line 116, in __init__
    pose_sol = _get_pose_solution()
  File "C:\Users\saura\Downloads\posture_coach_ai\posture_coach\apps\ml_engine\pose_extractor.py", line 96, in _get_pose_solution
    raise ImportError("Cannot find mediapipe pose solution. Try: pip install mediapipe==0.10.32")
ImportError: Cannot find mediapipe pose solution. Try: pip install mediapipe==0.10.32

[2026-02-15 22:07:14,094] ERROR posture_coach: api_infer error: Cannot find mediapipe pose solution. Try: pip install mediapipe==0.10.32
Traceback (most recent call last):
  File "C:\Users\saura\Downloads\posture_coach_ai\posture_coach\apps\posture_app\views.py", line 119, in api_infer
    engine = _get_engine(session_key, exercise)
  File "C:\Users\saura\Downloads\posture_coach_ai\posture_coach\apps\posture_app\views.py", line 29, in _get_engine
    return get_or_create_engine(session_key, exercise, profiles_dir)
  File "C:\Users\saura\Downloads\posture_coach_ai\posture_coach\apps\ml_engine\inference_engine.py", line 336, in get_or_create_engine
    _engine_registry[session_key] = InferenceEngine(exercise, profiles_dir)
  File "C:\Users\saura\Downloads\posture_coach_ai\posture_coach\apps\ml_engine\inference_engine.py", line 67, in __init__
    self._extractor = PoseExtractor(
  File "C:\Users\saura\Downloads\posture_coach_ai\posture_coach\apps\ml_engine\pose_extractor.py", line 116, in __init__
    pose_sol = _get_pose_solution()
  File "C:\Users\saura\Downloads\posture_coach_ai\posture_coach\apps\ml_engine\pose_extractor.py", line 96, in _get_pose_solution
    raise ImportError("Cannot find mediapipe pose solution. Try: pip install mediapipe==0.10.32")
ImportError: Cannot find mediapipe pose solution. Try: pip install mediapipe==0.10.32

[2026-02-15 22:07:14,211] ERROR posture_coach: api_infer error: Cannot find mediapipe pose solution. Try: pip install mediapipe==0.10.32
Traceback (most recent call last):
  File "C:\Users\saura\Downloads\posture_coach_ai\posture_coach\apps\posture_app\views.py", line 119, in api_infer
    engine = _get_engine(session_key, exercise)
  File "C:\Users\saura\Downloads\posture_coach_ai\posture_coach\apps\posture_app\views.py", line 29, in _get_engine
    return get_or_create_engine(session_key, exercise, profiles_dir)
  File "C:\Users\saura\Downloads\posture_coach_ai\posture_coach\apps\ml_engine\inference_engine.py", line 336, in get_or_create_engine
    _engine_registry[session_key] = InferenceEngine(exercise, profiles_dir)
  File "C:\Users\saura\Downloads\posture_coach_ai\posture_coach\apps\ml_engine\inference_engine.py", line 67, in __init__
    self._extractor = PoseExtractor(
  File "C:\Users\saura\Downloads\posture_coach_ai\posture_coach\apps\ml_engine\pose_extractor.py", line 116, in __init__
    pose_sol = _get_pose_solution()
  File "C:\Users\saura\Downloads\posture_coach_ai\posture_coach\apps\ml_engine\pose_extractor.py", line 96, in _get_pose_solution
    raise ImportError("Cannot find mediapipe pose solution. Try: pip install mediapipe==0.10.32")
ImportError: Cannot find mediapipe pose solution. Try: pip install mediapipe==0.10.32

[2026-02-15 22:07:14,310] ERROR posture_coach: api_infer error: Cannot find mediapipe pose solution. Try: pip install mediapipe==0.10.32
Traceback (most recent call last):
  File "C:\Users\saura\Downloads\posture_coach_ai\posture_coach\apps\posture_app\views.py", line 119, in api_infer
    engine = _get_engine(session_key, exercise)
  File "C:\Users\saura\Downloads\posture_coach_ai\posture_coach\apps\posture_app\views.py", line 29, in _get_engine
    return get_or_create_engine(session_key, exercise, profiles_dir)
  File "C:\Users\saura\Downloads\posture_coach_ai\posture_coach\apps\ml_engine\inference_engine.py", line 336, in get_or_create_engine
    _engine_registry[session_key] = InferenceEngine(exercise, profiles_dir)
  File "C:\Users\saura\Downloads\posture_coach_ai\posture_coach\apps\ml_engine\inference_engine.py", line 67, in __init__
    self._extractor = PoseExtractor(
  File "C:\Users\saura\Downloads\posture_coach_ai\posture_coach\apps\ml_engine\pose_extractor.py", line 116, in __init__
    pose_sol = _get_pose_solution()
  File "C:\Users\saura\Downloads\posture_coach_ai\posture_coach\apps\ml_engine\pose_extractor.py", line 96, in _get_pose_solution
    raise ImportError("Cannot find mediapipe pose solution. Try: pip install mediapipe==0.10.32")
ImportError: Cannot find mediapipe pose solution. Try: pip install mediapipe==0.10.32

[2026-02-15 22:07:14,412] ERROR posture_coach: api_infer error: Cannot find mediapipe pose solution. Try: pip install mediapipe==0.10.32
Traceback (most recent call last):
  File "C:\Users\saura\Downloads\posture_coach_ai\posture_coach\apps\posture_app\views.py", line 119, in api_infer
    engine = _get_engine(session_key, exercise)
  File "C:\Users\saura\Downloads\posture_coach_ai\posture_coach\apps\posture_app\views.py", line 29, in _get_engine
    return get_or_create_engine(session_key, exercise, profiles_dir)
  File "C:\Users\saura\Downloads\posture_coach_ai\posture_coach\apps\ml_engine\inference_engine.py", line 336, in get_or_create_engine
    _engine_registry[session_key] = InferenceEngine(exercise, profiles_dir)
  File "C:\Users\saura\Downloads\posture_coach_ai\posture_coach\apps\ml_engine\inference_engine.py", line 67, in __init__
    self._extractor = PoseExtractor(
  File "C:\Users\saura\Downloads\posture_coach_ai\posture_coach\apps\ml_engine\pose_extractor.py", line 116, in __init__
    pose_sol = _get_pose_solution()
  File "C:\Users\saura\Downloads\posture_coach_ai\posture_coach\apps\ml_engine\pose_extractor.py", line 96, in _get_pose_solution
    raise ImportError("Cannot find mediapipe pose solution. Try: pip install mediapipe==0.10.32")
ImportError: Cannot find mediapipe pose solution. Try: pip install mediapipe==0.10.32

[2026-02-15 22:07:14,509] ERROR posture_coach: api_infer error: Cannot find mediapipe pose solution. Try: pip install mediapipe==0.10.32
Traceback (most recent call last):
  File "C:\Users\saura\Downloads\posture_coach_ai\posture_coach\apps\posture_app\views.py", line 119, in api_infer
    engine = _get_engine(session_key, exercise)
  File "C:\Users\saura\Downloads\posture_coach_ai\posture_coach\apps\posture_app\views.py", line 29, in _get_engine
    return get_or_create_engine(session_key, exercise, profiles_dir)
  File "C:\Users\saura\Downloads\posture_coach_ai\posture_coach\apps\ml_engine\inference_engine.py", line 336, in get_or_create_engine
    _engine_registry[session_key] = InferenceEngine(exercise, profiles_dir)
  File "C:\Users\saura\Downloads\posture_coach_ai\posture_coach\apps\ml_engine\inference_engine.py", line 67, in __init__
    self._extractor = PoseExtractor(
  File "C:\Users\saura\Downloads\posture_coach_ai\posture_coach\apps\ml_engine\pose_extractor.py", line 116, in __init__
    pose_sol = _get_pose_solution()
  File "C:\Users\saura\Downloads\posture_coach_ai\posture_coach\apps\ml_engine\pose_extractor.py", line 96, in _get_pose_solution
    raise ImportError("Cannot find mediapipe pose solution. Try: pip install mediapipe==0.10.32")
ImportError: Cannot find mediapipe pose solution. Try: pip install mediapipe==0.10.32

[2026-02-15 22:07:14,595] ERROR posture_coach: api_infer error: Cannot find mediapipe pose solution. Try: pip install mediapipe==0.10.32
Traceback (most recent call last):
  File "C:\Users\saura\Downloads\posture_coach_ai\posture_coach\apps\posture_app\views.py", line 119, in api_infer
    engine = _get_engine(session_key, exercise)
  File "C:\Users\saura\Downloads\posture_coach_ai\posture_coach\apps\posture_app\views.py", line 29, in _get_engine
    return get_or_create_engine(session_key, exercise, profiles_dir)
  File "C:\Users\saura\Downloads\posture_coach_ai\posture_coach\apps\ml_engine\inference_engine.py", line 336, in get_or_create_engine
    _engine_registry[session_key] = InferenceEngine(exercise, profiles_dir)
  File "C:\Users\saura\Downloads\posture_coach_ai\posture_coach\apps\ml_engine\inference_engine.py", line 67, in __init__
    self._extractor = PoseExtractor(
  File "C:\Users\saura\Downloads\posture_coach_ai\posture_coach\apps\ml_engine\pose_extractor.py", line 116, in __init__
    pose_sol = _get_pose_solution()
  File "C:\Users\saura\Downloads\posture_coach_ai\posture_coach\apps\ml_engine\pose_extractor.py", line 96, in _get_pose_solution
    raise ImportError("Cannot find mediapipe pose solution. Try: pip install mediapipe==0.10.32")
ImportError: Cannot find mediapipe pose solution. Try: pip install mediapipe==0.10.32

[2026-02-15 22:07:14,712] ERROR posture_coach: api_infer error: Cannot find mediapipe pose solution. Try: pip install mediapipe==0.10.32
Traceback (most recent call last):
  File "C:\Users\saura\Downloads\posture_coach_ai\posture_coach\apps\posture_app\views.py", line 119, in api_infer
    engine = _get_engine(session_key, exercise)
  File "C:\Users\saura\Downloads\posture_coach_ai\posture_coach\apps\posture_app\views.py", line 29, in _get_engine
    return get_or_create_engine(session_key, exercise, profiles_dir)
  File "C:\Users\saura\Downloads\posture_coach_ai\posture_coach\apps\ml_engine\inference_engine.py", line 336, in get_or_create_engine
    _engine_registry[session_key] = InferenceEngine(exercise, profiles_dir)
  File "C:\Users\saura\Downloads\posture_coach_ai\posture_coach\apps\ml_engine\inference_engine.py", line 67, in __init__
    self._extractor = PoseExtractor(
  File "C:\Users\saura\Downloads\posture_coach_ai\posture_coach\apps\ml_engine\pose_extractor.py", line 116, in __init__
    pose_sol = _get_pose_solution()
  File "C:\Users\saura\Downloads\posture_coach_ai\posture_coach\apps\ml_engine\pose_extractor.py", line 96, in _get_pose_solution
    raise ImportError("Cannot find mediapipe pose solution. Try: pip install mediapipe==0.10.32")
ImportError: Cannot find mediapipe pose solution. Try: pip install mediapipe==0.10.32

[2026-02-15 22:07:14,794] ERROR posture_coach: api_infer error: Cannot find mediapipe pose solution. Try: pip install mediapipe==0.10.32
Traceback (most recent call last):
  File "C:\Users\saura\Downloads\posture_coach_ai\posture_coach\apps\posture_app\views.py", line 119, in api_infer
    engine = _get_engine(session_key, exercise)
  File "C:\Users\saura\Downloads\posture_coach_ai\posture_coach\apps\posture_app\views.py", line 29, in _get_engine
    return get_or_create_engine(session_key, exercise, profiles_dir)
  File "C:\Users\saura\Downloads\posture_coach_ai\posture_coach\apps\ml_engine\inference_engine.py", line 336, in get_or_create_engine
    _engine_registry[session_key] = InferenceEngine(exercise, profiles_dir)
  File "C:\Users\saura\Downloads\posture_coach_ai\posture_coach\apps\ml_engine\inference_engine.py", line 67, in __init__
    self._extractor = PoseExtractor(
  File "C:\Users\saura\Downloads\posture_coach_ai\posture_coach\apps\ml_engine\pose_extractor.py", line 116, in __init__
    pose_sol = _get_pose_solution()
  File "C:\Users\saura\Downloads\posture_coach_ai\posture_coach\apps\ml_engine\pose_extractor.py", line 96, in _get_pose_solution
    raise ImportError("Cannot find mediapipe pose solution. Try: pip install mediapipe==0.10.32")
ImportError: Cannot find mediapipe pose solution. Try: pip install mediapipe==0.10.32

[2026-02-15 22:07:14,912] ERROR posture_coach: api_infer error: Cannot find mediapipe pose solution. Try: pip install mediapipe==0.10.32
Traceback (most recent call last):
  File "C:\Users\saura\Downloads\posture_coach_ai\posture_coach\apps\posture_app\views.py", line 119, in api_infer
    engine = _get_engine(session_key, exercise)
  File "C:\Users\saura\Downloads\posture_coach_ai\posture_coach\apps\posture_app\views.py", line 29, in _get_engine
    return get_or_create_engine(session_key, exercise, profiles_dir)
  File "C:\Users\saura\Downloads\posture_coach_ai\posture_coach\apps\ml_engine\inference_engine.py", line 336, in get_or_create_engine
    _engine_registry[session_key] = InferenceEngine(exercise, profiles_dir)
  File "C:\Users\saura\Downloads\posture_coach_ai\posture_coach\apps\ml_engine\inference_engine.py", line 67, in __init__
    self._extractor = PoseExtractor(
  File "C:\Users\saura\Downloads\posture_coach_ai\posture_coach\apps\ml_engine\pose_extractor.py", line 116, in __init__
    pose_sol = _get_pose_solution()
  File "C:\Users\saura\Downloads\posture_coach_ai\posture_coach\apps\ml_engine\pose_extractor.py", line 96, in _get_pose_solution
    raise ImportError("Cannot find mediapipe pose solution. Try: pip install mediapipe==0.10.32")
ImportError: Cannot find mediapipe pose solution. Try: pip install mediapipe==0.10.32

[2026-02-15 22:07:15,010] ERROR posture_coach: api_infer error: Cannot find mediapipe pose solution. Try: pip install mediapipe==0.10.32
Traceback (most recent call last):
  File "C:\Users\saura\Downloads\posture_coach_ai\posture_coach\apps\posture_app\views.py", line 119, in api_infer
    engine = _get_engine(session_key, exercise)
  File "C:\Users\saura\Downloads\posture_coach_ai\posture_coach\apps\posture_app\views.py", line 29, in _get_engine
    return get_or_create_engine(session_key, exercise, profiles_dir)
  File "C:\Users\saura\Downloads\posture_coach_ai\posture_coach\apps\ml_engine\inference_engine.py", line 336, in get_or_create_engine
    _engine_registry[session_key] = InferenceEngine(exercise, profiles_dir)
  File "C:\Users\saura\Downloads\posture_coach_ai\posture_coach\apps\ml_engine\inference_engine.py", line 67, in __init__
    self._extractor = PoseExtractor(
  File "C:\Users\saura\Downloads\posture_coach_ai\posture_coach\apps\ml_engine\pose_extractor.py", line 116, in __init__
    pose_sol = _get_pose_solution()
  File "C:\Users\saura\Downloads\posture_coach_ai\posture_coach\apps\ml_engine\pose_extractor.py", line 96, in _get_pose_solution
    raise ImportError("Cannot find mediapipe pose solution. Try: pip install mediapipe==0.10.32")
ImportError: Cannot find mediapipe pose solution. Try: pip install mediapipe==0.10.32

[2026-02-15 22:07:15,092] ERROR posture_coach: api_infer error: Cannot find mediapipe pose solution. Try: pip install mediapipe==0.10.32
Traceback (most recent call last):
  File "C:\Users\saura\Downloads\posture_coach_ai\posture_coach\apps\posture_app\views.py", line 119, in api_infer
    engine = _get_engine(session_key, exercise)
  File "C:\Users\saura\Downloads\posture_coach_ai\posture_coach\apps\posture_app\views.py", line 29, in _get_engine
    return get_or_create_engine(session_key, exercise, profiles_dir)
  File "C:\Users\saura\Downloads\posture_coach_ai\posture_coach\apps\ml_engine\inference_engine.py", line 336, in get_or_create_engine
    _engine_registry[session_key] = InferenceEngine(exercise, profiles_dir)
  File "C:\Users\saura\Downloads\posture_coach_ai\posture_coach\apps\ml_engine\inference_engine.py", line 67, in __init__
    self._extractor = PoseExtractor(
  File "C:\Users\saura\Downloads\posture_coach_ai\posture_coach\apps\ml_engine\pose_extractor.py", line 116, in __init__
    pose_sol = _get_pose_solution()
  File "C:\Users\saura\Downloads\posture_coach_ai\posture_coach\apps\ml_engine\pose_extractor.py", line 96, in _get_pose_solution
    raise ImportError("Cannot find mediapipe pose solution. Try: pip install mediapipe==0.10.32")
ImportError: Cannot find mediapipe pose solution. Try: pip install mediapipe==0.10.32

[2026-02-15 22:07:15,209] ERROR posture_coach: api_infer error: Cannot find mediapipe pose solution. Try: pip install mediapipe==0.10.32
Traceback (most recent call last):
  File "C:\Users\saura\Downloads\posture_coach_ai\posture_coach\apps\posture_app\views.py", line 119, in api_infer
    engine = _get_engine(session_key, exercise)
  File "C:\Users\saura\Downloads\posture_coach_ai\posture_coach\apps\posture_app\views.py", line 29, in _get_engine
    return get_or_create_engine(session_key, exercise, profiles_dir)
  File "C:\Users\saura\Downloads\posture_coach_ai\posture_coach\apps\ml_engine\inference_engine.py", line 336, in get_or_create_engine
    _engine_registry[session_key] = InferenceEngine(exercise, profiles_dir)
  File "C:\Users\saura\Downloads\posture_coach_ai\posture_coach\apps\ml_engine\inference_engine.py", line 67, in __init__
    self._extractor = PoseExtractor(
  File "C:\Users\saura\Downloads\posture_coach_ai\posture_coach\apps\ml_engine\pose_extractor.py", line 116, in __init__
    pose_sol = _get_pose_solution()
  File "C:\Users\saura\Downloads\posture_coach_ai\posture_coach\apps\ml_engine\pose_extractor.py", line 96, in _get_pose_solution
    raise ImportError("Cannot find mediapipe pose solution. Try: pip install mediapipe==0.10.32")
ImportError: Cannot find mediapipe pose solution. Try: pip install mediapipe==0.10.32

[2026-02-15 22:07:15,308] ERROR posture_coach: api_infer error: Cannot find mediapipe pose solution. Try: pip install mediapipe==0.10.32
Traceback (most recent call last):
  File "C:\Users\saura\Downloads\posture_coach_ai\posture_coach\apps\posture_app\views.py", line 119, in api_infer
    engine = _get_engine(session_key, exercise)
  File "C:\Users\saura\Downloads\posture_coach_ai\posture_coach\apps\posture_app\views.py", line 29, in _get_engine
    return get_or_create_engine(session_key, exercise, profiles_dir)
  File "C:\Users\saura\Downloads\posture_coach_ai\posture_coach\apps\ml_engine\inference_engine.py", line 336, in get_or_create_engine
    _engine_registry[session_key] = InferenceEngine(exercise, profiles_dir)
  File "C:\Users\saura\Downloads\posture_coach_ai\posture_coach\apps\ml_engine\inference_engine.py", line 67, in __init__
    self._extractor = PoseExtractor(
  File "C:\Users\saura\Downloads\posture_coach_ai\posture_coach\apps\ml_engine\pose_extractor.py", line 116, in __init__
    pose_sol = _get_pose_solution()
  File "C:\Users\saura\Downloads\posture_coach_ai\posture_coach\apps\ml_engine\pose_extractor.py", line 96, in _get_pose_solution
    raise ImportError("Cannot find mediapipe pose solution. Try: pip install mediapipe==0.10.32")
ImportError: Cannot find mediapipe pose solution. Try: pip install mediapipe==0.10.32

[2026-02-15 22:07:15,412] ERROR posture_coach: api_infer error: Cannot find mediapipe pose solution. Try: pip install mediapipe==0.10.32
Traceback (most recent call last):
  File "C:\Users\saura\Downloads\posture_coach_ai\posture_coach\apps\posture_app\views.py", line 119, in api_infer
    engine = _get_engine(session_key, exercise)
  File "C:\Users\saura\Downloads\posture_coach_ai\posture_coach\apps\posture_app\views.py", line 29, in _get_engine
    return get_or_create_engine(session_key, exercise, profiles_dir)
  File "C:\Users\saura\Downloads\posture_coach_ai\posture_coach\apps\ml_engine\inference_engine.py", line 336, in get_or_create_engine
    _engine_registry[session_key] = InferenceEngine(exercise, profiles_dir)
  File "C:\Users\saura\Downloads\posture_coach_ai\posture_coach\apps\ml_engine\inference_engine.py", line 67, in __init__
    self._extractor = PoseExtractor(
  File "C:\Users\saura\Downloads\posture_coach_ai\posture_coach\apps\ml_engine\pose_extractor.py", line 116, in __init__
    pose_sol = _get_pose_solution()
  File "C:\Users\saura\Downloads\posture_coach_ai\posture_coach\apps\ml_engine\pose_extractor.py", line 96, in _get_pose_solution
    raise ImportError("Cannot find mediapipe pose solution. Try: pip install mediapipe==0.10.32")
ImportError: Cannot find mediapipe pose solution. Try: pip install mediapipe==0.10.32

[2026-02-15 22:07:15,510] ERROR posture_coach: api_infer error: Cannot find mediapipe pose solution. Try: pip install mediapipe==0.10.32
Traceback (most recent call last):
  File "C:\Users\saura\Downloads\posture_coach_ai\posture_coach\apps\posture_app\views.py", line 119, in api_infer
    engine = _get_engine(session_key, exercise)
  File "C:\Users\saura\Downloads\posture_coach_ai\posture_coach\apps\posture_app\views.py", line 29, in _get_engine
    return get_or_create_engine(session_key, exercise, profiles_dir)
  File "C:\Users\saura\Downloads\posture_coach_ai\posture_coach\apps\ml_engine\inference_engine.py", line 336, in get_or_create_engine
    _engine_registry[session_key] = InferenceEngine(exercise, profiles_dir)
  File "C:\Users\saura\Downloads\posture_coach_ai\posture_coach\apps\ml_engine\inference_engine.py", line 67, in __init__
    self._extractor = PoseExtractor(
  File "C:\Users\saura\Downloads\posture_coach_ai\posture_coach\apps\ml_engine\pose_extractor.py", line 116, in __init__
    pose_sol = _get_pose_solution()
  File "C:\Users\saura\Downloads\posture_coach_ai\posture_coach\apps\ml_engine\pose_extractor.py", line 96, in _get_pose_solution
    raise ImportError("Cannot find mediapipe pose solution. Try: pip install mediapipe==0.10.32")
ImportError: Cannot find mediapipe pose solution. Try: pip install mediapipe==0.10.32

[2026-02-15 22:07:15,592] ERROR posture_coach: api_infer error: Cannot find mediapipe pose solution. Try: pip install mediapipe==0.10.32
Traceback (most recent call last):
  File "C:\Users\saura\Downloads\posture_coach_ai\posture_coach\apps\posture_app\views.py", line 119, in api_infer
    engine = _get_engine(session_key, exercise)
  File "C:\Users\saura\Downloads\posture_coach_ai\posture_coach\apps\posture_app\views.py", line 29, in _get_engine
    return get_or_create_engine(session_key, exercise, profiles_dir)
  File "C:\Users\saura\Downloads\posture_coach_ai\posture_coach\apps\ml_engine\inference_engine.py", line 336, in get_or_create_engine
    _engine_registry[session_key] = InferenceEngine(exercise, profiles_dir)
  File "C:\Users\saura\Downloads\posture_coach_ai\posture_coach\apps\ml_engine\inference_engine.py", line 67, in __init__
    self._extractor = PoseExtractor(
  File "C:\Users\saura\Downloads\posture_coach_ai\posture_coach\apps\ml_engine\pose_extractor.py", line 116, in __init__
    pose_sol = _get_pose_solution()
  File "C:\Users\saura\Downloads\posture_coach_ai\posture_coach\apps\ml_engine\pose_extractor.py", line 96, in _get_pose_solution
    raise ImportError("Cannot find mediapipe pose solution. Try: pip install mediapipe==0.10.32")
ImportError: Cannot find mediapipe pose solution. Try: pip install mediapipe==0.10.32

[2026-02-15 22:07:15,696] ERROR posture_coach: api_infer error: Cannot find mediapipe pose solution. Try: pip install mediapipe==0.10.32
Traceback (most recent call last):
  File "C:\Users\saura\Downloads\posture_coach_ai\posture_coach\apps\posture_app\views.py", line 119, in api_infer
    engine = _get_engine(session_key, exercise)
  File "C:\Users\saura\Downloads\posture_coach_ai\posture_coach\apps\posture_app\views.py", line 29, in _get_engine
    return get_or_create_engine(session_key, exercise, profiles_dir)
  File "C:\Users\saura\Downloads\posture_coach_ai\posture_coach\apps\ml_engine\inference_engine.py", line 336, in get_or_create_engine
    _engine_registry[session_key] = InferenceEngine(exercise, profiles_dir)
  File "C:\Users\saura\Downloads\posture_coach_ai\posture_coach\apps\ml_engine\inference_engine.py", line 67, in __init__
    self._extractor = PoseExtractor(
  File "C:\Users\saura\Downloads\posture_coach_ai\posture_coach\apps\ml_engine\pose_extractor.py", line 116, in __init__
    pose_sol = _get_pose_solution()
  File "C:\Users\saura\Downloads\posture_coach_ai\posture_coach\apps\ml_engine\pose_extractor.py", line 96, in _get_pose_solution
    raise ImportError("Cannot find mediapipe pose solution. Try: pip install mediapipe==0.10.32")
ImportError: Cannot find mediapipe pose solution. Try: pip install mediapipe==0.10.32

[2026-02-15 22:07:15,794] ERROR posture_coach: api_infer error: Cannot find mediapipe pose solution. Try: pip install mediapipe==0.10.32
Traceback (most recent call last):
  File "C:\Users\saura\Downloads\posture_coach_ai\posture_coach\apps\posture_app\views.py", line 119, in api_infer
    engine = _get_engine(session_key, exercise)
  File "C:\Users\saura\Downloads\posture_coach_ai\posture_coach\apps\posture_app\views.py", line 29, in _get_engine
    return get_or_create_engine(session_key, exercise, profiles_dir)
  File "C:\Users\saura\Downloads\posture_coach_ai\posture_coach\apps\ml_engine\inference_engine.py", line 336, in get_or_create_engine
    _engine_registry[session_key] = InferenceEngine(exercise, profiles_dir)
  File "C:\Users\saura\Downloads\posture_coach_ai\posture_coach\apps\ml_engine\inference_engine.py", line 67, in __init__
    self._extractor = PoseExtractor(
  File "C:\Users\saura\Downloads\posture_coach_ai\posture_coach\apps\ml_engine\pose_extractor.py", line 116, in __init__
    pose_sol = _get_pose_solution()
  File "C:\Users\saura\Downloads\posture_coach_ai\posture_coach\apps\ml_engine\pose_extractor.py", line 96, in _get_pose_solution
    raise ImportError("Cannot find mediapipe pose solution. Try: pip install mediapipe==0.10.32")
ImportError: Cannot find mediapipe pose solution. Try: pip install mediapipe==0.10.32

[2026-02-15 22:07:15,907] ERROR posture_coach: api_infer error: Cannot find mediapipe pose solution. Try: pip install mediapipe==0.10.32
Traceback (most recent call last):
  File "C:\Users\saura\Downloads\posture_coach_ai\posture_coach\apps\posture_app\views.py", line 119, in api_infer
    engine = _get_engine(session_key, exercise)
  File "C:\Users\saura\Downloads\posture_coach_ai\posture_coach\apps\posture_app\views.py", line 29, in _get_engine
    return get_or_create_engine(session_key, exercise, profiles_dir)
  File "C:\Users\saura\Downloads\posture_coach_ai\posture_coach\apps\ml_engine\inference_engine.py", line 336, in get_or_create_engine
    _engine_registry[session_key] = InferenceEngine(exercise, profiles_dir)
  File "C:\Users\saura\Downloads\posture_coach_ai\posture_coach\apps\ml_engine\inference_engine.py", line 67, in __init__
    self._extractor = PoseExtractor(
  File "C:\Users\saura\Downloads\posture_coach_ai\posture_coach\apps\ml_engine\pose_extractor.py", line 116, in __init__
    pose_sol = _get_pose_solution()
  File "C:\Users\saura\Downloads\posture_coach_ai\posture_coach\apps\ml_engine\pose_extractor.py", line 96, in _get_pose_solution
    raise ImportError("Cannot find mediapipe pose solution. Try: pip install mediapipe==0.10.32")
ImportError: Cannot find mediapipe pose solution. Try: pip install mediapipe==0.10.32

[2026-02-15 22:07:16,006] ERROR posture_coach: api_infer error: Cannot find mediapipe pose solution. Try: pip install mediapipe==0.10.32
Traceback (most recent call last):
  File "C:\Users\saura\Downloads\posture_coach_ai\posture_coach\apps\posture_app\views.py", line 119, in api_infer
    engine = _get_engine(session_key, exercise)
  File "C:\Users\saura\Downloads\posture_coach_ai\posture_coach\apps\posture_app\views.py", line 29, in _get_engine
    return get_or_create_engine(session_key, exercise, profiles_dir)
  File "C:\Users\saura\Downloads\posture_coach_ai\posture_coach\apps\ml_engine\inference_engine.py", line 336, in get_or_create_engine
    _engine_registry[session_key] = InferenceEngine(exercise, profiles_dir)
  File "C:\Users\saura\Downloads\posture_coach_ai\posture_coach\apps\ml_engine\inference_engine.py", line 67, in __init__
    self._extractor = PoseExtractor(
  File "C:\Users\saura\Downloads\posture_coach_ai\posture_coach\apps\ml_engine\pose_extractor.py", line 116, in __init__
    pose_sol = _get_pose_solution()
  File "C:\Users\saura\Downloads\posture_coach_ai\posture_coach\apps\ml_engine\pose_extractor.py", line 96, in _get_pose_solution
    raise ImportError("Cannot find mediapipe pose solution. Try: pip install mediapipe==0.10.32")
ImportError: Cannot find mediapipe pose solution. Try: pip install mediapipe==0.10.32

[2026-02-15 22:07:16,108] ERROR posture_coach: api_infer error: Cannot find mediapipe pose solution. Try: pip install mediapipe==0.10.32
Traceback (most recent call last):
  File "C:\Users\saura\Downloads\posture_coach_ai\posture_coach\apps\posture_app\views.py", line 119, in api_infer
    engine = _get_engine(session_key, exercise)
  File "C:\Users\saura\Downloads\posture_coach_ai\posture_coach\apps\posture_app\views.py", line 29, in _get_engine
    return get_or_create_engine(session_key, exercise, profiles_dir)
  File "C:\Users\saura\Downloads\posture_coach_ai\posture_coach\apps\ml_engine\inference_engine.py", line 336, in get_or_create_engine
    _engine_registry[session_key] = InferenceEngine(exercise, profiles_dir)
  File "C:\Users\saura\Downloads\posture_coach_ai\posture_coach\apps\ml_engine\inference_engine.py", line 67, in __init__
    self._extractor = PoseExtractor(
  File "C:\Users\saura\Downloads\posture_coach_ai\posture_coach\apps\ml_engine\pose_extractor.py", line 116, in __init__
    pose_sol = _get_pose_solution()
  File "C:\Users\saura\Downloads\posture_coach_ai\posture_coach\apps\ml_engine\pose_extractor.py", line 96, in _get_pose_solution
    raise ImportError("Cannot find mediapipe pose solution. Try: pip install mediapipe==0.10.32")
ImportError: Cannot find mediapipe pose solution. Try: pip install mediapipe==0.10.32

[2026-02-15 22:07:16,193] ERROR posture_coach: api_infer error: Cannot find mediapipe pose solution. Try: pip install mediapipe==0.10.32
Traceback (most recent call last):
  File "C:\Users\saura\Downloads\posture_coach_ai\posture_coach\apps\posture_app\views.py", line 119, in api_infer
    engine = _get_engine(session_key, exercise)
  File "C:\Users\saura\Downloads\posture_coach_ai\posture_coach\apps\posture_app\views.py", line 29, in _get_engine
    return get_or_create_engine(session_key, exercise, profiles_dir)
  File "C:\Users\saura\Downloads\posture_coach_ai\posture_coach\apps\ml_engine\inference_engine.py", line 336, in get_or_create_engine
    _engine_registry[session_key] = InferenceEngine(exercise, profiles_dir)
  File "C:\Users\saura\Downloads\posture_coach_ai\posture_coach\apps\ml_engine\inference_engine.py", line 67, in __init__
    self._extractor = PoseExtractor(
  File "C:\Users\saura\Downloads\posture_coach_ai\posture_coach\apps\ml_engine\pose_extractor.py", line 116, in __init__
    pose_sol = _get_pose_solution()
  File "C:\Users\saura\Downloads\posture_coach_ai\posture_coach\apps\ml_engine\pose_extractor.py", line 96, in _get_pose_solution
    raise ImportError("Cannot find mediapipe pose solution. Try: pip install mediapipe==0.10.32")
ImportError: Cannot find mediapipe pose solution. Try: pip install mediapipe==0.10.32

[2026-02-15 22:07:16,306] ERROR posture_coach: api_infer error: Cannot find mediapipe pose solution. Try: pip install mediapipe==0.10.32
Traceback (most recent call last):
  File "C:\Users\saura\Downloads\posture_coach_ai\posture_coach\apps\posture_app\views.py", line 119, in api_infer
    engine = _get_engine(session_key, exercise)
  File "C:\Users\saura\Downloads\posture_coach_ai\posture_coach\apps\posture_app\views.py", line 29, in _get_engine
    return get_or_create_engine(session_key, exercise, profiles_dir)
  File "C:\Users\saura\Downloads\posture_coach_ai\posture_coach\apps\ml_engine\inference_engine.py", line 336, in get_or_create_engine
    _engine_registry[session_key] = InferenceEngine(exercise, profiles_dir)
  File "C:\Users\saura\Downloads\posture_coach_ai\posture_coach\apps\ml_engine\inference_engine.py", line 67, in __init__
    self._extractor = PoseExtractor(
  File "C:\Users\saura\Downloads\posture_coach_ai\posture_coach\apps\ml_engine\pose_extractor.py", line 116, in __init__
    pose_sol = _get_pose_solution()
  File "C:\Users\saura\Downloads\posture_coach_ai\posture_coach\apps\ml_engine\pose_extractor.py", line 96, in _get_pose_solution
    raise ImportError("Cannot find mediapipe pose solution. Try: pip install mediapipe==0.10.32")
ImportError: Cannot find mediapipe pose solution. Try: pip install mediapipe==0.10.32

[2026-02-15 22:07:16,405] ERROR posture_coach: api_infer error: Cannot find mediapipe pose solution. Try: pip install mediapipe==0.10.32
Traceback (most recent call last):
  File "C:\Users\saura\Downloads\posture_coach_ai\posture_coach\apps\posture_app\views.py", line 119, in api_infer
    engine = _get_engine(session_key, exercise)
  File "C:\Users\saura\Downloads\posture_coach_ai\posture_coach\apps\posture_app\views.py", line 29, in _get_engine
    return get_or_create_engine(session_key, exercise, profiles_dir)
  File "C:\Users\saura\Downloads\posture_coach_ai\posture_coach\apps\ml_engine\inference_engine.py", line 336, in get_or_create_engine
    _engine_registry[session_key] = InferenceEngine(exercise, profiles_dir)
  File "C:\Users\saura\Downloads\posture_coach_ai\posture_coach\apps\ml_engine\inference_engine.py", line 67, in __init__
    self._extractor = PoseExtractor(
  File "C:\Users\saura\Downloads\posture_coach_ai\posture_coach\apps\ml_engine\pose_extractor.py", line 116, in __init__
    pose_sol = _get_pose_solution()
  File "C:\Users\saura\Downloads\posture_coach_ai\posture_coach\apps\ml_engine\pose_extractor.py", line 96, in _get_pose_solution
    raise ImportError("Cannot find mediapipe pose solution. Try: pip install mediapipe==0.10.32")
ImportError: Cannot find mediapipe pose solution. Try: pip install mediapipe==0.10.32

[2026-02-15 22:07:16,493] ERROR posture_coach: api_infer error: Cannot find mediapipe pose solution. Try: pip install mediapipe==0.10.32
Traceback (most recent call last):
  File "C:\Users\saura\Downloads\posture_coach_ai\posture_coach\apps\posture_app\views.py", line 119, in api_infer
    engine = _get_engine(session_key, exercise)
  File "C:\Users\saura\Downloads\posture_coach_ai\posture_coach\apps\posture_app\views.py", line 29, in _get_engine
    return get_or_create_engine(session_key, exercise, profiles_dir)
  File "C:\Users\saura\Downloads\posture_coach_ai\posture_coach\apps\ml_engine\inference_engine.py", line 336, in get_or_create_engine
    _engine_registry[session_key] = InferenceEngine(exercise, profiles_dir)
  File "C:\Users\saura\Downloads\posture_coach_ai\posture_coach\apps\ml_engine\inference_engine.py", line 67, in __init__
    self._extractor = PoseExtractor(
  File "C:\Users\saura\Downloads\posture_coach_ai\posture_coach\apps\ml_engine\pose_extractor.py", line 116, in __init__
    pose_sol = _get_pose_solution()
  File "C:\Users\saura\Downloads\posture_coach_ai\posture_coach\apps\ml_engine\pose_extractor.py", line 96, in _get_pose_solution
    raise ImportError("Cannot find mediapipe pose solution. Try: pip install mediapipe==0.10.32")
ImportError: Cannot find mediapipe pose solution. Try: pip install mediapipe==0.10.32

[2026-02-15 22:07:16,604] ERROR posture_coach: api_infer error: Cannot find mediapipe pose solution. Try: pip install mediapipe==0.10.32
Traceback (most recent call last):
  File "C:\Users\saura\Downloads\posture_coach_ai\posture_coach\apps\posture_app\views.py", line 119, in api_infer
    engine = _get_engine(session_key, exercise)
  File "C:\Users\saura\Downloads\posture_coach_ai\posture_coach\apps\posture_app\views.py", line 29, in _get_engine
    return get_or_create_engine(session_key, exercise, profiles_dir)
  File "C:\Users\saura\Downloads\posture_coach_ai\posture_coach\apps\ml_engine\inference_engine.py", line 336, in get_or_create_engine
    _engine_registry[session_key] = InferenceEngine(exercise, profiles_dir)
  File "C:\Users\saura\Downloads\posture_coach_ai\posture_coach\apps\ml_engine\inference_engine.py", line 67, in __init__
    self._extractor = PoseExtractor(
  File "C:\Users\saura\Downloads\posture_coach_ai\posture_coach\apps\ml_engine\pose_extractor.py", line 116, in __init__
    pose_sol = _get_pose_solution()
  File "C:\Users\saura\Downloads\posture_coach_ai\posture_coach\apps\ml_engine\pose_extractor.py", line 96, in _get_pose_solution
    raise ImportError("Cannot find mediapipe pose solution. Try: pip install mediapipe==0.10.32")
ImportError: Cannot find mediapipe pose solution. Try: pip install mediapipe==0.10.32

[2026-02-15 22:07:16,707] ERROR posture_coach: api_infer error: Cannot find mediapipe pose solution. Try: pip install mediapipe==0.10.32
Traceback (most recent call last):
  File "C:\Users\saura\Downloads\posture_coach_ai\posture_coach\apps\posture_app\views.py", line 119, in api_infer
    engine = _get_engine(session_key, exercise)
  File "C:\Users\saura\Downloads\posture_coach_ai\posture_coach\apps\posture_app\views.py", line 29, in _get_engine
    return get_or_create_engine(session_key, exercise, profiles_dir)
  File "C:\Users\saura\Downloads\posture_coach_ai\posture_coach\apps\ml_engine\inference_engine.py", line 336, in get_or_create_engine
    _engine_registry[session_key] = InferenceEngine(exercise, profiles_dir)
  File "C:\Users\saura\Downloads\posture_coach_ai\posture_coach\apps\ml_engine\inference_engine.py", line 67, in __init__
    self._extractor = PoseExtractor(
  File "C:\Users\saura\Downloads\posture_coach_ai\posture_coach\apps\ml_engine\pose_extractor.py", line 116, in __init__
    pose_sol = _get_pose_solution()
  File "C:\Users\saura\Downloads\posture_coach_ai\posture_coach\apps\ml_engine\pose_extractor.py", line 96, in _get_pose_solution
    raise ImportError("Cannot find mediapipe pose solution. Try: pip install mediapipe==0.10.32")
ImportError: Cannot find mediapipe pose solution. Try: pip install mediapipe==0.10.32

[2026-02-15 22:07:16,809] ERROR posture_coach: api_infer error: Cannot find mediapipe pose solution. Try: pip install mediapipe==0.10.32
Traceback (most recent call last):
  File "C:\Users\saura\Downloads\posture_coach_ai\posture_coach\apps\posture_app\views.py", line 119, in api_infer
    engine = _get_engine(session_key, exercise)
  File "C:\Users\saura\Downloads\posture_coach_ai\posture_coach\apps\posture_app\views.py", line 29, in _get_engine
    return get_or_create_engine(session_key, exercise, profiles_dir)
  File "C:\Users\saura\Downloads\posture_coach_ai\posture_coach\apps\ml_engine\inference_engine.py", line 336, in get_or_create_engine
    _engine_registry[session_key] = InferenceEngine(exercise, profiles_dir)
  File "C:\Users\saura\Downloads\posture_coach_ai\posture_coach\apps\ml_engine\inference_engine.py", line 67, in __init__
    self._extractor = PoseExtractor(
  File "C:\Users\saura\Downloads\posture_coach_ai\posture_coach\apps\ml_engine\pose_extractor.py", line 116, in __init__
    pose_sol = _get_pose_solution()
  File "C:\Users\saura\Downloads\posture_coach_ai\posture_coach\apps\ml_engine\pose_extractor.py", line 96, in _get_pose_solution
    raise ImportError("Cannot find mediapipe pose solution. Try: pip install mediapipe==0.10.32")
ImportError: Cannot find mediapipe pose solution. Try: pip install mediapipe==0.10.32

[2026-02-15 22:07:16,912] ERROR posture_coach: api_infer error: Cannot find mediapipe pose solution. Try: pip install mediapipe==0.10.32
Traceback (most recent call last):
  File "C:\Users\saura\Downloads\posture_coach_ai\posture_coach\apps\posture_app\views.py", line 119, in api_infer
    engine = _get_engine(session_key, exercise)
  File "C:\Users\saura\Downloads\posture_coach_ai\posture_coach\apps\posture_app\views.py", line 29, in _get_engine
    return get_or_create_engine(session_key, exercise, profiles_dir)
  File "C:\Users\saura\Downloads\posture_coach_ai\posture_coach\apps\ml_engine\inference_engine.py", line 336, in get_or_create_engine
    _engine_registry[session_key] = InferenceEngine(exercise, profiles_dir)
  File "C:\Users\saura\Downloads\posture_coach_ai\posture_coach\apps\ml_engine\inference_engine.py", line 67, in __init__
    self._extractor = PoseExtractor(
  File "C:\Users\saura\Downloads\posture_coach_ai\posture_coach\apps\ml_engine\pose_extractor.py", line 116, in __init__
    pose_sol = _get_pose_solution()
  File "C:\Users\saura\Downloads\posture_coach_ai\posture_coach\apps\ml_engine\pose_extractor.py", line 96, in _get_pose_solution
    raise ImportError("Cannot find mediapipe pose solution. Try: pip install mediapipe==0.10.32")
ImportError: Cannot find mediapipe pose solution. Try: pip install mediapipe==0.10.32

[2026-02-15 22:07:17,027] ERROR posture_coach: api_infer error: Cannot find mediapipe pose solution. Try: pip install mediapipe==0.10.32
Traceback (most recent call last):
  File "C:\Users\saura\Downloads\posture_coach_ai\posture_coach\apps\posture_app\views.py", line 119, in api_infer
    engine = _get_engine(session_key, exercise)
  File "C:\Users\saura\Downloads\posture_coach_ai\posture_coach\apps\posture_app\views.py", line 29, in _get_engine
    return get_or_create_engine(session_key, exercise, profiles_dir)
  File "C:\Users\saura\Downloads\posture_coach_ai\posture_coach\apps\ml_engine\inference_engine.py", line 336, in get_or_create_engine
    _engine_registry[session_key] = InferenceEngine(exercise, profiles_dir)
  File "C:\Users\saura\Downloads\posture_coach_ai\posture_coach\apps\ml_engine\inference_engine.py", line 67, in __init__
    self._extractor = PoseExtractor(
  File "C:\Users\saura\Downloads\posture_coach_ai\posture_coach\apps\ml_engine\pose_extractor.py", line 116, in __init__
    pose_sol = _get_pose_solution()
  File "C:\Users\saura\Downloads\posture_coach_ai\posture_coach\apps\ml_engine\pose_extractor.py", line 96, in _get_pose_solution
    raise ImportError("Cannot find mediapipe pose solution. Try: pip install mediapipe==0.10.32")
ImportError: Cannot find mediapipe pose solution. Try: pip install mediapipe==0.10.32

[2026-02-15 22:07:17,111] ERROR posture_coach: api_infer error: Cannot find mediapipe pose solution. Try: pip install mediapipe==0.10.32
Traceback (most recent call last):
  File "C:\Users\saura\Downloads\posture_coach_ai\posture_coach\apps\posture_app\views.py", line 119, in api_infer
    engine = _get_engine(session_key, exercise)
  File "C:\Users\saura\Downloads\posture_coach_ai\posture_coach\apps\posture_app\views.py", line 29, in _get_engine
    return get_or_create_engine(session_key, exercise, profiles_dir)
  File "C:\Users\saura\Downloads\posture_coach_ai\posture_coach\apps\ml_engine\inference_engine.py", line 336, in get_or_create_engine
    _engine_registry[session_key] = InferenceEngine(exercise, profiles_dir)
  File "C:\Users\saura\Downloads\posture_coach_ai\posture_coach\apps\ml_engine\inference_engine.py", line 67, in __init__
    self._extractor = PoseExtractor(
  File "C:\Users\saura\Downloads\posture_coach_ai\posture_coach\apps\ml_engine\pose_extractor.py", line 116, in __init__
    pose_sol = _get_pose_solution()
  File "C:\Users\saura\Downloads\posture_coach_ai\posture_coach\apps\ml_engine\pose_extractor.py", line 96, in _get_pose_solution
    raise ImportError("Cannot find mediapipe pose solution. Try: pip install mediapipe==0.10.32")
ImportError: Cannot find mediapipe pose solution. Try: pip install mediapipe==0.10.32

[2026-02-15 22:07:17,200] ERROR posture_coach: api_infer error: Cannot find mediapipe pose solution. Try: pip install mediapipe==0.10.32
Traceback (most recent call last):
  File "C:\Users\saura\Downloads\posture_coach_ai\posture_coach\apps\posture_app\views.py", line 119, in api_infer
    engine = _get_engine(session_key, exercise)
  File "C:\Users\saura\Downloads\posture_coach_ai\posture_coach\apps\posture_app\views.py", line 29, in _get_engine
    return get_or_create_engine(session_key, exercise, profiles_dir)
  File "C:\Users\saura\Downloads\posture_coach_ai\posture_coach\apps\ml_engine\inference_engine.py", line 336, in get_or_create_engine
    _engine_registry[session_key] = InferenceEngine(exercise, profiles_dir)
  File "C:\Users\saura\Downloads\posture_coach_ai\posture_coach\apps\ml_engine\inference_engine.py", line 67, in __init__
    self._extractor = PoseExtractor(
  File "C:\Users\saura\Downloads\posture_coach_ai\posture_coach\apps\ml_engine\pose_extractor.py", line 116, in __init__
    pose_sol = _get_pose_solution()
  File "C:\Users\saura\Downloads\posture_coach_ai\posture_coach\apps\ml_engine\pose_extractor.py", line 96, in _get_pose_solution
    raise ImportError("Cannot find mediapipe pose solution. Try: pip install mediapipe==0.10.32")
ImportError: Cannot find mediapipe pose solution. Try: pip install mediapipe==0.10.32

[2026-02-15 22:07:17,309] ERROR posture_coach: api_infer error: Cannot find mediapipe pose solution. Try: pip install mediapipe==0.10.32
Traceback (most recent call last):
  File "C:\Users\saura\Downloads\posture_coach_ai\posture_coach\apps\posture_app\views.py", line 119, in api_infer
    engine = _get_engine(session_key, exercise)
  File "C:\Users\saura\Downloads\posture_coach_ai\posture_coach\apps\posture_app\views.py", line 29, in _get_engine
    return get_or_create_engine(session_key, exercise, profiles_dir)
  File "C:\Users\saura\Downloads\posture_coach_ai\posture_coach\apps\ml_engine\inference_engine.py", line 336, in get_or_create_engine
    _engine_registry[session_key] = InferenceEngine(exercise, profiles_dir)
  File "C:\Users\saura\Downloads\posture_coach_ai\posture_coach\apps\ml_engine\inference_engine.py", line 67, in __init__
    self._extractor = PoseExtractor(
  File "C:\Users\saura\Downloads\posture_coach_ai\posture_coach\apps\ml_engine\pose_extractor.py", line 116, in __init__
    pose_sol = _get_pose_solution()
  File "C:\Users\saura\Downloads\posture_coach_ai\posture_coach\apps\ml_engine\pose_extractor.py", line 96, in _get_pose_solution
    raise ImportError("Cannot find mediapipe pose solution. Try: pip install mediapipe==0.10.32")
ImportError: Cannot find mediapipe pose solution. Try: pip install mediapipe==0.10.32

[2026-02-15 22:07:17,399] ERROR posture_coach: api_infer error: Cannot find mediapipe pose solution. Try: pip install mediapipe==0.10.32
Traceback (most recent call last):
  File "C:\Users\saura\Downloads\posture_coach_ai\posture_coach\apps\posture_app\views.py", line 119, in api_infer
    engine = _get_engine(session_key, exercise)
  File "C:\Users\saura\Downloads\posture_coach_ai\posture_coach\apps\posture_app\views.py", line 29, in _get_engine
    return get_or_create_engine(session_key, exercise, profiles_dir)
  File "C:\Users\saura\Downloads\posture_coach_ai\posture_coach\apps\ml_engine\inference_engine.py", line 336, in get_or_create_engine
    _engine_registry[session_key] = InferenceEngine(exercise, profiles_dir)
  File "C:\Users\saura\Downloads\posture_coach_ai\posture_coach\apps\ml_engine\inference_engine.py", line 67, in __init__
    self._extractor = PoseExtractor(
  File "C:\Users\saura\Downloads\posture_coach_ai\posture_coach\apps\ml_engine\pose_extractor.py", line 116, in __init__
    pose_sol = _get_pose_solution()
  File "C:\Users\saura\Downloads\posture_coach_ai\posture_coach\apps\ml_engine\pose_extractor.py", line 96, in _get_pose_solution
    raise ImportError("Cannot find mediapipe pose solution. Try: pip install mediapipe==0.10.32")
ImportError: Cannot find mediapipe pose solution. Try: pip install mediapipe==0.10.32

[2026-02-15 22:07:17,513] ERROR posture_coach: api_infer error: Cannot find mediapipe pose solution. Try: pip install mediapipe==0.10.32
Traceback (most recent call last):
  File "C:\Users\saura\Downloads\posture_coach_ai\posture_coach\apps\posture_app\views.py", line 119, in api_infer
    engine = _get_engine(session_key, exercise)
  File "C:\Users\saura\Downloads\posture_coach_ai\posture_coach\apps\posture_app\views.py", line 29, in _get_engine
    return get_or_create_engine(session_key, exercise, profiles_dir)
  File "C:\Users\saura\Downloads\posture_coach_ai\posture_coach\apps\ml_engine\inference_engine.py", line 336, in get_or_create_engine
    _engine_registry[session_key] = InferenceEngine(exercise, profiles_dir)
  File "C:\Users\saura\Downloads\posture_coach_ai\posture_coach\apps\ml_engine\inference_engine.py", line 67, in __init__
    self._extractor = PoseExtractor(
  File "C:\Users\saura\Downloads\posture_coach_ai\posture_coach\apps\ml_engine\pose_extractor.py", line 116, in __init__
    pose_sol = _get_pose_solution()
  File "C:\Users\saura\Downloads\posture_coach_ai\posture_coach\apps\ml_engine\pose_extractor.py", line 96, in _get_pose_solution
    raise ImportError("Cannot find mediapipe pose solution. Try: pip install mediapipe==0.10.32")
ImportError: Cannot find mediapipe pose solution. Try: pip install mediapipe==0.10.32

[2026-02-15 22:07:17,606] ERROR posture_coach: api_infer error: Cannot find mediapipe pose solution. Try: pip install mediapipe==0.10.32
Traceback (most recent call last):
  File "C:\Users\saura\Downloads\posture_coach_ai\posture_coach\apps\posture_app\views.py", line 119, in api_infer
    engine = _get_engine(session_key, exercise)
  File "C:\Users\saura\Downloads\posture_coach_ai\posture_coach\apps\posture_app\views.py", line 29, in _get_engine
    return get_or_create_engine(session_key, exercise, profiles_dir)
  File "C:\Users\saura\Downloads\posture_coach_ai\posture_coach\apps\ml_engine\inference_engine.py", line 336, in get_or_create_engine
    _engine_registry[session_key] = InferenceEngine(exercise, profiles_dir)
  File "C:\Users\saura\Downloads\posture_coach_ai\posture_coach\apps\ml_engine\inference_engine.py", line 67, in __init__
    self._extractor = PoseExtractor(
  File "C:\Users\saura\Downloads\posture_coach_ai\posture_coach\apps\ml_engine\pose_extractor.py", line 116, in __init__
    pose_sol = _get_pose_solution()
  File "C:\Users\saura\Downloads\posture_coach_ai\posture_coach\apps\ml_engine\pose_extractor.py", line 96, in _get_pose_solution
    raise ImportError("Cannot find mediapipe pose solution. Try: pip install mediapipe==0.10.32")
ImportError: Cannot find mediapipe pose solution. Try: pip install mediapipe==0.10.32

[2026-02-15 22:07:17,710] ERROR posture_coach: api_infer error: Cannot find mediapipe pose solution. Try: pip install mediapipe==0.10.32
Traceback (most recent call last):
  File "C:\Users\saura\Downloads\posture_coach_ai\posture_coach\apps\posture_app\views.py", line 119, in api_infer
    engine = _get_engine(session_key, exercise)
  File "C:\Users\saura\Downloads\posture_coach_ai\posture_coach\apps\posture_app\views.py", line 29, in _get_engine
    return get_or_create_engine(session_key, exercise, profiles_dir)
  File "C:\Users\saura\Downloads\posture_coach_ai\posture_coach\apps\ml_engine\inference_engine.py", line 336, in get_or_create_engine
    _engine_registry[session_key] = InferenceEngine(exercise, profiles_dir)
  File "C:\Users\saura\Downloads\posture_coach_ai\posture_coach\apps\ml_engine\inference_engine.py", line 67, in __init__
    self._extractor = PoseExtractor(
  File "C:\Users\saura\Downloads\posture_coach_ai\posture_coach\apps\ml_engine\pose_extractor.py", line 116, in __init__
    pose_sol = _get_pose_solution()
  File "C:\Users\saura\Downloads\posture_coach_ai\posture_coach\apps\ml_engine\pose_extractor.py", line 96, in _get_pose_solution
    raise ImportError("Cannot find mediapipe pose solution. Try: pip install mediapipe==0.10.32")
ImportError: Cannot find mediapipe pose solution. Try: pip install mediapipe==0.10.32

[2026-02-15 22:07:17,804] ERROR posture_coach: api_infer error: Cannot find mediapipe pose solution. Try: pip install mediapipe==0.10.32
Traceback (most recent call last):
  File "C:\Users\saura\Downloads\posture_coach_ai\posture_coach\apps\posture_app\views.py", line 119, in api_infer
    engine = _get_engine(session_key, exercise)
  File "C:\Users\saura\Downloads\posture_coach_ai\posture_coach\apps\posture_app\views.py", line 29, in _get_engine
    return get_or_create_engine(session_key, exercise, profiles_dir)
  File "C:\Users\saura\Downloads\posture_coach_ai\posture_coach\apps\ml_engine\inference_engine.py", line 336, in get_or_create_engine
    _engine_registry[session_key] = InferenceEngine(exercise, profiles_dir)
  File "C:\Users\saura\Downloads\posture_coach_ai\posture_coach\apps\ml_engine\inference_engine.py", line 67, in __init__
    self._extractor = PoseExtractor(
  File "C:\Users\saura\Downloads\posture_coach_ai\posture_coach\apps\ml_engine\pose_extractor.py", line 116, in __init__
    pose_sol = _get_pose_solution()
  File "C:\Users\saura\Downloads\posture_coach_ai\posture_coach\apps\ml_engine\pose_extractor.py", line 96, in _get_pose_solution
    raise ImportError("Cannot find mediapipe pose solution. Try: pip install mediapipe==0.10.32")
ImportError: Cannot find mediapipe pose solution. Try: pip install mediapipe==0.10.32

[2026-02-15 22:07:17,908] ERROR posture_coach: api_infer error: Cannot find mediapipe pose solution. Try: pip install mediapipe==0.10.32
Traceback (most recent call last):
  File "C:\Users\saura\Downloads\posture_coach_ai\posture_coach\apps\posture_app\views.py", line 119, in api_infer
    engine = _get_engine(session_key, exercise)
  File "C:\Users\saura\Downloads\posture_coach_ai\posture_coach\apps\posture_app\views.py", line 29, in _get_engine
    return get_or_create_engine(session_key, exercise, profiles_dir)
  File "C:\Users\saura\Downloads\posture_coach_ai\posture_coach\apps\ml_engine\inference_engine.py", line 336, in get_or_create_engine
    _engine_registry[session_key] = InferenceEngine(exercise, profiles_dir)
  File "C:\Users\saura\Downloads\posture_coach_ai\posture_coach\apps\ml_engine\inference_engine.py", line 67, in __init__
    self._extractor = PoseExtractor(
  File "C:\Users\saura\Downloads\posture_coach_ai\posture_coach\apps\ml_engine\pose_extractor.py", line 116, in __init__
    pose_sol = _get_pose_solution()
  File "C:\Users\saura\Downloads\posture_coach_ai\posture_coach\apps\ml_engine\pose_extractor.py", line 96, in _get_pose_solution
    raise ImportError("Cannot find mediapipe pose solution. Try: pip install mediapipe==0.10.32")
ImportError: Cannot find mediapipe pose solution. Try: pip install mediapipe==0.10.32

[2026-02-15 22:07:18,006] ERROR posture_coach: api_infer error: Cannot find mediapipe pose solution. Try: pip install mediapipe==0.10.32
Traceback (most recent call last):
  File "C:\Users\saura\Downloads\posture_coach_ai\posture_coach\apps\posture_app\views.py", line 119, in api_infer
    engine = _get_engine(session_key, exercise)
  File "C:\Users\saura\Downloads\posture_coach_ai\posture_coach\apps\posture_app\views.py", line 29, in _get_engine
    return get_or_create_engine(session_key, exercise, profiles_dir)
  File "C:\Users\saura\Downloads\posture_coach_ai\posture_coach\apps\ml_engine\inference_engine.py", line 336, in get_or_create_engine
    _engine_registry[session_key] = InferenceEngine(exercise, profiles_dir)
  File "C:\Users\saura\Downloads\posture_coach_ai\posture_coach\apps\ml_engine\inference_engine.py", line 67, in __init__
    self._extractor = PoseExtractor(
  File "C:\Users\saura\Downloads\posture_coach_ai\posture_coach\apps\ml_engine\pose_extractor.py", line 116, in __init__
    pose_sol = _get_pose_solution()
  File "C:\Users\saura\Downloads\posture_coach_ai\posture_coach\apps\ml_engine\pose_extractor.py", line 96, in _get_pose_solution
    raise ImportError("Cannot find mediapipe pose solution. Try: pip install mediapipe==0.10.32")
ImportError: Cannot find mediapipe pose solution. Try: pip install mediapipe==0.10.32

[2026-02-15 22:07:18,107] ERROR posture_coach: api_infer error: Cannot find mediapipe pose solution. Try: pip install mediapipe==0.10.32
Traceback (most recent call last):
  File "C:\Users\saura\Downloads\posture_coach_ai\posture_coach\apps\posture_app\views.py", line 119, in api_infer
    engine = _get_engine(session_key, exercise)
  File "C:\Users\saura\Downloads\posture_coach_ai\posture_coach\apps\posture_app\views.py", line 29, in _get_engine
    return get_or_create_engine(session_key, exercise, profiles_dir)
  File "C:\Users\saura\Downloads\posture_coach_ai\posture_coach\apps\ml_engine\inference_engine.py", line 336, in get_or_create_engine
    _engine_registry[session_key] = InferenceEngine(exercise, profiles_dir)
  File "C:\Users\saura\Downloads\posture_coach_ai\posture_coach\apps\ml_engine\inference_engine.py", line 67, in __init__
    self._extractor = PoseExtractor(
  File "C:\Users\saura\Downloads\posture_coach_ai\posture_coach\apps\ml_engine\pose_extractor.py", line 116, in __init__
    pose_sol = _get_pose_solution()
  File "C:\Users\saura\Downloads\posture_coach_ai\posture_coach\apps\ml_engine\pose_extractor.py", line 96, in _get_pose_solution
    raise ImportError("Cannot find mediapipe pose solution. Try: pip install mediapipe==0.10.32")
ImportError: Cannot find mediapipe pose solution. Try: pip install mediapipe==0.10.32

[2026-02-15 22:07:18,205] ERROR posture_coach: api_infer error: Cannot find mediapipe pose solution. Try: pip install mediapipe==0.10.32
Traceback (most recent call last):
  File "C:\Users\saura\Downloads\posture_coach_ai\posture_coach\apps\posture_app\views.py", line 119, in api_infer
    engine = _get_engine(session_key, exercise)
  File "C:\Users\saura\Downloads\posture_coach_ai\posture_coach\apps\posture_app\views.py", line 29, in _get_engine
    return get_or_create_engine(session_key, exercise, profiles_dir)
  File "C:\Users\saura\Downloads\posture_coach_ai\posture_coach\apps\ml_engine\inference_engine.py", line 336, in get_or_create_engine
    _engine_registry[session_key] = InferenceEngine(exercise, profiles_dir)
  File "C:\Users\saura\Downloads\posture_coach_ai\posture_coach\apps\ml_engine\inference_engine.py", line 67, in __init__
    self._extractor = PoseExtractor(
  File "C:\Users\saura\Downloads\posture_coach_ai\posture_coach\apps\ml_engine\pose_extractor.py", line 116, in __init__
    pose_sol = _get_pose_solution()
  File "C:\Users\saura\Downloads\posture_coach_ai\posture_coach\apps\ml_engine\pose_extractor.py", line 96, in _get_pose_solution
    raise ImportError("Cannot find mediapipe pose solution. Try: pip install mediapipe==0.10.32")
ImportError: Cannot find mediapipe pose solution. Try: pip install mediapipe==0.10.32

[2026-02-15 22:07:18,304] ERROR posture_coach: api_infer error: Cannot find mediapipe pose solution. Try: pip install mediapipe==0.10.32
Traceback (most recent call last):
  File "C:\Users\saura\Downloads\posture_coach_ai\posture_coach\apps\posture_app\views.py", line 119, in api_infer
    engine = _get_engine(session_key, exercise)
  File "C:\Users\saura\Downloads\posture_coach_ai\posture_coach\apps\posture_app\views.py", line 29, in _get_engine
    return get_or_create_engine(session_key, exercise, profiles_dir)
  File "C:\Users\saura\Downloads\posture_coach_ai\posture_coach\apps\ml_engine\inference_engine.py", line 336, in get_or_create_engine
    _engine_registry[session_key] = InferenceEngine(exercise, profiles_dir)
  File "C:\Users\saura\Downloads\posture_coach_ai\posture_coach\apps\ml_engine\inference_engine.py", line 67, in __init__
    self._extractor = PoseExtractor(
  File "C:\Users\saura\Downloads\posture_coach_ai\posture_coach\apps\ml_engine\pose_extractor.py", line 116, in __init__
    pose_sol = _get_pose_solution()
  File "C:\Users\saura\Downloads\posture_coach_ai\posture_coach\apps\ml_engine\pose_extractor.py", line 96, in _get_pose_solution
    raise ImportError("Cannot find mediapipe pose solution. Try: pip install mediapipe==0.10.32")
ImportError: Cannot find mediapipe pose solution. Try: pip install mediapipe==0.10.32

[2026-02-15 22:07:18,405] ERROR posture_coach: api_infer error: Cannot find mediapipe pose solution. Try: pip install mediapipe==0.10.32
Traceback (most recent call last):
  File "C:\Users\saura\Downloads\posture_coach_ai\posture_coach\apps\posture_app\views.py", line 119, in api_infer
    engine = _get_engine(session_key, exercise)
  File "C:\Users\saura\Downloads\posture_coach_ai\posture_coach\apps\posture_app\views.py", line 29, in _get_engine
    return get_or_create_engine(session_key, exercise, profiles_dir)
  File "C:\Users\saura\Downloads\posture_coach_ai\posture_coach\apps\ml_engine\inference_engine.py", line 336, in get_or_create_engine
    _engine_registry[session_key] = InferenceEngine(exercise, profiles_dir)
  File "C:\Users\saura\Downloads\posture_coach_ai\posture_coach\apps\ml_engine\inference_engine.py", line 67, in __init__
    self._extractor = PoseExtractor(
  File "C:\Users\saura\Downloads\posture_coach_ai\posture_coach\apps\ml_engine\pose_extractor.py", line 116, in __init__
    pose_sol = _get_pose_solution()
  File "C:\Users\saura\Downloads\posture_coach_ai\posture_coach\apps\ml_engine\pose_extractor.py", line 96, in _get_pose_solution
    raise ImportError("Cannot find mediapipe pose solution. Try: pip install mediapipe==0.10.32")
ImportError: Cannot find mediapipe pose solution. Try: pip install mediapipe==0.10.32

[2026-02-15 22:07:18,505] ERROR posture_coach: api_infer error: Cannot find mediapipe pose solution. Try: pip install mediapipe==0.10.32
Traceback (most recent call last):
  File "C:\Users\saura\Downloads\posture_coach_ai\posture_coach\apps\posture_app\views.py", line 119, in api_infer
    engine = _get_engine(session_key, exercise)
  File "C:\Users\saura\Downloads\posture_coach_ai\posture_coach\apps\posture_app\views.py", line 29, in _get_engine
    return get_or_create_engine(session_key, exercise, profiles_dir)
  File "C:\Users\saura\Downloads\posture_coach_ai\posture_coach\apps\ml_engine\inference_engine.py", line 336, in get_or_create_engine
    _engine_registry[session_key] = InferenceEngine(exercise, profiles_dir)
  File "C:\Users\saura\Downloads\posture_coach_ai\posture_coach\apps\ml_engine\inference_engine.py", line 67, in __init__
    self._extractor = PoseExtractor(
  File "C:\Users\saura\Downloads\posture_coach_ai\posture_coach\apps\ml_engine\pose_extractor.py", line 116, in __init__
    pose_sol = _get_pose_solution()
  File "C:\Users\saura\Downloads\posture_coach_ai\posture_coach\apps\ml_engine\pose_extractor.py", line 96, in _get_pose_solution
    raise ImportError("Cannot find mediapipe pose solution. Try: pip install mediapipe==0.10.32")
ImportError: Cannot find mediapipe pose solution. Try: pip install mediapipe==0.10.32

[2026-02-15 22:07:18,605] ERROR posture_coach: api_infer error: Cannot find mediapipe pose solution. Try: pip install mediapipe==0.10.32
Traceback (most recent call last):
  File "C:\Users\saura\Downloads\posture_coach_ai\posture_coach\apps\posture_app\views.py", line 119, in api_infer
    engine = _get_engine(session_key, exercise)
  File "C:\Users\saura\Downloads\posture_coach_ai\posture_coach\apps\posture_app\views.py", line 29, in _get_engine
    return get_or_create_engine(session_key, exercise, profiles_dir)
  File "C:\Users\saura\Downloads\posture_coach_ai\posture_coach\apps\ml_engine\inference_engine.py", line 336, in get_or_create_engine
    _engine_registry[session_key] = InferenceEngine(exercise, profiles_dir)
  File "C:\Users\saura\Downloads\posture_coach_ai\posture_coach\apps\ml_engine\inference_engine.py", line 67, in __init__
    self._extractor = PoseExtractor(
  File "C:\Users\saura\Downloads\posture_coach_ai\posture_coach\apps\ml_engine\pose_extractor.py", line 116, in __init__
    pose_sol = _get_pose_solution()
  File "C:\Users\saura\Downloads\posture_coach_ai\posture_coach\apps\ml_engine\pose_extractor.py", line 96, in _get_pose_solution
    raise ImportError("Cannot find mediapipe pose solution. Try: pip install mediapipe==0.10.32")
ImportError: Cannot find mediapipe pose solution. Try: pip install mediapipe==0.10.32

[2026-02-15 22:07:18,698] ERROR posture_coach: api_infer error: Cannot find mediapipe pose solution. Try: pip install mediapipe==0.10.32
Traceback (most recent call last):
  File "C:\Users\saura\Downloads\posture_coach_ai\posture_coach\apps\posture_app\views.py", line 119, in api_infer
    engine = _get_engine(session_key, exercise)
  File "C:\Users\saura\Downloads\posture_coach_ai\posture_coach\apps\posture_app\views.py", line 29, in _get_engine
    return get_or_create_engine(session_key, exercise, profiles_dir)
  File "C:\Users\saura\Downloads\posture_coach_ai\posture_coach\apps\ml_engine\inference_engine.py", line 336, in get_or_create_engine
    _engine_registry[session_key] = InferenceEngine(exercise, profiles_dir)
  File "C:\Users\saura\Downloads\posture_coach_ai\posture_coach\apps\ml_engine\inference_engine.py", line 67, in __init__
    self._extractor = PoseExtractor(
  File "C:\Users\saura\Downloads\posture_coach_ai\posture_coach\apps\ml_engine\pose_extractor.py", line 116, in __init__
    pose_sol = _get_pose_solution()
  File "C:\Users\saura\Downloads\posture_coach_ai\posture_coach\apps\ml_engine\pose_extractor.py", line 96, in _get_pose_solution
    raise ImportError("Cannot find mediapipe pose solution. Try: pip install mediapipe==0.10.32")
ImportError: Cannot find mediapipe pose solution. Try: pip install mediapipe==0.10.32

[2026-02-15 22:07:18,804] ERROR posture_coach: api_infer error: Cannot find mediapipe pose solution. Try: pip install mediapipe==0.10.32
Traceback (most recent call last):
  File "C:\Users\saura\Downloads\posture_coach_ai\posture_coach\apps\posture_app\views.py", line 119, in api_infer
    engine = _get_engine(session_key, exercise)
  File "C:\Users\saura\Downloads\posture_coach_ai\posture_coach\apps\posture_app\views.py", line 29, in _get_engine
    return get_or_create_engine(session_key, exercise, profiles_dir)
  File "C:\Users\saura\Downloads\posture_coach_ai\posture_coach\apps\ml_engine\inference_engine.py", line 336, in get_or_create_engine
    _engine_registry[session_key] = InferenceEngine(exercise, profiles_dir)
  File "C:\Users\saura\Downloads\posture_coach_ai\posture_coach\apps\ml_engine\inference_engine.py", line 67, in __init__
    self._extractor = PoseExtractor(
  File "C:\Users\saura\Downloads\posture_coach_ai\posture_coach\apps\ml_engine\pose_extractor.py", line 116, in __init__
    pose_sol = _get_pose_solution()
  File "C:\Users\saura\Downloads\posture_coach_ai\posture_coach\apps\ml_engine\pose_extractor.py", line 96, in _get_pose_solution
    raise ImportError("Cannot find mediapipe pose solution. Try: pip install mediapipe==0.10.32")
ImportError: Cannot find mediapipe pose solution. Try: pip install mediapipe==0.10.32

[2026-02-15 22:07:18,909] ERROR posture_coach: api_infer error: Cannot find mediapipe pose solution. Try: pip install mediapipe==0.10.32
Traceback (most recent call last):
  File "C:\Users\saura\Downloads\posture_coach_ai\posture_coach\apps\posture_app\views.py", line 119, in api_infer
    engine = _get_engine(session_key, exercise)
  File "C:\Users\saura\Downloads\posture_coach_ai\posture_coach\apps\posture_app\views.py", line 29, in _get_engine
    return get_or_create_engine(session_key, exercise, profiles_dir)
  File "C:\Users\saura\Downloads\posture_coach_ai\posture_coach\apps\ml_engine\inference_engine.py", line 336, in get_or_create_engine
    _engine_registry[session_key] = InferenceEngine(exercise, profiles_dir)
  File "C:\Users\saura\Downloads\posture_coach_ai\posture_coach\apps\ml_engine\inference_engine.py", line 67, in __init__
    self._extractor = PoseExtractor(
  File "C:\Users\saura\Downloads\posture_coach_ai\posture_coach\apps\ml_engine\pose_extractor.py", line 116, in __init__
    pose_sol = _get_pose_solution()
  File "C:\Users\saura\Downloads\posture_coach_ai\posture_coach\apps\ml_engine\pose_extractor.py", line 96, in _get_pose_solution
    raise ImportError("Cannot find mediapipe pose solution. Try: pip install mediapipe==0.10.32")
ImportError: Cannot find mediapipe pose solution. Try: pip install mediapipe==0.10.32

[2026-02-15 22:07:19,005] ERROR posture_coach: api_infer error: Cannot find mediapipe pose solution. Try: pip install mediapipe==0.10.32
Traceback (most recent call last):
  File "C:\Users\saura\Downloads\posture_coach_ai\posture_coach\apps\posture_app\views.py", line 119, in api_infer
    engine = _get_engine(session_key, exercise)
  File "C:\Users\saura\Downloads\posture_coach_ai\posture_coach\apps\posture_app\views.py", line 29, in _get_engine
    return get_or_create_engine(session_key, exercise, profiles_dir)
  File "C:\Users\saura\Downloads\posture_coach_ai\posture_coach\apps\ml_engine\inference_engine.py", line 336, in get_or_create_engine
    _engine_registry[session_key] = InferenceEngine(exercise, profiles_dir)
  File "C:\Users\saura\Downloads\posture_coach_ai\posture_coach\apps\ml_engine\inference_engine.py", line 67, in __init__
    self._extractor = PoseExtractor(
  File "C:\Users\saura\Downloads\posture_coach_ai\posture_coach\apps\ml_engine\pose_extractor.py", line 116, in __init__
    pose_sol = _get_pose_solution()
  File "C:\Users\saura\Downloads\posture_coach_ai\posture_coach\apps\ml_engine\pose_extractor.py", line 96, in _get_pose_solution
    raise ImportError("Cannot find mediapipe pose solution. Try: pip install mediapipe==0.10.32")
ImportError: Cannot find mediapipe pose solution. Try: pip install mediapipe==0.10.32

[2026-02-15 22:07:19,102] ERROR posture_coach: api_infer error: Cannot find mediapipe pose solution. Try: pip install mediapipe==0.10.32
Traceback (most recent call last):
  File "C:\Users\saura\Downloads\posture_coach_ai\posture_coach\apps\posture_app\views.py", line 119, in api_infer
    engine = _get_engine(session_key, exercise)
  File "C:\Users\saura\Downloads\posture_coach_ai\posture_coach\apps\posture_app\views.py", line 29, in _get_engine
    return get_or_create_engine(session_key, exercise, profiles_dir)
  File "C:\Users\saura\Downloads\posture_coach_ai\posture_coach\apps\ml_engine\inference_engine.py", line 336, in get_or_create_engine
    _engine_registry[session_key] = InferenceEngine(exercise, profiles_dir)
  File "C:\Users\saura\Downloads\posture_coach_ai\posture_coach\apps\ml_engine\inference_engine.py", line 67, in __init__
    self._extractor = PoseExtractor(
  File "C:\Users\saura\Downloads\posture_coach_ai\posture_coach\apps\ml_engine\pose_extractor.py", line 116, in __init__
    pose_sol = _get_pose_solution()
  File "C:\Users\saura\Downloads\posture_coach_ai\posture_coach\apps\ml_engine\pose_extractor.py", line 96, in _get_pose_solution
    raise ImportError("Cannot find mediapipe pose solution. Try: pip install mediapipe==0.10.32")
ImportError: Cannot find mediapipe pose solution. Try: pip install mediapipe==0.10.32

[2026-02-15 22:07:19,192] ERROR posture_coach: api_infer error: Cannot find mediapipe pose solution. Try: pip install mediapipe==0.10.32
Traceback (most recent call last):
  File "C:\Users\saura\Downloads\posture_coach_ai\posture_coach\apps\posture_app\views.py", line 119, in api_infer
    engine = _get_engine(session_key, exercise)
  File "C:\Users\saura\Downloads\posture_coach_ai\posture_coach\apps\posture_app\views.py", line 29, in _get_engine
    return get_or_create_engine(session_key, exercise, profiles_dir)
  File "C:\Users\saura\Downloads\posture_coach_ai\posture_coach\apps\ml_engine\inference_engine.py", line 336, in get_or_create_engine
    _engine_registry[session_key] = InferenceEngine(exercise, profiles_dir)
  File "C:\Users\saura\Downloads\posture_coach_ai\posture_coach\apps\ml_engine\inference_engine.py", line 67, in __init__
    self._extractor = PoseExtractor(
  File "C:\Users\saura\Downloads\posture_coach_ai\posture_coach\apps\ml_engine\pose_extractor.py", line 116, in __init__
    pose_sol = _get_pose_solution()
  File "C:\Users\saura\Downloads\posture_coach_ai\posture_coach\apps\ml_engine\pose_extractor.py", line 96, in _get_pose_solution
    raise ImportError("Cannot find mediapipe pose solution. Try: pip install mediapipe==0.10.32")
ImportError: Cannot find mediapipe pose solution. Try: pip install mediapipe==0.10.32

[2026-02-15 22:07:19,303] ERROR posture_coach: api_infer error: Cannot find mediapipe pose solution. Try: pip install mediapipe==0.10.32
Traceback (most recent call last):
  File "C:\Users\saura\Downloads\posture_coach_ai\posture_coach\apps\posture_app\views.py", line 119, in api_infer
    engine = _get_engine(session_key, exercise)
  File "C:\Users\saura\Downloads\posture_coach_ai\posture_coach\apps\posture_app\views.py", line 29, in _get_engine
    return get_or_create_engine(session_key, exercise, profiles_dir)
  File "C:\Users\saura\Downloads\posture_coach_ai\posture_coach\apps\ml_engine\inference_engine.py", line 336, in get_or_create_engine
    _engine_registry[session_key] = InferenceEngine(exercise, profiles_dir)
  File "C:\Users\saura\Downloads\posture_coach_ai\posture_coach\apps\ml_engine\inference_engine.py", line 67, in __init__
    self._extractor = PoseExtractor(
  File "C:\Users\saura\Downloads\posture_coach_ai\posture_coach\apps\ml_engine\pose_extractor.py", line 116, in __init__
    pose_sol = _get_pose_solution()
  File "C:\Users\saura\Downloads\posture_coach_ai\posture_coach\apps\ml_engine\pose_extractor.py", line 96, in _get_pose_solution
    raise ImportError("Cannot find mediapipe pose solution. Try: pip install mediapipe==0.10.32")
ImportError: Cannot find mediapipe pose solution. Try: pip install mediapipe==0.10.32

[2026-02-15 22:07:19,405] ERROR posture_coach: api_infer error: Cannot find mediapipe pose solution. Try: pip install mediapipe==0.10.32
Traceback (most recent call last):
  File "C:\Users\saura\Downloads\posture_coach_ai\posture_coach\apps\posture_app\views.py", line 119, in api_infer
    engine = _get_engine(session_key, exercise)
  File "C:\Users\saura\Downloads\posture_coach_ai\posture_coach\apps\posture_app\views.py", line 29, in _get_engine
    return get_or_create_engine(session_key, exercise, profiles_dir)
  File "C:\Users\saura\Downloads\posture_coach_ai\posture_coach\apps\ml_engine\inference_engine.py", line 336, in get_or_create_engine
    _engine_registry[session_key] = InferenceEngine(exercise, profiles_dir)
  File "C:\Users\saura\Downloads\posture_coach_ai\posture_coach\apps\ml_engine\inference_engine.py", line 67, in __init__
    self._extractor = PoseExtractor(
  File "C:\Users\saura\Downloads\posture_coach_ai\posture_coach\apps\ml_engine\pose_extractor.py", line 116, in __init__
    pose_sol = _get_pose_solution()
  File "C:\Users\saura\Downloads\posture_coach_ai\posture_coach\apps\ml_engine\pose_extractor.py", line 96, in _get_pose_solution
    raise ImportError("Cannot find mediapipe pose solution. Try: pip install mediapipe==0.10.32")
ImportError: Cannot find mediapipe pose solution. Try: pip install mediapipe==0.10.32

[2026-02-15 22:07:19,504] ERROR posture_coach: api_infer error: Cannot find mediapipe pose solution. Try: pip install mediapipe==0.10.32
Traceback (most recent call last):
  File "C:\Users\saura\Downloads\posture_coach_ai\posture_coach\apps\posture_app\views.py", line 119, in api_infer
    engine = _get_engine(session_key, exercise)
  File "C:\Users\saura\Downloads\posture_coach_ai\posture_coach\apps\posture_app\views.py", line 29, in _get_engine
    return get_or_create_engine(session_key, exercise, profiles_dir)
  File "C:\Users\saura\Downloads\posture_coach_ai\posture_coach\apps\ml_engine\inference_engine.py", line 336, in get_or_create_engine
    _engine_registry[session_key] = InferenceEngine(exercise, profiles_dir)
  File "C:\Users\saura\Downloads\posture_coach_ai\posture_coach\apps\ml_engine\inference_engine.py", line 67, in __init__
    self._extractor = PoseExtractor(
  File "C:\Users\saura\Downloads\posture_coach_ai\posture_coach\apps\ml_engine\pose_extractor.py", line 116, in __init__
    pose_sol = _get_pose_solution()
  File "C:\Users\saura\Downloads\posture_coach_ai\posture_coach\apps\ml_engine\pose_extractor.py", line 96, in _get_pose_solution
    raise ImportError("Cannot find mediapipe pose solution. Try: pip install mediapipe==0.10.32")
ImportError: Cannot find mediapipe pose solution. Try: pip install mediapipe==0.10.32

[2026-02-15 22:07:19,602] ERROR posture_coach: api_infer error: Cannot find mediapipe pose solution. Try: pip install mediapipe==0.10.32
Traceback (most recent call last):
  File "C:\Users\saura\Downloads\posture_coach_ai\posture_coach\apps\posture_app\views.py", line 119, in api_infer
    engine = _get_engine(session_key, exercise)
  File "C:\Users\saura\Downloads\posture_coach_ai\posture_coach\apps\posture_app\views.py", line 29, in _get_engine
    return get_or_create_engine(session_key, exercise, profiles_dir)
  File "C:\Users\saura\Downloads\posture_coach_ai\posture_coach\apps\ml_engine\inference_engine.py", line 336, in get_or_create_engine
    _engine_registry[session_key] = InferenceEngine(exercise, profiles_dir)
  File "C:\Users\saura\Downloads\posture_coach_ai\posture_coach\apps\ml_engine\inference_engine.py", line 67, in __init__
    self._extractor = PoseExtractor(
  File "C:\Users\saura\Downloads\posture_coach_ai\posture_coach\apps\ml_engine\pose_extractor.py", line 116, in __init__
    pose_sol = _get_pose_solution()
  File "C:\Users\saura\Downloads\posture_coach_ai\posture_coach\apps\ml_engine\pose_extractor.py", line 96, in _get_pose_solution
    raise ImportError("Cannot find mediapipe pose solution. Try: pip install mediapipe==0.10.32")
ImportError: Cannot find mediapipe pose solution. Try: pip install mediapipe==0.10.32

[2026-02-15 22:07:19,705] ERROR posture_coach: api_infer error: Cannot find mediapipe pose solution. Try: pip install mediapipe==0.10.32
Traceback (most recent call last):
  File "C:\Users\saura\Downloads\posture_coach_ai\posture_coach\apps\posture_app\views.py", line 119, in api_infer
    engine = _get_engine(session_key, exercise)
  File "C:\Users\saura\Downloads\posture_coach_ai\posture_coach\apps\posture_app\views.py", line 29, in _get_engine
    return get_or_create_engine(session_key, exercise, profiles_dir)
  File "C:\Users\saura\Downloads\posture_coach_ai\posture_coach\apps\ml_engine\inference_engine.py", line 336, in get_or_create_engine
    _engine_registry[session_key] = InferenceEngine(exercise, profiles_dir)
  File "C:\Users\saura\Downloads\posture_coach_ai\posture_coach\apps\ml_engine\inference_engine.py", line 67, in __init__
    self._extractor = PoseExtractor(
  File "C:\Users\saura\Downloads\posture_coach_ai\posture_coach\apps\ml_engine\pose_extractor.py", line 116, in __init__
    pose_sol = _get_pose_solution()
  File "C:\Users\saura\Downloads\posture_coach_ai\posture_coach\apps\ml_engine\pose_extractor.py", line 96, in _get_pose_solution
    raise ImportError("Cannot find mediapipe pose solution. Try: pip install mediapipe==0.10.32")
ImportError: Cannot find mediapipe pose solution. Try: pip install mediapipe==0.10.32

[2026-02-15 22:07:19,804] ERROR posture_coach: api_infer error: Cannot find mediapipe pose solution. Try: pip install mediapipe==0.10.32
Traceback (most recent call last):
  File "C:\Users\saura\Downloads\posture_coach_ai\posture_coach\apps\posture_app\views.py", line 119, in api_infer
    engine = _get_engine(session_key, exercise)
  File "C:\Users\saura\Downloads\posture_coach_ai\posture_coach\apps\posture_app\views.py", line 29, in _get_engine
    return get_or_create_engine(session_key, exercise, profiles_dir)
  File "C:\Users\saura\Downloads\posture_coach_ai\posture_coach\apps\ml_engine\inference_engine.py", line 336, in get_or_create_engine
    _engine_registry[session_key] = InferenceEngine(exercise, profiles_dir)
  File "C:\Users\saura\Downloads\posture_coach_ai\posture_coach\apps\ml_engine\inference_engine.py", line 67, in __init__
    self._extractor = PoseExtractor(
  File "C:\Users\saura\Downloads\posture_coach_ai\posture_coach\apps\ml_engine\pose_extractor.py", line 116, in __init__
    pose_sol = _get_pose_solution()
  File "C:\Users\saura\Downloads\posture_coach_ai\posture_coach\apps\ml_engine\pose_extractor.py", line 96, in _get_pose_solution
    raise ImportError("Cannot find mediapipe pose solution. Try: pip install mediapipe==0.10.32")
ImportError: Cannot find mediapipe pose solution. Try: pip install mediapipe==0.10.32

[2026-02-15 22:07:19,903] ERROR posture_coach: api_infer error: Cannot find mediapipe pose solution. Try: pip install mediapipe==0.10.32
Traceback (most recent call last):
  File "C:\Users\saura\Downloads\posture_coach_ai\posture_coach\apps\posture_app\views.py", line 119, in api_infer
    engine = _get_engine(session_key, exercise)
  File "C:\Users\saura\Downloads\posture_coach_ai\posture_coach\apps\posture_app\views.py", line 29, in _get_engine
    return get_or_create_engine(session_key, exercise, profiles_dir)
  File "C:\Users\saura\Downloads\posture_coach_ai\posture_coach\apps\ml_engine\inference_engine.py", line 336, in get_or_create_engine
    _engine_registry[session_key] = InferenceEngine(exercise, profiles_dir)
  File "C:\Users\saura\Downloads\posture_coach_ai\posture_coach\apps\ml_engine\inference_engine.py", line 67, in __init__
    self._extractor = PoseExtractor(
  File "C:\Users\saura\Downloads\posture_coach_ai\posture_coach\apps\ml_engine\pose_extractor.py", line 116, in __init__
    pose_sol = _get_pose_solution()
  File "C:\Users\saura\Downloads\posture_coach_ai\posture_coach\apps\ml_engine\pose_extractor.py", line 96, in _get_pose_solution
    raise ImportError("Cannot find mediapipe pose solution. Try: pip install mediapipe==0.10.32")
ImportError: Cannot find mediapipe pose solution. Try: pip install mediapipe==0.10.32

[2026-02-15 22:07:20,003] ERROR posture_coach: api_infer error: Cannot find mediapipe pose solution. Try: pip install mediapipe==0.10.32
Traceback (most recent call last):
  File "C:\Users\saura\Downloads\posture_coach_ai\posture_coach\apps\posture_app\views.py", line 119, in api_infer
    engine = _get_engine(session_key, exercise)
  File "C:\Users\saura\Downloads\posture_coach_ai\posture_coach\apps\posture_app\views.py", line 29, in _get_engine
    return get_or_create_engine(session_key, exercise, profiles_dir)
  File "C:\Users\saura\Downloads\posture_coach_ai\posture_coach\apps\ml_engine\inference_engine.py", line 336, in get_or_create_engine
    _engine_registry[session_key] = InferenceEngine(exercise, profiles_dir)
  File "C:\Users\saura\Downloads\posture_coach_ai\posture_coach\apps\ml_engine\inference_engine.py", line 67, in __init__
    self._extractor = PoseExtractor(
  File "C:\Users\saura\Downloads\posture_coach_ai\posture_coach\apps\ml_engine\pose_extractor.py", line 116, in __init__
    pose_sol = _get_pose_solution()
  File "C:\Users\saura\Downloads\posture_coach_ai\posture_coach\apps\ml_engine\pose_extractor.py", line 96, in _get_pose_solution
    raise ImportError("Cannot find mediapipe pose solution. Try: pip install mediapipe==0.10.32")
ImportError: Cannot find mediapipe pose solution. Try: pip install mediapipe==0.10.32

[2026-02-15 22:07:20,102] ERROR posture_coach: api_infer error: Cannot find mediapipe pose solution. Try: pip install mediapipe==0.10.32
Traceback (most recent call last):
  File "C:\Users\saura\Downloads\posture_coach_ai\posture_coach\apps\posture_app\views.py", line 119, in api_infer
    engine = _get_engine(session_key, exercise)
  File "C:\Users\saura\Downloads\posture_coach_ai\posture_coach\apps\posture_app\views.py", line 29, in _get_engine
    return get_or_create_engine(session_key, exercise, profiles_dir)
  File "C:\Users\saura\Downloads\posture_coach_ai\posture_coach\apps\ml_engine\inference_engine.py", line 336, in get_or_create_engine
    _engine_registry[session_key] = InferenceEngine(exercise, profiles_dir)
  File "C:\Users\saura\Downloads\posture_coach_ai\posture_coach\apps\ml_engine\inference_engine.py", line 67, in __init__
    self._extractor = PoseExtractor(
  File "C:\Users\saura\Downloads\posture_coach_ai\posture_coach\apps\ml_engine\pose_extractor.py", line 116, in __init__
    pose_sol = _get_pose_solution()
  File "C:\Users\saura\Downloads\posture_coach_ai\posture_coach\apps\ml_engine\pose_extractor.py", line 96, in _get_pose_solution
    raise ImportError("Cannot find mediapipe pose solution. Try: pip install mediapipe==0.10.32")
ImportError: Cannot find mediapipe pose solution. Try: pip install mediapipe==0.10.32

[2026-02-15 22:07:20,204] ERROR posture_coach: api_infer error: Cannot find mediapipe pose solution. Try: pip install mediapipe==0.10.32
Traceback (most recent call last):
  File "C:\Users\saura\Downloads\posture_coach_ai\posture_coach\apps\posture_app\views.py", line 119, in api_infer
    engine = _get_engine(session_key, exercise)
  File "C:\Users\saura\Downloads\posture_coach_ai\posture_coach\apps\posture_app\views.py", line 29, in _get_engine
    return get_or_create_engine(session_key, exercise, profiles_dir)
  File "C:\Users\saura\Downloads\posture_coach_ai\posture_coach\apps\ml_engine\inference_engine.py", line 336, in get_or_create_engine
    _engine_registry[session_key] = InferenceEngine(exercise, profiles_dir)
  File "C:\Users\saura\Downloads\posture_coach_ai\posture_coach\apps\ml_engine\inference_engine.py", line 67, in __init__
    self._extractor = PoseExtractor(
  File "C:\Users\saura\Downloads\posture_coach_ai\posture_coach\apps\ml_engine\pose_extractor.py", line 116, in __init__
    pose_sol = _get_pose_solution()
  File "C:\Users\saura\Downloads\posture_coach_ai\posture_coach\apps\ml_engine\pose_extractor.py", line 96, in _get_pose_solution
    raise ImportError("Cannot find mediapipe pose solution. Try: pip install mediapipe==0.10.32")
ImportError: Cannot find mediapipe pose solution. Try: pip install mediapipe==0.10.32

[2026-02-15 22:07:20,306] ERROR posture_coach: api_infer error: Cannot find mediapipe pose solution. Try: pip install mediapipe==0.10.32
Traceback (most recent call last):
  File "C:\Users\saura\Downloads\posture_coach_ai\posture_coach\apps\posture_app\views.py", line 119, in api_infer
    engine = _get_engine(session_key, exercise)
  File "C:\Users\saura\Downloads\posture_coach_ai\posture_coach\apps\posture_app\views.py", line 29, in _get_engine
    return get_or_create_engine(session_key, exercise, profiles_dir)
  File "C:\Users\saura\Downloads\posture_coach_ai\posture_coach\apps\ml_engine\inference_engine.py", line 336, in get_or_create_engine
    _engine_registry[session_key] = InferenceEngine(exercise, profiles_dir)
  File "C:\Users\saura\Downloads\posture_coach_ai\posture_coach\apps\ml_engine\inference_engine.py", line 67, in __init__
    self._extractor = PoseExtractor(
  File "C:\Users\saura\Downloads\posture_coach_ai\posture_coach\apps\ml_engine\pose_extractor.py", line 116, in __init__
    pose_sol = _get_pose_solution()
  File "C:\Users\saura\Downloads\posture_coach_ai\posture_coach\apps\ml_engine\pose_extractor.py", line 96, in _get_pose_solution
    raise ImportError("Cannot find mediapipe pose solution. Try: pip install mediapipe==0.10.32")
ImportError: Cannot find mediapipe pose solution. Try: pip install mediapipe==0.10.32

[2026-02-15 22:07:20,403] ERROR posture_coach: api_infer error: Cannot find mediapipe pose solution. Try: pip install mediapipe==0.10.32
Traceback (most recent call last):
  File "C:\Users\saura\Downloads\posture_coach_ai\posture_coach\apps\posture_app\views.py", line 119, in api_infer
    engine = _get_engine(session_key, exercise)
  File "C:\Users\saura\Downloads\posture_coach_ai\posture_coach\apps\posture_app\views.py", line 29, in _get_engine
    return get_or_create_engine(session_key, exercise, profiles_dir)
  File "C:\Users\saura\Downloads\posture_coach_ai\posture_coach\apps\ml_engine\inference_engine.py", line 336, in get_or_create_engine
    _engine_registry[session_key] = InferenceEngine(exercise, profiles_dir)
  File "C:\Users\saura\Downloads\posture_coach_ai\posture_coach\apps\ml_engine\inference_engine.py", line 67, in __init__
    self._extractor = PoseExtractor(
  File "C:\Users\saura\Downloads\posture_coach_ai\posture_coach\apps\ml_engine\pose_extractor.py", line 116, in __init__
    pose_sol = _get_pose_solution()
  File "C:\Users\saura\Downloads\posture_coach_ai\posture_coach\apps\ml_engine\pose_extractor.py", line 96, in _get_pose_solution
    raise ImportError("Cannot find mediapipe pose solution. Try: pip install mediapipe==0.10.32")
ImportError: Cannot find mediapipe pose solution. Try: pip install mediapipe==0.10.32

[2026-02-15 22:07:20,506] ERROR posture_coach: api_infer error: Cannot find mediapipe pose solution. Try: pip install mediapipe==0.10.32
Traceback (most recent call last):
  File "C:\Users\saura\Downloads\posture_coach_ai\posture_coach\apps\posture_app\views.py", line 119, in api_infer
    engine = _get_engine(session_key, exercise)
  File "C:\Users\saura\Downloads\posture_coach_ai\posture_coach\apps\posture_app\views.py", line 29, in _get_engine
    return get_or_create_engine(session_key, exercise, profiles_dir)
  File "C:\Users\saura\Downloads\posture_coach_ai\posture_coach\apps\ml_engine\inference_engine.py", line 336, in get_or_create_engine
    _engine_registry[session_key] = InferenceEngine(exercise, profiles_dir)
  File "C:\Users\saura\Downloads\posture_coach_ai\posture_coach\apps\ml_engine\inference_engine.py", line 67, in __init__
    self._extractor = PoseExtractor(
  File "C:\Users\saura\Downloads\posture_coach_ai\posture_coach\apps\ml_engine\pose_extractor.py", line 116, in __init__
    pose_sol = _get_pose_solution()
  File "C:\Users\saura\Downloads\posture_coach_ai\posture_coach\apps\ml_engine\pose_extractor.py", line 96, in _get_pose_solution
    raise ImportError("Cannot find mediapipe pose solution. Try: pip install mediapipe==0.10.32")
ImportError: Cannot find mediapipe pose solution. Try: pip install mediapipe==0.10.32

[2026-02-15 22:07:20,602] ERROR posture_coach: api_infer error: Cannot find mediapipe pose solution. Try: pip install mediapipe==0.10.32
Traceback (most recent call last):
  File "C:\Users\saura\Downloads\posture_coach_ai\posture_coach\apps\posture_app\views.py", line 119, in api_infer
    engine = _get_engine(session_key, exercise)
  File "C:\Users\saura\Downloads\posture_coach_ai\posture_coach\apps\posture_app\views.py", line 29, in _get_engine
    return get_or_create_engine(session_key, exercise, profiles_dir)
  File "C:\Users\saura\Downloads\posture_coach_ai\posture_coach\apps\ml_engine\inference_engine.py", line 336, in get_or_create_engine
    _engine_registry[session_key] = InferenceEngine(exercise, profiles_dir)
  File "C:\Users\saura\Downloads\posture_coach_ai\posture_coach\apps\ml_engine\inference_engine.py", line 67, in __init__
    self._extractor = PoseExtractor(
  File "C:\Users\saura\Downloads\posture_coach_ai\posture_coach\apps\ml_engine\pose_extractor.py", line 116, in __init__
    pose_sol = _get_pose_solution()
  File "C:\Users\saura\Downloads\posture_coach_ai\posture_coach\apps\ml_engine\pose_extractor.py", line 96, in _get_pose_solution
    raise ImportError("Cannot find mediapipe pose solution. Try: pip install mediapipe==0.10.32")
ImportError: Cannot find mediapipe pose solution. Try: pip install mediapipe==0.10.32

[2026-02-15 22:07:20,704] ERROR posture_coach: api_infer error: Cannot find mediapipe pose solution. Try: pip install mediapipe==0.10.32
Traceback (most recent call last):
  File "C:\Users\saura\Downloads\posture_coach_ai\posture_coach\apps\posture_app\views.py", line 119, in api_infer
    engine = _get_engine(session_key, exercise)
  File "C:\Users\saura\Downloads\posture_coach_ai\posture_coach\apps\posture_app\views.py", line 29, in _get_engine
    return get_or_create_engine(session_key, exercise, profiles_dir)
  File "C:\Users\saura\Downloads\posture_coach_ai\posture_coach\apps\ml_engine\inference_engine.py", line 336, in get_or_create_engine
    _engine_registry[session_key] = InferenceEngine(exercise, profiles_dir)
  File "C:\Users\saura\Downloads\posture_coach_ai\posture_coach\apps\ml_engine\inference_engine.py", line 67, in __init__
    self._extractor = PoseExtractor(
  File "C:\Users\saura\Downloads\posture_coach_ai\posture_coach\apps\ml_engine\pose_extractor.py", line 116, in __init__
    pose_sol = _get_pose_solution()
  File "C:\Users\saura\Downloads\posture_coach_ai\posture_coach\apps\ml_engine\pose_extractor.py", line 96, in _get_pose_solution
    raise ImportError("Cannot find mediapipe pose solution. Try: pip install mediapipe==0.10.32")
ImportError: Cannot find mediapipe pose solution. Try: pip install mediapipe==0.10.32

[2026-02-15 22:07:20,807] ERROR posture_coach: api_infer error: Cannot find mediapipe pose solution. Try: pip install mediapipe==0.10.32
Traceback (most recent call last):
  File "C:\Users\saura\Downloads\posture_coach_ai\posture_coach\apps\posture_app\views.py", line 119, in api_infer
    engine = _get_engine(session_key, exercise)
  File "C:\Users\saura\Downloads\posture_coach_ai\posture_coach\apps\posture_app\views.py", line 29, in _get_engine
    return get_or_create_engine(session_key, exercise, profiles_dir)
  File "C:\Users\saura\Downloads\posture_coach_ai\posture_coach\apps\ml_engine\inference_engine.py", line 336, in get_or_create_engine
    _engine_registry[session_key] = InferenceEngine(exercise, profiles_dir)
  File "C:\Users\saura\Downloads\posture_coach_ai\posture_coach\apps\ml_engine\inference_engine.py", line 67, in __init__
    self._extractor = PoseExtractor(
  File "C:\Users\saura\Downloads\posture_coach_ai\posture_coach\apps\ml_engine\pose_extractor.py", line 116, in __init__
    pose_sol = _get_pose_solution()
  File "C:\Users\saura\Downloads\posture_coach_ai\posture_coach\apps\ml_engine\pose_extractor.py", line 96, in _get_pose_solution
    raise ImportError("Cannot find mediapipe pose solution. Try: pip install mediapipe==0.10.32")
ImportError: Cannot find mediapipe pose solution. Try: pip install mediapipe==0.10.32

[2026-02-15 22:07:20,908] ERROR posture_coach: api_infer error: Cannot find mediapipe pose solution. Try: pip install mediapipe==0.10.32
Traceback (most recent call last):
  File "C:\Users\saura\Downloads\posture_coach_ai\posture_coach\apps\posture_app\views.py", line 119, in api_infer
    engine = _get_engine(session_key, exercise)
  File "C:\Users\saura\Downloads\posture_coach_ai\posture_coach\apps\posture_app\views.py", line 29, in _get_engine
    return get_or_create_engine(session_key, exercise, profiles_dir)
  File "C:\Users\saura\Downloads\posture_coach_ai\posture_coach\apps\ml_engine\inference_engine.py", line 336, in get_or_create_engine
    _engine_registry[session_key] = InferenceEngine(exercise, profiles_dir)
  File "C:\Users\saura\Downloads\posture_coach_ai\posture_coach\apps\ml_engine\inference_engine.py", line 67, in __init__
    self._extractor = PoseExtractor(
  File "C:\Users\saura\Downloads\posture_coach_ai\posture_coach\apps\ml_engine\pose_extractor.py", line 116, in __init__
    pose_sol = _get_pose_solution()
  File "C:\Users\saura\Downloads\posture_coach_ai\posture_coach\apps\ml_engine\pose_extractor.py", line 96, in _get_pose_solution
    raise ImportError("Cannot find mediapipe pose solution. Try: pip install mediapipe==0.10.32")
ImportError: Cannot find mediapipe pose solution. Try: pip install mediapipe==0.10.32

[2026-02-15 22:07:21,017] ERROR posture_coach: api_infer error: Cannot find mediapipe pose solution. Try: pip install mediapipe==0.10.32
Traceback (most recent call last):
  File "C:\Users\saura\Downloads\posture_coach_ai\posture_coach\apps\posture_app\views.py", line 119, in api_infer
    engine = _get_engine(session_key, exercise)
  File "C:\Users\saura\Downloads\posture_coach_ai\posture_coach\apps\posture_app\views.py", line 29, in _get_engine
    return get_or_create_engine(session_key, exercise, profiles_dir)
  File "C:\Users\saura\Downloads\posture_coach_ai\posture_coach\apps\ml_engine\inference_engine.py", line 336, in get_or_create_engine
    _engine_registry[session_key] = InferenceEngine(exercise, profiles_dir)
  File "C:\Users\saura\Downloads\posture_coach_ai\posture_coach\apps\ml_engine\inference_engine.py", line 67, in __init__
    self._extractor = PoseExtractor(
  File "C:\Users\saura\Downloads\posture_coach_ai\posture_coach\apps\ml_engine\pose_extractor.py", line 116, in __init__
    pose_sol = _get_pose_solution()
  File "C:\Users\saura\Downloads\posture_coach_ai\posture_coach\apps\ml_engine\pose_extractor.py", line 96, in _get_pose_solution
    raise ImportError("Cannot find mediapipe pose solution. Try: pip install mediapipe==0.10.32")
ImportError: Cannot find mediapipe pose solution. Try: pip install mediapipe==0.10.32

[2026-02-15 22:07:21,104] ERROR posture_coach: api_infer error: Cannot find mediapipe pose solution. Try: pip install mediapipe==0.10.32
Traceback (most recent call last):
  File "C:\Users\saura\Downloads\posture_coach_ai\posture_coach\apps\posture_app\views.py", line 119, in api_infer
    engine = _get_engine(session_key, exercise)
  File "C:\Users\saura\Downloads\posture_coach_ai\posture_coach\apps\posture_app\views.py", line 29, in _get_engine
    return get_or_create_engine(session_key, exercise, profiles_dir)
  File "C:\Users\saura\Downloads\posture_coach_ai\posture_coach\apps\ml_engine\inference_engine.py", line 336, in get_or_create_engine
    _engine_registry[session_key] = InferenceEngine(exercise, profiles_dir)
  File "C:\Users\saura\Downloads\posture_coach_ai\posture_coach\apps\ml_engine\inference_engine.py", line 67, in __init__
    self._extractor = PoseExtractor(
  File "C:\Users\saura\Downloads\posture_coach_ai\posture_coach\apps\ml_engine\pose_extractor.py", line 116, in __init__
    pose_sol = _get_pose_solution()
  File "C:\Users\saura\Downloads\posture_coach_ai\posture_coach\apps\ml_engine\pose_extractor.py", line 96, in _get_pose_solution
    raise ImportError("Cannot find mediapipe pose solution. Try: pip install mediapipe==0.10.32")
ImportError: Cannot find mediapipe pose solution. Try: pip install mediapipe==0.10.32

[2026-02-15 22:07:21,208] ERROR posture_coach: api_infer error: Cannot find mediapipe pose solution. Try: pip install mediapipe==0.10.32
Traceback (most recent call last):
  File "C:\Users\saura\Downloads\posture_coach_ai\posture_coach\apps\posture_app\views.py", line 119, in api_infer
    engine = _get_engine(session_key, exercise)
  File "C:\Users\saura\Downloads\posture_coach_ai\posture_coach\apps\posture_app\views.py", line 29, in _get_engine
    return get_or_create_engine(session_key, exercise, profiles_dir)
  File "C:\Users\saura\Downloads\posture_coach_ai\posture_coach\apps\ml_engine\inference_engine.py", line 336, in get_or_create_engine
    _engine_registry[session_key] = InferenceEngine(exercise, profiles_dir)
  File "C:\Users\saura\Downloads\posture_coach_ai\posture_coach\apps\ml_engine\inference_engine.py", line 67, in __init__
    self._extractor = PoseExtractor(
  File "C:\Users\saura\Downloads\posture_coach_ai\posture_coach\apps\ml_engine\pose_extractor.py", line 116, in __init__
    pose_sol = _get_pose_solution()
  File "C:\Users\saura\Downloads\posture_coach_ai\posture_coach\apps\ml_engine\pose_extractor.py", line 96, in _get_pose_solution
    raise ImportError("Cannot find mediapipe pose solution. Try: pip install mediapipe==0.10.32")
ImportError: Cannot find mediapipe pose solution. Try: pip install mediapipe==0.10.32

[2026-02-15 22:07:21,302] ERROR posture_coach: api_infer error: Cannot find mediapipe pose solution. Try: pip install mediapipe==0.10.32
Traceback (most recent call last):
  File "C:\Users\saura\Downloads\posture_coach_ai\posture_coach\apps\posture_app\views.py", line 119, in api_infer
    engine = _get_engine(session_key, exercise)
  File "C:\Users\saura\Downloads\posture_coach_ai\posture_coach\apps\posture_app\views.py", line 29, in _get_engine
    return get_or_create_engine(session_key, exercise, profiles_dir)
  File "C:\Users\saura\Downloads\posture_coach_ai\posture_coach\apps\ml_engine\inference_engine.py", line 336, in get_or_create_engine
    _engine_registry[session_key] = InferenceEngine(exercise, profiles_dir)
  File "C:\Users\saura\Downloads\posture_coach_ai\posture_coach\apps\ml_engine\inference_engine.py", line 67, in __init__
    self._extractor = PoseExtractor(
  File "C:\Users\saura\Downloads\posture_coach_ai\posture_coach\apps\ml_engine\pose_extractor.py", line 116, in __init__
    pose_sol = _get_pose_solution()
  File "C:\Users\saura\Downloads\posture_coach_ai\posture_coach\apps\ml_engine\pose_extractor.py", line 96, in _get_pose_solution
    raise ImportError("Cannot find mediapipe pose solution. Try: pip install mediapipe==0.10.32")
ImportError: Cannot find mediapipe pose solution. Try: pip install mediapipe==0.10.32

[2026-02-15 22:07:21,400] ERROR posture_coach: api_infer error: Cannot find mediapipe pose solution. Try: pip install mediapipe==0.10.32
Traceback (most recent call last):
  File "C:\Users\saura\Downloads\posture_coach_ai\posture_coach\apps\posture_app\views.py", line 119, in api_infer
    engine = _get_engine(session_key, exercise)
  File "C:\Users\saura\Downloads\posture_coach_ai\posture_coach\apps\posture_app\views.py", line 29, in _get_engine
    return get_or_create_engine(session_key, exercise, profiles_dir)
  File "C:\Users\saura\Downloads\posture_coach_ai\posture_coach\apps\ml_engine\inference_engine.py", line 336, in get_or_create_engine
    _engine_registry[session_key] = InferenceEngine(exercise, profiles_dir)
  File "C:\Users\saura\Downloads\posture_coach_ai\posture_coach\apps\ml_engine\inference_engine.py", line 67, in __init__
    self._extractor = PoseExtractor(
  File "C:\Users\saura\Downloads\posture_coach_ai\posture_coach\apps\ml_engine\pose_extractor.py", line 116, in __init__
    pose_sol = _get_pose_solution()
  File "C:\Users\saura\Downloads\posture_coach_ai\posture_coach\apps\ml_engine\pose_extractor.py", line 96, in _get_pose_solution
    raise ImportError("Cannot find mediapipe pose solution. Try: pip install mediapipe==0.10.32")
ImportError: Cannot find mediapipe pose solution. Try: pip install mediapipe==0.10.32

[2026-02-15 22:07:21,505] ERROR posture_coach: api_infer error: Cannot find mediapipe pose solution. Try: pip install mediapipe==0.10.32
Traceback (most recent call last):
  File "C:\Users\saura\Downloads\posture_coach_ai\posture_coach\apps\posture_app\views.py", line 119, in api_infer
    engine = _get_engine(session_key, exercise)
  File "C:\Users\saura\Downloads\posture_coach_ai\posture_coach\apps\posture_app\views.py", line 29, in _get_engine
    return get_or_create_engine(session_key, exercise, profiles_dir)
  File "C:\Users\saura\Downloads\posture_coach_ai\posture_coach\apps\ml_engine\inference_engine.py", line 336, in get_or_create_engine
    _engine_registry[session_key] = InferenceEngine(exercise, profiles_dir)
  File "C:\Users\saura\Downloads\posture_coach_ai\posture_coach\apps\ml_engine\inference_engine.py", line 67, in __init__
    self._extractor = PoseExtractor(
  File "C:\Users\saura\Downloads\posture_coach_ai\posture_coach\apps\ml_engine\pose_extractor.py", line 116, in __init__
    pose_sol = _get_pose_solution()
  File "C:\Users\saura\Downloads\posture_coach_ai\posture_coach\apps\ml_engine\pose_extractor.py", line 96, in _get_pose_solution
    raise ImportError("Cannot find mediapipe pose solution. Try: pip install mediapipe==0.10.32")
ImportError: Cannot find mediapipe pose solution. Try: pip install mediapipe==0.10.32

[2026-02-15 22:07:21,607] ERROR posture_coach: api_infer error: Cannot find mediapipe pose solution. Try: pip install mediapipe==0.10.32
Traceback (most recent call last):
  File "C:\Users\saura\Downloads\posture_coach_ai\posture_coach\apps\posture_app\views.py", line 119, in api_infer
    engine = _get_engine(session_key, exercise)
  File "C:\Users\saura\Downloads\posture_coach_ai\posture_coach\apps\posture_app\views.py", line 29, in _get_engine
    return get_or_create_engine(session_key, exercise, profiles_dir)
  File "C:\Users\saura\Downloads\posture_coach_ai\posture_coach\apps\ml_engine\inference_engine.py", line 336, in get_or_create_engine
    _engine_registry[session_key] = InferenceEngine(exercise, profiles_dir)
  File "C:\Users\saura\Downloads\posture_coach_ai\posture_coach\apps\ml_engine\inference_engine.py", line 67, in __init__
    self._extractor = PoseExtractor(
  File "C:\Users\saura\Downloads\posture_coach_ai\posture_coach\apps\ml_engine\pose_extractor.py", line 116, in __init__
    pose_sol = _get_pose_solution()
  File "C:\Users\saura\Downloads\posture_coach_ai\posture_coach\apps\ml_engine\pose_extractor.py", line 96, in _get_pose_solution
    raise ImportError("Cannot find mediapipe pose solution. Try: pip install mediapipe==0.10.32")
ImportError: Cannot find mediapipe pose solution. Try: pip install mediapipe==0.10.32

[2026-02-15 22:07:21,711] ERROR posture_coach: api_infer error: Cannot find mediapipe pose solution. Try: pip install mediapipe==0.10.32
Traceback (most recent call last):
  File "C:\Users\saura\Downloads\posture_coach_ai\posture_coach\apps\posture_app\views.py", line 119, in api_infer
    engine = _get_engine(session_key, exercise)
  File "C:\Users\saura\Downloads\posture_coach_ai\posture_coach\apps\posture_app\views.py", line 29, in _get_engine
    return get_or_create_engine(session_key, exercise, profiles_dir)
  File "C:\Users\saura\Downloads\posture_coach_ai\posture_coach\apps\ml_engine\inference_engine.py", line 336, in get_or_create_engine
    _engine_registry[session_key] = InferenceEngine(exercise, profiles_dir)
  File "C:\Users\saura\Downloads\posture_coach_ai\posture_coach\apps\ml_engine\inference_engine.py", line 67, in __init__
    self._extractor = PoseExtractor(
  File "C:\Users\saura\Downloads\posture_coach_ai\posture_coach\apps\ml_engine\pose_extractor.py", line 116, in __init__
    pose_sol = _get_pose_solution()
  File "C:\Users\saura\Downloads\posture_coach_ai\posture_coach\apps\ml_engine\pose_extractor.py", line 96, in _get_pose_solution
    raise ImportError("Cannot find mediapipe pose solution. Try: pip install mediapipe==0.10.32")
ImportError: Cannot find mediapipe pose solution. Try: pip install mediapipe==0.10.32

[2026-02-15 22:07:21,805] ERROR posture_coach: api_infer error: Cannot find mediapipe pose solution. Try: pip install mediapipe==0.10.32
Traceback (most recent call last):
  File "C:\Users\saura\Downloads\posture_coach_ai\posture_coach\apps\posture_app\views.py", line 119, in api_infer
    engine = _get_engine(session_key, exercise)
  File "C:\Users\saura\Downloads\posture_coach_ai\posture_coach\apps\posture_app\views.py", line 29, in _get_engine
    return get_or_create_engine(session_key, exercise, profiles_dir)
  File "C:\Users\saura\Downloads\posture_coach_ai\posture_coach\apps\ml_engine\inference_engine.py", line 336, in get_or_create_engine
    _engine_registry[session_key] = InferenceEngine(exercise, profiles_dir)
  File "C:\Users\saura\Downloads\posture_coach_ai\posture_coach\apps\ml_engine\inference_engine.py", line 67, in __init__
    self._extractor = PoseExtractor(
  File "C:\Users\saura\Downloads\posture_coach_ai\posture_coach\apps\ml_engine\pose_extractor.py", line 116, in __init__
    pose_sol = _get_pose_solution()
  File "C:\Users\saura\Downloads\posture_coach_ai\posture_coach\apps\ml_engine\pose_extractor.py", line 96, in _get_pose_solution
    raise ImportError("Cannot find mediapipe pose solution. Try: pip install mediapipe==0.10.32")
ImportError: Cannot find mediapipe pose solution. Try: pip install mediapipe==0.10.32

[2026-02-15 22:07:21,902] ERROR posture_coach: api_infer error: Cannot find mediapipe pose solution. Try: pip install mediapipe==0.10.32
Traceback (most recent call last):
  File "C:\Users\saura\Downloads\posture_coach_ai\posture_coach\apps\posture_app\views.py", line 119, in api_infer
    engine = _get_engine(session_key, exercise)
  File "C:\Users\saura\Downloads\posture_coach_ai\posture_coach\apps\posture_app\views.py", line 29, in _get_engine
    return get_or_create_engine(session_key, exercise, profiles_dir)
  File "C:\Users\saura\Downloads\posture_coach_ai\posture_coach\apps\ml_engine\inference_engine.py", line 336, in get_or_create_engine
    _engine_registry[session_key] = InferenceEngine(exercise, profiles_dir)
  File "C:\Users\saura\Downloads\posture_coach_ai\posture_coach\apps\ml_engine\inference_engine.py", line 67, in __init__
    self._extractor = PoseExtractor(
  File "C:\Users\saura\Downloads\posture_coach_ai\posture_coach\apps\ml_engine\pose_extractor.py", line 116, in __init__
    pose_sol = _get_pose_solution()
  File "C:\Users\saura\Downloads\posture_coach_ai\posture_coach\apps\ml_engine\pose_extractor.py", line 96, in _get_pose_solution
    raise ImportError("Cannot find mediapipe pose solution. Try: pip install mediapipe==0.10.32")
ImportError: Cannot find mediapipe pose solution. Try: pip install mediapipe==0.10.32

[2026-02-15 22:07:22,002] ERROR posture_coach: api_infer error: Cannot find mediapipe pose solution. Try: pip install mediapipe==0.10.32
Traceback (most recent call last):
  File "C:\Users\saura\Downloads\posture_coach_ai\posture_coach\apps\posture_app\views.py", line 119, in api_infer
    engine = _get_engine(session_key, exercise)
  File "C:\Users\saura\Downloads\posture_coach_ai\posture_coach\apps\posture_app\views.py", line 29, in _get_engine
    return get_or_create_engine(session_key, exercise, profiles_dir)
  File "C:\Users\saura\Downloads\posture_coach_ai\posture_coach\apps\ml_engine\inference_engine.py", line 336, in get_or_create_engine
    _engine_registry[session_key] = InferenceEngine(exercise, profiles_dir)
  File "C:\Users\saura\Downloads\posture_coach_ai\posture_coach\apps\ml_engine\inference_engine.py", line 67, in __init__
    self._extractor = PoseExtractor(
  File "C:\Users\saura\Downloads\posture_coach_ai\posture_coach\apps\ml_engine\pose_extractor.py", line 116, in __init__
    pose_sol = _get_pose_solution()
  File "C:\Users\saura\Downloads\posture_coach_ai\posture_coach\apps\ml_engine\pose_extractor.py", line 96, in _get_pose_solution
    raise ImportError("Cannot find mediapipe pose solution. Try: pip install mediapipe==0.10.32")
ImportError: Cannot find mediapipe pose solution. Try: pip install mediapipe==0.10.32

[2026-02-15 22:07:22,105] ERROR posture_coach: api_infer error: Cannot find mediapipe pose solution. Try: pip install mediapipe==0.10.32
Traceback (most recent call last):
  File "C:\Users\saura\Downloads\posture_coach_ai\posture_coach\apps\posture_app\views.py", line 119, in api_infer
    engine = _get_engine(session_key, exercise)
  File "C:\Users\saura\Downloads\posture_coach_ai\posture_coach\apps\posture_app\views.py", line 29, in _get_engine
    return get_or_create_engine(session_key, exercise, profiles_dir)
  File "C:\Users\saura\Downloads\posture_coach_ai\posture_coach\apps\ml_engine\inference_engine.py", line 336, in get_or_create_engine
    _engine_registry[session_key] = InferenceEngine(exercise, profiles_dir)
  File "C:\Users\saura\Downloads\posture_coach_ai\posture_coach\apps\ml_engine\inference_engine.py", line 67, in __init__
    self._extractor = PoseExtractor(
  File "C:\Users\saura\Downloads\posture_coach_ai\posture_coach\apps\ml_engine\pose_extractor.py", line 116, in __init__
    pose_sol = _get_pose_solution()
  File "C:\Users\saura\Downloads\posture_coach_ai\posture_coach\apps\ml_engine\pose_extractor.py", line 96, in _get_pose_solution
    raise ImportError("Cannot find mediapipe pose solution. Try: pip install mediapipe==0.10.32")
ImportError: Cannot find mediapipe pose solution. Try: pip install mediapipe==0.10.32

[2026-02-15 22:07:22,201] ERROR posture_coach: api_infer error: Cannot find mediapipe pose solution. Try: pip install mediapipe==0.10.32
Traceback (most recent call last):
  File "C:\Users\saura\Downloads\posture_coach_ai\posture_coach\apps\posture_app\views.py", line 119, in api_infer
    engine = _get_engine(session_key, exercise)
  File "C:\Users\saura\Downloads\posture_coach_ai\posture_coach\apps\posture_app\views.py", line 29, in _get_engine
    return get_or_create_engine(session_key, exercise, profiles_dir)
  File "C:\Users\saura\Downloads\posture_coach_ai\posture_coach\apps\ml_engine\inference_engine.py", line 336, in get_or_create_engine
    _engine_registry[session_key] = InferenceEngine(exercise, profiles_dir)
  File "C:\Users\saura\Downloads\posture_coach_ai\posture_coach\apps\ml_engine\inference_engine.py", line 67, in __init__
    self._extractor = PoseExtractor(
  File "C:\Users\saura\Downloads\posture_coach_ai\posture_coach\apps\ml_engine\pose_extractor.py", line 116, in __init__
    pose_sol = _get_pose_solution()
  File "C:\Users\saura\Downloads\posture_coach_ai\posture_coach\apps\ml_engine\pose_extractor.py", line 96, in _get_pose_solution
    raise ImportError("Cannot find mediapipe pose solution. Try: pip install mediapipe==0.10.32")
ImportError: Cannot find mediapipe pose solution. Try: pip install mediapipe==0.10.32

[2026-02-15 22:07:22,304] ERROR posture_coach: api_infer error: Cannot find mediapipe pose solution. Try: pip install mediapipe==0.10.32
Traceback (most recent call last):
  File "C:\Users\saura\Downloads\posture_coach_ai\posture_coach\apps\posture_app\views.py", line 119, in api_infer
    engine = _get_engine(session_key, exercise)
  File "C:\Users\saura\Downloads\posture_coach_ai\posture_coach\apps\posture_app\views.py", line 29, in _get_engine
    return get_or_create_engine(session_key, exercise, profiles_dir)
  File "C:\Users\saura\Downloads\posture_coach_ai\posture_coach\apps\ml_engine\inference_engine.py", line 336, in get_or_create_engine
    _engine_registry[session_key] = InferenceEngine(exercise, profiles_dir)
  File "C:\Users\saura\Downloads\posture_coach_ai\posture_coach\apps\ml_engine\inference_engine.py", line 67, in __init__
    self._extractor = PoseExtractor(
  File "C:\Users\saura\Downloads\posture_coach_ai\posture_coach\apps\ml_engine\pose_extractor.py", line 116, in __init__
    pose_sol = _get_pose_solution()
  File "C:\Users\saura\Downloads\posture_coach_ai\posture_coach\apps\ml_engine\pose_extractor.py", line 96, in _get_pose_solution
    raise ImportError("Cannot find mediapipe pose solution. Try: pip install mediapipe==0.10.32")
ImportError: Cannot find mediapipe pose solution. Try: pip install mediapipe==0.10.32

[2026-02-15 22:07:22,404] ERROR posture_coach: api_infer error: Cannot find mediapipe pose solution. Try: pip install mediapipe==0.10.32
Traceback (most recent call last):
  File "C:\Users\saura\Downloads\posture_coach_ai\posture_coach\apps\posture_app\views.py", line 119, in api_infer
    engine = _get_engine(session_key, exercise)
  File "C:\Users\saura\Downloads\posture_coach_ai\posture_coach\apps\posture_app\views.py", line 29, in _get_engine
    return get_or_create_engine(session_key, exercise, profiles_dir)
  File "C:\Users\saura\Downloads\posture_coach_ai\posture_coach\apps\ml_engine\inference_engine.py", line 336, in get_or_create_engine
    _engine_registry[session_key] = InferenceEngine(exercise, profiles_dir)
  File "C:\Users\saura\Downloads\posture_coach_ai\posture_coach\apps\ml_engine\inference_engine.py", line 67, in __init__
    self._extractor = PoseExtractor(
  File "C:\Users\saura\Downloads\posture_coach_ai\posture_coach\apps\ml_engine\pose_extractor.py", line 116, in __init__
    pose_sol = _get_pose_solution()
  File "C:\Users\saura\Downloads\posture_coach_ai\posture_coach\apps\ml_engine\pose_extractor.py", line 96, in _get_pose_solution
    raise ImportError("Cannot find mediapipe pose solution. Try: pip install mediapipe==0.10.32")
ImportError: Cannot find mediapipe pose solution. Try: pip install mediapipe==0.10.32

[2026-02-15 22:07:22,500] ERROR posture_coach: api_infer error: Cannot find mediapipe pose solution. Try: pip install mediapipe==0.10.32
Traceback (most recent call last):
  File "C:\Users\saura\Downloads\posture_coach_ai\posture_coach\apps\posture_app\views.py", line 119, in api_infer
    engine = _get_engine(session_key, exercise)
  File "C:\Users\saura\Downloads\posture_coach_ai\posture_coach\apps\posture_app\views.py", line 29, in _get_engine
    return get_or_create_engine(session_key, exercise, profiles_dir)
  File "C:\Users\saura\Downloads\posture_coach_ai\posture_coach\apps\ml_engine\inference_engine.py", line 336, in get_or_create_engine
    _engine_registry[session_key] = InferenceEngine(exercise, profiles_dir)
  File "C:\Users\saura\Downloads\posture_coach_ai\posture_coach\apps\ml_engine\inference_engine.py", line 67, in __init__
    self._extractor = PoseExtractor(
  File "C:\Users\saura\Downloads\posture_coach_ai\posture_coach\apps\ml_engine\pose_extractor.py", line 116, in __init__
    pose_sol = _get_pose_solution()
  File "C:\Users\saura\Downloads\posture_coach_ai\posture_coach\apps\ml_engine\pose_extractor.py", line 96, in _get_pose_solution
    raise ImportError("Cannot find mediapipe pose solution. Try: pip install mediapipe==0.10.32")
ImportError: Cannot find mediapipe pose solution. Try: pip install mediapipe==0.10.32

[2026-02-15 22:07:22,603] ERROR posture_coach: api_infer error: Cannot find mediapipe pose solution. Try: pip install mediapipe==0.10.32
Traceback (most recent call last):
  File "C:\Users\saura\Downloads\posture_coach_ai\posture_coach\apps\posture_app\views.py", line 119, in api_infer
    engine = _get_engine(session_key, exercise)
  File "C:\Users\saura\Downloads\posture_coach_ai\posture_coach\apps\posture_app\views.py", line 29, in _get_engine
    return get_or_create_engine(session_key, exercise, profiles_dir)
  File "C:\Users\saura\Downloads\posture_coach_ai\posture_coach\apps\ml_engine\inference_engine.py", line 336, in get_or_create_engine
    _engine_registry[session_key] = InferenceEngine(exercise, profiles_dir)
  File "C:\Users\saura\Downloads\posture_coach_ai\posture_coach\apps\ml_engine\inference_engine.py", line 67, in __init__
    self._extractor = PoseExtractor(
  File "C:\Users\saura\Downloads\posture_coach_ai\posture_coach\apps\ml_engine\pose_extractor.py", line 116, in __init__
    pose_sol = _get_pose_solution()
  File "C:\Users\saura\Downloads\posture_coach_ai\posture_coach\apps\ml_engine\pose_extractor.py", line 96, in _get_pose_solution
    raise ImportError("Cannot find mediapipe pose solution. Try: pip install mediapipe==0.10.32")
ImportError: Cannot find mediapipe pose solution. Try: pip install mediapipe==0.10.32

[2026-02-15 22:07:22,703] ERROR posture_coach: api_infer error: Cannot find mediapipe pose solution. Try: pip install mediapipe==0.10.32
Traceback (most recent call last):
  File "C:\Users\saura\Downloads\posture_coach_ai\posture_coach\apps\posture_app\views.py", line 119, in api_infer
    engine = _get_engine(session_key, exercise)
  File "C:\Users\saura\Downloads\posture_coach_ai\posture_coach\apps\posture_app\views.py", line 29, in _get_engine
    return get_or_create_engine(session_key, exercise, profiles_dir)
  File "C:\Users\saura\Downloads\posture_coach_ai\posture_coach\apps\ml_engine\inference_engine.py", line 336, in get_or_create_engine
    _engine_registry[session_key] = InferenceEngine(exercise, profiles_dir)
  File "C:\Users\saura\Downloads\posture_coach_ai\posture_coach\apps\ml_engine\inference_engine.py", line 67, in __init__
    self._extractor = PoseExtractor(
  File "C:\Users\saura\Downloads\posture_coach_ai\posture_coach\apps\ml_engine\pose_extractor.py", line 116, in __init__
    pose_sol = _get_pose_solution()
  File "C:\Users\saura\Downloads\posture_coach_ai\posture_coach\apps\ml_engine\pose_extractor.py", line 96, in _get_pose_solution
    raise ImportError("Cannot find mediapipe pose solution. Try: pip install mediapipe==0.10.32")
ImportError: Cannot find mediapipe pose solution. Try: pip install mediapipe==0.10.32

[2026-02-15 22:07:22,803] ERROR posture_coach: api_infer error: Cannot find mediapipe pose solution. Try: pip install mediapipe==0.10.32
Traceback (most recent call last):
  File "C:\Users\saura\Downloads\posture_coach_ai\posture_coach\apps\posture_app\views.py", line 119, in api_infer
    engine = _get_engine(session_key, exercise)
  File "C:\Users\saura\Downloads\posture_coach_ai\posture_coach\apps\posture_app\views.py", line 29, in _get_engine
    return get_or_create_engine(session_key, exercise, profiles_dir)
  File "C:\Users\saura\Downloads\posture_coach_ai\posture_coach\apps\ml_engine\inference_engine.py", line 336, in get_or_create_engine
    _engine_registry[session_key] = InferenceEngine(exercise, profiles_dir)
  File "C:\Users\saura\Downloads\posture_coach_ai\posture_coach\apps\ml_engine\inference_engine.py", line 67, in __init__
    self._extractor = PoseExtractor(
  File "C:\Users\saura\Downloads\posture_coach_ai\posture_coach\apps\ml_engine\pose_extractor.py", line 116, in __init__
    pose_sol = _get_pose_solution()
  File "C:\Users\saura\Downloads\posture_coach_ai\posture_coach\apps\ml_engine\pose_extractor.py", line 96, in _get_pose_solution
    raise ImportError("Cannot find mediapipe pose solution. Try: pip install mediapipe==0.10.32")
ImportError: Cannot find mediapipe pose solution. Try: pip install mediapipe==0.10.32

[2026-02-15 22:07:22,905] ERROR posture_coach: api_infer error: Cannot find mediapipe pose solution. Try: pip install mediapipe==0.10.32
Traceback (most recent call last):
  File "C:\Users\saura\Downloads\posture_coach_ai\posture_coach\apps\posture_app\views.py", line 119, in api_infer
    engine = _get_engine(session_key, exercise)
  File "C:\Users\saura\Downloads\posture_coach_ai\posture_coach\apps\posture_app\views.py", line 29, in _get_engine
    return get_or_create_engine(session_key, exercise, profiles_dir)
  File "C:\Users\saura\Downloads\posture_coach_ai\posture_coach\apps\ml_engine\inference_engine.py", line 336, in get_or_create_engine
    _engine_registry[session_key] = InferenceEngine(exercise, profiles_dir)
  File "C:\Users\saura\Downloads\posture_coach_ai\posture_coach\apps\ml_engine\inference_engine.py", line 67, in __init__
    self._extractor = PoseExtractor(
  File "C:\Users\saura\Downloads\posture_coach_ai\posture_coach\apps\ml_engine\pose_extractor.py", line 116, in __init__
    pose_sol = _get_pose_solution()
  File "C:\Users\saura\Downloads\posture_coach_ai\posture_coach\apps\ml_engine\pose_extractor.py", line 96, in _get_pose_solution
    raise ImportError("Cannot find mediapipe pose solution. Try: pip install mediapipe==0.10.32")
ImportError: Cannot find mediapipe pose solution. Try: pip install mediapipe==0.10.32

[2026-02-15 22:07:23,005] ERROR posture_coach: api_infer error: Cannot find mediapipe pose solution. Try: pip install mediapipe==0.10.32
Traceback (most recent call last):
  File "C:\Users\saura\Downloads\posture_coach_ai\posture_coach\apps\posture_app\views.py", line 119, in api_infer
    engine = _get_engine(session_key, exercise)
  File "C:\Users\saura\Downloads\posture_coach_ai\posture_coach\apps\posture_app\views.py", line 29, in _get_engine
    return get_or_create_engine(session_key, exercise, profiles_dir)
  File "C:\Users\saura\Downloads\posture_coach_ai\posture_coach\apps\ml_engine\inference_engine.py", line 336, in get_or_create_engine
    _engine_registry[session_key] = InferenceEngine(exercise, profiles_dir)
  File "C:\Users\saura\Downloads\posture_coach_ai\posture_coach\apps\ml_engine\inference_engine.py", line 67, in __init__
    self._extractor = PoseExtractor(
  File "C:\Users\saura\Downloads\posture_coach_ai\posture_coach\apps\ml_engine\pose_extractor.py", line 116, in __init__
    pose_sol = _get_pose_solution()
  File "C:\Users\saura\Downloads\posture_coach_ai\posture_coach\apps\ml_engine\pose_extractor.py", line 96, in _get_pose_solution
    raise ImportError("Cannot find mediapipe pose solution. Try: pip install mediapipe==0.10.32")
ImportError: Cannot find mediapipe pose solution. Try: pip install mediapipe==0.10.32

[2026-02-15 22:07:23,105] ERROR posture_coach: api_infer error: Cannot find mediapipe pose solution. Try: pip install mediapipe==0.10.32
Traceback (most recent call last):
  File "C:\Users\saura\Downloads\posture_coach_ai\posture_coach\apps\posture_app\views.py", line 119, in api_infer
    engine = _get_engine(session_key, exercise)
  File "C:\Users\saura\Downloads\posture_coach_ai\posture_coach\apps\posture_app\views.py", line 29, in _get_engine
    return get_or_create_engine(session_key, exercise, profiles_dir)
  File "C:\Users\saura\Downloads\posture_coach_ai\posture_coach\apps\ml_engine\inference_engine.py", line 336, in get_or_create_engine
    _engine_registry[session_key] = InferenceEngine(exercise, profiles_dir)
  File "C:\Users\saura\Downloads\posture_coach_ai\posture_coach\apps\ml_engine\inference_engine.py", line 67, in __init__
    self._extractor = PoseExtractor(
  File "C:\Users\saura\Downloads\posture_coach_ai\posture_coach\apps\ml_engine\pose_extractor.py", line 116, in __init__
    pose_sol = _get_pose_solution()
  File "C:\Users\saura\Downloads\posture_coach_ai\posture_coach\apps\ml_engine\pose_extractor.py", line 96, in _get_pose_solution
    raise ImportError("Cannot find mediapipe pose solution. Try: pip install mediapipe==0.10.32")
ImportError: Cannot find mediapipe pose solution. Try: pip install mediapipe==0.10.32

[2026-02-15 22:07:23,199] ERROR posture_coach: api_infer error: Cannot find mediapipe pose solution. Try: pip install mediapipe==0.10.32
Traceback (most recent call last):
  File "C:\Users\saura\Downloads\posture_coach_ai\posture_coach\apps\posture_app\views.py", line 119, in api_infer
    engine = _get_engine(session_key, exercise)
  File "C:\Users\saura\Downloads\posture_coach_ai\posture_coach\apps\posture_app\views.py", line 29, in _get_engine
    return get_or_create_engine(session_key, exercise, profiles_dir)
  File "C:\Users\saura\Downloads\posture_coach_ai\posture_coach\apps\ml_engine\inference_engine.py", line 336, in get_or_create_engine
    _engine_registry[session_key] = InferenceEngine(exercise, profiles_dir)
  File "C:\Users\saura\Downloads\posture_coach_ai\posture_coach\apps\ml_engine\inference_engine.py", line 67, in __init__
    self._extractor = PoseExtractor(
  File "C:\Users\saura\Downloads\posture_coach_ai\posture_coach\apps\ml_engine\pose_extractor.py", line 116, in __init__
    pose_sol = _get_pose_solution()
  File "C:\Users\saura\Downloads\posture_coach_ai\posture_coach\apps\ml_engine\pose_extractor.py", line 96, in _get_pose_solution
    raise ImportError("Cannot find mediapipe pose solution. Try: pip install mediapipe==0.10.32")
ImportError: Cannot find mediapipe pose solution. Try: pip install mediapipe==0.10.32

[2026-02-15 22:07:23,306] ERROR posture_coach: api_infer error: Cannot find mediapipe pose solution. Try: pip install mediapipe==0.10.32
Traceback (most recent call last):
  File "C:\Users\saura\Downloads\posture_coach_ai\posture_coach\apps\posture_app\views.py", line 119, in api_infer
    engine = _get_engine(session_key, exercise)
  File "C:\Users\saura\Downloads\posture_coach_ai\posture_coach\apps\posture_app\views.py", line 29, in _get_engine
    return get_or_create_engine(session_key, exercise, profiles_dir)
  File "C:\Users\saura\Downloads\posture_coach_ai\posture_coach\apps\ml_engine\inference_engine.py", line 336, in get_or_create_engine
    _engine_registry[session_key] = InferenceEngine(exercise, profiles_dir)
  File "C:\Users\saura\Downloads\posture_coach_ai\posture_coach\apps\ml_engine\inference_engine.py", line 67, in __init__
    self._extractor = PoseExtractor(
  File "C:\Users\saura\Downloads\posture_coach_ai\posture_coach\apps\ml_engine\pose_extractor.py", line 116, in __init__
    pose_sol = _get_pose_solution()
  File "C:\Users\saura\Downloads\posture_coach_ai\posture_coach\apps\ml_engine\pose_extractor.py", line 96, in _get_pose_solution
    raise ImportError("Cannot find mediapipe pose solution. Try: pip install mediapipe==0.10.32")
ImportError: Cannot find mediapipe pose solution. Try: pip install mediapipe==0.10.32

[2026-02-15 22:07:23,404] ERROR posture_coach: api_infer error: Cannot find mediapipe pose solution. Try: pip install mediapipe==0.10.32
Traceback (most recent call last):
  File "C:\Users\saura\Downloads\posture_coach_ai\posture_coach\apps\posture_app\views.py", line 119, in api_infer
    engine = _get_engine(session_key, exercise)
  File "C:\Users\saura\Downloads\posture_coach_ai\posture_coach\apps\posture_app\views.py", line 29, in _get_engine
    return get_or_create_engine(session_key, exercise, profiles_dir)
  File "C:\Users\saura\Downloads\posture_coach_ai\posture_coach\apps\ml_engine\inference_engine.py", line 336, in get_or_create_engine
    _engine_registry[session_key] = InferenceEngine(exercise, profiles_dir)
  File "C:\Users\saura\Downloads\posture_coach_ai\posture_coach\apps\ml_engine\inference_engine.py", line 67, in __init__
    self._extractor = PoseExtractor(
  File "C:\Users\saura\Downloads\posture_coach_ai\posture_coach\apps\ml_engine\pose_extractor.py", line 116, in __init__
    pose_sol = _get_pose_solution()
  File "C:\Users\saura\Downloads\posture_coach_ai\posture_coach\apps\ml_engine\pose_extractor.py", line 96, in _get_pose_solution
    raise ImportError("Cannot find mediapipe pose solution. Try: pip install mediapipe==0.10.32")
ImportError: Cannot find mediapipe pose solution. Try: pip install mediapipe==0.10.32

[2026-02-15 22:07:23,501] ERROR posture_coach: api_infer error: Cannot find mediapipe pose solution. Try: pip install mediapipe==0.10.32
Traceback (most recent call last):
  File "C:\Users\saura\Downloads\posture_coach_ai\posture_coach\apps\posture_app\views.py", line 119, in api_infer
    engine = _get_engine(session_key, exercise)
  File "C:\Users\saura\Downloads\posture_coach_ai\posture_coach\apps\posture_app\views.py", line 29, in _get_engine
    return get_or_create_engine(session_key, exercise, profiles_dir)
  File "C:\Users\saura\Downloads\posture_coach_ai\posture_coach\apps\ml_engine\inference_engine.py", line 336, in get_or_create_engine
    _engine_registry[session_key] = InferenceEngine(exercise, profiles_dir)
  File "C:\Users\saura\Downloads\posture_coach_ai\posture_coach\apps\ml_engine\inference_engine.py", line 67, in __init__
    self._extractor = PoseExtractor(
  File "C:\Users\saura\Downloads\posture_coach_ai\posture_coach\apps\ml_engine\pose_extractor.py", line 116, in __init__
    pose_sol = _get_pose_solution()
  File "C:\Users\saura\Downloads\posture_coach_ai\posture_coach\apps\ml_engine\pose_extractor.py", line 96, in _get_pose_solution
    raise ImportError("Cannot find mediapipe pose solution. Try: pip install mediapipe==0.10.32")
ImportError: Cannot find mediapipe pose solution. Try: pip install mediapipe==0.10.32

[2026-02-15 22:07:23,604] ERROR posture_coach: api_infer error: Cannot find mediapipe pose solution. Try: pip install mediapipe==0.10.32
Traceback (most recent call last):
  File "C:\Users\saura\Downloads\posture_coach_ai\posture_coach\apps\posture_app\views.py", line 119, in api_infer
    engine = _get_engine(session_key, exercise)
  File "C:\Users\saura\Downloads\posture_coach_ai\posture_coach\apps\posture_app\views.py", line 29, in _get_engine
    return get_or_create_engine(session_key, exercise, profiles_dir)
  File "C:\Users\saura\Downloads\posture_coach_ai\posture_coach\apps\ml_engine\inference_engine.py", line 336, in get_or_create_engine
    _engine_registry[session_key] = InferenceEngine(exercise, profiles_dir)
  File "C:\Users\saura\Downloads\posture_coach_ai\posture_coach\apps\ml_engine\inference_engine.py", line 67, in __init__
    self._extractor = PoseExtractor(
  File "C:\Users\saura\Downloads\posture_coach_ai\posture_coach\apps\ml_engine\pose_extractor.py", line 116, in __init__
    pose_sol = _get_pose_solution()
  File "C:\Users\saura\Downloads\posture_coach_ai\posture_coach\apps\ml_engine\pose_extractor.py", line 96, in _get_pose_solution
    raise ImportError("Cannot find mediapipe pose solution. Try: pip install mediapipe==0.10.32")
ImportError: Cannot find mediapipe pose solution. Try: pip install mediapipe==0.10.32

[2026-02-15 22:07:23,701] ERROR posture_coach: api_infer error: Cannot find mediapipe pose solution. Try: pip install mediapipe==0.10.32
Traceback (most recent call last):
  File "C:\Users\saura\Downloads\posture_coach_ai\posture_coach\apps\posture_app\views.py", line 119, in api_infer
    engine = _get_engine(session_key, exercise)
  File "C:\Users\saura\Downloads\posture_coach_ai\posture_coach\apps\posture_app\views.py", line 29, in _get_engine
    return get_or_create_engine(session_key, exercise, profiles_dir)
  File "C:\Users\saura\Downloads\posture_coach_ai\posture_coach\apps\ml_engine\inference_engine.py", line 336, in get_or_create_engine
    _engine_registry[session_key] = InferenceEngine(exercise, profiles_dir)
  File "C:\Users\saura\Downloads\posture_coach_ai\posture_coach\apps\ml_engine\inference_engine.py", line 67, in __init__
    self._extractor = PoseExtractor(
  File "C:\Users\saura\Downloads\posture_coach_ai\posture_coach\apps\ml_engine\pose_extractor.py", line 116, in __init__
    pose_sol = _get_pose_solution()
  File "C:\Users\saura\Downloads\posture_coach_ai\posture_coach\apps\ml_engine\pose_extractor.py", line 96, in _get_pose_solution
    raise ImportError("Cannot find mediapipe pose solution. Try: pip install mediapipe==0.10.32")
ImportError: Cannot find mediapipe pose solution. Try: pip install mediapipe==0.10.32

[2026-02-15 22:07:23,803] ERROR posture_coach: api_infer error: Cannot find mediapipe pose solution. Try: pip install mediapipe==0.10.32
Traceback (most recent call last):
  File "C:\Users\saura\Downloads\posture_coach_ai\posture_coach\apps\posture_app\views.py", line 119, in api_infer
    engine = _get_engine(session_key, exercise)
  File "C:\Users\saura\Downloads\posture_coach_ai\posture_coach\apps\posture_app\views.py", line 29, in _get_engine
    return get_or_create_engine(session_key, exercise, profiles_dir)
  File "C:\Users\saura\Downloads\posture_coach_ai\posture_coach\apps\ml_engine\inference_engine.py", line 336, in get_or_create_engine
    _engine_registry[session_key] = InferenceEngine(exercise, profiles_dir)
  File "C:\Users\saura\Downloads\posture_coach_ai\posture_coach\apps\ml_engine\inference_engine.py", line 67, in __init__
    self._extractor = PoseExtractor(
  File "C:\Users\saura\Downloads\posture_coach_ai\posture_coach\apps\ml_engine\pose_extractor.py", line 116, in __init__
    pose_sol = _get_pose_solution()
  File "C:\Users\saura\Downloads\posture_coach_ai\posture_coach\apps\ml_engine\pose_extractor.py", line 96, in _get_pose_solution
    raise ImportError("Cannot find mediapipe pose solution. Try: pip install mediapipe==0.10.32")
ImportError: Cannot find mediapipe pose solution. Try: pip install mediapipe==0.10.32

[2026-02-15 22:07:23,915] ERROR posture_coach: api_infer error: Cannot find mediapipe pose solution. Try: pip install mediapipe==0.10.32
Traceback (most recent call last):
  File "C:\Users\saura\Downloads\posture_coach_ai\posture_coach\apps\posture_app\views.py", line 119, in api_infer
    engine = _get_engine(session_key, exercise)
  File "C:\Users\saura\Downloads\posture_coach_ai\posture_coach\apps\posture_app\views.py", line 29, in _get_engine
    return get_or_create_engine(session_key, exercise, profiles_dir)
  File "C:\Users\saura\Downloads\posture_coach_ai\posture_coach\apps\ml_engine\inference_engine.py", line 336, in get_or_create_engine
    _engine_registry[session_key] = InferenceEngine(exercise, profiles_dir)
  File "C:\Users\saura\Downloads\posture_coach_ai\posture_coach\apps\ml_engine\inference_engine.py", line 67, in __init__
    self._extractor = PoseExtractor(
  File "C:\Users\saura\Downloads\posture_coach_ai\posture_coach\apps\ml_engine\pose_extractor.py", line 116, in __init__
    pose_sol = _get_pose_solution()
  File "C:\Users\saura\Downloads\posture_coach_ai\posture_coach\apps\ml_engine\pose_extractor.py", line 96, in _get_pose_solution
    raise ImportError("Cannot find mediapipe pose solution. Try: pip install mediapipe==0.10.32")
ImportError: Cannot find mediapipe pose solution. Try: pip install mediapipe==0.10.32

[2026-02-15 22:07:24,001] ERROR posture_coach: api_infer error: Cannot find mediapipe pose solution. Try: pip install mediapipe==0.10.32
Traceback (most recent call last):
  File "C:\Users\saura\Downloads\posture_coach_ai\posture_coach\apps\posture_app\views.py", line 119, in api_infer
    engine = _get_engine(session_key, exercise)
  File "C:\Users\saura\Downloads\posture_coach_ai\posture_coach\apps\posture_app\views.py", line 29, in _get_engine
    return get_or_create_engine(session_key, exercise, profiles_dir)
  File "C:\Users\saura\Downloads\posture_coach_ai\posture_coach\apps\ml_engine\inference_engine.py", line 336, in get_or_create_engine
    _engine_registry[session_key] = InferenceEngine(exercise, profiles_dir)
  File "C:\Users\saura\Downloads\posture_coach_ai\posture_coach\apps\ml_engine\inference_engine.py", line 67, in __init__
    self._extractor = PoseExtractor(
  File "C:\Users\saura\Downloads\posture_coach_ai\posture_coach\apps\ml_engine\pose_extractor.py", line 116, in __init__
    pose_sol = _get_pose_solution()
  File "C:\Users\saura\Downloads\posture_coach_ai\posture_coach\apps\ml_engine\pose_extractor.py", line 96, in _get_pose_solution
    raise ImportError("Cannot find mediapipe pose solution. Try: pip install mediapipe==0.10.32")
ImportError: Cannot find mediapipe pose solution. Try: pip install mediapipe==0.10.32

[2026-02-15 22:07:24,101] ERROR posture_coach: api_infer error: Cannot find mediapipe pose solution. Try: pip install mediapipe==0.10.32
Traceback (most recent call last):
  File "C:\Users\saura\Downloads\posture_coach_ai\posture_coach\apps\posture_app\views.py", line 119, in api_infer
    engine = _get_engine(session_key, exercise)
  File "C:\Users\saura\Downloads\posture_coach_ai\posture_coach\apps\posture_app\views.py", line 29, in _get_engine
    return get_or_create_engine(session_key, exercise, profiles_dir)
  File "C:\Users\saura\Downloads\posture_coach_ai\posture_coach\apps\ml_engine\inference_engine.py", line 336, in get_or_create_engine
    _engine_registry[session_key] = InferenceEngine(exercise, profiles_dir)
  File "C:\Users\saura\Downloads\posture_coach_ai\posture_coach\apps\ml_engine\inference_engine.py", line 67, in __init__
    self._extractor = PoseExtractor(
  File "C:\Users\saura\Downloads\posture_coach_ai\posture_coach\apps\ml_engine\pose_extractor.py", line 116, in __init__
    pose_sol = _get_pose_solution()
  File "C:\Users\saura\Downloads\posture_coach_ai\posture_coach\apps\ml_engine\pose_extractor.py", line 96, in _get_pose_solution
    raise ImportError("Cannot find mediapipe pose solution. Try: pip install mediapipe==0.10.32")
ImportError: Cannot find mediapipe pose solution. Try: pip install mediapipe==0.10.32

[2026-02-15 22:07:24,201] ERROR posture_coach: api_infer error: Cannot find mediapipe pose solution. Try: pip install mediapipe==0.10.32
Traceback (most recent call last):
  File "C:\Users\saura\Downloads\posture_coach_ai\posture_coach\apps\posture_app\views.py", line 119, in api_infer
    engine = _get_engine(session_key, exercise)
  File "C:\Users\saura\Downloads\posture_coach_ai\posture_coach\apps\posture_app\views.py", line 29, in _get_engine
    return get_or_create_engine(session_key, exercise, profiles_dir)
  File "C:\Users\saura\Downloads\posture_coach_ai\posture_coach\apps\ml_engine\inference_engine.py", line 336, in get_or_create_engine
    _engine_registry[session_key] = InferenceEngine(exercise, profiles_dir)
  File "C:\Users\saura\Downloads\posture_coach_ai\posture_coach\apps\ml_engine\inference_engine.py", line 67, in __init__
    self._extractor = PoseExtractor(
  File "C:\Users\saura\Downloads\posture_coach_ai\posture_coach\apps\ml_engine\pose_extractor.py", line 116, in __init__
    pose_sol = _get_pose_solution()
  File "C:\Users\saura\Downloads\posture_coach_ai\posture_coach\apps\ml_engine\pose_extractor.py", line 96, in _get_pose_solution
    raise ImportError("Cannot find mediapipe pose solution. Try: pip install mediapipe==0.10.32")
ImportError: Cannot find mediapipe pose solution. Try: pip install mediapipe==0.10.32

[2026-02-15 22:07:24,300] ERROR posture_coach: api_infer error: Cannot find mediapipe pose solution. Try: pip install mediapipe==0.10.32
Traceback (most recent call last):
  File "C:\Users\saura\Downloads\posture_coach_ai\posture_coach\apps\posture_app\views.py", line 119, in api_infer
    engine = _get_engine(session_key, exercise)
  File "C:\Users\saura\Downloads\posture_coach_ai\posture_coach\apps\posture_app\views.py", line 29, in _get_engine
    return get_or_create_engine(session_key, exercise, profiles_dir)
  File "C:\Users\saura\Downloads\posture_coach_ai\posture_coach\apps\ml_engine\inference_engine.py", line 336, in get_or_create_engine
    _engine_registry[session_key] = InferenceEngine(exercise, profiles_dir)
  File "C:\Users\saura\Downloads\posture_coach_ai\posture_coach\apps\ml_engine\inference_engine.py", line 67, in __init__
    self._extractor = PoseExtractor(
  File "C:\Users\saura\Downloads\posture_coach_ai\posture_coach\apps\ml_engine\pose_extractor.py", line 116, in __init__
    pose_sol = _get_pose_solution()
  File "C:\Users\saura\Downloads\posture_coach_ai\posture_coach\apps\ml_engine\pose_extractor.py", line 96, in _get_pose_solution
    raise ImportError("Cannot find mediapipe pose solution. Try: pip install mediapipe==0.10.32")
ImportError: Cannot find mediapipe pose solution. Try: pip install mediapipe==0.10.32

[2026-02-15 22:07:24,419] ERROR posture_coach: api_infer error: Cannot find mediapipe pose solution. Try: pip install mediapipe==0.10.32
Traceback (most recent call last):
  File "C:\Users\saura\Downloads\posture_coach_ai\posture_coach\apps\posture_app\views.py", line 119, in api_infer
    engine = _get_engine(session_key, exercise)
  File "C:\Users\saura\Downloads\posture_coach_ai\posture_coach\apps\posture_app\views.py", line 29, in _get_engine
    return get_or_create_engine(session_key, exercise, profiles_dir)
  File "C:\Users\saura\Downloads\posture_coach_ai\posture_coach\apps\ml_engine\inference_engine.py", line 336, in get_or_create_engine
    _engine_registry[session_key] = InferenceEngine(exercise, profiles_dir)
  File "C:\Users\saura\Downloads\posture_coach_ai\posture_coach\apps\ml_engine\inference_engine.py", line 67, in __init__
    self._extractor = PoseExtractor(
  File "C:\Users\saura\Downloads\posture_coach_ai\posture_coach\apps\ml_engine\pose_extractor.py", line 116, in __init__
    pose_sol = _get_pose_solution()
  File "C:\Users\saura\Downloads\posture_coach_ai\posture_coach\apps\ml_engine\pose_extractor.py", line 96, in _get_pose_solution
    raise ImportError("Cannot find mediapipe pose solution. Try: pip install mediapipe==0.10.32")
ImportError: Cannot find mediapipe pose solution. Try: pip install mediapipe==0.10.32

[2026-02-15 22:07:24,498] ERROR posture_coach: api_infer error: Cannot find mediapipe pose solution. Try: pip install mediapipe==0.10.32
Traceback (most recent call last):
  File "C:\Users\saura\Downloads\posture_coach_ai\posture_coach\apps\posture_app\views.py", line 119, in api_infer
    engine = _get_engine(session_key, exercise)
  File "C:\Users\saura\Downloads\posture_coach_ai\posture_coach\apps\posture_app\views.py", line 29, in _get_engine
    return get_or_create_engine(session_key, exercise, profiles_dir)
  File "C:\Users\saura\Downloads\posture_coach_ai\posture_coach\apps\ml_engine\inference_engine.py", line 336, in get_or_create_engine
    _engine_registry[session_key] = InferenceEngine(exercise, profiles_dir)
  File "C:\Users\saura\Downloads\posture_coach_ai\posture_coach\apps\ml_engine\inference_engine.py", line 67, in __init__
    self._extractor = PoseExtractor(
  File "C:\Users\saura\Downloads\posture_coach_ai\posture_coach\apps\ml_engine\pose_extractor.py", line 116, in __init__
    pose_sol = _get_pose_solution()
  File "C:\Users\saura\Downloads\posture_coach_ai\posture_coach\apps\ml_engine\pose_extractor.py", line 96, in _get_pose_solution
    raise ImportError("Cannot find mediapipe pose solution. Try: pip install mediapipe==0.10.32")
ImportError: Cannot find mediapipe pose solution. Try: pip install mediapipe==0.10.32

[2026-02-15 22:07:24,599] ERROR posture_coach: api_infer error: Cannot find mediapipe pose solution. Try: pip install mediapipe==0.10.32
Traceback (most recent call last):
  File "C:\Users\saura\Downloads\posture_coach_ai\posture_coach\apps\posture_app\views.py", line 119, in api_infer
    engine = _get_engine(session_key, exercise)
  File "C:\Users\saura\Downloads\posture_coach_ai\posture_coach\apps\posture_app\views.py", line 29, in _get_engine
    return get_or_create_engine(session_key, exercise, profiles_dir)
  File "C:\Users\saura\Downloads\posture_coach_ai\posture_coach\apps\ml_engine\inference_engine.py", line 336, in get_or_create_engine
    _engine_registry[session_key] = InferenceEngine(exercise, profiles_dir)
  File "C:\Users\saura\Downloads\posture_coach_ai\posture_coach\apps\ml_engine\inference_engine.py", line 67, in __init__
    self._extractor = PoseExtractor(
  File "C:\Users\saura\Downloads\posture_coach_ai\posture_coach\apps\ml_engine\pose_extractor.py", line 116, in __init__
    pose_sol = _get_pose_solution()
  File "C:\Users\saura\Downloads\posture_coach_ai\posture_coach\apps\ml_engine\pose_extractor.py", line 96, in _get_pose_solution
    raise ImportError("Cannot find mediapipe pose solution. Try: pip install mediapipe==0.10.32")
ImportError: Cannot find mediapipe pose solution. Try: pip install mediapipe==0.10.32

[2026-02-15 22:07:24,700] ERROR posture_coach: api_infer error: Cannot find mediapipe pose solution. Try: pip install mediapipe==0.10.32
Traceback (most recent call last):
  File "C:\Users\saura\Downloads\posture_coach_ai\posture_coach\apps\posture_app\views.py", line 119, in api_infer
    engine = _get_engine(session_key, exercise)
  File "C:\Users\saura\Downloads\posture_coach_ai\posture_coach\apps\posture_app\views.py", line 29, in _get_engine
    return get_or_create_engine(session_key, exercise, profiles_dir)
  File "C:\Users\saura\Downloads\posture_coach_ai\posture_coach\apps\ml_engine\inference_engine.py", line 336, in get_or_create_engine
    _engine_registry[session_key] = InferenceEngine(exercise, profiles_dir)
  File "C:\Users\saura\Downloads\posture_coach_ai\posture_coach\apps\ml_engine\inference_engine.py", line 67, in __init__
    self._extractor = PoseExtractor(
  File "C:\Users\saura\Downloads\posture_coach_ai\posture_coach\apps\ml_engine\pose_extractor.py", line 116, in __init__
    pose_sol = _get_pose_solution()
  File "C:\Users\saura\Downloads\posture_coach_ai\posture_coach\apps\ml_engine\pose_extractor.py", line 96, in _get_pose_solution
    raise ImportError("Cannot find mediapipe pose solution. Try: pip install mediapipe==0.10.32")
ImportError: Cannot find mediapipe pose solution. Try: pip install mediapipe==0.10.32

[2026-02-15 22:07:24,805] ERROR posture_coach: api_infer error: Cannot find mediapipe pose solution. Try: pip install mediapipe==0.10.32
Traceback (most recent call last):
  File "C:\Users\saura\Downloads\posture_coach_ai\posture_coach\apps\posture_app\views.py", line 119, in api_infer
    engine = _get_engine(session_key, exercise)
  File "C:\Users\saura\Downloads\posture_coach_ai\posture_coach\apps\posture_app\views.py", line 29, in _get_engine
    return get_or_create_engine(session_key, exercise, profiles_dir)
  File "C:\Users\saura\Downloads\posture_coach_ai\posture_coach\apps\ml_engine\inference_engine.py", line 336, in get_or_create_engine
    _engine_registry[session_key] = InferenceEngine(exercise, profiles_dir)
  File "C:\Users\saura\Downloads\posture_coach_ai\posture_coach\apps\ml_engine\inference_engine.py", line 67, in __init__
    self._extractor = PoseExtractor(
  File "C:\Users\saura\Downloads\posture_coach_ai\posture_coach\apps\ml_engine\pose_extractor.py", line 116, in __init__
    pose_sol = _get_pose_solution()
  File "C:\Users\saura\Downloads\posture_coach_ai\posture_coach\apps\ml_engine\pose_extractor.py", line 96, in _get_pose_solution
    raise ImportError("Cannot find mediapipe pose solution. Try: pip install mediapipe==0.10.32")
ImportError: Cannot find mediapipe pose solution. Try: pip install mediapipe==0.10.32

[2026-02-15 22:07:24,906] ERROR posture_coach: api_infer error: Cannot find mediapipe pose solution. Try: pip install mediapipe==0.10.32
Traceback (most recent call last):
  File "C:\Users\saura\Downloads\posture_coach_ai\posture_coach\apps\posture_app\views.py", line 119, in api_infer
    engine = _get_engine(session_key, exercise)
  File "C:\Users\saura\Downloads\posture_coach_ai\posture_coach\apps\posture_app\views.py", line 29, in _get_engine
    return get_or_create_engine(session_key, exercise, profiles_dir)
  File "C:\Users\saura\Downloads\posture_coach_ai\posture_coach\apps\ml_engine\inference_engine.py", line 336, in get_or_create_engine
    _engine_registry[session_key] = InferenceEngine(exercise, profiles_dir)
  File "C:\Users\saura\Downloads\posture_coach_ai\posture_coach\apps\ml_engine\inference_engine.py", line 67, in __init__
    self._extractor = PoseExtractor(
  File "C:\Users\saura\Downloads\posture_coach_ai\posture_coach\apps\ml_engine\pose_extractor.py", line 116, in __init__
    pose_sol = _get_pose_solution()
  File "C:\Users\saura\Downloads\posture_coach_ai\posture_coach\apps\ml_engine\pose_extractor.py", line 96, in _get_pose_solution
    raise ImportError("Cannot find mediapipe pose solution. Try: pip install mediapipe==0.10.32")
ImportError: Cannot find mediapipe pose solution. Try: pip install mediapipe==0.10.32

[2026-02-15 22:07:25,001] ERROR posture_coach: api_infer error: Cannot find mediapipe pose solution. Try: pip install mediapipe==0.10.32
Traceback (most recent call last):
  File "C:\Users\saura\Downloads\posture_coach_ai\posture_coach\apps\posture_app\views.py", line 119, in api_infer
    engine = _get_engine(session_key, exercise)
  File "C:\Users\saura\Downloads\posture_coach_ai\posture_coach\apps\posture_app\views.py", line 29, in _get_engine
    return get_or_create_engine(session_key, exercise, profiles_dir)
  File "C:\Users\saura\Downloads\posture_coach_ai\posture_coach\apps\ml_engine\inference_engine.py", line 336, in get_or_create_engine
    _engine_registry[session_key] = InferenceEngine(exercise, profiles_dir)
  File "C:\Users\saura\Downloads\posture_coach_ai\posture_coach\apps\ml_engine\inference_engine.py", line 67, in __init__
    self._extractor = PoseExtractor(
  File "C:\Users\saura\Downloads\posture_coach_ai\posture_coach\apps\ml_engine\pose_extractor.py", line 116, in __init__
    pose_sol = _get_pose_solution()
  File "C:\Users\saura\Downloads\posture_coach_ai\posture_coach\apps\ml_engine\pose_extractor.py", line 96, in _get_pose_solution
    raise ImportError("Cannot find mediapipe pose solution. Try: pip install mediapipe==0.10.32")
ImportError: Cannot find mediapipe pose solution. Try: pip install mediapipe==0.10.32

[2026-02-15 22:07:25,098] ERROR posture_coach: api_infer error: Cannot find mediapipe pose solution. Try: pip install mediapipe==0.10.32
Traceback (most recent call last):
  File "C:\Users\saura\Downloads\posture_coach_ai\posture_coach\apps\posture_app\views.py", line 119, in api_infer
    engine = _get_engine(session_key, exercise)
  File "C:\Users\saura\Downloads\posture_coach_ai\posture_coach\apps\posture_app\views.py", line 29, in _get_engine
    return get_or_create_engine(session_key, exercise, profiles_dir)
  File "C:\Users\saura\Downloads\posture_coach_ai\posture_coach\apps\ml_engine\inference_engine.py", line 336, in get_or_create_engine
    _engine_registry[session_key] = InferenceEngine(exercise, profiles_dir)
  File "C:\Users\saura\Downloads\posture_coach_ai\posture_coach\apps\ml_engine\inference_engine.py", line 67, in __init__
    self._extractor = PoseExtractor(
  File "C:\Users\saura\Downloads\posture_coach_ai\posture_coach\apps\ml_engine\pose_extractor.py", line 116, in __init__
    pose_sol = _get_pose_solution()
  File "C:\Users\saura\Downloads\posture_coach_ai\posture_coach\apps\ml_engine\pose_extractor.py", line 96, in _get_pose_solution
    raise ImportError("Cannot find mediapipe pose solution. Try: pip install mediapipe==0.10.32")
ImportError: Cannot find mediapipe pose solution. Try: pip install mediapipe==0.10.32

[2026-02-15 22:07:25,205] ERROR posture_coach: api_infer error: Cannot find mediapipe pose solution. Try: pip install mediapipe==0.10.32
Traceback (most recent call last):
  File "C:\Users\saura\Downloads\posture_coach_ai\posture_coach\apps\posture_app\views.py", line 119, in api_infer
    engine = _get_engine(session_key, exercise)
  File "C:\Users\saura\Downloads\posture_coach_ai\posture_coach\apps\posture_app\views.py", line 29, in _get_engine
    return get_or_create_engine(session_key, exercise, profiles_dir)
  File "C:\Users\saura\Downloads\posture_coach_ai\posture_coach\apps\ml_engine\inference_engine.py", line 336, in get_or_create_engine
    _engine_registry[session_key] = InferenceEngine(exercise, profiles_dir)
  File "C:\Users\saura\Downloads\posture_coach_ai\posture_coach\apps\ml_engine\inference_engine.py", line 67, in __init__
    self._extractor = PoseExtractor(
  File "C:\Users\saura\Downloads\posture_coach_ai\posture_coach\apps\ml_engine\pose_extractor.py", line 116, in __init__
    pose_sol = _get_pose_solution()
  File "C:\Users\saura\Downloads\posture_coach_ai\posture_coach\apps\ml_engine\pose_extractor.py", line 96, in _get_pose_solution
    raise ImportError("Cannot find mediapipe pose solution. Try: pip install mediapipe==0.10.32")
ImportError: Cannot find mediapipe pose solution. Try: pip install mediapipe==0.10.32

[2026-02-15 22:07:25,301] ERROR posture_coach: api_infer error: Cannot find mediapipe pose solution. Try: pip install mediapipe==0.10.32
Traceback (most recent call last):
  File "C:\Users\saura\Downloads\posture_coach_ai\posture_coach\apps\posture_app\views.py", line 119, in api_infer
    engine = _get_engine(session_key, exercise)
  File "C:\Users\saura\Downloads\posture_coach_ai\posture_coach\apps\posture_app\views.py", line 29, in _get_engine
    return get_or_create_engine(session_key, exercise, profiles_dir)
  File "C:\Users\saura\Downloads\posture_coach_ai\posture_coach\apps\ml_engine\inference_engine.py", line 336, in get_or_create_engine
    _engine_registry[session_key] = InferenceEngine(exercise, profiles_dir)
  File "C:\Users\saura\Downloads\posture_coach_ai\posture_coach\apps\ml_engine\inference_engine.py", line 67, in __init__
    self._extractor = PoseExtractor(
  File "C:\Users\saura\Downloads\posture_coach_ai\posture_coach\apps\ml_engine\pose_extractor.py", line 116, in __init__
    pose_sol = _get_pose_solution()
  File "C:\Users\saura\Downloads\posture_coach_ai\posture_coach\apps\ml_engine\pose_extractor.py", line 96, in _get_pose_solution
    raise ImportError("Cannot find mediapipe pose solution. Try: pip install mediapipe==0.10.32")
ImportError: Cannot find mediapipe pose solution. Try: pip install mediapipe==0.10.32

[2026-02-15 22:07:25,420] ERROR posture_coach: api_infer error: Cannot find mediapipe pose solution. Try: pip install mediapipe==0.10.32
Traceback (most recent call last):
  File "C:\Users\saura\Downloads\posture_coach_ai\posture_coach\apps\posture_app\views.py", line 119, in api_infer
    engine = _get_engine(session_key, exercise)
  File "C:\Users\saura\Downloads\posture_coach_ai\posture_coach\apps\posture_app\views.py", line 29, in _get_engine
    return get_or_create_engine(session_key, exercise, profiles_dir)
  File "C:\Users\saura\Downloads\posture_coach_ai\posture_coach\apps\ml_engine\inference_engine.py", line 336, in get_or_create_engine
    _engine_registry[session_key] = InferenceEngine(exercise, profiles_dir)
  File "C:\Users\saura\Downloads\posture_coach_ai\posture_coach\apps\ml_engine\inference_engine.py", line 67, in __init__
    self._extractor = PoseExtractor(
  File "C:\Users\saura\Downloads\posture_coach_ai\posture_coach\apps\ml_engine\pose_extractor.py", line 116, in __init__
    pose_sol = _get_pose_solution()
  File "C:\Users\saura\Downloads\posture_coach_ai\posture_coach\apps\ml_engine\pose_extractor.py", line 96, in _get_pose_solution
    raise ImportError("Cannot find mediapipe pose solution. Try: pip install mediapipe==0.10.32")
ImportError: Cannot find mediapipe pose solution. Try: pip install mediapipe==0.10.32

[2026-02-15 22:07:25,499] ERROR posture_coach: api_infer error: Cannot find mediapipe pose solution. Try: pip install mediapipe==0.10.32
Traceback (most recent call last):
  File "C:\Users\saura\Downloads\posture_coach_ai\posture_coach\apps\posture_app\views.py", line 119, in api_infer
    engine = _get_engine(session_key, exercise)
  File "C:\Users\saura\Downloads\posture_coach_ai\posture_coach\apps\posture_app\views.py", line 29, in _get_engine
    return get_or_create_engine(session_key, exercise, profiles_dir)
  File "C:\Users\saura\Downloads\posture_coach_ai\posture_coach\apps\ml_engine\inference_engine.py", line 336, in get_or_create_engine
    _engine_registry[session_key] = InferenceEngine(exercise, profiles_dir)
  File "C:\Users\saura\Downloads\posture_coach_ai\posture_coach\apps\ml_engine\inference_engine.py", line 67, in __init__
    self._extractor = PoseExtractor(
  File "C:\Users\saura\Downloads\posture_coach_ai\posture_coach\apps\ml_engine\pose_extractor.py", line 116, in __init__
    pose_sol = _get_pose_solution()
  File "C:\Users\saura\Downloads\posture_coach_ai\posture_coach\apps\ml_engine\pose_extractor.py", line 96, in _get_pose_solution
    raise ImportError("Cannot find mediapipe pose solution. Try: pip install mediapipe==0.10.32")
ImportError: Cannot find mediapipe pose solution. Try: pip install mediapipe==0.10.32

[2026-02-15 22:07:25,599] ERROR posture_coach: api_infer error: Cannot find mediapipe pose solution. Try: pip install mediapipe==0.10.32
Traceback (most recent call last):
  File "C:\Users\saura\Downloads\posture_coach_ai\posture_coach\apps\posture_app\views.py", line 119, in api_infer
    engine = _get_engine(session_key, exercise)
  File "C:\Users\saura\Downloads\posture_coach_ai\posture_coach\apps\posture_app\views.py", line 29, in _get_engine
    return get_or_create_engine(session_key, exercise, profiles_dir)
  File "C:\Users\saura\Downloads\posture_coach_ai\posture_coach\apps\ml_engine\inference_engine.py", line 336, in get_or_create_engine
    _engine_registry[session_key] = InferenceEngine(exercise, profiles_dir)
  File "C:\Users\saura\Downloads\posture_coach_ai\posture_coach\apps\ml_engine\inference_engine.py", line 67, in __init__
    self._extractor = PoseExtractor(
  File "C:\Users\saura\Downloads\posture_coach_ai\posture_coach\apps\ml_engine\pose_extractor.py", line 116, in __init__
    pose_sol = _get_pose_solution()
  File "C:\Users\saura\Downloads\posture_coach_ai\posture_coach\apps\ml_engine\pose_extractor.py", line 96, in _get_pose_solution
    raise ImportError("Cannot find mediapipe pose solution. Try: pip install mediapipe==0.10.32")
ImportError: Cannot find mediapipe pose solution. Try: pip install mediapipe==0.10.32

[2026-02-15 22:07:25,718] ERROR posture_coach: api_infer error: Cannot find mediapipe pose solution. Try: pip install mediapipe==0.10.32
Traceback (most recent call last):
  File "C:\Users\saura\Downloads\posture_coach_ai\posture_coach\apps\posture_app\views.py", line 119, in api_infer
    engine = _get_engine(session_key, exercise)
  File "C:\Users\saura\Downloads\posture_coach_ai\posture_coach\apps\posture_app\views.py", line 29, in _get_engine
    return get_or_create_engine(session_key, exercise, profiles_dir)
  File "C:\Users\saura\Downloads\posture_coach_ai\posture_coach\apps\ml_engine\inference_engine.py", line 336, in get_or_create_engine
    _engine_registry[session_key] = InferenceEngine(exercise, profiles_dir)
  File "C:\Users\saura\Downloads\posture_coach_ai\posture_coach\apps\ml_engine\inference_engine.py", line 67, in __init__
    self._extractor = PoseExtractor(
  File "C:\Users\saura\Downloads\posture_coach_ai\posture_coach\apps\ml_engine\pose_extractor.py", line 116, in __init__
    pose_sol = _get_pose_solution()
  File "C:\Users\saura\Downloads\posture_coach_ai\posture_coach\apps\ml_engine\pose_extractor.py", line 96, in _get_pose_solution
    raise ImportError("Cannot find mediapipe pose solution. Try: pip install mediapipe==0.10.32")
ImportError: Cannot find mediapipe pose solution. Try: pip install mediapipe==0.10.32

[2026-02-15 22:07:25,798] ERROR posture_coach: api_infer error: Cannot find mediapipe pose solution. Try: pip install mediapipe==0.10.32
Traceback (most recent call last):
  File "C:\Users\saura\Downloads\posture_coach_ai\posture_coach\apps\posture_app\views.py", line 119, in api_infer
    engine = _get_engine(session_key, exercise)
  File "C:\Users\saura\Downloads\posture_coach_ai\posture_coach\apps\posture_app\views.py", line 29, in _get_engine
    return get_or_create_engine(session_key, exercise, profiles_dir)
  File "C:\Users\saura\Downloads\posture_coach_ai\posture_coach\apps\ml_engine\inference_engine.py", line 336, in get_or_create_engine
    _engine_registry[session_key] = InferenceEngine(exercise, profiles_dir)
  File "C:\Users\saura\Downloads\posture_coach_ai\posture_coach\apps\ml_engine\inference_engine.py", line 67, in __init__
    self._extractor = PoseExtractor(
  File "C:\Users\saura\Downloads\posture_coach_ai\posture_coach\apps\ml_engine\pose_extractor.py", line 116, in __init__
    pose_sol = _get_pose_solution()
  File "C:\Users\saura\Downloads\posture_coach_ai\posture_coach\apps\ml_engine\pose_extractor.py", line 96, in _get_pose_solution
    raise ImportError("Cannot find mediapipe pose solution. Try: pip install mediapipe==0.10.32")
ImportError: Cannot find mediapipe pose solution. Try: pip install mediapipe==0.10.32

[2026-02-15 22:07:25,903] ERROR posture_coach: api_infer error: Cannot find mediapipe pose solution. Try: pip install mediapipe==0.10.32
Traceback (most recent call last):
  File "C:\Users\saura\Downloads\posture_coach_ai\posture_coach\apps\posture_app\views.py", line 119, in api_infer
    engine = _get_engine(session_key, exercise)
  File "C:\Users\saura\Downloads\posture_coach_ai\posture_coach\apps\posture_app\views.py", line 29, in _get_engine
    return get_or_create_engine(session_key, exercise, profiles_dir)
  File "C:\Users\saura\Downloads\posture_coach_ai\posture_coach\apps\ml_engine\inference_engine.py", line 336, in get_or_create_engine
    _engine_registry[session_key] = InferenceEngine(exercise, profiles_dir)
  File "C:\Users\saura\Downloads\posture_coach_ai\posture_coach\apps\ml_engine\inference_engine.py", line 67, in __init__
    self._extractor = PoseExtractor(
  File "C:\Users\saura\Downloads\posture_coach_ai\posture_coach\apps\ml_engine\pose_extractor.py", line 116, in __init__
    pose_sol = _get_pose_solution()
  File "C:\Users\saura\Downloads\posture_coach_ai\posture_coach\apps\ml_engine\pose_extractor.py", line 96, in _get_pose_solution
    raise ImportError("Cannot find mediapipe pose solution. Try: pip install mediapipe==0.10.32")
ImportError: Cannot find mediapipe pose solution. Try: pip install mediapipe==0.10.32

[2026-02-15 22:07:26,000] ERROR posture_coach: api_infer error: Cannot find mediapipe pose solution. Try: pip install mediapipe==0.10.32
Traceback (most recent call last):
  File "C:\Users\saura\Downloads\posture_coach_ai\posture_coach\apps\posture_app\views.py", line 119, in api_infer
    engine = _get_engine(session_key, exercise)
  File "C:\Users\saura\Downloads\posture_coach_ai\posture_coach\apps\posture_app\views.py", line 29, in _get_engine
    return get_or_create_engine(session_key, exercise, profiles_dir)
  File "C:\Users\saura\Downloads\posture_coach_ai\posture_coach\apps\ml_engine\inference_engine.py", line 336, in get_or_create_engine
    _engine_registry[session_key] = InferenceEngine(exercise, profiles_dir)
  File "C:\Users\saura\Downloads\posture_coach_ai\posture_coach\apps\ml_engine\inference_engine.py", line 67, in __init__
    self._extractor = PoseExtractor(
  File "C:\Users\saura\Downloads\posture_coach_ai\posture_coach\apps\ml_engine\pose_extractor.py", line 116, in __init__
    pose_sol = _get_pose_solution()
  File "C:\Users\saura\Downloads\posture_coach_ai\posture_coach\apps\ml_engine\pose_extractor.py", line 96, in _get_pose_solution
    raise ImportError("Cannot find mediapipe pose solution. Try: pip install mediapipe==0.10.32")
ImportError: Cannot find mediapipe pose solution. Try: pip install mediapipe==0.10.32

[2026-02-15 22:07:26,099] ERROR posture_coach: api_infer error: Cannot find mediapipe pose solution. Try: pip install mediapipe==0.10.32
Traceback (most recent call last):
  File "C:\Users\saura\Downloads\posture_coach_ai\posture_coach\apps\posture_app\views.py", line 119, in api_infer
    engine = _get_engine(session_key, exercise)
  File "C:\Users\saura\Downloads\posture_coach_ai\posture_coach\apps\posture_app\views.py", line 29, in _get_engine
    return get_or_create_engine(session_key, exercise, profiles_dir)
  File "C:\Users\saura\Downloads\posture_coach_ai\posture_coach\apps\ml_engine\inference_engine.py", line 336, in get_or_create_engine
    _engine_registry[session_key] = InferenceEngine(exercise, profiles_dir)
  File "C:\Users\saura\Downloads\posture_coach_ai\posture_coach\apps\ml_engine\inference_engine.py", line 67, in __init__
    self._extractor = PoseExtractor(
  File "C:\Users\saura\Downloads\posture_coach_ai\posture_coach\apps\ml_engine\pose_extractor.py", line 116, in __init__
    pose_sol = _get_pose_solution()
  File "C:\Users\saura\Downloads\posture_coach_ai\posture_coach\apps\ml_engine\pose_extractor.py", line 96, in _get_pose_solution
    raise ImportError("Cannot find mediapipe pose solution. Try: pip install mediapipe==0.10.32")
ImportError: Cannot find mediapipe pose solution. Try: pip install mediapipe==0.10.32

[2026-02-15 22:07:26,199] ERROR posture_coach: api_infer error: Cannot find mediapipe pose solution. Try: pip install mediapipe==0.10.32
Traceback (most recent call last):
  File "C:\Users\saura\Downloads\posture_coach_ai\posture_coach\apps\posture_app\views.py", line 119, in api_infer
    engine = _get_engine(session_key, exercise)
  File "C:\Users\saura\Downloads\posture_coach_ai\posture_coach\apps\posture_app\views.py", line 29, in _get_engine
    return get_or_create_engine(session_key, exercise, profiles_dir)
  File "C:\Users\saura\Downloads\posture_coach_ai\posture_coach\apps\ml_engine\inference_engine.py", line 336, in get_or_create_engine
    _engine_registry[session_key] = InferenceEngine(exercise, profiles_dir)
  File "C:\Users\saura\Downloads\posture_coach_ai\posture_coach\apps\ml_engine\inference_engine.py", line 67, in __init__
    self._extractor = PoseExtractor(
  File "C:\Users\saura\Downloads\posture_coach_ai\posture_coach\apps\ml_engine\pose_extractor.py", line 116, in __init__
    pose_sol = _get_pose_solution()
  File "C:\Users\saura\Downloads\posture_coach_ai\posture_coach\apps\ml_engine\pose_extractor.py", line 96, in _get_pose_solution
    raise ImportError("Cannot find mediapipe pose solution. Try: pip install mediapipe==0.10.32")
ImportError: Cannot find mediapipe pose solution. Try: pip install mediapipe==0.10.32

[2026-02-15 22:07:26,296] ERROR posture_coach: api_infer error: Cannot find mediapipe pose solution. Try: pip install mediapipe==0.10.32
Traceback (most recent call last):
  File "C:\Users\saura\Downloads\posture_coach_ai\posture_coach\apps\posture_app\views.py", line 119, in api_infer
    engine = _get_engine(session_key, exercise)
  File "C:\Users\saura\Downloads\posture_coach_ai\posture_coach\apps\posture_app\views.py", line 29, in _get_engine
    return get_or_create_engine(session_key, exercise, profiles_dir)
  File "C:\Users\saura\Downloads\posture_coach_ai\posture_coach\apps\ml_engine\inference_engine.py", line 336, in get_or_create_engine
    _engine_registry[session_key] = InferenceEngine(exercise, profiles_dir)
  File "C:\Users\saura\Downloads\posture_coach_ai\posture_coach\apps\ml_engine\inference_engine.py", line 67, in __init__
    self._extractor = PoseExtractor(
  File "C:\Users\saura\Downloads\posture_coach_ai\posture_coach\apps\ml_engine\pose_extractor.py", line 116, in __init__
    pose_sol = _get_pose_solution()
  File "C:\Users\saura\Downloads\posture_coach_ai\posture_coach\apps\ml_engine\pose_extractor.py", line 96, in _get_pose_solution
    raise ImportError("Cannot find mediapipe pose solution. Try: pip install mediapipe==0.10.32")
ImportError: Cannot find mediapipe pose solution. Try: pip install mediapipe==0.10.32

[2026-02-15 22:07:26,415] ERROR posture_coach: api_infer error: Cannot find mediapipe pose solution. Try: pip install mediapipe==0.10.32
Traceback (most recent call last):
  File "C:\Users\saura\Downloads\posture_coach_ai\posture_coach\apps\posture_app\views.py", line 119, in api_infer
    engine = _get_engine(session_key, exercise)
  File "C:\Users\saura\Downloads\posture_coach_ai\posture_coach\apps\posture_app\views.py", line 29, in _get_engine
    return get_or_create_engine(session_key, exercise, profiles_dir)
  File "C:\Users\saura\Downloads\posture_coach_ai\posture_coach\apps\ml_engine\inference_engine.py", line 336, in get_or_create_engine
    _engine_registry[session_key] = InferenceEngine(exercise, profiles_dir)
  File "C:\Users\saura\Downloads\posture_coach_ai\posture_coach\apps\ml_engine\inference_engine.py", line 67, in __init__
    self._extractor = PoseExtractor(
  File "C:\Users\saura\Downloads\posture_coach_ai\posture_coach\apps\ml_engine\pose_extractor.py", line 116, in __init__
    pose_sol = _get_pose_solution()
  File "C:\Users\saura\Downloads\posture_coach_ai\posture_coach\apps\ml_engine\pose_extractor.py", line 96, in _get_pose_solution
    raise ImportError("Cannot find mediapipe pose solution. Try: pip install mediapipe==0.10.32")
ImportError: Cannot find mediapipe pose solution. Try: pip install mediapipe==0.10.32

[2026-02-15 22:07:26,501] ERROR posture_coach: api_infer error: Cannot find mediapipe pose solution. Try: pip install mediapipe==0.10.32
Traceback (most recent call last):
  File "C:\Users\saura\Downloads\posture_coach_ai\posture_coach\apps\posture_app\views.py", line 119, in api_infer
    engine = _get_engine(session_key, exercise)
  File "C:\Users\saura\Downloads\posture_coach_ai\posture_coach\apps\posture_app\views.py", line 29, in _get_engine
    return get_or_create_engine(session_key, exercise, profiles_dir)
  File "C:\Users\saura\Downloads\posture_coach_ai\posture_coach\apps\ml_engine\inference_engine.py", line 336, in get_or_create_engine
    _engine_registry[session_key] = InferenceEngine(exercise, profiles_dir)
  File "C:\Users\saura\Downloads\posture_coach_ai\posture_coach\apps\ml_engine\inference_engine.py", line 67, in __init__
    self._extractor = PoseExtractor(
  File "C:\Users\saura\Downloads\posture_coach_ai\posture_coach\apps\ml_engine\pose_extractor.py", line 116, in __init__
    pose_sol = _get_pose_solution()
  File "C:\Users\saura\Downloads\posture_coach_ai\posture_coach\apps\ml_engine\pose_extractor.py", line 96, in _get_pose_solution
    raise ImportError("Cannot find mediapipe pose solution. Try: pip install mediapipe==0.10.32")
ImportError: Cannot find mediapipe pose solution. Try: pip install mediapipe==0.10.32

[2026-02-15 22:07:26,599] ERROR posture_coach: api_infer error: Cannot find mediapipe pose solution. Try: pip install mediapipe==0.10.32
Traceback (most recent call last):
  File "C:\Users\saura\Downloads\posture_coach_ai\posture_coach\apps\posture_app\views.py", line 119, in api_infer
    engine = _get_engine(session_key, exercise)
  File "C:\Users\saura\Downloads\posture_coach_ai\posture_coach\apps\posture_app\views.py", line 29, in _get_engine
    return get_or_create_engine(session_key, exercise, profiles_dir)
  File "C:\Users\saura\Downloads\posture_coach_ai\posture_coach\apps\ml_engine\inference_engine.py", line 336, in get_or_create_engine
    _engine_registry[session_key] = InferenceEngine(exercise, profiles_dir)
  File "C:\Users\saura\Downloads\posture_coach_ai\posture_coach\apps\ml_engine\inference_engine.py", line 67, in __init__
    self._extractor = PoseExtractor(
  File "C:\Users\saura\Downloads\posture_coach_ai\posture_coach\apps\ml_engine\pose_extractor.py", line 116, in __init__
    pose_sol = _get_pose_solution()
  File "C:\Users\saura\Downloads\posture_coach_ai\posture_coach\apps\ml_engine\pose_extractor.py", line 96, in _get_pose_solution
    raise ImportError("Cannot find mediapipe pose solution. Try: pip install mediapipe==0.10.32")
ImportError: Cannot find mediapipe pose solution. Try: pip install mediapipe==0.10.32

[2026-02-15 22:07:26,699] ERROR posture_coach: api_infer error: Cannot find mediapipe pose solution. Try: pip install mediapipe==0.10.32
Traceback (most recent call last):
  File "C:\Users\saura\Downloads\posture_coach_ai\posture_coach\apps\posture_app\views.py", line 119, in api_infer
    engine = _get_engine(session_key, exercise)
  File "C:\Users\saura\Downloads\posture_coach_ai\posture_coach\apps\posture_app\views.py", line 29, in _get_engine
    return get_or_create_engine(session_key, exercise, profiles_dir)
  File "C:\Users\saura\Downloads\posture_coach_ai\posture_coach\apps\ml_engine\inference_engine.py", line 336, in get_or_create_engine
    _engine_registry[session_key] = InferenceEngine(exercise, profiles_dir)
  File "C:\Users\saura\Downloads\posture_coach_ai\posture_coach\apps\ml_engine\inference_engine.py", line 67, in __init__
    self._extractor = PoseExtractor(
  File "C:\Users\saura\Downloads\posture_coach_ai\posture_coach\apps\ml_engine\pose_extractor.py", line 116, in __init__
    pose_sol = _get_pose_solution()
  File "C:\Users\saura\Downloads\posture_coach_ai\posture_coach\apps\ml_engine\pose_extractor.py", line 96, in _get_pose_solution
    raise ImportError("Cannot find mediapipe pose solution. Try: pip install mediapipe==0.10.32")
ImportError: Cannot find mediapipe pose solution. Try: pip install mediapipe==0.10.32

[2026-02-15 22:07:26,798] ERROR posture_coach: api_infer error: Cannot find mediapipe pose solution. Try: pip install mediapipe==0.10.32
Traceback (most recent call last):
  File "C:\Users\saura\Downloads\posture_coach_ai\posture_coach\apps\posture_app\views.py", line 119, in api_infer
    engine = _get_engine(session_key, exercise)
  File "C:\Users\saura\Downloads\posture_coach_ai\posture_coach\apps\posture_app\views.py", line 29, in _get_engine
    return get_or_create_engine(session_key, exercise, profiles_dir)
  File "C:\Users\saura\Downloads\posture_coach_ai\posture_coach\apps\ml_engine\inference_engine.py", line 336, in get_or_create_engine
    _engine_registry[session_key] = InferenceEngine(exercise, profiles_dir)
  File "C:\Users\saura\Downloads\posture_coach_ai\posture_coach\apps\ml_engine\inference_engine.py", line 67, in __init__
    self._extractor = PoseExtractor(
  File "C:\Users\saura\Downloads\posture_coach_ai\posture_coach\apps\ml_engine\pose_extractor.py", line 116, in __init__
    pose_sol = _get_pose_solution()
  File "C:\Users\saura\Downloads\posture_coach_ai\posture_coach\apps\ml_engine\pose_extractor.py", line 96, in _get_pose_solution
    raise ImportError("Cannot find mediapipe pose solution. Try: pip install mediapipe==0.10.32")
ImportError: Cannot find mediapipe pose solution. Try: pip install mediapipe==0.10.32

[2026-02-15 22:07:26,917] ERROR posture_coach: api_infer error: Cannot find mediapipe pose solution. Try: pip install mediapipe==0.10.32
Traceback (most recent call last):
  File "C:\Users\saura\Downloads\posture_coach_ai\posture_coach\apps\posture_app\views.py", line 119, in api_infer
    engine = _get_engine(session_key, exercise)
  File "C:\Users\saura\Downloads\posture_coach_ai\posture_coach\apps\posture_app\views.py", line 29, in _get_engine
    return get_or_create_engine(session_key, exercise, profiles_dir)
  File "C:\Users\saura\Downloads\posture_coach_ai\posture_coach\apps\ml_engine\inference_engine.py", line 336, in get_or_create_engine
    _engine_registry[session_key] = InferenceEngine(exercise, profiles_dir)
  File "C:\Users\saura\Downloads\posture_coach_ai\posture_coach\apps\ml_engine\inference_engine.py", line 67, in __init__
    self._extractor = PoseExtractor(
  File "C:\Users\saura\Downloads\posture_coach_ai\posture_coach\apps\ml_engine\pose_extractor.py", line 116, in __init__
    pose_sol = _get_pose_solution()
  File "C:\Users\saura\Downloads\posture_coach_ai\posture_coach\apps\ml_engine\pose_extractor.py", line 96, in _get_pose_solution
    raise ImportError("Cannot find mediapipe pose solution. Try: pip install mediapipe==0.10.32")
ImportError: Cannot find mediapipe pose solution. Try: pip install mediapipe==0.10.32

[2026-02-15 22:07:27,003] ERROR posture_coach: api_infer error: Cannot find mediapipe pose solution. Try: pip install mediapipe==0.10.32
Traceback (most recent call last):
  File "C:\Users\saura\Downloads\posture_coach_ai\posture_coach\apps\posture_app\views.py", line 119, in api_infer
    engine = _get_engine(session_key, exercise)
  File "C:\Users\saura\Downloads\posture_coach_ai\posture_coach\apps\posture_app\views.py", line 29, in _get_engine
    return get_or_create_engine(session_key, exercise, profiles_dir)
  File "C:\Users\saura\Downloads\posture_coach_ai\posture_coach\apps\ml_engine\inference_engine.py", line 336, in get_or_create_engine
    _engine_registry[session_key] = InferenceEngine(exercise, profiles_dir)
  File "C:\Users\saura\Downloads\posture_coach_ai\posture_coach\apps\ml_engine\inference_engine.py", line 67, in __init__
    self._extractor = PoseExtractor(
  File "C:\Users\saura\Downloads\posture_coach_ai\posture_coach\apps\ml_engine\pose_extractor.py", line 116, in __init__
    pose_sol = _get_pose_solution()
  File "C:\Users\saura\Downloads\posture_coach_ai\posture_coach\apps\ml_engine\pose_extractor.py", line 96, in _get_pose_solution
    raise ImportError("Cannot find mediapipe pose solution. Try: pip install mediapipe==0.10.32")
ImportError: Cannot find mediapipe pose solution. Try: pip install mediapipe==0.10.32

[2026-02-15 22:07:27,106] ERROR posture_coach: api_infer error: Cannot find mediapipe pose solution. Try: pip install mediapipe==0.10.32
Traceback (most recent call last):
  File "C:\Users\saura\Downloads\posture_coach_ai\posture_coach\apps\posture_app\views.py", line 119, in api_infer
    engine = _get_engine(session_key, exercise)
  File "C:\Users\saura\Downloads\posture_coach_ai\posture_coach\apps\posture_app\views.py", line 29, in _get_engine
    return get_or_create_engine(session_key, exercise, profiles_dir)
  File "C:\Users\saura\Downloads\posture_coach_ai\posture_coach\apps\ml_engine\inference_engine.py", line 336, in get_or_create_engine
    _engine_registry[session_key] = InferenceEngine(exercise, profiles_dir)
  File "C:\Users\saura\Downloads\posture_coach_ai\posture_coach\apps\ml_engine\inference_engine.py", line 67, in __init__
    self._extractor = PoseExtractor(
  File "C:\Users\saura\Downloads\posture_coach_ai\posture_coach\apps\ml_engine\pose_extractor.py", line 116, in __init__
    pose_sol = _get_pose_solution()
  File "C:\Users\saura\Downloads\posture_coach_ai\posture_coach\apps\ml_engine\pose_extractor.py", line 96, in _get_pose_solution
    raise ImportError("Cannot find mediapipe pose solution. Try: pip install mediapipe==0.10.32")
ImportError: Cannot find mediapipe pose solution. Try: pip install mediapipe==0.10.32

[2026-02-15 22:07:27,213] ERROR posture_coach: api_infer error: Cannot find mediapipe pose solution. Try: pip install mediapipe==0.10.32
Traceback (most recent call last):
  File "C:\Users\saura\Downloads\posture_coach_ai\posture_coach\apps\posture_app\views.py", line 119, in api_infer
    engine = _get_engine(session_key, exercise)
  File "C:\Users\saura\Downloads\posture_coach_ai\posture_coach\apps\posture_app\views.py", line 29, in _get_engine
    return get_or_create_engine(session_key, exercise, profiles_dir)
  File "C:\Users\saura\Downloads\posture_coach_ai\posture_coach\apps\ml_engine\inference_engine.py", line 336, in get_or_create_engine
    _engine_registry[session_key] = InferenceEngine(exercise, profiles_dir)
  File "C:\Users\saura\Downloads\posture_coach_ai\posture_coach\apps\ml_engine\inference_engine.py", line 67, in __init__
    self._extractor = PoseExtractor(
  File "C:\Users\saura\Downloads\posture_coach_ai\posture_coach\apps\ml_engine\pose_extractor.py", line 116, in __init__
    pose_sol = _get_pose_solution()
  File "C:\Users\saura\Downloads\posture_coach_ai\posture_coach\apps\ml_engine\pose_extractor.py", line 96, in _get_pose_solution
    raise ImportError("Cannot find mediapipe pose solution. Try: pip install mediapipe==0.10.32")
ImportError: Cannot find mediapipe pose solution. Try: pip install mediapipe==0.10.32

[2026-02-15 22:07:27,304] ERROR posture_coach: api_infer error: Cannot find mediapipe pose solution. Try: pip install mediapipe==0.10.32
Traceback (most recent call last):
  File "C:\Users\saura\Downloads\posture_coach_ai\posture_coach\apps\posture_app\views.py", line 119, in api_infer
    engine = _get_engine(session_key, exercise)
  File "C:\Users\saura\Downloads\posture_coach_ai\posture_coach\apps\posture_app\views.py", line 29, in _get_engine
    return get_or_create_engine(session_key, exercise, profiles_dir)
  File "C:\Users\saura\Downloads\posture_coach_ai\posture_coach\apps\ml_engine\inference_engine.py", line 336, in get_or_create_engine
    _engine_registry[session_key] = InferenceEngine(exercise, profiles_dir)
  File "C:\Users\saura\Downloads\posture_coach_ai\posture_coach\apps\ml_engine\inference_engine.py", line 67, in __init__
    self._extractor = PoseExtractor(
  File "C:\Users\saura\Downloads\posture_coach_ai\posture_coach\apps\ml_engine\pose_extractor.py", line 116, in __init__
    pose_sol = _get_pose_solution()
  File "C:\Users\saura\Downloads\posture_coach_ai\posture_coach\apps\ml_engine\pose_extractor.py", line 96, in _get_pose_solution
    raise ImportError("Cannot find mediapipe pose solution. Try: pip install mediapipe==0.10.32")
ImportError: Cannot find mediapipe pose solution. Try: pip install mediapipe==0.10.32

[2026-02-15 22:07:27,397] ERROR posture_coach: api_infer error: Cannot find mediapipe pose solution. Try: pip install mediapipe==0.10.32
Traceback (most recent call last):
  File "C:\Users\saura\Downloads\posture_coach_ai\posture_coach\apps\posture_app\views.py", line 119, in api_infer
    engine = _get_engine(session_key, exercise)
  File "C:\Users\saura\Downloads\posture_coach_ai\posture_coach\apps\posture_app\views.py", line 29, in _get_engine
    return get_or_create_engine(session_key, exercise, profiles_dir)
  File "C:\Users\saura\Downloads\posture_coach_ai\posture_coach\apps\ml_engine\inference_engine.py", line 336, in get_or_create_engine
    _engine_registry[session_key] = InferenceEngine(exercise, profiles_dir)
  File "C:\Users\saura\Downloads\posture_coach_ai\posture_coach\apps\ml_engine\inference_engine.py", line 67, in __init__
    self._extractor = PoseExtractor(
  File "C:\Users\saura\Downloads\posture_coach_ai\posture_coach\apps\ml_engine\pose_extractor.py", line 116, in __init__
    pose_sol = _get_pose_solution()
  File "C:\Users\saura\Downloads\posture_coach_ai\posture_coach\apps\ml_engine\pose_extractor.py", line 96, in _get_pose_solution
    raise ImportError("Cannot find mediapipe pose solution. Try: pip install mediapipe==0.10.32")
ImportError: Cannot find mediapipe pose solution. Try: pip install mediapipe==0.10.32

[2026-02-15 22:07:27,499] ERROR posture_coach: api_infer error: Cannot find mediapipe pose solution. Try: pip install mediapipe==0.10.32
Traceback (most recent call last):
  File "C:\Users\saura\Downloads\posture_coach_ai\posture_coach\apps\posture_app\views.py", line 119, in api_infer
    engine = _get_engine(session_key, exercise)
  File "C:\Users\saura\Downloads\posture_coach_ai\posture_coach\apps\posture_app\views.py", line 29, in _get_engine
    return get_or_create_engine(session_key, exercise, profiles_dir)
  File "C:\Users\saura\Downloads\posture_coach_ai\posture_coach\apps\ml_engine\inference_engine.py", line 336, in get_or_create_engine
    _engine_registry[session_key] = InferenceEngine(exercise, profiles_dir)
  File "C:\Users\saura\Downloads\posture_coach_ai\posture_coach\apps\ml_engine\inference_engine.py", line 67, in __init__
    self._extractor = PoseExtractor(
  File "C:\Users\saura\Downloads\posture_coach_ai\posture_coach\apps\ml_engine\pose_extractor.py", line 116, in __init__
    pose_sol = _get_pose_solution()
  File "C:\Users\saura\Downloads\posture_coach_ai\posture_coach\apps\ml_engine\pose_extractor.py", line 96, in _get_pose_solution
    raise ImportError("Cannot find mediapipe pose solution. Try: pip install mediapipe==0.10.32")
ImportError: Cannot find mediapipe pose solution. Try: pip install mediapipe==0.10.32

[2026-02-15 22:07:27,596] ERROR posture_coach: api_infer error: Cannot find mediapipe pose solution. Try: pip install mediapipe==0.10.32
Traceback (most recent call last):
  File "C:\Users\saura\Downloads\posture_coach_ai\posture_coach\apps\posture_app\views.py", line 119, in api_infer
    engine = _get_engine(session_key, exercise)
  File "C:\Users\saura\Downloads\posture_coach_ai\posture_coach\apps\posture_app\views.py", line 29, in _get_engine
    return get_or_create_engine(session_key, exercise, profiles_dir)
  File "C:\Users\saura\Downloads\posture_coach_ai\posture_coach\apps\ml_engine\inference_engine.py", line 336, in get_or_create_engine
    _engine_registry[session_key] = InferenceEngine(exercise, profiles_dir)
  File "C:\Users\saura\Downloads\posture_coach_ai\posture_coach\apps\ml_engine\inference_engine.py", line 67, in __init__
    self._extractor = PoseExtractor(
  File "C:\Users\saura\Downloads\posture_coach_ai\posture_coach\apps\ml_engine\pose_extractor.py", line 116, in __init__
    pose_sol = _get_pose_solution()
  File "C:\Users\saura\Downloads\posture_coach_ai\posture_coach\apps\ml_engine\pose_extractor.py", line 96, in _get_pose_solution
    raise ImportError("Cannot find mediapipe pose solution. Try: pip install mediapipe==0.10.32")
ImportError: Cannot find mediapipe pose solution. Try: pip install mediapipe==0.10.32

[2026-02-15 22:07:27,720] ERROR posture_coach: api_infer error: Cannot find mediapipe pose solution. Try: pip install mediapipe==0.10.32
Traceback (most recent call last):
  File "C:\Users\saura\Downloads\posture_coach_ai\posture_coach\apps\posture_app\views.py", line 119, in api_infer
    engine = _get_engine(session_key, exercise)
  File "C:\Users\saura\Downloads\posture_coach_ai\posture_coach\apps\posture_app\views.py", line 29, in _get_engine
    return get_or_create_engine(session_key, exercise, profiles_dir)
  File "C:\Users\saura\Downloads\posture_coach_ai\posture_coach\apps\ml_engine\inference_engine.py", line 336, in get_or_create_engine
    _engine_registry[session_key] = InferenceEngine(exercise, profiles_dir)
  File "C:\Users\saura\Downloads\posture_coach_ai\posture_coach\apps\ml_engine\inference_engine.py", line 67, in __init__
    self._extractor = PoseExtractor(
  File "C:\Users\saura\Downloads\posture_coach_ai\posture_coach\apps\ml_engine\pose_extractor.py", line 116, in __init__
    pose_sol = _get_pose_solution()
  File "C:\Users\saura\Downloads\posture_coach_ai\posture_coach\apps\ml_engine\pose_extractor.py", line 96, in _get_pose_solution
    raise ImportError("Cannot find mediapipe pose solution. Try: pip install mediapipe==0.10.32")
ImportError: Cannot find mediapipe pose solution. Try: pip install mediapipe==0.10.32

[2026-02-15 22:07:27,797] ERROR posture_coach: api_infer error: Cannot find mediapipe pose solution. Try: pip install mediapipe==0.10.32
Traceback (most recent call last):
  File "C:\Users\saura\Downloads\posture_coach_ai\posture_coach\apps\posture_app\views.py", line 119, in api_infer
    engine = _get_engine(session_key, exercise)
  File "C:\Users\saura\Downloads\posture_coach_ai\posture_coach\apps\posture_app\views.py", line 29, in _get_engine
    return get_or_create_engine(session_key, exercise, profiles_dir)
  File "C:\Users\saura\Downloads\posture_coach_ai\posture_coach\apps\ml_engine\inference_engine.py", line 336, in get_or_create_engine
    _engine_registry[session_key] = InferenceEngine(exercise, profiles_dir)
  File "C:\Users\saura\Downloads\posture_coach_ai\posture_coach\apps\ml_engine\inference_engine.py", line 67, in __init__
    self._extractor = PoseExtractor(
  File "C:\Users\saura\Downloads\posture_coach_ai\posture_coach\apps\ml_engine\pose_extractor.py", line 116, in __init__
    pose_sol = _get_pose_solution()
  File "C:\Users\saura\Downloads\posture_coach_ai\posture_coach\apps\ml_engine\pose_extractor.py", line 96, in _get_pose_solution
    raise ImportError("Cannot find mediapipe pose solution. Try: pip install mediapipe==0.10.32")
ImportError: Cannot find mediapipe pose solution. Try: pip install mediapipe==0.10.32

[2026-02-15 22:07:27,897] ERROR posture_coach: api_infer error: Cannot find mediapipe pose solution. Try: pip install mediapipe==0.10.32
Traceback (most recent call last):
  File "C:\Users\saura\Downloads\posture_coach_ai\posture_coach\apps\posture_app\views.py", line 119, in api_infer
    engine = _get_engine(session_key, exercise)
  File "C:\Users\saura\Downloads\posture_coach_ai\posture_coach\apps\posture_app\views.py", line 29, in _get_engine
    return get_or_create_engine(session_key, exercise, profiles_dir)
  File "C:\Users\saura\Downloads\posture_coach_ai\posture_coach\apps\ml_engine\inference_engine.py", line 336, in get_or_create_engine
    _engine_registry[session_key] = InferenceEngine(exercise, profiles_dir)
  File "C:\Users\saura\Downloads\posture_coach_ai\posture_coach\apps\ml_engine\inference_engine.py", line 67, in __init__
    self._extractor = PoseExtractor(
  File "C:\Users\saura\Downloads\posture_coach_ai\posture_coach\apps\ml_engine\pose_extractor.py", line 116, in __init__
    pose_sol = _get_pose_solution()
  File "C:\Users\saura\Downloads\posture_coach_ai\posture_coach\apps\ml_engine\pose_extractor.py", line 96, in _get_pose_solution
    raise ImportError("Cannot find mediapipe pose solution. Try: pip install mediapipe==0.10.32")
ImportError: Cannot find mediapipe pose solution. Try: pip install mediapipe==0.10.32

[2026-02-15 22:07:27,997] ERROR posture_coach: api_infer error: Cannot find mediapipe pose solution. Try: pip install mediapipe==0.10.32
Traceback (most recent call last):
  File "C:\Users\saura\Downloads\posture_coach_ai\posture_coach\apps\posture_app\views.py", line 119, in api_infer
    engine = _get_engine(session_key, exercise)
  File "C:\Users\saura\Downloads\posture_coach_ai\posture_coach\apps\posture_app\views.py", line 29, in _get_engine
    return get_or_create_engine(session_key, exercise, profiles_dir)
  File "C:\Users\saura\Downloads\posture_coach_ai\posture_coach\apps\ml_engine\inference_engine.py", line 336, in get_or_create_engine
    _engine_registry[session_key] = InferenceEngine(exercise, profiles_dir)
  File "C:\Users\saura\Downloads\posture_coach_ai\posture_coach\apps\ml_engine\inference_engine.py", line 67, in __init__
    self._extractor = PoseExtractor(
  File "C:\Users\saura\Downloads\posture_coach_ai\posture_coach\apps\ml_engine\pose_extractor.py", line 116, in __init__
    pose_sol = _get_pose_solution()
  File "C:\Users\saura\Downloads\posture_coach_ai\posture_coach\apps\ml_engine\pose_extractor.py", line 96, in _get_pose_solution
    raise ImportError("Cannot find mediapipe pose solution. Try: pip install mediapipe==0.10.32")
ImportError: Cannot find mediapipe pose solution. Try: pip install mediapipe==0.10.32

[2026-02-15 22:07:28,097] ERROR posture_coach: api_infer error: Cannot find mediapipe pose solution. Try: pip install mediapipe==0.10.32
Traceback (most recent call last):
  File "C:\Users\saura\Downloads\posture_coach_ai\posture_coach\apps\posture_app\views.py", line 119, in api_infer
    engine = _get_engine(session_key, exercise)
  File "C:\Users\saura\Downloads\posture_coach_ai\posture_coach\apps\posture_app\views.py", line 29, in _get_engine
    return get_or_create_engine(session_key, exercise, profiles_dir)
  File "C:\Users\saura\Downloads\posture_coach_ai\posture_coach\apps\ml_engine\inference_engine.py", line 336, in get_or_create_engine
    _engine_registry[session_key] = InferenceEngine(exercise, profiles_dir)
  File "C:\Users\saura\Downloads\posture_coach_ai\posture_coach\apps\ml_engine\inference_engine.py", line 67, in __init__
    self._extractor = PoseExtractor(
  File "C:\Users\saura\Downloads\posture_coach_ai\posture_coach\apps\ml_engine\pose_extractor.py", line 116, in __init__
    pose_sol = _get_pose_solution()
  File "C:\Users\saura\Downloads\posture_coach_ai\posture_coach\apps\ml_engine\pose_extractor.py", line 96, in _get_pose_solution
    raise ImportError("Cannot find mediapipe pose solution. Try: pip install mediapipe==0.10.32")
ImportError: Cannot find mediapipe pose solution. Try: pip install mediapipe==0.10.32

[2026-02-15 22:07:28,215] ERROR posture_coach: api_infer error: Cannot find mediapipe pose solution. Try: pip install mediapipe==0.10.32
Traceback (most recent call last):
  File "C:\Users\saura\Downloads\posture_coach_ai\posture_coach\apps\posture_app\views.py", line 119, in api_infer
    engine = _get_engine(session_key, exercise)
  File "C:\Users\saura\Downloads\posture_coach_ai\posture_coach\apps\posture_app\views.py", line 29, in _get_engine
    return get_or_create_engine(session_key, exercise, profiles_dir)
  File "C:\Users\saura\Downloads\posture_coach_ai\posture_coach\apps\ml_engine\inference_engine.py", line 336, in get_or_create_engine
    _engine_registry[session_key] = InferenceEngine(exercise, profiles_dir)
  File "C:\Users\saura\Downloads\posture_coach_ai\posture_coach\apps\ml_engine\inference_engine.py", line 67, in __init__
    self._extractor = PoseExtractor(
  File "C:\Users\saura\Downloads\posture_coach_ai\posture_coach\apps\ml_engine\pose_extractor.py", line 116, in __init__
    pose_sol = _get_pose_solution()
  File "C:\Users\saura\Downloads\posture_coach_ai\posture_coach\apps\ml_engine\pose_extractor.py", line 96, in _get_pose_solution
    raise ImportError("Cannot find mediapipe pose solution. Try: pip install mediapipe==0.10.32")
ImportError: Cannot find mediapipe pose solution. Try: pip install mediapipe==0.10.32

[2026-02-15 22:07:28,300] ERROR posture_coach: api_infer error: Cannot find mediapipe pose solution. Try: pip install mediapipe==0.10.32
Traceback (most recent call last):
  File "C:\Users\saura\Downloads\posture_coach_ai\posture_coach\apps\posture_app\views.py", line 119, in api_infer
    engine = _get_engine(session_key, exercise)
  File "C:\Users\saura\Downloads\posture_coach_ai\posture_coach\apps\posture_app\views.py", line 29, in _get_engine
    return get_or_create_engine(session_key, exercise, profiles_dir)
  File "C:\Users\saura\Downloads\posture_coach_ai\posture_coach\apps\ml_engine\inference_engine.py", line 336, in get_or_create_engine
    _engine_registry[session_key] = InferenceEngine(exercise, profiles_dir)
  File "C:\Users\saura\Downloads\posture_coach_ai\posture_coach\apps\ml_engine\inference_engine.py", line 67, in __init__
    self._extractor = PoseExtractor(
  File "C:\Users\saura\Downloads\posture_coach_ai\posture_coach\apps\ml_engine\pose_extractor.py", line 116, in __init__
    pose_sol = _get_pose_solution()
  File "C:\Users\saura\Downloads\posture_coach_ai\posture_coach\apps\ml_engine\pose_extractor.py", line 96, in _get_pose_solution
    raise ImportError("Cannot find mediapipe pose solution. Try: pip install mediapipe==0.10.32")
ImportError: Cannot find mediapipe pose solution. Try: pip install mediapipe==0.10.32

[2026-02-15 22:07:28,413] ERROR posture_coach: api_infer error: Cannot find mediapipe pose solution. Try: pip install mediapipe==0.10.32
Traceback (most recent call last):
  File "C:\Users\saura\Downloads\posture_coach_ai\posture_coach\apps\posture_app\views.py", line 119, in api_infer
    engine = _get_engine(session_key, exercise)
  File "C:\Users\saura\Downloads\posture_coach_ai\posture_coach\apps\posture_app\views.py", line 29, in _get_engine
    return get_or_create_engine(session_key, exercise, profiles_dir)
  File "C:\Users\saura\Downloads\posture_coach_ai\posture_coach\apps\ml_engine\inference_engine.py", line 336, in get_or_create_engine
    _engine_registry[session_key] = InferenceEngine(exercise, profiles_dir)
  File "C:\Users\saura\Downloads\posture_coach_ai\posture_coach\apps\ml_engine\inference_engine.py", line 67, in __init__
    self._extractor = PoseExtractor(
  File "C:\Users\saura\Downloads\posture_coach_ai\posture_coach\apps\ml_engine\pose_extractor.py", line 116, in __init__
    pose_sol = _get_pose_solution()
  File "C:\Users\saura\Downloads\posture_coach_ai\posture_coach\apps\ml_engine\pose_extractor.py", line 96, in _get_pose_solution
    raise ImportError("Cannot find mediapipe pose solution. Try: pip install mediapipe==0.10.32")
ImportError: Cannot find mediapipe pose solution. Try: pip install mediapipe==0.10.32

[2026-02-15 22:07:28,502] ERROR posture_coach: api_infer error: Cannot find mediapipe pose solution. Try: pip install mediapipe==0.10.32
Traceback (most recent call last):
  File "C:\Users\saura\Downloads\posture_coach_ai\posture_coach\apps\posture_app\views.py", line 119, in api_infer
    engine = _get_engine(session_key, exercise)
  File "C:\Users\saura\Downloads\posture_coach_ai\posture_coach\apps\posture_app\views.py", line 29, in _get_engine
    return get_or_create_engine(session_key, exercise, profiles_dir)
  File "C:\Users\saura\Downloads\posture_coach_ai\posture_coach\apps\ml_engine\inference_engine.py", line 336, in get_or_create_engine
    _engine_registry[session_key] = InferenceEngine(exercise, profiles_dir)
  File "C:\Users\saura\Downloads\posture_coach_ai\posture_coach\apps\ml_engine\inference_engine.py", line 67, in __init__
    self._extractor = PoseExtractor(
  File "C:\Users\saura\Downloads\posture_coach_ai\posture_coach\apps\ml_engine\pose_extractor.py", line 116, in __init__
    pose_sol = _get_pose_solution()
  File "C:\Users\saura\Downloads\posture_coach_ai\posture_coach\apps\ml_engine\pose_extractor.py", line 96, in _get_pose_solution
    raise ImportError("Cannot find mediapipe pose solution. Try: pip install mediapipe==0.10.32")
ImportError: Cannot find mediapipe pose solution. Try: pip install mediapipe==0.10.32

[2026-02-15 22:07:28,599] ERROR posture_coach: api_infer error: Cannot find mediapipe pose solution. Try: pip install mediapipe==0.10.32
Traceback (most recent call last):
  File "C:\Users\saura\Downloads\posture_coach_ai\posture_coach\apps\posture_app\views.py", line 119, in api_infer
    engine = _get_engine(session_key, exercise)
  File "C:\Users\saura\Downloads\posture_coach_ai\posture_coach\apps\posture_app\views.py", line 29, in _get_engine
    return get_or_create_engine(session_key, exercise, profiles_dir)
  File "C:\Users\saura\Downloads\posture_coach_ai\posture_coach\apps\ml_engine\inference_engine.py", line 336, in get_or_create_engine
    _engine_registry[session_key] = InferenceEngine(exercise, profiles_dir)
  File "C:\Users\saura\Downloads\posture_coach_ai\posture_coach\apps\ml_engine\inference_engine.py", line 67, in __init__
    self._extractor = PoseExtractor(
  File "C:\Users\saura\Downloads\posture_coach_ai\posture_coach\apps\ml_engine\pose_extractor.py", line 116, in __init__
    pose_sol = _get_pose_solution()
  File "C:\Users\saura\Downloads\posture_coach_ai\posture_coach\apps\ml_engine\pose_extractor.py", line 96, in _get_pose_solution
    raise ImportError("Cannot find mediapipe pose solution. Try: pip install mediapipe==0.10.32")
ImportError: Cannot find mediapipe pose solution. Try: pip install mediapipe==0.10.32

[2026-02-15 22:07:28,710] ERROR posture_coach: api_infer error: Cannot find mediapipe pose solution. Try: pip install mediapipe==0.10.32
Traceback (most recent call last):
  File "C:\Users\saura\Downloads\posture_coach_ai\posture_coach\apps\posture_app\views.py", line 119, in api_infer
    engine = _get_engine(session_key, exercise)
  File "C:\Users\saura\Downloads\posture_coach_ai\posture_coach\apps\posture_app\views.py", line 29, in _get_engine
    return get_or_create_engine(session_key, exercise, profiles_dir)
  File "C:\Users\saura\Downloads\posture_coach_ai\posture_coach\apps\ml_engine\inference_engine.py", line 336, in get_or_create_engine
    _engine_registry[session_key] = InferenceEngine(exercise, profiles_dir)
  File "C:\Users\saura\Downloads\posture_coach_ai\posture_coach\apps\ml_engine\inference_engine.py", line 67, in __init__
    self._extractor = PoseExtractor(
  File "C:\Users\saura\Downloads\posture_coach_ai\posture_coach\apps\ml_engine\pose_extractor.py", line 116, in __init__
    pose_sol = _get_pose_solution()
  File "C:\Users\saura\Downloads\posture_coach_ai\posture_coach\apps\ml_engine\pose_extractor.py", line 96, in _get_pose_solution
    raise ImportError("Cannot find mediapipe pose solution. Try: pip install mediapipe==0.10.32")
ImportError: Cannot find mediapipe pose solution. Try: pip install mediapipe==0.10.32

[2026-02-15 22:07:28,804] ERROR posture_coach: api_infer error: Cannot find mediapipe pose solution. Try: pip install mediapipe==0.10.32
Traceback (most recent call last):
  File "C:\Users\saura\Downloads\posture_coach_ai\posture_coach\apps\posture_app\views.py", line 119, in api_infer
    engine = _get_engine(session_key, exercise)
  File "C:\Users\saura\Downloads\posture_coach_ai\posture_coach\apps\posture_app\views.py", line 29, in _get_engine
    return get_or_create_engine(session_key, exercise, profiles_dir)
  File "C:\Users\saura\Downloads\posture_coach_ai\posture_coach\apps\ml_engine\inference_engine.py", line 336, in get_or_create_engine
    _engine_registry[session_key] = InferenceEngine(exercise, profiles_dir)
  File "C:\Users\saura\Downloads\posture_coach_ai\posture_coach\apps\ml_engine\inference_engine.py", line 67, in __init__
    self._extractor = PoseExtractor(
  File "C:\Users\saura\Downloads\posture_coach_ai\posture_coach\apps\ml_engine\pose_extractor.py", line 116, in __init__
    pose_sol = _get_pose_solution()
  File "C:\Users\saura\Downloads\posture_coach_ai\posture_coach\apps\ml_engine\pose_extractor.py", line 96, in _get_pose_solution
    raise ImportError("Cannot find mediapipe pose solution. Try: pip install mediapipe==0.10.32")
ImportError: Cannot find mediapipe pose solution. Try: pip install mediapipe==0.10.32

[2026-02-15 22:07:28,917] ERROR posture_coach: api_infer error: Cannot find mediapipe pose solution. Try: pip install mediapipe==0.10.32
Traceback (most recent call last):
  File "C:\Users\saura\Downloads\posture_coach_ai\posture_coach\apps\posture_app\views.py", line 119, in api_infer
    engine = _get_engine(session_key, exercise)
  File "C:\Users\saura\Downloads\posture_coach_ai\posture_coach\apps\posture_app\views.py", line 29, in _get_engine
    return get_or_create_engine(session_key, exercise, profiles_dir)
  File "C:\Users\saura\Downloads\posture_coach_ai\posture_coach\apps\ml_engine\inference_engine.py", line 336, in get_or_create_engine
    _engine_registry[session_key] = InferenceEngine(exercise, profiles_dir)
  File "C:\Users\saura\Downloads\posture_coach_ai\posture_coach\apps\ml_engine\inference_engine.py", line 67, in __init__
    self._extractor = PoseExtractor(
  File "C:\Users\saura\Downloads\posture_coach_ai\posture_coach\apps\ml_engine\pose_extractor.py", line 116, in __init__
    pose_sol = _get_pose_solution()
  File "C:\Users\saura\Downloads\posture_coach_ai\posture_coach\apps\ml_engine\pose_extractor.py", line 96, in _get_pose_solution
    raise ImportError("Cannot find mediapipe pose solution. Try: pip install mediapipe==0.10.32")
ImportError: Cannot find mediapipe pose solution. Try: pip install mediapipe==0.10.32

[2026-02-15 22:07:29,002] ERROR posture_coach: api_infer error: Cannot find mediapipe pose solution. Try: pip install mediapipe==0.10.32
Traceback (most recent call last):
  File "C:\Users\saura\Downloads\posture_coach_ai\posture_coach\apps\posture_app\views.py", line 119, in api_infer
    engine = _get_engine(session_key, exercise)
  File "C:\Users\saura\Downloads\posture_coach_ai\posture_coach\apps\posture_app\views.py", line 29, in _get_engine
    return get_or_create_engine(session_key, exercise, profiles_dir)
  File "C:\Users\saura\Downloads\posture_coach_ai\posture_coach\apps\ml_engine\inference_engine.py", line 336, in get_or_create_engine
    _engine_registry[session_key] = InferenceEngine(exercise, profiles_dir)
  File "C:\Users\saura\Downloads\posture_coach_ai\posture_coach\apps\ml_engine\inference_engine.py", line 67, in __init__
    self._extractor = PoseExtractor(
  File "C:\Users\saura\Downloads\posture_coach_ai\posture_coach\apps\ml_engine\pose_extractor.py", line 116, in __init__
    pose_sol = _get_pose_solution()
  File "C:\Users\saura\Downloads\posture_coach_ai\posture_coach\apps\ml_engine\pose_extractor.py", line 96, in _get_pose_solution
    raise ImportError("Cannot find mediapipe pose solution. Try: pip install mediapipe==0.10.32")
ImportError: Cannot find mediapipe pose solution. Try: pip install mediapipe==0.10.32

[2026-02-15 22:07:29,094] ERROR posture_coach: api_infer error: Cannot find mediapipe pose solution. Try: pip install mediapipe==0.10.32
Traceback (most recent call last):
  File "C:\Users\saura\Downloads\posture_coach_ai\posture_coach\apps\posture_app\views.py", line 119, in api_infer
    engine = _get_engine(session_key, exercise)
  File "C:\Users\saura\Downloads\posture_coach_ai\posture_coach\apps\posture_app\views.py", line 29, in _get_engine
    return get_or_create_engine(session_key, exercise, profiles_dir)
  File "C:\Users\saura\Downloads\posture_coach_ai\posture_coach\apps\ml_engine\inference_engine.py", line 336, in get_or_create_engine
    _engine_registry[session_key] = InferenceEngine(exercise, profiles_dir)
  File "C:\Users\saura\Downloads\posture_coach_ai\posture_coach\apps\ml_engine\inference_engine.py", line 67, in __init__
    self._extractor = PoseExtractor(
  File "C:\Users\saura\Downloads\posture_coach_ai\posture_coach\apps\ml_engine\pose_extractor.py", line 116, in __init__
    pose_sol = _get_pose_solution()
  File "C:\Users\saura\Downloads\posture_coach_ai\posture_coach\apps\ml_engine\pose_extractor.py", line 96, in _get_pose_solution
    raise ImportError("Cannot find mediapipe pose solution. Try: pip install mediapipe==0.10.32")
ImportError: Cannot find mediapipe pose solution. Try: pip install mediapipe==0.10.32

[2026-02-15 22:07:29,212] ERROR posture_coach: api_infer error: Cannot find mediapipe pose solution. Try: pip install mediapipe==0.10.32
Traceback (most recent call last):
  File "C:\Users\saura\Downloads\posture_coach_ai\posture_coach\apps\posture_app\views.py", line 119, in api_infer
    engine = _get_engine(session_key, exercise)
  File "C:\Users\saura\Downloads\posture_coach_ai\posture_coach\apps\posture_app\views.py", line 29, in _get_engine
    return get_or_create_engine(session_key, exercise, profiles_dir)
  File "C:\Users\saura\Downloads\posture_coach_ai\posture_coach\apps\ml_engine\inference_engine.py", line 336, in get_or_create_engine
    _engine_registry[session_key] = InferenceEngine(exercise, profiles_dir)
  File "C:\Users\saura\Downloads\posture_coach_ai\posture_coach\apps\ml_engine\inference_engine.py", line 67, in __init__
    self._extractor = PoseExtractor(
  File "C:\Users\saura\Downloads\posture_coach_ai\posture_coach\apps\ml_engine\pose_extractor.py", line 116, in __init__
    pose_sol = _get_pose_solution()
  File "C:\Users\saura\Downloads\posture_coach_ai\posture_coach\apps\ml_engine\pose_extractor.py", line 96, in _get_pose_solution
    raise ImportError("Cannot find mediapipe pose solution. Try: pip install mediapipe==0.10.32")
ImportError: Cannot find mediapipe pose solution. Try: pip install mediapipe==0.10.32

[2026-02-15 22:07:29,297] ERROR posture_coach: api_infer error: Cannot find mediapipe pose solution. Try: pip install mediapipe==0.10.32
Traceback (most recent call last):
  File "C:\Users\saura\Downloads\posture_coach_ai\posture_coach\apps\posture_app\views.py", line 119, in api_infer
    engine = _get_engine(session_key, exercise)
  File "C:\Users\saura\Downloads\posture_coach_ai\posture_coach\apps\posture_app\views.py", line 29, in _get_engine
    return get_or_create_engine(session_key, exercise, profiles_dir)
  File "C:\Users\saura\Downloads\posture_coach_ai\posture_coach\apps\ml_engine\inference_engine.py", line 336, in get_or_create_engine
    _engine_registry[session_key] = InferenceEngine(exercise, profiles_dir)
  File "C:\Users\saura\Downloads\posture_coach_ai\posture_coach\apps\ml_engine\inference_engine.py", line 67, in __init__
    self._extractor = PoseExtractor(
  File "C:\Users\saura\Downloads\posture_coach_ai\posture_coach\apps\ml_engine\pose_extractor.py", line 116, in __init__
    pose_sol = _get_pose_solution()
  File "C:\Users\saura\Downloads\posture_coach_ai\posture_coach\apps\ml_engine\pose_extractor.py", line 96, in _get_pose_solution
    raise ImportError("Cannot find mediapipe pose solution. Try: pip install mediapipe==0.10.32")
ImportError: Cannot find mediapipe pose solution. Try: pip install mediapipe==0.10.32

[2026-02-15 22:07:29,415] ERROR posture_coach: api_infer error: Cannot find mediapipe pose solution. Try: pip install mediapipe==0.10.32
Traceback (most recent call last):
  File "C:\Users\saura\Downloads\posture_coach_ai\posture_coach\apps\posture_app\views.py", line 119, in api_infer
    engine = _get_engine(session_key, exercise)
  File "C:\Users\saura\Downloads\posture_coach_ai\posture_coach\apps\posture_app\views.py", line 29, in _get_engine
    return get_or_create_engine(session_key, exercise, profiles_dir)
  File "C:\Users\saura\Downloads\posture_coach_ai\posture_coach\apps\ml_engine\inference_engine.py", line 336, in get_or_create_engine
    _engine_registry[session_key] = InferenceEngine(exercise, profiles_dir)
  File "C:\Users\saura\Downloads\posture_coach_ai\posture_coach\apps\ml_engine\inference_engine.py", line 67, in __init__
    self._extractor = PoseExtractor(
  File "C:\Users\saura\Downloads\posture_coach_ai\posture_coach\apps\ml_engine\pose_extractor.py", line 116, in __init__
    pose_sol = _get_pose_solution()
  File "C:\Users\saura\Downloads\posture_coach_ai\posture_coach\apps\ml_engine\pose_extractor.py", line 96, in _get_pose_solution
    raise ImportError("Cannot find mediapipe pose solution. Try: pip install mediapipe==0.10.32")
ImportError: Cannot find mediapipe pose solution. Try: pip install mediapipe==0.10.32

[2026-02-15 22:07:29,501] ERROR posture_coach: api_infer error: Cannot find mediapipe pose solution. Try: pip install mediapipe==0.10.32
Traceback (most recent call last):
  File "C:\Users\saura\Downloads\posture_coach_ai\posture_coach\apps\posture_app\views.py", line 119, in api_infer
    engine = _get_engine(session_key, exercise)
  File "C:\Users\saura\Downloads\posture_coach_ai\posture_coach\apps\posture_app\views.py", line 29, in _get_engine
    return get_or_create_engine(session_key, exercise, profiles_dir)
  File "C:\Users\saura\Downloads\posture_coach_ai\posture_coach\apps\ml_engine\inference_engine.py", line 336, in get_or_create_engine
    _engine_registry[session_key] = InferenceEngine(exercise, profiles_dir)
  File "C:\Users\saura\Downloads\posture_coach_ai\posture_coach\apps\ml_engine\inference_engine.py", line 67, in __init__
    self._extractor = PoseExtractor(
  File "C:\Users\saura\Downloads\posture_coach_ai\posture_coach\apps\ml_engine\pose_extractor.py", line 116, in __init__
    pose_sol = _get_pose_solution()
  File "C:\Users\saura\Downloads\posture_coach_ai\posture_coach\apps\ml_engine\pose_extractor.py", line 96, in _get_pose_solution
    raise ImportError("Cannot find mediapipe pose solution. Try: pip install mediapipe==0.10.32")
ImportError: Cannot find mediapipe pose solution. Try: pip install mediapipe==0.10.32

[2026-02-15 22:07:29,618] ERROR posture_coach: api_infer error: Cannot find mediapipe pose solution. Try: pip install mediapipe==0.10.32
Traceback (most recent call last):
  File "C:\Users\saura\Downloads\posture_coach_ai\posture_coach\apps\posture_app\views.py", line 119, in api_infer
    engine = _get_engine(session_key, exercise)
  File "C:\Users\saura\Downloads\posture_coach_ai\posture_coach\apps\posture_app\views.py", line 29, in _get_engine
    return get_or_create_engine(session_key, exercise, profiles_dir)
  File "C:\Users\saura\Downloads\posture_coach_ai\posture_coach\apps\ml_engine\inference_engine.py", line 336, in get_or_create_engine
    _engine_registry[session_key] = InferenceEngine(exercise, profiles_dir)
  File "C:\Users\saura\Downloads\posture_coach_ai\posture_coach\apps\ml_engine\inference_engine.py", line 67, in __init__
    self._extractor = PoseExtractor(
  File "C:\Users\saura\Downloads\posture_coach_ai\posture_coach\apps\ml_engine\pose_extractor.py", line 116, in __init__
    pose_sol = _get_pose_solution()
  File "C:\Users\saura\Downloads\posture_coach_ai\posture_coach\apps\ml_engine\pose_extractor.py", line 96, in _get_pose_solution
    raise ImportError("Cannot find mediapipe pose solution. Try: pip install mediapipe==0.10.32")
ImportError: Cannot find mediapipe pose solution. Try: pip install mediapipe==0.10.32

[2026-02-15 22:07:29,700] ERROR posture_coach: api_infer error: Cannot find mediapipe pose solution. Try: pip install mediapipe==0.10.32
Traceback (most recent call last):
  File "C:\Users\saura\Downloads\posture_coach_ai\posture_coach\apps\posture_app\views.py", line 119, in api_infer
    engine = _get_engine(session_key, exercise)
  File "C:\Users\saura\Downloads\posture_coach_ai\posture_coach\apps\posture_app\views.py", line 29, in _get_engine
    return get_or_create_engine(session_key, exercise, profiles_dir)
  File "C:\Users\saura\Downloads\posture_coach_ai\posture_coach\apps\ml_engine\inference_engine.py", line 336, in get_or_create_engine
    _engine_registry[session_key] = InferenceEngine(exercise, profiles_dir)
  File "C:\Users\saura\Downloads\posture_coach_ai\posture_coach\apps\ml_engine\inference_engine.py", line 67, in __init__
    self._extractor = PoseExtractor(
  File "C:\Users\saura\Downloads\posture_coach_ai\posture_coach\apps\ml_engine\pose_extractor.py", line 116, in __init__
    pose_sol = _get_pose_solution()
  File "C:\Users\saura\Downloads\posture_coach_ai\posture_coach\apps\ml_engine\pose_extractor.py", line 96, in _get_pose_solution
    raise ImportError("Cannot find mediapipe pose solution. Try: pip install mediapipe==0.10.32")
ImportError: Cannot find mediapipe pose solution. Try: pip install mediapipe==0.10.32

[2026-02-15 22:07:29,794] ERROR posture_coach: api_infer error: Cannot find mediapipe pose solution. Try: pip install mediapipe==0.10.32
Traceback (most recent call last):
  File "C:\Users\saura\Downloads\posture_coach_ai\posture_coach\apps\posture_app\views.py", line 119, in api_infer
    engine = _get_engine(session_key, exercise)
  File "C:\Users\saura\Downloads\posture_coach_ai\posture_coach\apps\posture_app\views.py", line 29, in _get_engine
    return get_or_create_engine(session_key, exercise, profiles_dir)
  File "C:\Users\saura\Downloads\posture_coach_ai\posture_coach\apps\ml_engine\inference_engine.py", line 336, in get_or_create_engine
    _engine_registry[session_key] = InferenceEngine(exercise, profiles_dir)
  File "C:\Users\saura\Downloads\posture_coach_ai\posture_coach\apps\ml_engine\inference_engine.py", line 67, in __init__
    self._extractor = PoseExtractor(
  File "C:\Users\saura\Downloads\posture_coach_ai\posture_coach\apps\ml_engine\pose_extractor.py", line 116, in __init__
    pose_sol = _get_pose_solution()
  File "C:\Users\saura\Downloads\posture_coach_ai\posture_coach\apps\ml_engine\pose_extractor.py", line 96, in _get_pose_solution
    raise ImportError("Cannot find mediapipe pose solution. Try: pip install mediapipe==0.10.32")
ImportError: Cannot find mediapipe pose solution. Try: pip install mediapipe==0.10.32

[2026-02-15 22:07:29,913] ERROR posture_coach: api_infer error: Cannot find mediapipe pose solution. Try: pip install mediapipe==0.10.32
Traceback (most recent call last):
  File "C:\Users\saura\Downloads\posture_coach_ai\posture_coach\apps\posture_app\views.py", line 119, in api_infer
    engine = _get_engine(session_key, exercise)
  File "C:\Users\saura\Downloads\posture_coach_ai\posture_coach\apps\posture_app\views.py", line 29, in _get_engine
    return get_or_create_engine(session_key, exercise, profiles_dir)
  File "C:\Users\saura\Downloads\posture_coach_ai\posture_coach\apps\ml_engine\inference_engine.py", line 336, in get_or_create_engine
    _engine_registry[session_key] = InferenceEngine(exercise, profiles_dir)
  File "C:\Users\saura\Downloads\posture_coach_ai\posture_coach\apps\ml_engine\inference_engine.py", line 67, in __init__
    self._extractor = PoseExtractor(
  File "C:\Users\saura\Downloads\posture_coach_ai\posture_coach\apps\ml_engine\pose_extractor.py", line 116, in __init__
    pose_sol = _get_pose_solution()
  File "C:\Users\saura\Downloads\posture_coach_ai\posture_coach\apps\ml_engine\pose_extractor.py", line 96, in _get_pose_solution
    raise ImportError("Cannot find mediapipe pose solution. Try: pip install mediapipe==0.10.32")
ImportError: Cannot find mediapipe pose solution. Try: pip install mediapipe==0.10.32

[2026-02-15 22:07:29,998] ERROR posture_coach: api_infer error: Cannot find mediapipe pose solution. Try: pip install mediapipe==0.10.32
Traceback (most recent call last):
  File "C:\Users\saura\Downloads\posture_coach_ai\posture_coach\apps\posture_app\views.py", line 119, in api_infer
    engine = _get_engine(session_key, exercise)
  File "C:\Users\saura\Downloads\posture_coach_ai\posture_coach\apps\posture_app\views.py", line 29, in _get_engine
    return get_or_create_engine(session_key, exercise, profiles_dir)
  File "C:\Users\saura\Downloads\posture_coach_ai\posture_coach\apps\ml_engine\inference_engine.py", line 336, in get_or_create_engine
    _engine_registry[session_key] = InferenceEngine(exercise, profiles_dir)
  File "C:\Users\saura\Downloads\posture_coach_ai\posture_coach\apps\ml_engine\inference_engine.py", line 67, in __init__
    self._extractor = PoseExtractor(
  File "C:\Users\saura\Downloads\posture_coach_ai\posture_coach\apps\ml_engine\pose_extractor.py", line 116, in __init__
    pose_sol = _get_pose_solution()
  File "C:\Users\saura\Downloads\posture_coach_ai\posture_coach\apps\ml_engine\pose_extractor.py", line 96, in _get_pose_solution
    raise ImportError("Cannot find mediapipe pose solution. Try: pip install mediapipe==0.10.32")
ImportError: Cannot find mediapipe pose solution. Try: pip install mediapipe==0.10.32

[2026-02-15 22:07:30,113] ERROR posture_coach: api_infer error: Cannot find mediapipe pose solution. Try: pip install mediapipe==0.10.32
Traceback (most recent call last):
  File "C:\Users\saura\Downloads\posture_coach_ai\posture_coach\apps\posture_app\views.py", line 119, in api_infer
    engine = _get_engine(session_key, exercise)
  File "C:\Users\saura\Downloads\posture_coach_ai\posture_coach\apps\posture_app\views.py", line 29, in _get_engine
    return get_or_create_engine(session_key, exercise, profiles_dir)
  File "C:\Users\saura\Downloads\posture_coach_ai\posture_coach\apps\ml_engine\inference_engine.py", line 336, in get_or_create_engine
    _engine_registry[session_key] = InferenceEngine(exercise, profiles_dir)
  File "C:\Users\saura\Downloads\posture_coach_ai\posture_coach\apps\ml_engine\inference_engine.py", line 67, in __init__
    self._extractor = PoseExtractor(
  File "C:\Users\saura\Downloads\posture_coach_ai\posture_coach\apps\ml_engine\pose_extractor.py", line 116, in __init__
    pose_sol = _get_pose_solution()
  File "C:\Users\saura\Downloads\posture_coach_ai\posture_coach\apps\ml_engine\pose_extractor.py", line 96, in _get_pose_solution
    raise ImportError("Cannot find mediapipe pose solution. Try: pip install mediapipe==0.10.32")
ImportError: Cannot find mediapipe pose solution. Try: pip install mediapipe==0.10.32

[2026-02-15 22:07:30,215] ERROR posture_coach: api_infer error: Cannot find mediapipe pose solution. Try: pip install mediapipe==0.10.32
Traceback (most recent call last):
  File "C:\Users\saura\Downloads\posture_coach_ai\posture_coach\apps\posture_app\views.py", line 119, in api_infer
    engine = _get_engine(session_key, exercise)
  File "C:\Users\saura\Downloads\posture_coach_ai\posture_coach\apps\posture_app\views.py", line 29, in _get_engine
    return get_or_create_engine(session_key, exercise, profiles_dir)
  File "C:\Users\saura\Downloads\posture_coach_ai\posture_coach\apps\ml_engine\inference_engine.py", line 336, in get_or_create_engine
    _engine_registry[session_key] = InferenceEngine(exercise, profiles_dir)
  File "C:\Users\saura\Downloads\posture_coach_ai\posture_coach\apps\ml_engine\inference_engine.py", line 67, in __init__
    self._extractor = PoseExtractor(
  File "C:\Users\saura\Downloads\posture_coach_ai\posture_coach\apps\ml_engine\pose_extractor.py", line 116, in __init__
    pose_sol = _get_pose_solution()
  File "C:\Users\saura\Downloads\posture_coach_ai\posture_coach\apps\ml_engine\pose_extractor.py", line 96, in _get_pose_solution
    raise ImportError("Cannot find mediapipe pose solution. Try: pip install mediapipe==0.10.32")
ImportError: Cannot find mediapipe pose solution. Try: pip install mediapipe==0.10.32

[2026-02-15 22:07:30,296] ERROR posture_coach: api_infer error: Cannot find mediapipe pose solution. Try: pip install mediapipe==0.10.32
Traceback (most recent call last):
  File "C:\Users\saura\Downloads\posture_coach_ai\posture_coach\apps\posture_app\views.py", line 119, in api_infer
    engine = _get_engine(session_key, exercise)
  File "C:\Users\saura\Downloads\posture_coach_ai\posture_coach\apps\posture_app\views.py", line 29, in _get_engine
    return get_or_create_engine(session_key, exercise, profiles_dir)
  File "C:\Users\saura\Downloads\posture_coach_ai\posture_coach\apps\ml_engine\inference_engine.py", line 336, in get_or_create_engine
    _engine_registry[session_key] = InferenceEngine(exercise, profiles_dir)
  File "C:\Users\saura\Downloads\posture_coach_ai\posture_coach\apps\ml_engine\inference_engine.py", line 67, in __init__
    self._extractor = PoseExtractor(
  File "C:\Users\saura\Downloads\posture_coach_ai\posture_coach\apps\ml_engine\pose_extractor.py", line 116, in __init__
    pose_sol = _get_pose_solution()
  File "C:\Users\saura\Downloads\posture_coach_ai\posture_coach\apps\ml_engine\pose_extractor.py", line 96, in _get_pose_solution
    raise ImportError("Cannot find mediapipe pose solution. Try: pip install mediapipe==0.10.32")
ImportError: Cannot find mediapipe pose solution. Try: pip install mediapipe==0.10.32

[2026-02-15 22:07:30,412] ERROR posture_coach: api_infer error: Cannot find mediapipe pose solution. Try: pip install mediapipe==0.10.32
Traceback (most recent call last):
  File "C:\Users\saura\Downloads\posture_coach_ai\posture_coach\apps\posture_app\views.py", line 119, in api_infer
    engine = _get_engine(session_key, exercise)
  File "C:\Users\saura\Downloads\posture_coach_ai\posture_coach\apps\posture_app\views.py", line 29, in _get_engine
    return get_or_create_engine(session_key, exercise, profiles_dir)
  File "C:\Users\saura\Downloads\posture_coach_ai\posture_coach\apps\ml_engine\inference_engine.py", line 336, in get_or_create_engine
    _engine_registry[session_key] = InferenceEngine(exercise, profiles_dir)
  File "C:\Users\saura\Downloads\posture_coach_ai\posture_coach\apps\ml_engine\inference_engine.py", line 67, in __init__
    self._extractor = PoseExtractor(
  File "C:\Users\saura\Downloads\posture_coach_ai\posture_coach\apps\ml_engine\pose_extractor.py", line 116, in __init__
    pose_sol = _get_pose_solution()
  File "C:\Users\saura\Downloads\posture_coach_ai\posture_coach\apps\ml_engine\pose_extractor.py", line 96, in _get_pose_solution
    raise ImportError("Cannot find mediapipe pose solution. Try: pip install mediapipe==0.10.32")
ImportError: Cannot find mediapipe pose solution. Try: pip install mediapipe==0.10.32

[2026-02-15 22:07:30,497] ERROR posture_coach: api_infer error: Cannot find mediapipe pose solution. Try: pip install mediapipe==0.10.32
Traceback (most recent call last):
  File "C:\Users\saura\Downloads\posture_coach_ai\posture_coach\apps\posture_app\views.py", line 119, in api_infer
    engine = _get_engine(session_key, exercise)
  File "C:\Users\saura\Downloads\posture_coach_ai\posture_coach\apps\posture_app\views.py", line 29, in _get_engine
    return get_or_create_engine(session_key, exercise, profiles_dir)
  File "C:\Users\saura\Downloads\posture_coach_ai\posture_coach\apps\ml_engine\inference_engine.py", line 336, in get_or_create_engine
    _engine_registry[session_key] = InferenceEngine(exercise, profiles_dir)
  File "C:\Users\saura\Downloads\posture_coach_ai\posture_coach\apps\ml_engine\inference_engine.py", line 67, in __init__
    self._extractor = PoseExtractor(
  File "C:\Users\saura\Downloads\posture_coach_ai\posture_coach\apps\ml_engine\pose_extractor.py", line 116, in __init__
    pose_sol = _get_pose_solution()
  File "C:\Users\saura\Downloads\posture_coach_ai\posture_coach\apps\ml_engine\pose_extractor.py", line 96, in _get_pose_solution
    raise ImportError("Cannot find mediapipe pose solution. Try: pip install mediapipe==0.10.32")
ImportError: Cannot find mediapipe pose solution. Try: pip install mediapipe==0.10.32

[2026-02-15 22:07:30,595] ERROR posture_coach: api_infer error: Cannot find mediapipe pose solution. Try: pip install mediapipe==0.10.32
Traceback (most recent call last):
  File "C:\Users\saura\Downloads\posture_coach_ai\posture_coach\apps\posture_app\views.py", line 119, in api_infer
    engine = _get_engine(session_key, exercise)
  File "C:\Users\saura\Downloads\posture_coach_ai\posture_coach\apps\posture_app\views.py", line 29, in _get_engine
    return get_or_create_engine(session_key, exercise, profiles_dir)
  File "C:\Users\saura\Downloads\posture_coach_ai\posture_coach\apps\ml_engine\inference_engine.py", line 336, in get_or_create_engine
    _engine_registry[session_key] = InferenceEngine(exercise, profiles_dir)
  File "C:\Users\saura\Downloads\posture_coach_ai\posture_coach\apps\ml_engine\inference_engine.py", line 67, in __init__
    self._extractor = PoseExtractor(
  File "C:\Users\saura\Downloads\posture_coach_ai\posture_coach\apps\ml_engine\pose_extractor.py", line 116, in __init__
    pose_sol = _get_pose_solution()
  File "C:\Users\saura\Downloads\posture_coach_ai\posture_coach\apps\ml_engine\pose_extractor.py", line 96, in _get_pose_solution
    raise ImportError("Cannot find mediapipe pose solution. Try: pip install mediapipe==0.10.32")
ImportError: Cannot find mediapipe pose solution. Try: pip install mediapipe==0.10.32

[2026-02-15 22:07:30,712] ERROR posture_coach: api_infer error: Cannot find mediapipe pose solution. Try: pip install mediapipe==0.10.32
Traceback (most recent call last):
  File "C:\Users\saura\Downloads\posture_coach_ai\posture_coach\apps\posture_app\views.py", line 119, in api_infer
    engine = _get_engine(session_key, exercise)
  File "C:\Users\saura\Downloads\posture_coach_ai\posture_coach\apps\posture_app\views.py", line 29, in _get_engine
    return get_or_create_engine(session_key, exercise, profiles_dir)
  File "C:\Users\saura\Downloads\posture_coach_ai\posture_coach\apps\ml_engine\inference_engine.py", line 336, in get_or_create_engine
    _engine_registry[session_key] = InferenceEngine(exercise, profiles_dir)
  File "C:\Users\saura\Downloads\posture_coach_ai\posture_coach\apps\ml_engine\inference_engine.py", line 67, in __init__
    self._extractor = PoseExtractor(
  File "C:\Users\saura\Downloads\posture_coach_ai\posture_coach\apps\ml_engine\pose_extractor.py", line 116, in __init__
    pose_sol = _get_pose_solution()
  File "C:\Users\saura\Downloads\posture_coach_ai\posture_coach\apps\ml_engine\pose_extractor.py", line 96, in _get_pose_solution
    raise ImportError("Cannot find mediapipe pose solution. Try: pip install mediapipe==0.10.32")
ImportError: Cannot find mediapipe pose solution. Try: pip install mediapipe==0.10.32

[2026-02-15 22:07:30,793] ERROR posture_coach: api_infer error: Cannot find mediapipe pose solution. Try: pip install mediapipe==0.10.32
Traceback (most recent call last):
  File "C:\Users\saura\Downloads\posture_coach_ai\posture_coach\apps\posture_app\views.py", line 119, in api_infer
    engine = _get_engine(session_key, exercise)
  File "C:\Users\saura\Downloads\posture_coach_ai\posture_coach\apps\posture_app\views.py", line 29, in _get_engine
    return get_or_create_engine(session_key, exercise, profiles_dir)
  File "C:\Users\saura\Downloads\posture_coach_ai\posture_coach\apps\ml_engine\inference_engine.py", line 336, in get_or_create_engine
    _engine_registry[session_key] = InferenceEngine(exercise, profiles_dir)
  File "C:\Users\saura\Downloads\posture_coach_ai\posture_coach\apps\ml_engine\inference_engine.py", line 67, in __init__
    self._extractor = PoseExtractor(
  File "C:\Users\saura\Downloads\posture_coach_ai\posture_coach\apps\ml_engine\pose_extractor.py", line 116, in __init__
    pose_sol = _get_pose_solution()
  File "C:\Users\saura\Downloads\posture_coach_ai\posture_coach\apps\ml_engine\pose_extractor.py", line 96, in _get_pose_solution
    raise ImportError("Cannot find mediapipe pose solution. Try: pip install mediapipe==0.10.32")
ImportError: Cannot find mediapipe pose solution. Try: pip install mediapipe==0.10.32

[2026-02-15 22:07:30,897] ERROR posture_coach: api_infer error: Cannot find mediapipe pose solution. Try: pip install mediapipe==0.10.32
Traceback (most recent call last):
  File "C:\Users\saura\Downloads\posture_coach_ai\posture_coach\apps\posture_app\views.py", line 119, in api_infer
    engine = _get_engine(session_key, exercise)
  File "C:\Users\saura\Downloads\posture_coach_ai\posture_coach\apps\posture_app\views.py", line 29, in _get_engine
    return get_or_create_engine(session_key, exercise, profiles_dir)
  File "C:\Users\saura\Downloads\posture_coach_ai\posture_coach\apps\ml_engine\inference_engine.py", line 336, in get_or_create_engine
    _engine_registry[session_key] = InferenceEngine(exercise, profiles_dir)
  File "C:\Users\saura\Downloads\posture_coach_ai\posture_coach\apps\ml_engine\inference_engine.py", line 67, in __init__
    self._extractor = PoseExtractor(
  File "C:\Users\saura\Downloads\posture_coach_ai\posture_coach\apps\ml_engine\pose_extractor.py", line 116, in __init__
    pose_sol = _get_pose_solution()
  File "C:\Users\saura\Downloads\posture_coach_ai\posture_coach\apps\ml_engine\pose_extractor.py", line 96, in _get_pose_solution
    raise ImportError("Cannot find mediapipe pose solution. Try: pip install mediapipe==0.10.32")
ImportError: Cannot find mediapipe pose solution. Try: pip install mediapipe==0.10.32

[2026-02-15 22:07:30,997] ERROR posture_coach: api_infer error: Cannot find mediapipe pose solution. Try: pip install mediapipe==0.10.32
Traceback (most recent call last):
  File "C:\Users\saura\Downloads\posture_coach_ai\posture_coach\apps\posture_app\views.py", line 119, in api_infer
    engine = _get_engine(session_key, exercise)
  File "C:\Users\saura\Downloads\posture_coach_ai\posture_coach\apps\posture_app\views.py", line 29, in _get_engine
    return get_or_create_engine(session_key, exercise, profiles_dir)
  File "C:\Users\saura\Downloads\posture_coach_ai\posture_coach\apps\ml_engine\inference_engine.py", line 336, in get_or_create_engine
    _engine_registry[session_key] = InferenceEngine(exercise, profiles_dir)
  File "C:\Users\saura\Downloads\posture_coach_ai\posture_coach\apps\ml_engine\inference_engine.py", line 67, in __init__
    self._extractor = PoseExtractor(
  File "C:\Users\saura\Downloads\posture_coach_ai\posture_coach\apps\ml_engine\pose_extractor.py", line 116, in __init__
    pose_sol = _get_pose_solution()
  File "C:\Users\saura\Downloads\posture_coach_ai\posture_coach\apps\ml_engine\pose_extractor.py", line 96, in _get_pose_solution
    raise ImportError("Cannot find mediapipe pose solution. Try: pip install mediapipe==0.10.32")
ImportError: Cannot find mediapipe pose solution. Try: pip install mediapipe==0.10.32

[2026-02-15 22:07:31,098] ERROR posture_coach: api_infer error: Cannot find mediapipe pose solution. Try: pip install mediapipe==0.10.32
Traceback (most recent call last):
  File "C:\Users\saura\Downloads\posture_coach_ai\posture_coach\apps\posture_app\views.py", line 119, in api_infer
    engine = _get_engine(session_key, exercise)
  File "C:\Users\saura\Downloads\posture_coach_ai\posture_coach\apps\posture_app\views.py", line 29, in _get_engine
    return get_or_create_engine(session_key, exercise, profiles_dir)
  File "C:\Users\saura\Downloads\posture_coach_ai\posture_coach\apps\ml_engine\inference_engine.py", line 336, in get_or_create_engine
    _engine_registry[session_key] = InferenceEngine(exercise, profiles_dir)
  File "C:\Users\saura\Downloads\posture_coach_ai\posture_coach\apps\ml_engine\inference_engine.py", line 67, in __init__
    self._extractor = PoseExtractor(
  File "C:\Users\saura\Downloads\posture_coach_ai\posture_coach\apps\ml_engine\pose_extractor.py", line 116, in __init__
    pose_sol = _get_pose_solution()
  File "C:\Users\saura\Downloads\posture_coach_ai\posture_coach\apps\ml_engine\pose_extractor.py", line 96, in _get_pose_solution
    raise ImportError("Cannot find mediapipe pose solution. Try: pip install mediapipe==0.10.32")
ImportError: Cannot find mediapipe pose solution. Try: pip install mediapipe==0.10.32

[2026-02-15 22:07:31,211] ERROR posture_coach: api_infer error: Cannot find mediapipe pose solution. Try: pip install mediapipe==0.10.32
Traceback (most recent call last):
  File "C:\Users\saura\Downloads\posture_coach_ai\posture_coach\apps\posture_app\views.py", line 119, in api_infer
    engine = _get_engine(session_key, exercise)
  File "C:\Users\saura\Downloads\posture_coach_ai\posture_coach\apps\posture_app\views.py", line 29, in _get_engine
    return get_or_create_engine(session_key, exercise, profiles_dir)
  File "C:\Users\saura\Downloads\posture_coach_ai\posture_coach\apps\ml_engine\inference_engine.py", line 336, in get_or_create_engine
    _engine_registry[session_key] = InferenceEngine(exercise, profiles_dir)
  File "C:\Users\saura\Downloads\posture_coach_ai\posture_coach\apps\ml_engine\inference_engine.py", line 67, in __init__
    self._extractor = PoseExtractor(
  File "C:\Users\saura\Downloads\posture_coach_ai\posture_coach\apps\ml_engine\pose_extractor.py", line 116, in __init__
    pose_sol = _get_pose_solution()
  File "C:\Users\saura\Downloads\posture_coach_ai\posture_coach\apps\ml_engine\pose_extractor.py", line 96, in _get_pose_solution
    raise ImportError("Cannot find mediapipe pose solution. Try: pip install mediapipe==0.10.32")
ImportError: Cannot find mediapipe pose solution. Try: pip install mediapipe==0.10.32

[2026-02-15 22:07:31,301] ERROR posture_coach: api_infer error: Cannot find mediapipe pose solution. Try: pip install mediapipe==0.10.32
Traceback (most recent call last):
  File "C:\Users\saura\Downloads\posture_coach_ai\posture_coach\apps\posture_app\views.py", line 119, in api_infer
    engine = _get_engine(session_key, exercise)
  File "C:\Users\saura\Downloads\posture_coach_ai\posture_coach\apps\posture_app\views.py", line 29, in _get_engine
    return get_or_create_engine(session_key, exercise, profiles_dir)
  File "C:\Users\saura\Downloads\posture_coach_ai\posture_coach\apps\ml_engine\inference_engine.py", line 336, in get_or_create_engine
    _engine_registry[session_key] = InferenceEngine(exercise, profiles_dir)
  File "C:\Users\saura\Downloads\posture_coach_ai\posture_coach\apps\ml_engine\inference_engine.py", line 67, in __init__
    self._extractor = PoseExtractor(
  File "C:\Users\saura\Downloads\posture_coach_ai\posture_coach\apps\ml_engine\pose_extractor.py", line 116, in __init__
    pose_sol = _get_pose_solution()
  File "C:\Users\saura\Downloads\posture_coach_ai\posture_coach\apps\ml_engine\pose_extractor.py", line 96, in _get_pose_solution
    raise ImportError("Cannot find mediapipe pose solution. Try: pip install mediapipe==0.10.32")
ImportError: Cannot find mediapipe pose solution. Try: pip install mediapipe==0.10.32

[2026-02-15 22:07:31,411] ERROR posture_coach: api_infer error: Cannot find mediapipe pose solution. Try: pip install mediapipe==0.10.32
Traceback (most recent call last):
  File "C:\Users\saura\Downloads\posture_coach_ai\posture_coach\apps\posture_app\views.py", line 119, in api_infer
    engine = _get_engine(session_key, exercise)
  File "C:\Users\saura\Downloads\posture_coach_ai\posture_coach\apps\posture_app\views.py", line 29, in _get_engine
    return get_or_create_engine(session_key, exercise, profiles_dir)
  File "C:\Users\saura\Downloads\posture_coach_ai\posture_coach\apps\ml_engine\inference_engine.py", line 336, in get_or_create_engine
    _engine_registry[session_key] = InferenceEngine(exercise, profiles_dir)
  File "C:\Users\saura\Downloads\posture_coach_ai\posture_coach\apps\ml_engine\inference_engine.py", line 67, in __init__
    self._extractor = PoseExtractor(
  File "C:\Users\saura\Downloads\posture_coach_ai\posture_coach\apps\ml_engine\pose_extractor.py", line 116, in __init__
    pose_sol = _get_pose_solution()
  File "C:\Users\saura\Downloads\posture_coach_ai\posture_coach\apps\ml_engine\pose_extractor.py", line 96, in _get_pose_solution
    raise ImportError("Cannot find mediapipe pose solution. Try: pip install mediapipe==0.10.32")
ImportError: Cannot find mediapipe pose solution. Try: pip install mediapipe==0.10.32

[2026-02-15 22:07:31,513] ERROR posture_coach: api_infer error: Cannot find mediapipe pose solution. Try: pip install mediapipe==0.10.32
Traceback (most recent call last):
  File "C:\Users\saura\Downloads\posture_coach_ai\posture_coach\apps\posture_app\views.py", line 119, in api_infer
    engine = _get_engine(session_key, exercise)
  File "C:\Users\saura\Downloads\posture_coach_ai\posture_coach\apps\posture_app\views.py", line 29, in _get_engine
    return get_or_create_engine(session_key, exercise, profiles_dir)
  File "C:\Users\saura\Downloads\posture_coach_ai\posture_coach\apps\ml_engine\inference_engine.py", line 336, in get_or_create_engine
    _engine_registry[session_key] = InferenceEngine(exercise, profiles_dir)
  File "C:\Users\saura\Downloads\posture_coach_ai\posture_coach\apps\ml_engine\inference_engine.py", line 67, in __init__
    self._extractor = PoseExtractor(
  File "C:\Users\saura\Downloads\posture_coach_ai\posture_coach\apps\ml_engine\pose_extractor.py", line 116, in __init__
    pose_sol = _get_pose_solution()
  File "C:\Users\saura\Downloads\posture_coach_ai\posture_coach\apps\ml_engine\pose_extractor.py", line 96, in _get_pose_solution
    raise ImportError("Cannot find mediapipe pose solution. Try: pip install mediapipe==0.10.32")
ImportError: Cannot find mediapipe pose solution. Try: pip install mediapipe==0.10.32

[2026-02-15 22:07:31,595] ERROR posture_coach: api_infer error: Cannot find mediapipe pose solution. Try: pip install mediapipe==0.10.32
Traceback (most recent call last):
  File "C:\Users\saura\Downloads\posture_coach_ai\posture_coach\apps\posture_app\views.py", line 119, in api_infer
    engine = _get_engine(session_key, exercise)
  File "C:\Users\saura\Downloads\posture_coach_ai\posture_coach\apps\posture_app\views.py", line 29, in _get_engine
    return get_or_create_engine(session_key, exercise, profiles_dir)
  File "C:\Users\saura\Downloads\posture_coach_ai\posture_coach\apps\ml_engine\inference_engine.py", line 336, in get_or_create_engine
    _engine_registry[session_key] = InferenceEngine(exercise, profiles_dir)
  File "C:\Users\saura\Downloads\posture_coach_ai\posture_coach\apps\ml_engine\inference_engine.py", line 67, in __init__
    self._extractor = PoseExtractor(
  File "C:\Users\saura\Downloads\posture_coach_ai\posture_coach\apps\ml_engine\pose_extractor.py", line 116, in __init__
    pose_sol = _get_pose_solution()
  File "C:\Users\saura\Downloads\posture_coach_ai\posture_coach\apps\ml_engine\pose_extractor.py", line 96, in _get_pose_solution
    raise ImportError("Cannot find mediapipe pose solution. Try: pip install mediapipe==0.10.32")
ImportError: Cannot find mediapipe pose solution. Try: pip install mediapipe==0.10.32

[2026-02-15 22:07:31,707] ERROR posture_coach: api_infer error: Cannot find mediapipe pose solution. Try: pip install mediapipe==0.10.32
Traceback (most recent call last):
  File "C:\Users\saura\Downloads\posture_coach_ai\posture_coach\apps\posture_app\views.py", line 119, in api_infer
    engine = _get_engine(session_key, exercise)
  File "C:\Users\saura\Downloads\posture_coach_ai\posture_coach\apps\posture_app\views.py", line 29, in _get_engine
    return get_or_create_engine(session_key, exercise, profiles_dir)
  File "C:\Users\saura\Downloads\posture_coach_ai\posture_coach\apps\ml_engine\inference_engine.py", line 336, in get_or_create_engine
    _engine_registry[session_key] = InferenceEngine(exercise, profiles_dir)
  File "C:\Users\saura\Downloads\posture_coach_ai\posture_coach\apps\ml_engine\inference_engine.py", line 67, in __init__
    self._extractor = PoseExtractor(
  File "C:\Users\saura\Downloads\posture_coach_ai\posture_coach\apps\ml_engine\pose_extractor.py", line 116, in __init__
    pose_sol = _get_pose_solution()
  File "C:\Users\saura\Downloads\posture_coach_ai\posture_coach\apps\ml_engine\pose_extractor.py", line 96, in _get_pose_solution
    raise ImportError("Cannot find mediapipe pose solution. Try: pip install mediapipe==0.10.32")
ImportError: Cannot find mediapipe pose solution. Try: pip install mediapipe==0.10.32

[2026-02-15 22:07:31,810] ERROR posture_coach: api_infer error: Cannot find mediapipe pose solution. Try: pip install mediapipe==0.10.32
Traceback (most recent call last):
  File "C:\Users\saura\Downloads\posture_coach_ai\posture_coach\apps\posture_app\views.py", line 119, in api_infer
    engine = _get_engine(session_key, exercise)
  File "C:\Users\saura\Downloads\posture_coach_ai\posture_coach\apps\posture_app\views.py", line 29, in _get_engine
    return get_or_create_engine(session_key, exercise, profiles_dir)
  File "C:\Users\saura\Downloads\posture_coach_ai\posture_coach\apps\ml_engine\inference_engine.py", line 336, in get_or_create_engine
    _engine_registry[session_key] = InferenceEngine(exercise, profiles_dir)
  File "C:\Users\saura\Downloads\posture_coach_ai\posture_coach\apps\ml_engine\inference_engine.py", line 67, in __init__
    self._extractor = PoseExtractor(
  File "C:\Users\saura\Downloads\posture_coach_ai\posture_coach\apps\ml_engine\pose_extractor.py", line 116, in __init__
    pose_sol = _get_pose_solution()
  File "C:\Users\saura\Downloads\posture_coach_ai\posture_coach\apps\ml_engine\pose_extractor.py", line 96, in _get_pose_solution
    raise ImportError("Cannot find mediapipe pose solution. Try: pip install mediapipe==0.10.32")
ImportError: Cannot find mediapipe pose solution. Try: pip install mediapipe==0.10.32

[2026-02-15 22:07:31,893] ERROR posture_coach: api_infer error: Cannot find mediapipe pose solution. Try: pip install mediapipe==0.10.32
Traceback (most recent call last):
  File "C:\Users\saura\Downloads\posture_coach_ai\posture_coach\apps\posture_app\views.py", line 119, in api_infer
    engine = _get_engine(session_key, exercise)
  File "C:\Users\saura\Downloads\posture_coach_ai\posture_coach\apps\posture_app\views.py", line 29, in _get_engine
    return get_or_create_engine(session_key, exercise, profiles_dir)
  File "C:\Users\saura\Downloads\posture_coach_ai\posture_coach\apps\ml_engine\inference_engine.py", line 336, in get_or_create_engine
    _engine_registry[session_key] = InferenceEngine(exercise, profiles_dir)
  File "C:\Users\saura\Downloads\posture_coach_ai\posture_coach\apps\ml_engine\inference_engine.py", line 67, in __init__
    self._extractor = PoseExtractor(
  File "C:\Users\saura\Downloads\posture_coach_ai\posture_coach\apps\ml_engine\pose_extractor.py", line 116, in __init__
    pose_sol = _get_pose_solution()
  File "C:\Users\saura\Downloads\posture_coach_ai\posture_coach\apps\ml_engine\pose_extractor.py", line 96, in _get_pose_solution
    raise ImportError("Cannot find mediapipe pose solution. Try: pip install mediapipe==0.10.32")
ImportError: Cannot find mediapipe pose solution. Try: pip install mediapipe==0.10.32

[2026-02-15 22:07:32,009] ERROR posture_coach: api_infer error: Cannot find mediapipe pose solution. Try: pip install mediapipe==0.10.32
Traceback (most recent call last):
  File "C:\Users\saura\Downloads\posture_coach_ai\posture_coach\apps\posture_app\views.py", line 119, in api_infer
    engine = _get_engine(session_key, exercise)
  File "C:\Users\saura\Downloads\posture_coach_ai\posture_coach\apps\posture_app\views.py", line 29, in _get_engine
    return get_or_create_engine(session_key, exercise, profiles_dir)
  File "C:\Users\saura\Downloads\posture_coach_ai\posture_coach\apps\ml_engine\inference_engine.py", line 336, in get_or_create_engine
    _engine_registry[session_key] = InferenceEngine(exercise, profiles_dir)
  File "C:\Users\saura\Downloads\posture_coach_ai\posture_coach\apps\ml_engine\inference_engine.py", line 67, in __init__
    self._extractor = PoseExtractor(
  File "C:\Users\saura\Downloads\posture_coach_ai\posture_coach\apps\ml_engine\pose_extractor.py", line 116, in __init__
    pose_sol = _get_pose_solution()
  File "C:\Users\saura\Downloads\posture_coach_ai\posture_coach\apps\ml_engine\pose_extractor.py", line 96, in _get_pose_solution
    raise ImportError("Cannot find mediapipe pose solution. Try: pip install mediapipe==0.10.32")
ImportError: Cannot find mediapipe pose solution. Try: pip install mediapipe==0.10.32

[2026-02-15 22:07:32,096] ERROR posture_coach: api_infer error: Cannot find mediapipe pose solution. Try: pip install mediapipe==0.10.32
Traceback (most recent call last):
  File "C:\Users\saura\Downloads\posture_coach_ai\posture_coach\apps\posture_app\views.py", line 119, in api_infer
    engine = _get_engine(session_key, exercise)
  File "C:\Users\saura\Downloads\posture_coach_ai\posture_coach\apps\posture_app\views.py", line 29, in _get_engine
    return get_or_create_engine(session_key, exercise, profiles_dir)
  File "C:\Users\saura\Downloads\posture_coach_ai\posture_coach\apps\ml_engine\inference_engine.py", line 336, in get_or_create_engine
    _engine_registry[session_key] = InferenceEngine(exercise, profiles_dir)
  File "C:\Users\saura\Downloads\posture_coach_ai\posture_coach\apps\ml_engine\inference_engine.py", line 67, in __init__
    self._extractor = PoseExtractor(
  File "C:\Users\saura\Downloads\posture_coach_ai\posture_coach\apps\ml_engine\pose_extractor.py", line 116, in __init__
    pose_sol = _get_pose_solution()
  File "C:\Users\saura\Downloads\posture_coach_ai\posture_coach\apps\ml_engine\pose_extractor.py", line 96, in _get_pose_solution
    raise ImportError("Cannot find mediapipe pose solution. Try: pip install mediapipe==0.10.32")
ImportError: Cannot find mediapipe pose solution. Try: pip install mediapipe==0.10.32

[2026-02-15 22:07:32,212] ERROR posture_coach: api_infer error: Cannot find mediapipe pose solution. Try: pip install mediapipe==0.10.32
Traceback (most recent call last):
  File "C:\Users\saura\Downloads\posture_coach_ai\posture_coach\apps\posture_app\views.py", line 119, in api_infer
    engine = _get_engine(session_key, exercise)
  File "C:\Users\saura\Downloads\posture_coach_ai\posture_coach\apps\posture_app\views.py", line 29, in _get_engine
    return get_or_create_engine(session_key, exercise, profiles_dir)
  File "C:\Users\saura\Downloads\posture_coach_ai\posture_coach\apps\ml_engine\inference_engine.py", line 336, in get_or_create_engine
    _engine_registry[session_key] = InferenceEngine(exercise, profiles_dir)
  File "C:\Users\saura\Downloads\posture_coach_ai\posture_coach\apps\ml_engine\inference_engine.py", line 67, in __init__
    self._extractor = PoseExtractor(
  File "C:\Users\saura\Downloads\posture_coach_ai\posture_coach\apps\ml_engine\pose_extractor.py", line 116, in __init__
    pose_sol = _get_pose_solution()
  File "C:\Users\saura\Downloads\posture_coach_ai\posture_coach\apps\ml_engine\pose_extractor.py", line 96, in _get_pose_solution
    raise ImportError("Cannot find mediapipe pose solution. Try: pip install mediapipe==0.10.32")
ImportError: Cannot find mediapipe pose solution. Try: pip install mediapipe==0.10.32

[2026-02-15 22:07:32,310] ERROR posture_coach: api_infer error: Cannot find mediapipe pose solution. Try: pip install mediapipe==0.10.32
Traceback (most recent call last):
  File "C:\Users\saura\Downloads\posture_coach_ai\posture_coach\apps\posture_app\views.py", line 119, in api_infer
    engine = _get_engine(session_key, exercise)
  File "C:\Users\saura\Downloads\posture_coach_ai\posture_coach\apps\posture_app\views.py", line 29, in _get_engine
    return get_or_create_engine(session_key, exercise, profiles_dir)
  File "C:\Users\saura\Downloads\posture_coach_ai\posture_coach\apps\ml_engine\inference_engine.py", line 336, in get_or_create_engine
    _engine_registry[session_key] = InferenceEngine(exercise, profiles_dir)
  File "C:\Users\saura\Downloads\posture_coach_ai\posture_coach\apps\ml_engine\inference_engine.py", line 67, in __init__
    self._extractor = PoseExtractor(
  File "C:\Users\saura\Downloads\posture_coach_ai\posture_coach\apps\ml_engine\pose_extractor.py", line 116, in __init__
    pose_sol = _get_pose_solution()
  File "C:\Users\saura\Downloads\posture_coach_ai\posture_coach\apps\ml_engine\pose_extractor.py", line 96, in _get_pose_solution
    raise ImportError("Cannot find mediapipe pose solution. Try: pip install mediapipe==0.10.32")
ImportError: Cannot find mediapipe pose solution. Try: pip install mediapipe==0.10.32

[2026-02-15 22:07:32,395] ERROR posture_coach: api_infer error: Cannot find mediapipe pose solution. Try: pip install mediapipe==0.10.32
Traceback (most recent call last):
  File "C:\Users\saura\Downloads\posture_coach_ai\posture_coach\apps\posture_app\views.py", line 119, in api_infer
    engine = _get_engine(session_key, exercise)
  File "C:\Users\saura\Downloads\posture_coach_ai\posture_coach\apps\posture_app\views.py", line 29, in _get_engine
    return get_or_create_engine(session_key, exercise, profiles_dir)
  File "C:\Users\saura\Downloads\posture_coach_ai\posture_coach\apps\ml_engine\inference_engine.py", line 336, in get_or_create_engine
    _engine_registry[session_key] = InferenceEngine(exercise, profiles_dir)
  File "C:\Users\saura\Downloads\posture_coach_ai\posture_coach\apps\ml_engine\inference_engine.py", line 67, in __init__
    self._extractor = PoseExtractor(
  File "C:\Users\saura\Downloads\posture_coach_ai\posture_coach\apps\ml_engine\pose_extractor.py", line 116, in __init__
    pose_sol = _get_pose_solution()
  File "C:\Users\saura\Downloads\posture_coach_ai\posture_coach\apps\ml_engine\pose_extractor.py", line 96, in _get_pose_solution
    raise ImportError("Cannot find mediapipe pose solution. Try: pip install mediapipe==0.10.32")
ImportError: Cannot find mediapipe pose solution. Try: pip install mediapipe==0.10.32

[2026-02-15 22:07:32,511] ERROR posture_coach: api_infer error: Cannot find mediapipe pose solution. Try: pip install mediapipe==0.10.32
Traceback (most recent call last):
  File "C:\Users\saura\Downloads\posture_coach_ai\posture_coach\apps\posture_app\views.py", line 119, in api_infer
    engine = _get_engine(session_key, exercise)
  File "C:\Users\saura\Downloads\posture_coach_ai\posture_coach\apps\posture_app\views.py", line 29, in _get_engine
    return get_or_create_engine(session_key, exercise, profiles_dir)
  File "C:\Users\saura\Downloads\posture_coach_ai\posture_coach\apps\ml_engine\inference_engine.py", line 336, in get_or_create_engine
    _engine_registry[session_key] = InferenceEngine(exercise, profiles_dir)
  File "C:\Users\saura\Downloads\posture_coach_ai\posture_coach\apps\ml_engine\inference_engine.py", line 67, in __init__
    self._extractor = PoseExtractor(
  File "C:\Users\saura\Downloads\posture_coach_ai\posture_coach\apps\ml_engine\pose_extractor.py", line 116, in __init__
    pose_sol = _get_pose_solution()
  File "C:\Users\saura\Downloads\posture_coach_ai\posture_coach\apps\ml_engine\pose_extractor.py", line 96, in _get_pose_solution
    raise ImportError("Cannot find mediapipe pose solution. Try: pip install mediapipe==0.10.32")
ImportError: Cannot find mediapipe pose solution. Try: pip install mediapipe==0.10.32

[2026-02-15 22:07:32,596] ERROR posture_coach: api_infer error: Cannot find mediapipe pose solution. Try: pip install mediapipe==0.10.32
Traceback (most recent call last):
  File "C:\Users\saura\Downloads\posture_coach_ai\posture_coach\apps\posture_app\views.py", line 119, in api_infer
    engine = _get_engine(session_key, exercise)
  File "C:\Users\saura\Downloads\posture_coach_ai\posture_coach\apps\posture_app\views.py", line 29, in _get_engine
    return get_or_create_engine(session_key, exercise, profiles_dir)
  File "C:\Users\saura\Downloads\posture_coach_ai\posture_coach\apps\ml_engine\inference_engine.py", line 336, in get_or_create_engine
    _engine_registry[session_key] = InferenceEngine(exercise, profiles_dir)
  File "C:\Users\saura\Downloads\posture_coach_ai\posture_coach\apps\ml_engine\inference_engine.py", line 67, in __init__
    self._extractor = PoseExtractor(
  File "C:\Users\saura\Downloads\posture_coach_ai\posture_coach\apps\ml_engine\pose_extractor.py", line 116, in __init__
    pose_sol = _get_pose_solution()
  File "C:\Users\saura\Downloads\posture_coach_ai\posture_coach\apps\ml_engine\pose_extractor.py", line 96, in _get_pose_solution
    raise ImportError("Cannot find mediapipe pose solution. Try: pip install mediapipe==0.10.32")
ImportError: Cannot find mediapipe pose solution. Try: pip install mediapipe==0.10.32

[2026-02-15 22:07:32,708] ERROR posture_coach: api_infer error: Cannot find mediapipe pose solution. Try: pip install mediapipe==0.10.32
Traceback (most recent call last):
  File "C:\Users\saura\Downloads\posture_coach_ai\posture_coach\apps\posture_app\views.py", line 119, in api_infer
    engine = _get_engine(session_key, exercise)
  File "C:\Users\saura\Downloads\posture_coach_ai\posture_coach\apps\posture_app\views.py", line 29, in _get_engine
    return get_or_create_engine(session_key, exercise, profiles_dir)
  File "C:\Users\saura\Downloads\posture_coach_ai\posture_coach\apps\ml_engine\inference_engine.py", line 336, in get_or_create_engine
    _engine_registry[session_key] = InferenceEngine(exercise, profiles_dir)
  File "C:\Users\saura\Downloads\posture_coach_ai\posture_coach\apps\ml_engine\inference_engine.py", line 67, in __init__
    self._extractor = PoseExtractor(
  File "C:\Users\saura\Downloads\posture_coach_ai\posture_coach\apps\ml_engine\pose_extractor.py", line 116, in __init__
    pose_sol = _get_pose_solution()
  File "C:\Users\saura\Downloads\posture_coach_ai\posture_coach\apps\ml_engine\pose_extractor.py", line 96, in _get_pose_solution
    raise ImportError("Cannot find mediapipe pose solution. Try: pip install mediapipe==0.10.32")
ImportError: Cannot find mediapipe pose solution. Try: pip install mediapipe==0.10.32

[2026-02-15 22:07:32,796] ERROR posture_coach: api_infer error: Cannot find mediapipe pose solution. Try: pip install mediapipe==0.10.32
Traceback (most recent call last):
  File "C:\Users\saura\Downloads\posture_coach_ai\posture_coach\apps\posture_app\views.py", line 119, in api_infer
    engine = _get_engine(session_key, exercise)
  File "C:\Users\saura\Downloads\posture_coach_ai\posture_coach\apps\posture_app\views.py", line 29, in _get_engine
    return get_or_create_engine(session_key, exercise, profiles_dir)
  File "C:\Users\saura\Downloads\posture_coach_ai\posture_coach\apps\ml_engine\inference_engine.py", line 336, in get_or_create_engine
    _engine_registry[session_key] = InferenceEngine(exercise, profiles_dir)
  File "C:\Users\saura\Downloads\posture_coach_ai\posture_coach\apps\ml_engine\inference_engine.py", line 67, in __init__
    self._extractor = PoseExtractor(
  File "C:\Users\saura\Downloads\posture_coach_ai\posture_coach\apps\ml_engine\pose_extractor.py", line 116, in __init__
    pose_sol = _get_pose_solution()
  File "C:\Users\saura\Downloads\posture_coach_ai\posture_coach\apps\ml_engine\pose_extractor.py", line 96, in _get_pose_solution
    raise ImportError("Cannot find mediapipe pose solution. Try: pip install mediapipe==0.10.32")
ImportError: Cannot find mediapipe pose solution. Try: pip install mediapipe==0.10.32

[2026-02-15 22:07:32,902] ERROR posture_coach: api_infer error: Cannot find mediapipe pose solution. Try: pip install mediapipe==0.10.32
Traceback (most recent call last):
  File "C:\Users\saura\Downloads\posture_coach_ai\posture_coach\apps\posture_app\views.py", line 119, in api_infer
    engine = _get_engine(session_key, exercise)
  File "C:\Users\saura\Downloads\posture_coach_ai\posture_coach\apps\posture_app\views.py", line 29, in _get_engine
    return get_or_create_engine(session_key, exercise, profiles_dir)
  File "C:\Users\saura\Downloads\posture_coach_ai\posture_coach\apps\ml_engine\inference_engine.py", line 336, in get_or_create_engine
    _engine_registry[session_key] = InferenceEngine(exercise, profiles_dir)
  File "C:\Users\saura\Downloads\posture_coach_ai\posture_coach\apps\ml_engine\inference_engine.py", line 67, in __init__
    self._extractor = PoseExtractor(
  File "C:\Users\saura\Downloads\posture_coach_ai\posture_coach\apps\ml_engine\pose_extractor.py", line 116, in __init__
    pose_sol = _get_pose_solution()
  File "C:\Users\saura\Downloads\posture_coach_ai\posture_coach\apps\ml_engine\pose_extractor.py", line 96, in _get_pose_solution
    raise ImportError("Cannot find mediapipe pose solution. Try: pip install mediapipe==0.10.32")
ImportError: Cannot find mediapipe pose solution. Try: pip install mediapipe==0.10.32

[2026-02-15 22:07:32,996] ERROR posture_coach: api_infer error: Cannot find mediapipe pose solution. Try: pip install mediapipe==0.10.32
Traceback (most recent call last):
  File "C:\Users\saura\Downloads\posture_coach_ai\posture_coach\apps\posture_app\views.py", line 119, in api_infer
    engine = _get_engine(session_key, exercise)
  File "C:\Users\saura\Downloads\posture_coach_ai\posture_coach\apps\posture_app\views.py", line 29, in _get_engine
    return get_or_create_engine(session_key, exercise, profiles_dir)
  File "C:\Users\saura\Downloads\posture_coach_ai\posture_coach\apps\ml_engine\inference_engine.py", line 336, in get_or_create_engine
    _engine_registry[session_key] = InferenceEngine(exercise, profiles_dir)
  File "C:\Users\saura\Downloads\posture_coach_ai\posture_coach\apps\ml_engine\inference_engine.py", line 67, in __init__
    self._extractor = PoseExtractor(
  File "C:\Users\saura\Downloads\posture_coach_ai\posture_coach\apps\ml_engine\pose_extractor.py", line 116, in __init__
    pose_sol = _get_pose_solution()
  File "C:\Users\saura\Downloads\posture_coach_ai\posture_coach\apps\ml_engine\pose_extractor.py", line 96, in _get_pose_solution
    raise ImportError("Cannot find mediapipe pose solution. Try: pip install mediapipe==0.10.32")
ImportError: Cannot find mediapipe pose solution. Try: pip install mediapipe==0.10.32

[2026-02-15 22:07:33,091] ERROR posture_coach: api_infer error: Cannot find mediapipe pose solution. Try: pip install mediapipe==0.10.32
Traceback (most recent call last):
  File "C:\Users\saura\Downloads\posture_coach_ai\posture_coach\apps\posture_app\views.py", line 119, in api_infer
    engine = _get_engine(session_key, exercise)
  File "C:\Users\saura\Downloads\posture_coach_ai\posture_coach\apps\posture_app\views.py", line 29, in _get_engine
    return get_or_create_engine(session_key, exercise, profiles_dir)
  File "C:\Users\saura\Downloads\posture_coach_ai\posture_coach\apps\ml_engine\inference_engine.py", line 336, in get_or_create_engine
    _engine_registry[session_key] = InferenceEngine(exercise, profiles_dir)
  File "C:\Users\saura\Downloads\posture_coach_ai\posture_coach\apps\ml_engine\inference_engine.py", line 67, in __init__
    self._extractor = PoseExtractor(
  File "C:\Users\saura\Downloads\posture_coach_ai\posture_coach\apps\ml_engine\pose_extractor.py", line 116, in __init__
    pose_sol = _get_pose_solution()
  File "C:\Users\saura\Downloads\posture_coach_ai\posture_coach\apps\ml_engine\pose_extractor.py", line 96, in _get_pose_solution
    raise ImportError("Cannot find mediapipe pose solution. Try: pip install mediapipe==0.10.32")
ImportError: Cannot find mediapipe pose solution. Try: pip install mediapipe==0.10.32

[2026-02-15 22:07:33,207] ERROR posture_coach: api_infer error: Cannot find mediapipe pose solution. Try: pip install mediapipe==0.10.32
Traceback (most recent call last):
  File "C:\Users\saura\Downloads\posture_coach_ai\posture_coach\apps\posture_app\views.py", line 119, in api_infer
    engine = _get_engine(session_key, exercise)
  File "C:\Users\saura\Downloads\posture_coach_ai\posture_coach\apps\posture_app\views.py", line 29, in _get_engine
    return get_or_create_engine(session_key, exercise, profiles_dir)
  File "C:\Users\saura\Downloads\posture_coach_ai\posture_coach\apps\ml_engine\inference_engine.py", line 336, in get_or_create_engine
    _engine_registry[session_key] = InferenceEngine(exercise, profiles_dir)
  File "C:\Users\saura\Downloads\posture_coach_ai\posture_coach\apps\ml_engine\inference_engine.py", line 67, in __init__
    self._extractor = PoseExtractor(
  File "C:\Users\saura\Downloads\posture_coach_ai\posture_coach\apps\ml_engine\pose_extractor.py", line 116, in __init__
    pose_sol = _get_pose_solution()
  File "C:\Users\saura\Downloads\posture_coach_ai\posture_coach\apps\ml_engine\pose_extractor.py", line 96, in _get_pose_solution
    raise ImportError("Cannot find mediapipe pose solution. Try: pip install mediapipe==0.10.32")
ImportError: Cannot find mediapipe pose solution. Try: pip install mediapipe==0.10.32

[2026-02-15 22:07:33,294] ERROR posture_coach: api_infer error: Cannot find mediapipe pose solution. Try: pip install mediapipe==0.10.32
Traceback (most recent call last):
  File "C:\Users\saura\Downloads\posture_coach_ai\posture_coach\apps\posture_app\views.py", line 119, in api_infer
    engine = _get_engine(session_key, exercise)
  File "C:\Users\saura\Downloads\posture_coach_ai\posture_coach\apps\posture_app\views.py", line 29, in _get_engine
    return get_or_create_engine(session_key, exercise, profiles_dir)
  File "C:\Users\saura\Downloads\posture_coach_ai\posture_coach\apps\ml_engine\inference_engine.py", line 336, in get_or_create_engine
    _engine_registry[session_key] = InferenceEngine(exercise, profiles_dir)
  File "C:\Users\saura\Downloads\posture_coach_ai\posture_coach\apps\ml_engine\inference_engine.py", line 67, in __init__
    self._extractor = PoseExtractor(
  File "C:\Users\saura\Downloads\posture_coach_ai\posture_coach\apps\ml_engine\pose_extractor.py", line 116, in __init__
    pose_sol = _get_pose_solution()
  File "C:\Users\saura\Downloads\posture_coach_ai\posture_coach\apps\ml_engine\pose_extractor.py", line 96, in _get_pose_solution
    raise ImportError("Cannot find mediapipe pose solution. Try: pip install mediapipe==0.10.32")
ImportError: Cannot find mediapipe pose solution. Try: pip install mediapipe==0.10.32

[2026-02-15 22:07:33,413] ERROR posture_coach: api_infer error: Cannot find mediapipe pose solution. Try: pip install mediapipe==0.10.32
Traceback (most recent call last):
  File "C:\Users\saura\Downloads\posture_coach_ai\posture_coach\apps\posture_app\views.py", line 119, in api_infer
    engine = _get_engine(session_key, exercise)
  File "C:\Users\saura\Downloads\posture_coach_ai\posture_coach\apps\posture_app\views.py", line 29, in _get_engine
    return get_or_create_engine(session_key, exercise, profiles_dir)
  File "C:\Users\saura\Downloads\posture_coach_ai\posture_coach\apps\ml_engine\inference_engine.py", line 336, in get_or_create_engine
    _engine_registry[session_key] = InferenceEngine(exercise, profiles_dir)
  File "C:\Users\saura\Downloads\posture_coach_ai\posture_coach\apps\ml_engine\inference_engine.py", line 67, in __init__
    self._extractor = PoseExtractor(
  File "C:\Users\saura\Downloads\posture_coach_ai\posture_coach\apps\ml_engine\pose_extractor.py", line 116, in __init__
    pose_sol = _get_pose_solution()
  File "C:\Users\saura\Downloads\posture_coach_ai\posture_coach\apps\ml_engine\pose_extractor.py", line 96, in _get_pose_solution
    raise ImportError("Cannot find mediapipe pose solution. Try: pip install mediapipe==0.10.32")
ImportError: Cannot find mediapipe pose solution. Try: pip install mediapipe==0.10.32

[2026-02-15 22:07:33,509] ERROR posture_coach: api_infer error: Cannot find mediapipe pose solution. Try: pip install mediapipe==0.10.32
Traceback (most recent call last):
  File "C:\Users\saura\Downloads\posture_coach_ai\posture_coach\apps\posture_app\views.py", line 119, in api_infer
    engine = _get_engine(session_key, exercise)
  File "C:\Users\saura\Downloads\posture_coach_ai\posture_coach\apps\posture_app\views.py", line 29, in _get_engine
    return get_or_create_engine(session_key, exercise, profiles_dir)
  File "C:\Users\saura\Downloads\posture_coach_ai\posture_coach\apps\ml_engine\inference_engine.py", line 336, in get_or_create_engine
    _engine_registry[session_key] = InferenceEngine(exercise, profiles_dir)
  File "C:\Users\saura\Downloads\posture_coach_ai\posture_coach\apps\ml_engine\inference_engine.py", line 67, in __init__
    self._extractor = PoseExtractor(
  File "C:\Users\saura\Downloads\posture_coach_ai\posture_coach\apps\ml_engine\pose_extractor.py", line 116, in __init__
    pose_sol = _get_pose_solution()
  File "C:\Users\saura\Downloads\posture_coach_ai\posture_coach\apps\ml_engine\pose_extractor.py", line 96, in _get_pose_solution
    raise ImportError("Cannot find mediapipe pose solution. Try: pip install mediapipe==0.10.32")
ImportError: Cannot find mediapipe pose solution. Try: pip install mediapipe==0.10.32

[2026-02-15 22:07:33,595] ERROR posture_coach: api_infer error: Cannot find mediapipe pose solution. Try: pip install mediapipe==0.10.32
Traceback (most recent call last):
  File "C:\Users\saura\Downloads\posture_coach_ai\posture_coach\apps\posture_app\views.py", line 119, in api_infer
    engine = _get_engine(session_key, exercise)
  File "C:\Users\saura\Downloads\posture_coach_ai\posture_coach\apps\posture_app\views.py", line 29, in _get_engine
    return get_or_create_engine(session_key, exercise, profiles_dir)
  File "C:\Users\saura\Downloads\posture_coach_ai\posture_coach\apps\ml_engine\inference_engine.py", line 336, in get_or_create_engine
    _engine_registry[session_key] = InferenceEngine(exercise, profiles_dir)
  File "C:\Users\saura\Downloads\posture_coach_ai\posture_coach\apps\ml_engine\inference_engine.py", line 67, in __init__
    self._extractor = PoseExtractor(
  File "C:\Users\saura\Downloads\posture_coach_ai\posture_coach\apps\ml_engine\pose_extractor.py", line 116, in __init__
    pose_sol = _get_pose_solution()
  File "C:\Users\saura\Downloads\posture_coach_ai\posture_coach\apps\ml_engine\pose_extractor.py", line 96, in _get_pose_solution
    raise ImportError("Cannot find mediapipe pose solution. Try: pip install mediapipe==0.10.32")
ImportError: Cannot find mediapipe pose solution. Try: pip install mediapipe==0.10.32

[2026-02-15 22:07:33,695] ERROR posture_coach: api_infer error: Cannot find mediapipe pose solution. Try: pip install mediapipe==0.10.32
Traceback (most recent call last):
  File "C:\Users\saura\Downloads\posture_coach_ai\posture_coach\apps\posture_app\views.py", line 119, in api_infer
    engine = _get_engine(session_key, exercise)
  File "C:\Users\saura\Downloads\posture_coach_ai\posture_coach\apps\posture_app\views.py", line 29, in _get_engine
    return get_or_create_engine(session_key, exercise, profiles_dir)
  File "C:\Users\saura\Downloads\posture_coach_ai\posture_coach\apps\ml_engine\inference_engine.py", line 336, in get_or_create_engine
    _engine_registry[session_key] = InferenceEngine(exercise, profiles_dir)
  File "C:\Users\saura\Downloads\posture_coach_ai\posture_coach\apps\ml_engine\inference_engine.py", line 67, in __init__
    self._extractor = PoseExtractor(
  File "C:\Users\saura\Downloads\posture_coach_ai\posture_coach\apps\ml_engine\pose_extractor.py", line 116, in __init__
    pose_sol = _get_pose_solution()
  File "C:\Users\saura\Downloads\posture_coach_ai\posture_coach\apps\ml_engine\pose_extractor.py", line 96, in _get_pose_solution
    raise ImportError("Cannot find mediapipe pose solution. Try: pip install mediapipe==0.10.32")
ImportError: Cannot find mediapipe pose solution. Try: pip install mediapipe==0.10.32

[2026-02-15 22:07:33,795] ERROR posture_coach: api_infer error: Cannot find mediapipe pose solution. Try: pip install mediapipe==0.10.32
Traceback (most recent call last):
  File "C:\Users\saura\Downloads\posture_coach_ai\posture_coach\apps\posture_app\views.py", line 119, in api_infer
    engine = _get_engine(session_key, exercise)
  File "C:\Users\saura\Downloads\posture_coach_ai\posture_coach\apps\posture_app\views.py", line 29, in _get_engine
    return get_or_create_engine(session_key, exercise, profiles_dir)
  File "C:\Users\saura\Downloads\posture_coach_ai\posture_coach\apps\ml_engine\inference_engine.py", line 336, in get_or_create_engine
    _engine_registry[session_key] = InferenceEngine(exercise, profiles_dir)
  File "C:\Users\saura\Downloads\posture_coach_ai\posture_coach\apps\ml_engine\inference_engine.py", line 67, in __init__
    self._extractor = PoseExtractor(
  File "C:\Users\saura\Downloads\posture_coach_ai\posture_coach\apps\ml_engine\pose_extractor.py", line 116, in __init__
    pose_sol = _get_pose_solution()
  File "C:\Users\saura\Downloads\posture_coach_ai\posture_coach\apps\ml_engine\pose_extractor.py", line 96, in _get_pose_solution
    raise ImportError("Cannot find mediapipe pose solution. Try: pip install mediapipe==0.10.32")
ImportError: Cannot find mediapipe pose solution. Try: pip install mediapipe==0.10.32

[2026-02-15 22:07:33,908] ERROR posture_coach: api_infer error: Cannot find mediapipe pose solution. Try: pip install mediapipe==0.10.32
Traceback (most recent call last):
  File "C:\Users\saura\Downloads\posture_coach_ai\posture_coach\apps\posture_app\views.py", line 119, in api_infer
    engine = _get_engine(session_key, exercise)
  File "C:\Users\saura\Downloads\posture_coach_ai\posture_coach\apps\posture_app\views.py", line 29, in _get_engine
    return get_or_create_engine(session_key, exercise, profiles_dir)
  File "C:\Users\saura\Downloads\posture_coach_ai\posture_coach\apps\ml_engine\inference_engine.py", line 336, in get_or_create_engine
    _engine_registry[session_key] = InferenceEngine(exercise, profiles_dir)
  File "C:\Users\saura\Downloads\posture_coach_ai\posture_coach\apps\ml_engine\inference_engine.py", line 67, in __init__
    self._extractor = PoseExtractor(
  File "C:\Users\saura\Downloads\posture_coach_ai\posture_coach\apps\ml_engine\pose_extractor.py", line 116, in __init__
    pose_sol = _get_pose_solution()
  File "C:\Users\saura\Downloads\posture_coach_ai\posture_coach\apps\ml_engine\pose_extractor.py", line 96, in _get_pose_solution
    raise ImportError("Cannot find mediapipe pose solution. Try: pip install mediapipe==0.10.32")
ImportError: Cannot find mediapipe pose solution. Try: pip install mediapipe==0.10.32

[2026-02-15 22:07:33,995] ERROR posture_coach: api_infer error: Cannot find mediapipe pose solution. Try: pip install mediapipe==0.10.32
Traceback (most recent call last):
  File "C:\Users\saura\Downloads\posture_coach_ai\posture_coach\apps\posture_app\views.py", line 119, in api_infer
    engine = _get_engine(session_key, exercise)
  File "C:\Users\saura\Downloads\posture_coach_ai\posture_coach\apps\posture_app\views.py", line 29, in _get_engine
    return get_or_create_engine(session_key, exercise, profiles_dir)
  File "C:\Users\saura\Downloads\posture_coach_ai\posture_coach\apps\ml_engine\inference_engine.py", line 336, in get_or_create_engine
    _engine_registry[session_key] = InferenceEngine(exercise, profiles_dir)
  File "C:\Users\saura\Downloads\posture_coach_ai\posture_coach\apps\ml_engine\inference_engine.py", line 67, in __init__
    self._extractor = PoseExtractor(
  File "C:\Users\saura\Downloads\posture_coach_ai\posture_coach\apps\ml_engine\pose_extractor.py", line 116, in __init__
    pose_sol = _get_pose_solution()
  File "C:\Users\saura\Downloads\posture_coach_ai\posture_coach\apps\ml_engine\pose_extractor.py", line 96, in _get_pose_solution
    raise ImportError("Cannot find mediapipe pose solution. Try: pip install mediapipe==0.10.32")
ImportError: Cannot find mediapipe pose solution. Try: pip install mediapipe==0.10.32

[2026-02-15 22:07:34,110] ERROR posture_coach: api_infer error: Cannot find mediapipe pose solution. Try: pip install mediapipe==0.10.32
Traceback (most recent call last):
  File "C:\Users\saura\Downloads\posture_coach_ai\posture_coach\apps\posture_app\views.py", line 119, in api_infer
    engine = _get_engine(session_key, exercise)
  File "C:\Users\saura\Downloads\posture_coach_ai\posture_coach\apps\posture_app\views.py", line 29, in _get_engine
    return get_or_create_engine(session_key, exercise, profiles_dir)
  File "C:\Users\saura\Downloads\posture_coach_ai\posture_coach\apps\ml_engine\inference_engine.py", line 336, in get_or_create_engine
    _engine_registry[session_key] = InferenceEngine(exercise, profiles_dir)
  File "C:\Users\saura\Downloads\posture_coach_ai\posture_coach\apps\ml_engine\inference_engine.py", line 67, in __init__
    self._extractor = PoseExtractor(
  File "C:\Users\saura\Downloads\posture_coach_ai\posture_coach\apps\ml_engine\pose_extractor.py", line 116, in __init__
    pose_sol = _get_pose_solution()
  File "C:\Users\saura\Downloads\posture_coach_ai\posture_coach\apps\ml_engine\pose_extractor.py", line 96, in _get_pose_solution
    raise ImportError("Cannot find mediapipe pose solution. Try: pip install mediapipe==0.10.32")
ImportError: Cannot find mediapipe pose solution. Try: pip install mediapipe==0.10.32

[2026-02-15 22:07:34,209] ERROR posture_coach: api_infer error: Cannot find mediapipe pose solution. Try: pip install mediapipe==0.10.32
Traceback (most recent call last):
  File "C:\Users\saura\Downloads\posture_coach_ai\posture_coach\apps\posture_app\views.py", line 119, in api_infer
    engine = _get_engine(session_key, exercise)
  File "C:\Users\saura\Downloads\posture_coach_ai\posture_coach\apps\posture_app\views.py", line 29, in _get_engine
    return get_or_create_engine(session_key, exercise, profiles_dir)
  File "C:\Users\saura\Downloads\posture_coach_ai\posture_coach\apps\ml_engine\inference_engine.py", line 336, in get_or_create_engine
    _engine_registry[session_key] = InferenceEngine(exercise, profiles_dir)
  File "C:\Users\saura\Downloads\posture_coach_ai\posture_coach\apps\ml_engine\inference_engine.py", line 67, in __init__
    self._extractor = PoseExtractor(
  File "C:\Users\saura\Downloads\posture_coach_ai\posture_coach\apps\ml_engine\pose_extractor.py", line 116, in __init__
    pose_sol = _get_pose_solution()
  File "C:\Users\saura\Downloads\posture_coach_ai\posture_coach\apps\ml_engine\pose_extractor.py", line 96, in _get_pose_solution
    raise ImportError("Cannot find mediapipe pose solution. Try: pip install mediapipe==0.10.32")
ImportError: Cannot find mediapipe pose solution. Try: pip install mediapipe==0.10.32

[2026-02-15 22:07:34,291] ERROR posture_coach: api_infer error: Cannot find mediapipe pose solution. Try: pip install mediapipe==0.10.32
Traceback (most recent call last):
  File "C:\Users\saura\Downloads\posture_coach_ai\posture_coach\apps\posture_app\views.py", line 119, in api_infer
    engine = _get_engine(session_key, exercise)
  File "C:\Users\saura\Downloads\posture_coach_ai\posture_coach\apps\posture_app\views.py", line 29, in _get_engine
    return get_or_create_engine(session_key, exercise, profiles_dir)
  File "C:\Users\saura\Downloads\posture_coach_ai\posture_coach\apps\ml_engine\inference_engine.py", line 336, in get_or_create_engine
    _engine_registry[session_key] = InferenceEngine(exercise, profiles_dir)
  File "C:\Users\saura\Downloads\posture_coach_ai\posture_coach\apps\ml_engine\inference_engine.py", line 67, in __init__
    self._extractor = PoseExtractor(
  File "C:\Users\saura\Downloads\posture_coach_ai\posture_coach\apps\ml_engine\pose_extractor.py", line 116, in __init__
    pose_sol = _get_pose_solution()
  File "C:\Users\saura\Downloads\posture_coach_ai\posture_coach\apps\ml_engine\pose_extractor.py", line 96, in _get_pose_solution
    raise ImportError("Cannot find mediapipe pose solution. Try: pip install mediapipe==0.10.32")
ImportError: Cannot find mediapipe pose solution. Try: pip install mediapipe==0.10.32

[2026-02-15 22:07:34,394] ERROR posture_coach: api_infer error: Cannot find mediapipe pose solution. Try: pip install mediapipe==0.10.32
Traceback (most recent call last):
  File "C:\Users\saura\Downloads\posture_coach_ai\posture_coach\apps\posture_app\views.py", line 119, in api_infer
    engine = _get_engine(session_key, exercise)
  File "C:\Users\saura\Downloads\posture_coach_ai\posture_coach\apps\posture_app\views.py", line 29, in _get_engine
    return get_or_create_engine(session_key, exercise, profiles_dir)
  File "C:\Users\saura\Downloads\posture_coach_ai\posture_coach\apps\ml_engine\inference_engine.py", line 336, in get_or_create_engine
    _engine_registry[session_key] = InferenceEngine(exercise, profiles_dir)
  File "C:\Users\saura\Downloads\posture_coach_ai\posture_coach\apps\ml_engine\inference_engine.py", line 67, in __init__
    self._extractor = PoseExtractor(
  File "C:\Users\saura\Downloads\posture_coach_ai\posture_coach\apps\ml_engine\pose_extractor.py", line 116, in __init__
    pose_sol = _get_pose_solution()
  File "C:\Users\saura\Downloads\posture_coach_ai\posture_coach\apps\ml_engine\pose_extractor.py", line 96, in _get_pose_solution
    raise ImportError("Cannot find mediapipe pose solution. Try: pip install mediapipe==0.10.32")
ImportError: Cannot find mediapipe pose solution. Try: pip install mediapipe==0.10.32

[2026-02-15 22:07:34,495] ERROR posture_coach: api_infer error: Cannot find mediapipe pose solution. Try: pip install mediapipe==0.10.32
Traceback (most recent call last):
  File "C:\Users\saura\Downloads\posture_coach_ai\posture_coach\apps\posture_app\views.py", line 119, in api_infer
    engine = _get_engine(session_key, exercise)
  File "C:\Users\saura\Downloads\posture_coach_ai\posture_coach\apps\posture_app\views.py", line 29, in _get_engine
    return get_or_create_engine(session_key, exercise, profiles_dir)
  File "C:\Users\saura\Downloads\posture_coach_ai\posture_coach\apps\ml_engine\inference_engine.py", line 336, in get_or_create_engine
    _engine_registry[session_key] = InferenceEngine(exercise, profiles_dir)
  File "C:\Users\saura\Downloads\posture_coach_ai\posture_coach\apps\ml_engine\inference_engine.py", line 67, in __init__
    self._extractor = PoseExtractor(
  File "C:\Users\saura\Downloads\posture_coach_ai\posture_coach\apps\ml_engine\pose_extractor.py", line 116, in __init__
    pose_sol = _get_pose_solution()
  File "C:\Users\saura\Downloads\posture_coach_ai\posture_coach\apps\ml_engine\pose_extractor.py", line 96, in _get_pose_solution
    raise ImportError("Cannot find mediapipe pose solution. Try: pip install mediapipe==0.10.32")
ImportError: Cannot find mediapipe pose solution. Try: pip install mediapipe==0.10.32

[2026-02-15 22:07:34,606] ERROR posture_coach: api_infer error: Cannot find mediapipe pose solution. Try: pip install mediapipe==0.10.32
Traceback (most recent call last):
  File "C:\Users\saura\Downloads\posture_coach_ai\posture_coach\apps\posture_app\views.py", line 119, in api_infer
    engine = _get_engine(session_key, exercise)
  File "C:\Users\saura\Downloads\posture_coach_ai\posture_coach\apps\posture_app\views.py", line 29, in _get_engine
    return get_or_create_engine(session_key, exercise, profiles_dir)
  File "C:\Users\saura\Downloads\posture_coach_ai\posture_coach\apps\ml_engine\inference_engine.py", line 336, in get_or_create_engine
    _engine_registry[session_key] = InferenceEngine(exercise, profiles_dir)
  File "C:\Users\saura\Downloads\posture_coach_ai\posture_coach\apps\ml_engine\inference_engine.py", line 67, in __init__
    self._extractor = PoseExtractor(
  File "C:\Users\saura\Downloads\posture_coach_ai\posture_coach\apps\ml_engine\pose_extractor.py", line 116, in __init__
    pose_sol = _get_pose_solution()
  File "C:\Users\saura\Downloads\posture_coach_ai\posture_coach\apps\ml_engine\pose_extractor.py", line 96, in _get_pose_solution
    raise ImportError("Cannot find mediapipe pose solution. Try: pip install mediapipe==0.10.32")
ImportError: Cannot find mediapipe pose solution. Try: pip install mediapipe==0.10.32

[2026-02-15 22:07:34,708] ERROR posture_coach: api_infer error: Cannot find mediapipe pose solution. Try: pip install mediapipe==0.10.32
Traceback (most recent call last):
  File "C:\Users\saura\Downloads\posture_coach_ai\posture_coach\apps\posture_app\views.py", line 119, in api_infer
    engine = _get_engine(session_key, exercise)
  File "C:\Users\saura\Downloads\posture_coach_ai\posture_coach\apps\posture_app\views.py", line 29, in _get_engine
    return get_or_create_engine(session_key, exercise, profiles_dir)
  File "C:\Users\saura\Downloads\posture_coach_ai\posture_coach\apps\ml_engine\inference_engine.py", line 336, in get_or_create_engine
    _engine_registry[session_key] = InferenceEngine(exercise, profiles_dir)
  File "C:\Users\saura\Downloads\posture_coach_ai\posture_coach\apps\ml_engine\inference_engine.py", line 67, in __init__
    self._extractor = PoseExtractor(
  File "C:\Users\saura\Downloads\posture_coach_ai\posture_coach\apps\ml_engine\pose_extractor.py", line 116, in __init__
    pose_sol = _get_pose_solution()
  File "C:\Users\saura\Downloads\posture_coach_ai\posture_coach\apps\ml_engine\pose_extractor.py", line 96, in _get_pose_solution
    raise ImportError("Cannot find mediapipe pose solution. Try: pip install mediapipe==0.10.32")
ImportError: Cannot find mediapipe pose solution. Try: pip install mediapipe==0.10.32

[2026-02-15 22:07:34,805] ERROR posture_coach: api_infer error: Cannot find mediapipe pose solution. Try: pip install mediapipe==0.10.32
Traceback (most recent call last):
  File "C:\Users\saura\Downloads\posture_coach_ai\posture_coach\apps\posture_app\views.py", line 119, in api_infer
    engine = _get_engine(session_key, exercise)
  File "C:\Users\saura\Downloads\posture_coach_ai\posture_coach\apps\posture_app\views.py", line 29, in _get_engine
    return get_or_create_engine(session_key, exercise, profiles_dir)
  File "C:\Users\saura\Downloads\posture_coach_ai\posture_coach\apps\ml_engine\inference_engine.py", line 336, in get_or_create_engine
    _engine_registry[session_key] = InferenceEngine(exercise, profiles_dir)
  File "C:\Users\saura\Downloads\posture_coach_ai\posture_coach\apps\ml_engine\inference_engine.py", line 67, in __init__
    self._extractor = PoseExtractor(
  File "C:\Users\saura\Downloads\posture_coach_ai\posture_coach\apps\ml_engine\pose_extractor.py", line 116, in __init__
    pose_sol = _get_pose_solution()
  File "C:\Users\saura\Downloads\posture_coach_ai\posture_coach\apps\ml_engine\pose_extractor.py", line 96, in _get_pose_solution
    raise ImportError("Cannot find mediapipe pose solution. Try: pip install mediapipe==0.10.32")
ImportError: Cannot find mediapipe pose solution. Try: pip install mediapipe==0.10.32

[2026-02-15 22:07:34,893] ERROR posture_coach: api_infer error: Cannot find mediapipe pose solution. Try: pip install mediapipe==0.10.32
Traceback (most recent call last):
  File "C:\Users\saura\Downloads\posture_coach_ai\posture_coach\apps\posture_app\views.py", line 119, in api_infer
    engine = _get_engine(session_key, exercise)
  File "C:\Users\saura\Downloads\posture_coach_ai\posture_coach\apps\posture_app\views.py", line 29, in _get_engine
    return get_or_create_engine(session_key, exercise, profiles_dir)
  File "C:\Users\saura\Downloads\posture_coach_ai\posture_coach\apps\ml_engine\inference_engine.py", line 336, in get_or_create_engine
    _engine_registry[session_key] = InferenceEngine(exercise, profiles_dir)
  File "C:\Users\saura\Downloads\posture_coach_ai\posture_coach\apps\ml_engine\inference_engine.py", line 67, in __init__
    self._extractor = PoseExtractor(
  File "C:\Users\saura\Downloads\posture_coach_ai\posture_coach\apps\ml_engine\pose_extractor.py", line 116, in __init__
    pose_sol = _get_pose_solution()
  File "C:\Users\saura\Downloads\posture_coach_ai\posture_coach\apps\ml_engine\pose_extractor.py", line 96, in _get_pose_solution
    raise ImportError("Cannot find mediapipe pose solution. Try: pip install mediapipe==0.10.32")
ImportError: Cannot find mediapipe pose solution. Try: pip install mediapipe==0.10.32

[2026-02-15 22:07:34,992] ERROR posture_coach: api_infer error: Cannot find mediapipe pose solution. Try: pip install mediapipe==0.10.32
Traceback (most recent call last):
  File "C:\Users\saura\Downloads\posture_coach_ai\posture_coach\apps\posture_app\views.py", line 119, in api_infer
    engine = _get_engine(session_key, exercise)
  File "C:\Users\saura\Downloads\posture_coach_ai\posture_coach\apps\posture_app\views.py", line 29, in _get_engine
    return get_or_create_engine(session_key, exercise, profiles_dir)
  File "C:\Users\saura\Downloads\posture_coach_ai\posture_coach\apps\ml_engine\inference_engine.py", line 336, in get_or_create_engine
    _engine_registry[session_key] = InferenceEngine(exercise, profiles_dir)
  File "C:\Users\saura\Downloads\posture_coach_ai\posture_coach\apps\ml_engine\inference_engine.py", line 67, in __init__
    self._extractor = PoseExtractor(
  File "C:\Users\saura\Downloads\posture_coach_ai\posture_coach\apps\ml_engine\pose_extractor.py", line 116, in __init__
    pose_sol = _get_pose_solution()
  File "C:\Users\saura\Downloads\posture_coach_ai\posture_coach\apps\ml_engine\pose_extractor.py", line 96, in _get_pose_solution
    raise ImportError("Cannot find mediapipe pose solution. Try: pip install mediapipe==0.10.32")
ImportError: Cannot find mediapipe pose solution. Try: pip install mediapipe==0.10.32

[2026-02-15 22:07:35,106] ERROR posture_coach: api_infer error: Cannot find mediapipe pose solution. Try: pip install mediapipe==0.10.32
Traceback (most recent call last):
  File "C:\Users\saura\Downloads\posture_coach_ai\posture_coach\apps\posture_app\views.py", line 119, in api_infer
    engine = _get_engine(session_key, exercise)
  File "C:\Users\saura\Downloads\posture_coach_ai\posture_coach\apps\posture_app\views.py", line 29, in _get_engine
    return get_or_create_engine(session_key, exercise, profiles_dir)
  File "C:\Users\saura\Downloads\posture_coach_ai\posture_coach\apps\ml_engine\inference_engine.py", line 336, in get_or_create_engine
    _engine_registry[session_key] = InferenceEngine(exercise, profiles_dir)
  File "C:\Users\saura\Downloads\posture_coach_ai\posture_coach\apps\ml_engine\inference_engine.py", line 67, in __init__
    self._extractor = PoseExtractor(
  File "C:\Users\saura\Downloads\posture_coach_ai\posture_coach\apps\ml_engine\pose_extractor.py", line 116, in __init__
    pose_sol = _get_pose_solution()
  File "C:\Users\saura\Downloads\posture_coach_ai\posture_coach\apps\ml_engine\pose_extractor.py", line 96, in _get_pose_solution
    raise ImportError("Cannot find mediapipe pose solution. Try: pip install mediapipe==0.10.32")
ImportError: Cannot find mediapipe pose solution. Try: pip install mediapipe==0.10.32

[2026-02-15 22:07:35,206] ERROR posture_coach: api_infer error: Cannot find mediapipe pose solution. Try: pip install mediapipe==0.10.32
Traceback (most recent call last):
  File "C:\Users\saura\Downloads\posture_coach_ai\posture_coach\apps\posture_app\views.py", line 119, in api_infer
    engine = _get_engine(session_key, exercise)
  File "C:\Users\saura\Downloads\posture_coach_ai\posture_coach\apps\posture_app\views.py", line 29, in _get_engine
    return get_or_create_engine(session_key, exercise, profiles_dir)
  File "C:\Users\saura\Downloads\posture_coach_ai\posture_coach\apps\ml_engine\inference_engine.py", line 336, in get_or_create_engine
    _engine_registry[session_key] = InferenceEngine(exercise, profiles_dir)
  File "C:\Users\saura\Downloads\posture_coach_ai\posture_coach\apps\ml_engine\inference_engine.py", line 67, in __init__
    self._extractor = PoseExtractor(
  File "C:\Users\saura\Downloads\posture_coach_ai\posture_coach\apps\ml_engine\pose_extractor.py", line 116, in __init__
    pose_sol = _get_pose_solution()
  File "C:\Users\saura\Downloads\posture_coach_ai\posture_coach\apps\ml_engine\pose_extractor.py", line 96, in _get_pose_solution
    raise ImportError("Cannot find mediapipe pose solution. Try: pip install mediapipe==0.10.32")
ImportError: Cannot find mediapipe pose solution. Try: pip install mediapipe==0.10.32

[2026-02-15 22:07:35,307] ERROR posture_coach: api_infer error: Cannot find mediapipe pose solution. Try: pip install mediapipe==0.10.32
Traceback (most recent call last):
  File "C:\Users\saura\Downloads\posture_coach_ai\posture_coach\apps\posture_app\views.py", line 119, in api_infer
    engine = _get_engine(session_key, exercise)
  File "C:\Users\saura\Downloads\posture_coach_ai\posture_coach\apps\posture_app\views.py", line 29, in _get_engine
    return get_or_create_engine(session_key, exercise, profiles_dir)
  File "C:\Users\saura\Downloads\posture_coach_ai\posture_coach\apps\ml_engine\inference_engine.py", line 336, in get_or_create_engine
    _engine_registry[session_key] = InferenceEngine(exercise, profiles_dir)
  File "C:\Users\saura\Downloads\posture_coach_ai\posture_coach\apps\ml_engine\inference_engine.py", line 67, in __init__
    self._extractor = PoseExtractor(
  File "C:\Users\saura\Downloads\posture_coach_ai\posture_coach\apps\ml_engine\pose_extractor.py", line 116, in __init__
    pose_sol = _get_pose_solution()
  File "C:\Users\saura\Downloads\posture_coach_ai\posture_coach\apps\ml_engine\pose_extractor.py", line 96, in _get_pose_solution
    raise ImportError("Cannot find mediapipe pose solution. Try: pip install mediapipe==0.10.32")
ImportError: Cannot find mediapipe pose solution. Try: pip install mediapipe==0.10.32

[2026-02-15 22:07:35,406] ERROR posture_coach: api_infer error: Cannot find mediapipe pose solution. Try: pip install mediapipe==0.10.32
Traceback (most recent call last):
  File "C:\Users\saura\Downloads\posture_coach_ai\posture_coach\apps\posture_app\views.py", line 119, in api_infer
    engine = _get_engine(session_key, exercise)
  File "C:\Users\saura\Downloads\posture_coach_ai\posture_coach\apps\posture_app\views.py", line 29, in _get_engine
    return get_or_create_engine(session_key, exercise, profiles_dir)
  File "C:\Users\saura\Downloads\posture_coach_ai\posture_coach\apps\ml_engine\inference_engine.py", line 336, in get_or_create_engine
    _engine_registry[session_key] = InferenceEngine(exercise, profiles_dir)
  File "C:\Users\saura\Downloads\posture_coach_ai\posture_coach\apps\ml_engine\inference_engine.py", line 67, in __init__
    self._extractor = PoseExtractor(
  File "C:\Users\saura\Downloads\posture_coach_ai\posture_coach\apps\ml_engine\pose_extractor.py", line 116, in __init__
    pose_sol = _get_pose_solution()
  File "C:\Users\saura\Downloads\posture_coach_ai\posture_coach\apps\ml_engine\pose_extractor.py", line 96, in _get_pose_solution
    raise ImportError("Cannot find mediapipe pose solution. Try: pip install mediapipe==0.10.32")
ImportError: Cannot find mediapipe pose solution. Try: pip install mediapipe==0.10.32

[2026-02-15 22:07:35,499] ERROR posture_coach: api_infer error: Cannot find mediapipe pose solution. Try: pip install mediapipe==0.10.32
Traceback (most recent call last):
  File "C:\Users\saura\Downloads\posture_coach_ai\posture_coach\apps\posture_app\views.py", line 119, in api_infer
    engine = _get_engine(session_key, exercise)
  File "C:\Users\saura\Downloads\posture_coach_ai\posture_coach\apps\posture_app\views.py", line 29, in _get_engine
    return get_or_create_engine(session_key, exercise, profiles_dir)
  File "C:\Users\saura\Downloads\posture_coach_ai\posture_coach\apps\ml_engine\inference_engine.py", line 336, in get_or_create_engine
    _engine_registry[session_key] = InferenceEngine(exercise, profiles_dir)
  File "C:\Users\saura\Downloads\posture_coach_ai\posture_coach\apps\ml_engine\inference_engine.py", line 67, in __init__
    self._extractor = PoseExtractor(
  File "C:\Users\saura\Downloads\posture_coach_ai\posture_coach\apps\ml_engine\pose_extractor.py", line 116, in __init__
    pose_sol = _get_pose_solution()
  File "C:\Users\saura\Downloads\posture_coach_ai\posture_coach\apps\ml_engine\pose_extractor.py", line 96, in _get_pose_solution
    raise ImportError("Cannot find mediapipe pose solution. Try: pip install mediapipe==0.10.32")
ImportError: Cannot find mediapipe pose solution. Try: pip install mediapipe==0.10.32

[2026-02-15 22:07:35,608] ERROR posture_coach: api_infer error: Cannot find mediapipe pose solution. Try: pip install mediapipe==0.10.32
Traceback (most recent call last):
  File "C:\Users\saura\Downloads\posture_coach_ai\posture_coach\apps\posture_app\views.py", line 119, in api_infer
    engine = _get_engine(session_key, exercise)
  File "C:\Users\saura\Downloads\posture_coach_ai\posture_coach\apps\posture_app\views.py", line 29, in _get_engine
    return get_or_create_engine(session_key, exercise, profiles_dir)
  File "C:\Users\saura\Downloads\posture_coach_ai\posture_coach\apps\ml_engine\inference_engine.py", line 336, in get_or_create_engine
    _engine_registry[session_key] = InferenceEngine(exercise, profiles_dir)
  File "C:\Users\saura\Downloads\posture_coach_ai\posture_coach\apps\ml_engine\inference_engine.py", line 67, in __init__
    self._extractor = PoseExtractor(
  File "C:\Users\saura\Downloads\posture_coach_ai\posture_coach\apps\ml_engine\pose_extractor.py", line 116, in __init__
    pose_sol = _get_pose_solution()
  File "C:\Users\saura\Downloads\posture_coach_ai\posture_coach\apps\ml_engine\pose_extractor.py", line 96, in _get_pose_solution
    raise ImportError("Cannot find mediapipe pose solution. Try: pip install mediapipe==0.10.32")
ImportError: Cannot find mediapipe pose solution. Try: pip install mediapipe==0.10.32

[2026-02-15 22:07:35,710] ERROR posture_coach: api_infer error: Cannot find mediapipe pose solution. Try: pip install mediapipe==0.10.32
Traceback (most recent call last):
  File "C:\Users\saura\Downloads\posture_coach_ai\posture_coach\apps\posture_app\views.py", line 119, in api_infer
    engine = _get_engine(session_key, exercise)
  File "C:\Users\saura\Downloads\posture_coach_ai\posture_coach\apps\posture_app\views.py", line 29, in _get_engine
    return get_or_create_engine(session_key, exercise, profiles_dir)
  File "C:\Users\saura\Downloads\posture_coach_ai\posture_coach\apps\ml_engine\inference_engine.py", line 336, in get_or_create_engine
    _engine_registry[session_key] = InferenceEngine(exercise, profiles_dir)
  File "C:\Users\saura\Downloads\posture_coach_ai\posture_coach\apps\ml_engine\inference_engine.py", line 67, in __init__
    self._extractor = PoseExtractor(
  File "C:\Users\saura\Downloads\posture_coach_ai\posture_coach\apps\ml_engine\pose_extractor.py", line 116, in __init__
    pose_sol = _get_pose_solution()
  File "C:\Users\saura\Downloads\posture_coach_ai\posture_coach\apps\ml_engine\pose_extractor.py", line 96, in _get_pose_solution
    raise ImportError("Cannot find mediapipe pose solution. Try: pip install mediapipe==0.10.32")
ImportError: Cannot find mediapipe pose solution. Try: pip install mediapipe==0.10.32

[2026-02-15 22:07:35,805] ERROR posture_coach: api_infer error: Cannot find mediapipe pose solution. Try: pip install mediapipe==0.10.32
Traceback (most recent call last):
  File "C:\Users\saura\Downloads\posture_coach_ai\posture_coach\apps\posture_app\views.py", line 119, in api_infer
    engine = _get_engine(session_key, exercise)
  File "C:\Users\saura\Downloads\posture_coach_ai\posture_coach\apps\posture_app\views.py", line 29, in _get_engine
    return get_or_create_engine(session_key, exercise, profiles_dir)
  File "C:\Users\saura\Downloads\posture_coach_ai\posture_coach\apps\ml_engine\inference_engine.py", line 336, in get_or_create_engine
    _engine_registry[session_key] = InferenceEngine(exercise, profiles_dir)
  File "C:\Users\saura\Downloads\posture_coach_ai\posture_coach\apps\ml_engine\inference_engine.py", line 67, in __init__
    self._extractor = PoseExtractor(
  File "C:\Users\saura\Downloads\posture_coach_ai\posture_coach\apps\ml_engine\pose_extractor.py", line 116, in __init__
    pose_sol = _get_pose_solution()
  File "C:\Users\saura\Downloads\posture_coach_ai\posture_coach\apps\ml_engine\pose_extractor.py", line 96, in _get_pose_solution
    raise ImportError("Cannot find mediapipe pose solution. Try: pip install mediapipe==0.10.32")
ImportError: Cannot find mediapipe pose solution. Try: pip install mediapipe==0.10.32

[2026-02-15 22:07:35,908] ERROR posture_coach: api_infer error: Cannot find mediapipe pose solution. Try: pip install mediapipe==0.10.32
Traceback (most recent call last):
  File "C:\Users\saura\Downloads\posture_coach_ai\posture_coach\apps\posture_app\views.py", line 119, in api_infer
    engine = _get_engine(session_key, exercise)
  File "C:\Users\saura\Downloads\posture_coach_ai\posture_coach\apps\posture_app\views.py", line 29, in _get_engine
    return get_or_create_engine(session_key, exercise, profiles_dir)
  File "C:\Users\saura\Downloads\posture_coach_ai\posture_coach\apps\ml_engine\inference_engine.py", line 336, in get_or_create_engine
    _engine_registry[session_key] = InferenceEngine(exercise, profiles_dir)
  File "C:\Users\saura\Downloads\posture_coach_ai\posture_coach\apps\ml_engine\inference_engine.py", line 67, in __init__
    self._extractor = PoseExtractor(
  File "C:\Users\saura\Downloads\posture_coach_ai\posture_coach\apps\ml_engine\pose_extractor.py", line 116, in __init__
    pose_sol = _get_pose_solution()
  File "C:\Users\saura\Downloads\posture_coach_ai\posture_coach\apps\ml_engine\pose_extractor.py", line 96, in _get_pose_solution
    raise ImportError("Cannot find mediapipe pose solution. Try: pip install mediapipe==0.10.32")
ImportError: Cannot find mediapipe pose solution. Try: pip install mediapipe==0.10.32

[2026-02-15 22:07:35,994] ERROR posture_coach: api_infer error: Cannot find mediapipe pose solution. Try: pip install mediapipe==0.10.32
Traceback (most recent call last):
  File "C:\Users\saura\Downloads\posture_coach_ai\posture_coach\apps\posture_app\views.py", line 119, in api_infer
    engine = _get_engine(session_key, exercise)
  File "C:\Users\saura\Downloads\posture_coach_ai\posture_coach\apps\posture_app\views.py", line 29, in _get_engine
    return get_or_create_engine(session_key, exercise, profiles_dir)
  File "C:\Users\saura\Downloads\posture_coach_ai\posture_coach\apps\ml_engine\inference_engine.py", line 336, in get_or_create_engine
    _engine_registry[session_key] = InferenceEngine(exercise, profiles_dir)
  File "C:\Users\saura\Downloads\posture_coach_ai\posture_coach\apps\ml_engine\inference_engine.py", line 67, in __init__
    self._extractor = PoseExtractor(
  File "C:\Users\saura\Downloads\posture_coach_ai\posture_coach\apps\ml_engine\pose_extractor.py", line 116, in __init__
    pose_sol = _get_pose_solution()
  File "C:\Users\saura\Downloads\posture_coach_ai\posture_coach\apps\ml_engine\pose_extractor.py", line 96, in _get_pose_solution
    raise ImportError("Cannot find mediapipe pose solution. Try: pip install mediapipe==0.10.32")
ImportError: Cannot find mediapipe pose solution. Try: pip install mediapipe==0.10.32

[2026-02-15 22:07:36,106] ERROR posture_coach: api_infer error: Cannot find mediapipe pose solution. Try: pip install mediapipe==0.10.32
Traceback (most recent call last):
  File "C:\Users\saura\Downloads\posture_coach_ai\posture_coach\apps\posture_app\views.py", line 119, in api_infer
    engine = _get_engine(session_key, exercise)
  File "C:\Users\saura\Downloads\posture_coach_ai\posture_coach\apps\posture_app\views.py", line 29, in _get_engine
    return get_or_create_engine(session_key, exercise, profiles_dir)
  File "C:\Users\saura\Downloads\posture_coach_ai\posture_coach\apps\ml_engine\inference_engine.py", line 336, in get_or_create_engine
    _engine_registry[session_key] = InferenceEngine(exercise, profiles_dir)
  File "C:\Users\saura\Downloads\posture_coach_ai\posture_coach\apps\ml_engine\inference_engine.py", line 67, in __init__
    self._extractor = PoseExtractor(
  File "C:\Users\saura\Downloads\posture_coach_ai\posture_coach\apps\ml_engine\pose_extractor.py", line 116, in __init__
    pose_sol = _get_pose_solution()
  File "C:\Users\saura\Downloads\posture_coach_ai\posture_coach\apps\ml_engine\pose_extractor.py", line 96, in _get_pose_solution
    raise ImportError("Cannot find mediapipe pose solution. Try: pip install mediapipe==0.10.32")
ImportError: Cannot find mediapipe pose solution. Try: pip install mediapipe==0.10.32

[2026-02-15 22:07:36,211] ERROR posture_coach: api_infer error: Cannot find mediapipe pose solution. Try: pip install mediapipe==0.10.32
Traceback (most recent call last):
  File "C:\Users\saura\Downloads\posture_coach_ai\posture_coach\apps\posture_app\views.py", line 119, in api_infer
    engine = _get_engine(session_key, exercise)
  File "C:\Users\saura\Downloads\posture_coach_ai\posture_coach\apps\posture_app\views.py", line 29, in _get_engine
    return get_or_create_engine(session_key, exercise, profiles_dir)
  File "C:\Users\saura\Downloads\posture_coach_ai\posture_coach\apps\ml_engine\inference_engine.py", line 336, in get_or_create_engine
    _engine_registry[session_key] = InferenceEngine(exercise, profiles_dir)
  File "C:\Users\saura\Downloads\posture_coach_ai\posture_coach\apps\ml_engine\inference_engine.py", line 67, in __init__
    self._extractor = PoseExtractor(
  File "C:\Users\saura\Downloads\posture_coach_ai\posture_coach\apps\ml_engine\pose_extractor.py", line 116, in __init__
    pose_sol = _get_pose_solution()
  File "C:\Users\saura\Downloads\posture_coach_ai\posture_coach\apps\ml_engine\pose_extractor.py", line 96, in _get_pose_solution
    raise ImportError("Cannot find mediapipe pose solution. Try: pip install mediapipe==0.10.32")
ImportError: Cannot find mediapipe pose solution. Try: pip install mediapipe==0.10.32

[2026-02-15 22:07:36,306] ERROR posture_coach: api_infer error: Cannot find mediapipe pose solution. Try: pip install mediapipe==0.10.32
Traceback (most recent call last):
  File "C:\Users\saura\Downloads\posture_coach_ai\posture_coach\apps\posture_app\views.py", line 119, in api_infer
    engine = _get_engine(session_key, exercise)
  File "C:\Users\saura\Downloads\posture_coach_ai\posture_coach\apps\posture_app\views.py", line 29, in _get_engine
    return get_or_create_engine(session_key, exercise, profiles_dir)
  File "C:\Users\saura\Downloads\posture_coach_ai\posture_coach\apps\ml_engine\inference_engine.py", line 336, in get_or_create_engine
    _engine_registry[session_key] = InferenceEngine(exercise, profiles_dir)
  File "C:\Users\saura\Downloads\posture_coach_ai\posture_coach\apps\ml_engine\inference_engine.py", line 67, in __init__
    self._extractor = PoseExtractor(
  File "C:\Users\saura\Downloads\posture_coach_ai\posture_coach\apps\ml_engine\pose_extractor.py", line 116, in __init__
    pose_sol = _get_pose_solution()
  File "C:\Users\saura\Downloads\posture_coach_ai\posture_coach\apps\ml_engine\pose_extractor.py", line 96, in _get_pose_solution
    raise ImportError("Cannot find mediapipe pose solution. Try: pip install mediapipe==0.10.32")
ImportError: Cannot find mediapipe pose solution. Try: pip install mediapipe==0.10.32

[2026-02-15 22:07:36,406] ERROR posture_coach: api_infer error: Cannot find mediapipe pose solution. Try: pip install mediapipe==0.10.32
Traceback (most recent call last):
  File "C:\Users\saura\Downloads\posture_coach_ai\posture_coach\apps\posture_app\views.py", line 119, in api_infer
    engine = _get_engine(session_key, exercise)
  File "C:\Users\saura\Downloads\posture_coach_ai\posture_coach\apps\posture_app\views.py", line 29, in _get_engine
    return get_or_create_engine(session_key, exercise, profiles_dir)
  File "C:\Users\saura\Downloads\posture_coach_ai\posture_coach\apps\ml_engine\inference_engine.py", line 336, in get_or_create_engine
    _engine_registry[session_key] = InferenceEngine(exercise, profiles_dir)
  File "C:\Users\saura\Downloads\posture_coach_ai\posture_coach\apps\ml_engine\inference_engine.py", line 67, in __init__
    self._extractor = PoseExtractor(
  File "C:\Users\saura\Downloads\posture_coach_ai\posture_coach\apps\ml_engine\pose_extractor.py", line 116, in __init__
    pose_sol = _get_pose_solution()
  File "C:\Users\saura\Downloads\posture_coach_ai\posture_coach\apps\ml_engine\pose_extractor.py", line 96, in _get_pose_solution
    raise ImportError("Cannot find mediapipe pose solution. Try: pip install mediapipe==0.10.32")
ImportError: Cannot find mediapipe pose solution. Try: pip install mediapipe==0.10.32

[2026-02-15 22:07:36,493] ERROR posture_coach: api_infer error: Cannot find mediapipe pose solution. Try: pip install mediapipe==0.10.32
Traceback (most recent call last):
  File "C:\Users\saura\Downloads\posture_coach_ai\posture_coach\apps\posture_app\views.py", line 119, in api_infer
    engine = _get_engine(session_key, exercise)
  File "C:\Users\saura\Downloads\posture_coach_ai\posture_coach\apps\posture_app\views.py", line 29, in _get_engine
    return get_or_create_engine(session_key, exercise, profiles_dir)
  File "C:\Users\saura\Downloads\posture_coach_ai\posture_coach\apps\ml_engine\inference_engine.py", line 336, in get_or_create_engine
    _engine_registry[session_key] = InferenceEngine(exercise, profiles_dir)
  File "C:\Users\saura\Downloads\posture_coach_ai\posture_coach\apps\ml_engine\inference_engine.py", line 67, in __init__
    self._extractor = PoseExtractor(
  File "C:\Users\saura\Downloads\posture_coach_ai\posture_coach\apps\ml_engine\pose_extractor.py", line 116, in __init__
    pose_sol = _get_pose_solution()
  File "C:\Users\saura\Downloads\posture_coach_ai\posture_coach\apps\ml_engine\pose_extractor.py", line 96, in _get_pose_solution
    raise ImportError("Cannot find mediapipe pose solution. Try: pip install mediapipe==0.10.32")
ImportError: Cannot find mediapipe pose solution. Try: pip install mediapipe==0.10.32

[2026-02-15 22:07:36,605] ERROR posture_coach: api_infer error: Cannot find mediapipe pose solution. Try: pip install mediapipe==0.10.32
Traceback (most recent call last):
  File "C:\Users\saura\Downloads\posture_coach_ai\posture_coach\apps\posture_app\views.py", line 119, in api_infer
    engine = _get_engine(session_key, exercise)
  File "C:\Users\saura\Downloads\posture_coach_ai\posture_coach\apps\posture_app\views.py", line 29, in _get_engine
    return get_or_create_engine(session_key, exercise, profiles_dir)
  File "C:\Users\saura\Downloads\posture_coach_ai\posture_coach\apps\ml_engine\inference_engine.py", line 336, in get_or_create_engine
    _engine_registry[session_key] = InferenceEngine(exercise, profiles_dir)
  File "C:\Users\saura\Downloads\posture_coach_ai\posture_coach\apps\ml_engine\inference_engine.py", line 67, in __init__
    self._extractor = PoseExtractor(
  File "C:\Users\saura\Downloads\posture_coach_ai\posture_coach\apps\ml_engine\pose_extractor.py", line 116, in __init__
    pose_sol = _get_pose_solution()
  File "C:\Users\saura\Downloads\posture_coach_ai\posture_coach\apps\ml_engine\pose_extractor.py", line 96, in _get_pose_solution
    raise ImportError("Cannot find mediapipe pose solution. Try: pip install mediapipe==0.10.32")
ImportError: Cannot find mediapipe pose solution. Try: pip install mediapipe==0.10.32

[2026-02-15 22:07:36,710] ERROR posture_coach: api_infer error: Cannot find mediapipe pose solution. Try: pip install mediapipe==0.10.32
Traceback (most recent call last):
  File "C:\Users\saura\Downloads\posture_coach_ai\posture_coach\apps\posture_app\views.py", line 119, in api_infer
    engine = _get_engine(session_key, exercise)
  File "C:\Users\saura\Downloads\posture_coach_ai\posture_coach\apps\posture_app\views.py", line 29, in _get_engine
    return get_or_create_engine(session_key, exercise, profiles_dir)
  File "C:\Users\saura\Downloads\posture_coach_ai\posture_coach\apps\ml_engine\inference_engine.py", line 336, in get_or_create_engine
    _engine_registry[session_key] = InferenceEngine(exercise, profiles_dir)
  File "C:\Users\saura\Downloads\posture_coach_ai\posture_coach\apps\ml_engine\inference_engine.py", line 67, in __init__
    self._extractor = PoseExtractor(
  File "C:\Users\saura\Downloads\posture_coach_ai\posture_coach\apps\ml_engine\pose_extractor.py", line 116, in __init__
    pose_sol = _get_pose_solution()
  File "C:\Users\saura\Downloads\posture_coach_ai\posture_coach\apps\ml_engine\pose_extractor.py", line 96, in _get_pose_solution
    raise ImportError("Cannot find mediapipe pose solution. Try: pip install mediapipe==0.10.32")
ImportError: Cannot find mediapipe pose solution. Try: pip install mediapipe==0.10.32

[2026-02-15 22:07:36,807] ERROR posture_coach: api_infer error: Cannot find mediapipe pose solution. Try: pip install mediapipe==0.10.32
Traceback (most recent call last):
  File "C:\Users\saura\Downloads\posture_coach_ai\posture_coach\apps\posture_app\views.py", line 119, in api_infer
    engine = _get_engine(session_key, exercise)
  File "C:\Users\saura\Downloads\posture_coach_ai\posture_coach\apps\posture_app\views.py", line 29, in _get_engine
    return get_or_create_engine(session_key, exercise, profiles_dir)
  File "C:\Users\saura\Downloads\posture_coach_ai\posture_coach\apps\ml_engine\inference_engine.py", line 336, in get_or_create_engine
    _engine_registry[session_key] = InferenceEngine(exercise, profiles_dir)
  File "C:\Users\saura\Downloads\posture_coach_ai\posture_coach\apps\ml_engine\inference_engine.py", line 67, in __init__
    self._extractor = PoseExtractor(
  File "C:\Users\saura\Downloads\posture_coach_ai\posture_coach\apps\ml_engine\pose_extractor.py", line 116, in __init__
    pose_sol = _get_pose_solution()
  File "C:\Users\saura\Downloads\posture_coach_ai\posture_coach\apps\ml_engine\pose_extractor.py", line 96, in _get_pose_solution
    raise ImportError("Cannot find mediapipe pose solution. Try: pip install mediapipe==0.10.32")
ImportError: Cannot find mediapipe pose solution. Try: pip install mediapipe==0.10.32

[2026-02-15 22:07:36,908] ERROR posture_coach: api_infer error: Cannot find mediapipe pose solution. Try: pip install mediapipe==0.10.32
Traceback (most recent call last):
  File "C:\Users\saura\Downloads\posture_coach_ai\posture_coach\apps\posture_app\views.py", line 119, in api_infer
    engine = _get_engine(session_key, exercise)
  File "C:\Users\saura\Downloads\posture_coach_ai\posture_coach\apps\posture_app\views.py", line 29, in _get_engine
    return get_or_create_engine(session_key, exercise, profiles_dir)
  File "C:\Users\saura\Downloads\posture_coach_ai\posture_coach\apps\ml_engine\inference_engine.py", line 336, in get_or_create_engine
    _engine_registry[session_key] = InferenceEngine(exercise, profiles_dir)
  File "C:\Users\saura\Downloads\posture_coach_ai\posture_coach\apps\ml_engine\inference_engine.py", line 67, in __init__
    self._extractor = PoseExtractor(
  File "C:\Users\saura\Downloads\posture_coach_ai\posture_coach\apps\ml_engine\pose_extractor.py", line 116, in __init__
    pose_sol = _get_pose_solution()
  File "C:\Users\saura\Downloads\posture_coach_ai\posture_coach\apps\ml_engine\pose_extractor.py", line 96, in _get_pose_solution
    raise ImportError("Cannot find mediapipe pose solution. Try: pip install mediapipe==0.10.32")
ImportError: Cannot find mediapipe pose solution. Try: pip install mediapipe==0.10.32

[2026-02-15 22:07:37,005] ERROR posture_coach: api_infer error: Cannot find mediapipe pose solution. Try: pip install mediapipe==0.10.32
Traceback (most recent call last):
  File "C:\Users\saura\Downloads\posture_coach_ai\posture_coach\apps\posture_app\views.py", line 119, in api_infer
    engine = _get_engine(session_key, exercise)
  File "C:\Users\saura\Downloads\posture_coach_ai\posture_coach\apps\posture_app\views.py", line 29, in _get_engine
    return get_or_create_engine(session_key, exercise, profiles_dir)
  File "C:\Users\saura\Downloads\posture_coach_ai\posture_coach\apps\ml_engine\inference_engine.py", line 336, in get_or_create_engine
    _engine_registry[session_key] = InferenceEngine(exercise, profiles_dir)
  File "C:\Users\saura\Downloads\posture_coach_ai\posture_coach\apps\ml_engine\inference_engine.py", line 67, in __init__
    self._extractor = PoseExtractor(
  File "C:\Users\saura\Downloads\posture_coach_ai\posture_coach\apps\ml_engine\pose_extractor.py", line 116, in __init__
    pose_sol = _get_pose_solution()
  File "C:\Users\saura\Downloads\posture_coach_ai\posture_coach\apps\ml_engine\pose_extractor.py", line 96, in _get_pose_solution
    raise ImportError("Cannot find mediapipe pose solution. Try: pip install mediapipe==0.10.32")
ImportError: Cannot find mediapipe pose solution. Try: pip install mediapipe==0.10.32

[2026-02-15 22:07:37,110] ERROR posture_coach: api_infer error: Cannot find mediapipe pose solution. Try: pip install mediapipe==0.10.32
Traceback (most recent call last):
  File "C:\Users\saura\Downloads\posture_coach_ai\posture_coach\apps\posture_app\views.py", line 119, in api_infer
    engine = _get_engine(session_key, exercise)
  File "C:\Users\saura\Downloads\posture_coach_ai\posture_coach\apps\posture_app\views.py", line 29, in _get_engine
    return get_or_create_engine(session_key, exercise, profiles_dir)
  File "C:\Users\saura\Downloads\posture_coach_ai\posture_coach\apps\ml_engine\inference_engine.py", line 336, in get_or_create_engine
    _engine_registry[session_key] = InferenceEngine(exercise, profiles_dir)
  File "C:\Users\saura\Downloads\posture_coach_ai\posture_coach\apps\ml_engine\inference_engine.py", line 67, in __init__
    self._extractor = PoseExtractor(
  File "C:\Users\saura\Downloads\posture_coach_ai\posture_coach\apps\ml_engine\pose_extractor.py", line 116, in __init__
    pose_sol = _get_pose_solution()
  File "C:\Users\saura\Downloads\posture_coach_ai\posture_coach\apps\ml_engine\pose_extractor.py", line 96, in _get_pose_solution
    raise ImportError("Cannot find mediapipe pose solution. Try: pip install mediapipe==0.10.32")
ImportError: Cannot find mediapipe pose solution. Try: pip install mediapipe==0.10.32

[2026-02-15 22:07:37,201] ERROR posture_coach: api_infer error: Cannot find mediapipe pose solution. Try: pip install mediapipe==0.10.32
Traceback (most recent call last):
  File "C:\Users\saura\Downloads\posture_coach_ai\posture_coach\apps\posture_app\views.py", line 119, in api_infer
    engine = _get_engine(session_key, exercise)
  File "C:\Users\saura\Downloads\posture_coach_ai\posture_coach\apps\posture_app\views.py", line 29, in _get_engine
    return get_or_create_engine(session_key, exercise, profiles_dir)
  File "C:\Users\saura\Downloads\posture_coach_ai\posture_coach\apps\ml_engine\inference_engine.py", line 336, in get_or_create_engine
    _engine_registry[session_key] = InferenceEngine(exercise, profiles_dir)
  File "C:\Users\saura\Downloads\posture_coach_ai\posture_coach\apps\ml_engine\inference_engine.py", line 67, in __init__
    self._extractor = PoseExtractor(
  File "C:\Users\saura\Downloads\posture_coach_ai\posture_coach\apps\ml_engine\pose_extractor.py", line 116, in __init__
    pose_sol = _get_pose_solution()
  File "C:\Users\saura\Downloads\posture_coach_ai\posture_coach\apps\ml_engine\pose_extractor.py", line 96, in _get_pose_solution
    raise ImportError("Cannot find mediapipe pose solution. Try: pip install mediapipe==0.10.32")
ImportError: Cannot find mediapipe pose solution. Try: pip install mediapipe==0.10.32

[2026-02-15 22:07:37,304] ERROR posture_coach: api_infer error: Cannot find mediapipe pose solution. Try: pip install mediapipe==0.10.32
Traceback (most recent call last):
  File "C:\Users\saura\Downloads\posture_coach_ai\posture_coach\apps\posture_app\views.py", line 119, in api_infer
    engine = _get_engine(session_key, exercise)
  File "C:\Users\saura\Downloads\posture_coach_ai\posture_coach\apps\posture_app\views.py", line 29, in _get_engine
    return get_or_create_engine(session_key, exercise, profiles_dir)
  File "C:\Users\saura\Downloads\posture_coach_ai\posture_coach\apps\ml_engine\inference_engine.py", line 336, in get_or_create_engine
    _engine_registry[session_key] = InferenceEngine(exercise, profiles_dir)
  File "C:\Users\saura\Downloads\posture_coach_ai\posture_coach\apps\ml_engine\inference_engine.py", line 67, in __init__
    self._extractor = PoseExtractor(
  File "C:\Users\saura\Downloads\posture_coach_ai\posture_coach\apps\ml_engine\pose_extractor.py", line 116, in __init__
    pose_sol = _get_pose_solution()
  File "C:\Users\saura\Downloads\posture_coach_ai\posture_coach\apps\ml_engine\pose_extractor.py", line 96, in _get_pose_solution
    raise ImportError("Cannot find mediapipe pose solution. Try: pip install mediapipe==0.10.32")
ImportError: Cannot find mediapipe pose solution. Try: pip install mediapipe==0.10.32

[2026-02-15 22:07:37,405] ERROR posture_coach: api_infer error: Cannot find mediapipe pose solution. Try: pip install mediapipe==0.10.32
Traceback (most recent call last):
  File "C:\Users\saura\Downloads\posture_coach_ai\posture_coach\apps\posture_app\views.py", line 119, in api_infer
    engine = _get_engine(session_key, exercise)
  File "C:\Users\saura\Downloads\posture_coach_ai\posture_coach\apps\posture_app\views.py", line 29, in _get_engine
    return get_or_create_engine(session_key, exercise, profiles_dir)
  File "C:\Users\saura\Downloads\posture_coach_ai\posture_coach\apps\ml_engine\inference_engine.py", line 336, in get_or_create_engine
    _engine_registry[session_key] = InferenceEngine(exercise, profiles_dir)
  File "C:\Users\saura\Downloads\posture_coach_ai\posture_coach\apps\ml_engine\inference_engine.py", line 67, in __init__
    self._extractor = PoseExtractor(
  File "C:\Users\saura\Downloads\posture_coach_ai\posture_coach\apps\ml_engine\pose_extractor.py", line 116, in __init__
    pose_sol = _get_pose_solution()
  File "C:\Users\saura\Downloads\posture_coach_ai\posture_coach\apps\ml_engine\pose_extractor.py", line 96, in _get_pose_solution
    raise ImportError("Cannot find mediapipe pose solution. Try: pip install mediapipe==0.10.32")
ImportError: Cannot find mediapipe pose solution. Try: pip install mediapipe==0.10.32

[2026-02-15 22:07:37,503] ERROR posture_coach: api_infer error: Cannot find mediapipe pose solution. Try: pip install mediapipe==0.10.32
Traceback (most recent call last):
  File "C:\Users\saura\Downloads\posture_coach_ai\posture_coach\apps\posture_app\views.py", line 119, in api_infer
    engine = _get_engine(session_key, exercise)
  File "C:\Users\saura\Downloads\posture_coach_ai\posture_coach\apps\posture_app\views.py", line 29, in _get_engine
    return get_or_create_engine(session_key, exercise, profiles_dir)
  File "C:\Users\saura\Downloads\posture_coach_ai\posture_coach\apps\ml_engine\inference_engine.py", line 336, in get_or_create_engine
    _engine_registry[session_key] = InferenceEngine(exercise, profiles_dir)
  File "C:\Users\saura\Downloads\posture_coach_ai\posture_coach\apps\ml_engine\inference_engine.py", line 67, in __init__
    self._extractor = PoseExtractor(
  File "C:\Users\saura\Downloads\posture_coach_ai\posture_coach\apps\ml_engine\pose_extractor.py", line 116, in __init__
    pose_sol = _get_pose_solution()
  File "C:\Users\saura\Downloads\posture_coach_ai\posture_coach\apps\ml_engine\pose_extractor.py", line 96, in _get_pose_solution
    raise ImportError("Cannot find mediapipe pose solution. Try: pip install mediapipe==0.10.32")
ImportError: Cannot find mediapipe pose solution. Try: pip install mediapipe==0.10.32

[2026-02-15 22:07:37,606] ERROR posture_coach: api_infer error: Cannot find mediapipe pose solution. Try: pip install mediapipe==0.10.32
Traceback (most recent call last):
  File "C:\Users\saura\Downloads\posture_coach_ai\posture_coach\apps\posture_app\views.py", line 119, in api_infer
    engine = _get_engine(session_key, exercise)
  File "C:\Users\saura\Downloads\posture_coach_ai\posture_coach\apps\posture_app\views.py", line 29, in _get_engine
    return get_or_create_engine(session_key, exercise, profiles_dir)
  File "C:\Users\saura\Downloads\posture_coach_ai\posture_coach\apps\ml_engine\inference_engine.py", line 336, in get_or_create_engine
    _engine_registry[session_key] = InferenceEngine(exercise, profiles_dir)
  File "C:\Users\saura\Downloads\posture_coach_ai\posture_coach\apps\ml_engine\inference_engine.py", line 67, in __init__
    self._extractor = PoseExtractor(
  File "C:\Users\saura\Downloads\posture_coach_ai\posture_coach\apps\ml_engine\pose_extractor.py", line 116, in __init__
    pose_sol = _get_pose_solution()
  File "C:\Users\saura\Downloads\posture_coach_ai\posture_coach\apps\ml_engine\pose_extractor.py", line 96, in _get_pose_solution
    raise ImportError("Cannot find mediapipe pose solution. Try: pip install mediapipe==0.10.32")
ImportError: Cannot find mediapipe pose solution. Try: pip install mediapipe==0.10.32

[2026-02-15 22:07:37,708] ERROR posture_coach: api_infer error: Cannot find mediapipe pose solution. Try: pip install mediapipe==0.10.32
Traceback (most recent call last):
  File "C:\Users\saura\Downloads\posture_coach_ai\posture_coach\apps\posture_app\views.py", line 119, in api_infer
    engine = _get_engine(session_key, exercise)
  File "C:\Users\saura\Downloads\posture_coach_ai\posture_coach\apps\posture_app\views.py", line 29, in _get_engine
    return get_or_create_engine(session_key, exercise, profiles_dir)
  File "C:\Users\saura\Downloads\posture_coach_ai\posture_coach\apps\ml_engine\inference_engine.py", line 336, in get_or_create_engine
    _engine_registry[session_key] = InferenceEngine(exercise, profiles_dir)
  File "C:\Users\saura\Downloads\posture_coach_ai\posture_coach\apps\ml_engine\inference_engine.py", line 67, in __init__
    self._extractor = PoseExtractor(
  File "C:\Users\saura\Downloads\posture_coach_ai\posture_coach\apps\ml_engine\pose_extractor.py", line 116, in __init__
    pose_sol = _get_pose_solution()
  File "C:\Users\saura\Downloads\posture_coach_ai\posture_coach\apps\ml_engine\pose_extractor.py", line 96, in _get_pose_solution
    raise ImportError("Cannot find mediapipe pose solution. Try: pip install mediapipe==0.10.32")
ImportError: Cannot find mediapipe pose solution. Try: pip install mediapipe==0.10.32

[2026-02-15 22:07:37,804] ERROR posture_coach: api_infer error: Cannot find mediapipe pose solution. Try: pip install mediapipe==0.10.32
Traceback (most recent call last):
  File "C:\Users\saura\Downloads\posture_coach_ai\posture_coach\apps\posture_app\views.py", line 119, in api_infer
    engine = _get_engine(session_key, exercise)
  File "C:\Users\saura\Downloads\posture_coach_ai\posture_coach\apps\posture_app\views.py", line 29, in _get_engine
    return get_or_create_engine(session_key, exercise, profiles_dir)
  File "C:\Users\saura\Downloads\posture_coach_ai\posture_coach\apps\ml_engine\inference_engine.py", line 336, in get_or_create_engine
    _engine_registry[session_key] = InferenceEngine(exercise, profiles_dir)
  File "C:\Users\saura\Downloads\posture_coach_ai\posture_coach\apps\ml_engine\inference_engine.py", line 67, in __init__
    self._extractor = PoseExtractor(
  File "C:\Users\saura\Downloads\posture_coach_ai\posture_coach\apps\ml_engine\pose_extractor.py", line 116, in __init__
    pose_sol = _get_pose_solution()
  File "C:\Users\saura\Downloads\posture_coach_ai\posture_coach\apps\ml_engine\pose_extractor.py", line 96, in _get_pose_solution
    raise ImportError("Cannot find mediapipe pose solution. Try: pip install mediapipe==0.10.32")
ImportError: Cannot find mediapipe pose solution. Try: pip install mediapipe==0.10.32

[2026-02-15 22:07:37,904] ERROR posture_coach: api_infer error: Cannot find mediapipe pose solution. Try: pip install mediapipe==0.10.32
Traceback (most recent call last):
  File "C:\Users\saura\Downloads\posture_coach_ai\posture_coach\apps\posture_app\views.py", line 119, in api_infer
    engine = _get_engine(session_key, exercise)
  File "C:\Users\saura\Downloads\posture_coach_ai\posture_coach\apps\posture_app\views.py", line 29, in _get_engine
    return get_or_create_engine(session_key, exercise, profiles_dir)
  File "C:\Users\saura\Downloads\posture_coach_ai\posture_coach\apps\ml_engine\inference_engine.py", line 336, in get_or_create_engine
    _engine_registry[session_key] = InferenceEngine(exercise, profiles_dir)
  File "C:\Users\saura\Downloads\posture_coach_ai\posture_coach\apps\ml_engine\inference_engine.py", line 67, in __init__
    self._extractor = PoseExtractor(
  File "C:\Users\saura\Downloads\posture_coach_ai\posture_coach\apps\ml_engine\pose_extractor.py", line 116, in __init__
    pose_sol = _get_pose_solution()
  File "C:\Users\saura\Downloads\posture_coach_ai\posture_coach\apps\ml_engine\pose_extractor.py", line 96, in _get_pose_solution
    raise ImportError("Cannot find mediapipe pose solution. Try: pip install mediapipe==0.10.32")
ImportError: Cannot find mediapipe pose solution. Try: pip install mediapipe==0.10.32

[2026-02-15 22:07:38,007] ERROR posture_coach: api_infer error: Cannot find mediapipe pose solution. Try: pip install mediapipe==0.10.32
Traceback (most recent call last):
  File "C:\Users\saura\Downloads\posture_coach_ai\posture_coach\apps\posture_app\views.py", line 119, in api_infer
    engine = _get_engine(session_key, exercise)
  File "C:\Users\saura\Downloads\posture_coach_ai\posture_coach\apps\posture_app\views.py", line 29, in _get_engine
    return get_or_create_engine(session_key, exercise, profiles_dir)
  File "C:\Users\saura\Downloads\posture_coach_ai\posture_coach\apps\ml_engine\inference_engine.py", line 336, in get_or_create_engine
    _engine_registry[session_key] = InferenceEngine(exercise, profiles_dir)
  File "C:\Users\saura\Downloads\posture_coach_ai\posture_coach\apps\ml_engine\inference_engine.py", line 67, in __init__
    self._extractor = PoseExtractor(
  File "C:\Users\saura\Downloads\posture_coach_ai\posture_coach\apps\ml_engine\pose_extractor.py", line 116, in __init__
    pose_sol = _get_pose_solution()
  File "C:\Users\saura\Downloads\posture_coach_ai\posture_coach\apps\ml_engine\pose_extractor.py", line 96, in _get_pose_solution
    raise ImportError("Cannot find mediapipe pose solution. Try: pip install mediapipe==0.10.32")
ImportError: Cannot find mediapipe pose solution. Try: pip install mediapipe==0.10.32

[2026-02-15 22:07:38,194] ERROR posture_coach: api_infer error: Cannot find mediapipe pose solution. Try: pip install mediapipe==0.10.32
Traceback (most recent call last):
  File "C:\Users\saura\Downloads\posture_coach_ai\posture_coach\apps\posture_app\views.py", line 119, in api_infer
    engine = _get_engine(session_key, exercise)
  File "C:\Users\saura\Downloads\posture_coach_ai\posture_coach\apps\posture_app\views.py", line 29, in _get_engine
    return get_or_create_engine(session_key, exercise, profiles_dir)
  File "C:\Users\saura\Downloads\posture_coach_ai\posture_coach\apps\ml_engine\inference_engine.py", line 336, in get_or_create_engine
    _engine_registry[session_key] = InferenceEngine(exercise, profiles_dir)
  File "C:\Users\saura\Downloads\posture_coach_ai\posture_coach\apps\ml_engine\inference_engine.py", line 67, in __init__
    self._extractor = PoseExtractor(
  File "C:\Users\saura\Downloads\posture_coach_ai\posture_coach\apps\ml_engine\pose_extractor.py", line 116, in __init__
    pose_sol = _get_pose_solution()
  File "C:\Users\saura\Downloads\posture_coach_ai\posture_coach\apps\ml_engine\pose_extractor.py", line 96, in _get_pose_solution
    raise ImportError("Cannot find mediapipe pose solution. Try: pip install mediapipe==0.10.32")
ImportError: Cannot find mediapipe pose solution. Try: pip install mediapipe==0.10.32

[2026-02-15 22:07:38,307] ERROR posture_coach: api_infer error: Cannot find mediapipe pose solution. Try: pip install mediapipe==0.10.32
Traceback (most recent call last):
  File "C:\Users\saura\Downloads\posture_coach_ai\posture_coach\apps\posture_app\views.py", line 119, in api_infer
    engine = _get_engine(session_key, exercise)
  File "C:\Users\saura\Downloads\posture_coach_ai\posture_coach\apps\posture_app\views.py", line 29, in _get_engine
    return get_or_create_engine(session_key, exercise, profiles_dir)
  File "C:\Users\saura\Downloads\posture_coach_ai\posture_coach\apps\ml_engine\inference_engine.py", line 336, in get_or_create_engine
    _engine_registry[session_key] = InferenceEngine(exercise, profiles_dir)
  File "C:\Users\saura\Downloads\posture_coach_ai\posture_coach\apps\ml_engine\inference_engine.py", line 67, in __init__
    self._extractor = PoseExtractor(
  File "C:\Users\saura\Downloads\posture_coach_ai\posture_coach\apps\ml_engine\pose_extractor.py", line 116, in __init__
    pose_sol = _get_pose_solution()
  File "C:\Users\saura\Downloads\posture_coach_ai\posture_coach\apps\ml_engine\pose_extractor.py", line 96, in _get_pose_solution
    raise ImportError("Cannot find mediapipe pose solution. Try: pip install mediapipe==0.10.32")
ImportError: Cannot find mediapipe pose solution. Try: pip install mediapipe==0.10.32

[2026-02-15 22:07:38,404] ERROR posture_coach: api_infer error: Cannot find mediapipe pose solution. Try: pip install mediapipe==0.10.32
Traceback (most recent call last):
  File "C:\Users\saura\Downloads\posture_coach_ai\posture_coach\apps\posture_app\views.py", line 119, in api_infer
    engine = _get_engine(session_key, exercise)
  File "C:\Users\saura\Downloads\posture_coach_ai\posture_coach\apps\posture_app\views.py", line 29, in _get_engine
    return get_or_create_engine(session_key, exercise, profiles_dir)
  File "C:\Users\saura\Downloads\posture_coach_ai\posture_coach\apps\ml_engine\inference_engine.py", line 336, in get_or_create_engine
    _engine_registry[session_key] = InferenceEngine(exercise, profiles_dir)
  File "C:\Users\saura\Downloads\posture_coach_ai\posture_coach\apps\ml_engine\inference_engine.py", line 67, in __init__
    self._extractor = PoseExtractor(
  File "C:\Users\saura\Downloads\posture_coach_ai\posture_coach\apps\ml_engine\pose_extractor.py", line 116, in __init__
    pose_sol = _get_pose_solution()
  File "C:\Users\saura\Downloads\posture_coach_ai\posture_coach\apps\ml_engine\pose_extractor.py", line 96, in _get_pose_solution
    raise ImportError("Cannot find mediapipe pose solution. Try: pip install mediapipe==0.10.32")
ImportError: Cannot find mediapipe pose solution. Try: pip install mediapipe==0.10.32

[2026-02-15 22:07:38,503] ERROR posture_coach: api_infer error: Cannot find mediapipe pose solution. Try: pip install mediapipe==0.10.32
Traceback (most recent call last):
  File "C:\Users\saura\Downloads\posture_coach_ai\posture_coach\apps\posture_app\views.py", line 119, in api_infer
    engine = _get_engine(session_key, exercise)
  File "C:\Users\saura\Downloads\posture_coach_ai\posture_coach\apps\posture_app\views.py", line 29, in _get_engine
    return get_or_create_engine(session_key, exercise, profiles_dir)
  File "C:\Users\saura\Downloads\posture_coach_ai\posture_coach\apps\ml_engine\inference_engine.py", line 336, in get_or_create_engine
    _engine_registry[session_key] = InferenceEngine(exercise, profiles_dir)
  File "C:\Users\saura\Downloads\posture_coach_ai\posture_coach\apps\ml_engine\inference_engine.py", line 67, in __init__
    self._extractor = PoseExtractor(
  File "C:\Users\saura\Downloads\posture_coach_ai\posture_coach\apps\ml_engine\pose_extractor.py", line 116, in __init__
    pose_sol = _get_pose_solution()
  File "C:\Users\saura\Downloads\posture_coach_ai\posture_coach\apps\ml_engine\pose_extractor.py", line 96, in _get_pose_solution
    raise ImportError("Cannot find mediapipe pose solution. Try: pip install mediapipe==0.10.32")
ImportError: Cannot find mediapipe pose solution. Try: pip install mediapipe==0.10.32

[2026-02-15 22:07:38,605] ERROR posture_coach: api_infer error: Cannot find mediapipe pose solution. Try: pip install mediapipe==0.10.32
Traceback (most recent call last):
  File "C:\Users\saura\Downloads\posture_coach_ai\posture_coach\apps\posture_app\views.py", line 119, in api_infer
    engine = _get_engine(session_key, exercise)
  File "C:\Users\saura\Downloads\posture_coach_ai\posture_coach\apps\posture_app\views.py", line 29, in _get_engine
    return get_or_create_engine(session_key, exercise, profiles_dir)
  File "C:\Users\saura\Downloads\posture_coach_ai\posture_coach\apps\ml_engine\inference_engine.py", line 336, in get_or_create_engine
    _engine_registry[session_key] = InferenceEngine(exercise, profiles_dir)
  File "C:\Users\saura\Downloads\posture_coach_ai\posture_coach\apps\ml_engine\inference_engine.py", line 67, in __init__
    self._extractor = PoseExtractor(
  File "C:\Users\saura\Downloads\posture_coach_ai\posture_coach\apps\ml_engine\pose_extractor.py", line 116, in __init__
    pose_sol = _get_pose_solution()
  File "C:\Users\saura\Downloads\posture_coach_ai\posture_coach\apps\ml_engine\pose_extractor.py", line 96, in _get_pose_solution
    raise ImportError("Cannot find mediapipe pose solution. Try: pip install mediapipe==0.10.32")
ImportError: Cannot find mediapipe pose solution. Try: pip install mediapipe==0.10.32

[2026-02-15 22:07:38,702] ERROR posture_coach: api_infer error: Cannot find mediapipe pose solution. Try: pip install mediapipe==0.10.32
Traceback (most recent call last):
  File "C:\Users\saura\Downloads\posture_coach_ai\posture_coach\apps\posture_app\views.py", line 119, in api_infer
    engine = _get_engine(session_key, exercise)
  File "C:\Users\saura\Downloads\posture_coach_ai\posture_coach\apps\posture_app\views.py", line 29, in _get_engine
    return get_or_create_engine(session_key, exercise, profiles_dir)
  File "C:\Users\saura\Downloads\posture_coach_ai\posture_coach\apps\ml_engine\inference_engine.py", line 336, in get_or_create_engine
    _engine_registry[session_key] = InferenceEngine(exercise, profiles_dir)
  File "C:\Users\saura\Downloads\posture_coach_ai\posture_coach\apps\ml_engine\inference_engine.py", line 67, in __init__
    self._extractor = PoseExtractor(
  File "C:\Users\saura\Downloads\posture_coach_ai\posture_coach\apps\ml_engine\pose_extractor.py", line 116, in __init__
    pose_sol = _get_pose_solution()
  File "C:\Users\saura\Downloads\posture_coach_ai\posture_coach\apps\ml_engine\pose_extractor.py", line 96, in _get_pose_solution
    raise ImportError("Cannot find mediapipe pose solution. Try: pip install mediapipe==0.10.32")
ImportError: Cannot find mediapipe pose solution. Try: pip install mediapipe==0.10.32

[2026-02-15 22:07:38,804] ERROR posture_coach: api_infer error: Cannot find mediapipe pose solution. Try: pip install mediapipe==0.10.32
Traceback (most recent call last):
  File "C:\Users\saura\Downloads\posture_coach_ai\posture_coach\apps\posture_app\views.py", line 119, in api_infer
    engine = _get_engine(session_key, exercise)
  File "C:\Users\saura\Downloads\posture_coach_ai\posture_coach\apps\posture_app\views.py", line 29, in _get_engine
    return get_or_create_engine(session_key, exercise, profiles_dir)
  File "C:\Users\saura\Downloads\posture_coach_ai\posture_coach\apps\ml_engine\inference_engine.py", line 336, in get_or_create_engine
    _engine_registry[session_key] = InferenceEngine(exercise, profiles_dir)
  File "C:\Users\saura\Downloads\posture_coach_ai\posture_coach\apps\ml_engine\inference_engine.py", line 67, in __init__
    self._extractor = PoseExtractor(
  File "C:\Users\saura\Downloads\posture_coach_ai\posture_coach\apps\ml_engine\pose_extractor.py", line 116, in __init__
    pose_sol = _get_pose_solution()
  File "C:\Users\saura\Downloads\posture_coach_ai\posture_coach\apps\ml_engine\pose_extractor.py", line 96, in _get_pose_solution
    raise ImportError("Cannot find mediapipe pose solution. Try: pip install mediapipe==0.10.32")
ImportError: Cannot find mediapipe pose solution. Try: pip install mediapipe==0.10.32

[2026-02-15 22:07:38,905] ERROR posture_coach: api_infer error: Cannot find mediapipe pose solution. Try: pip install mediapipe==0.10.32
Traceback (most recent call last):
  File "C:\Users\saura\Downloads\posture_coach_ai\posture_coach\apps\posture_app\views.py", line 119, in api_infer
    engine = _get_engine(session_key, exercise)
  File "C:\Users\saura\Downloads\posture_coach_ai\posture_coach\apps\posture_app\views.py", line 29, in _get_engine
    return get_or_create_engine(session_key, exercise, profiles_dir)
  File "C:\Users\saura\Downloads\posture_coach_ai\posture_coach\apps\ml_engine\inference_engine.py", line 336, in get_or_create_engine
    _engine_registry[session_key] = InferenceEngine(exercise, profiles_dir)
  File "C:\Users\saura\Downloads\posture_coach_ai\posture_coach\apps\ml_engine\inference_engine.py", line 67, in __init__
    self._extractor = PoseExtractor(
  File "C:\Users\saura\Downloads\posture_coach_ai\posture_coach\apps\ml_engine\pose_extractor.py", line 116, in __init__
    pose_sol = _get_pose_solution()
  File "C:\Users\saura\Downloads\posture_coach_ai\posture_coach\apps\ml_engine\pose_extractor.py", line 96, in _get_pose_solution
    raise ImportError("Cannot find mediapipe pose solution. Try: pip install mediapipe==0.10.32")
ImportError: Cannot find mediapipe pose solution. Try: pip install mediapipe==0.10.32

[2026-02-15 22:07:39,005] ERROR posture_coach: api_infer error: Cannot find mediapipe pose solution. Try: pip install mediapipe==0.10.32
Traceback (most recent call last):
  File "C:\Users\saura\Downloads\posture_coach_ai\posture_coach\apps\posture_app\views.py", line 119, in api_infer
    engine = _get_engine(session_key, exercise)
  File "C:\Users\saura\Downloads\posture_coach_ai\posture_coach\apps\posture_app\views.py", line 29, in _get_engine
    return get_or_create_engine(session_key, exercise, profiles_dir)
  File "C:\Users\saura\Downloads\posture_coach_ai\posture_coach\apps\ml_engine\inference_engine.py", line 336, in get_or_create_engine
    _engine_registry[session_key] = InferenceEngine(exercise, profiles_dir)
  File "C:\Users\saura\Downloads\posture_coach_ai\posture_coach\apps\ml_engine\inference_engine.py", line 67, in __init__
    self._extractor = PoseExtractor(
  File "C:\Users\saura\Downloads\posture_coach_ai\posture_coach\apps\ml_engine\pose_extractor.py", line 116, in __init__
    pose_sol = _get_pose_solution()
  File "C:\Users\saura\Downloads\posture_coach_ai\posture_coach\apps\ml_engine\pose_extractor.py", line 96, in _get_pose_solution
    raise ImportError("Cannot find mediapipe pose solution. Try: pip install mediapipe==0.10.32")
ImportError: Cannot find mediapipe pose solution. Try: pip install mediapipe==0.10.32

[2026-02-15 22:07:39,104] ERROR posture_coach: api_infer error: Cannot find mediapipe pose solution. Try: pip install mediapipe==0.10.32
Traceback (most recent call last):
  File "C:\Users\saura\Downloads\posture_coach_ai\posture_coach\apps\posture_app\views.py", line 119, in api_infer
    engine = _get_engine(session_key, exercise)
  File "C:\Users\saura\Downloads\posture_coach_ai\posture_coach\apps\posture_app\views.py", line 29, in _get_engine
    return get_or_create_engine(session_key, exercise, profiles_dir)
  File "C:\Users\saura\Downloads\posture_coach_ai\posture_coach\apps\ml_engine\inference_engine.py", line 336, in get_or_create_engine
    _engine_registry[session_key] = InferenceEngine(exercise, profiles_dir)
  File "C:\Users\saura\Downloads\posture_coach_ai\posture_coach\apps\ml_engine\inference_engine.py", line 67, in __init__
    self._extractor = PoseExtractor(
  File "C:\Users\saura\Downloads\posture_coach_ai\posture_coach\apps\ml_engine\pose_extractor.py", line 116, in __init__
    pose_sol = _get_pose_solution()
  File "C:\Users\saura\Downloads\posture_coach_ai\posture_coach\apps\ml_engine\pose_extractor.py", line 96, in _get_pose_solution
    raise ImportError("Cannot find mediapipe pose solution. Try: pip install mediapipe==0.10.32")
ImportError: Cannot find mediapipe pose solution. Try: pip install mediapipe==0.10.32

[2026-02-15 22:07:39,205] ERROR posture_coach: api_infer error: Cannot find mediapipe pose solution. Try: pip install mediapipe==0.10.32
Traceback (most recent call last):
  File "C:\Users\saura\Downloads\posture_coach_ai\posture_coach\apps\posture_app\views.py", line 119, in api_infer
    engine = _get_engine(session_key, exercise)
  File "C:\Users\saura\Downloads\posture_coach_ai\posture_coach\apps\posture_app\views.py", line 29, in _get_engine
    return get_or_create_engine(session_key, exercise, profiles_dir)
  File "C:\Users\saura\Downloads\posture_coach_ai\posture_coach\apps\ml_engine\inference_engine.py", line 336, in get_or_create_engine
    _engine_registry[session_key] = InferenceEngine(exercise, profiles_dir)
  File "C:\Users\saura\Downloads\posture_coach_ai\posture_coach\apps\ml_engine\inference_engine.py", line 67, in __init__
    self._extractor = PoseExtractor(
  File "C:\Users\saura\Downloads\posture_coach_ai\posture_coach\apps\ml_engine\pose_extractor.py", line 116, in __init__
    pose_sol = _get_pose_solution()
  File "C:\Users\saura\Downloads\posture_coach_ai\posture_coach\apps\ml_engine\pose_extractor.py", line 96, in _get_pose_solution
    raise ImportError("Cannot find mediapipe pose solution. Try: pip install mediapipe==0.10.32")
ImportError: Cannot find mediapipe pose solution. Try: pip install mediapipe==0.10.32

[2026-02-15 22:07:39,306] ERROR posture_coach: api_infer error: Cannot find mediapipe pose solution. Try: pip install mediapipe==0.10.32
Traceback (most recent call last):
  File "C:\Users\saura\Downloads\posture_coach_ai\posture_coach\apps\posture_app\views.py", line 119, in api_infer
    engine = _get_engine(session_key, exercise)
  File "C:\Users\saura\Downloads\posture_coach_ai\posture_coach\apps\posture_app\views.py", line 29, in _get_engine
    return get_or_create_engine(session_key, exercise, profiles_dir)
  File "C:\Users\saura\Downloads\posture_coach_ai\posture_coach\apps\ml_engine\inference_engine.py", line 336, in get_or_create_engine
    _engine_registry[session_key] = InferenceEngine(exercise, profiles_dir)
  File "C:\Users\saura\Downloads\posture_coach_ai\posture_coach\apps\ml_engine\inference_engine.py", line 67, in __init__
    self._extractor = PoseExtractor(
  File "C:\Users\saura\Downloads\posture_coach_ai\posture_coach\apps\ml_engine\pose_extractor.py", line 116, in __init__
    pose_sol = _get_pose_solution()
  File "C:\Users\saura\Downloads\posture_coach_ai\posture_coach\apps\ml_engine\pose_extractor.py", line 96, in _get_pose_solution
    raise ImportError("Cannot find mediapipe pose solution. Try: pip install mediapipe==0.10.32")
ImportError: Cannot find mediapipe pose solution. Try: pip install mediapipe==0.10.32

[2026-02-15 22:07:39,403] ERROR posture_coach: api_infer error: Cannot find mediapipe pose solution. Try: pip install mediapipe==0.10.32
Traceback (most recent call last):
  File "C:\Users\saura\Downloads\posture_coach_ai\posture_coach\apps\posture_app\views.py", line 119, in api_infer
    engine = _get_engine(session_key, exercise)
  File "C:\Users\saura\Downloads\posture_coach_ai\posture_coach\apps\posture_app\views.py", line 29, in _get_engine
    return get_or_create_engine(session_key, exercise, profiles_dir)
  File "C:\Users\saura\Downloads\posture_coach_ai\posture_coach\apps\ml_engine\inference_engine.py", line 336, in get_or_create_engine
    _engine_registry[session_key] = InferenceEngine(exercise, profiles_dir)
  File "C:\Users\saura\Downloads\posture_coach_ai\posture_coach\apps\ml_engine\inference_engine.py", line 67, in __init__
    self._extractor = PoseExtractor(
  File "C:\Users\saura\Downloads\posture_coach_ai\posture_coach\apps\ml_engine\pose_extractor.py", line 116, in __init__
    pose_sol = _get_pose_solution()
  File "C:\Users\saura\Downloads\posture_coach_ai\posture_coach\apps\ml_engine\pose_extractor.py", line 96, in _get_pose_solution
    raise ImportError("Cannot find mediapipe pose solution. Try: pip install mediapipe==0.10.32")
ImportError: Cannot find mediapipe pose solution. Try: pip install mediapipe==0.10.32

[2026-02-15 22:07:39,509] ERROR posture_coach: api_infer error: Cannot find mediapipe pose solution. Try: pip install mediapipe==0.10.32
Traceback (most recent call last):
  File "C:\Users\saura\Downloads\posture_coach_ai\posture_coach\apps\posture_app\views.py", line 119, in api_infer
    engine = _get_engine(session_key, exercise)
  File "C:\Users\saura\Downloads\posture_coach_ai\posture_coach\apps\posture_app\views.py", line 29, in _get_engine
    return get_or_create_engine(session_key, exercise, profiles_dir)
  File "C:\Users\saura\Downloads\posture_coach_ai\posture_coach\apps\ml_engine\inference_engine.py", line 336, in get_or_create_engine
    _engine_registry[session_key] = InferenceEngine(exercise, profiles_dir)
  File "C:\Users\saura\Downloads\posture_coach_ai\posture_coach\apps\ml_engine\inference_engine.py", line 67, in __init__
    self._extractor = PoseExtractor(
  File "C:\Users\saura\Downloads\posture_coach_ai\posture_coach\apps\ml_engine\pose_extractor.py", line 116, in __init__
    pose_sol = _get_pose_solution()
  File "C:\Users\saura\Downloads\posture_coach_ai\posture_coach\apps\ml_engine\pose_extractor.py", line 96, in _get_pose_solution
    raise ImportError("Cannot find mediapipe pose solution. Try: pip install mediapipe==0.10.32")
ImportError: Cannot find mediapipe pose solution. Try: pip install mediapipe==0.10.32

[2026-02-15 22:07:39,603] ERROR posture_coach: api_infer error: Cannot find mediapipe pose solution. Try: pip install mediapipe==0.10.32
Traceback (most recent call last):
  File "C:\Users\saura\Downloads\posture_coach_ai\posture_coach\apps\posture_app\views.py", line 119, in api_infer
    engine = _get_engine(session_key, exercise)
  File "C:\Users\saura\Downloads\posture_coach_ai\posture_coach\apps\posture_app\views.py", line 29, in _get_engine
    return get_or_create_engine(session_key, exercise, profiles_dir)
  File "C:\Users\saura\Downloads\posture_coach_ai\posture_coach\apps\ml_engine\inference_engine.py", line 336, in get_or_create_engine
    _engine_registry[session_key] = InferenceEngine(exercise, profiles_dir)
  File "C:\Users\saura\Downloads\posture_coach_ai\posture_coach\apps\ml_engine\inference_engine.py", line 67, in __init__
    self._extractor = PoseExtractor(
  File "C:\Users\saura\Downloads\posture_coach_ai\posture_coach\apps\ml_engine\pose_extractor.py", line 116, in __init__
    pose_sol = _get_pose_solution()
  File "C:\Users\saura\Downloads\posture_coach_ai\posture_coach\apps\ml_engine\pose_extractor.py", line 96, in _get_pose_solution
    raise ImportError("Cannot find mediapipe pose solution. Try: pip install mediapipe==0.10.32")
ImportError: Cannot find mediapipe pose solution. Try: pip install mediapipe==0.10.32

[2026-02-15 22:07:39,707] ERROR posture_coach: api_infer error: Cannot find mediapipe pose solution. Try: pip install mediapipe==0.10.32
Traceback (most recent call last):
  File "C:\Users\saura\Downloads\posture_coach_ai\posture_coach\apps\posture_app\views.py", line 119, in api_infer
    engine = _get_engine(session_key, exercise)
  File "C:\Users\saura\Downloads\posture_coach_ai\posture_coach\apps\posture_app\views.py", line 29, in _get_engine
    return get_or_create_engine(session_key, exercise, profiles_dir)
  File "C:\Users\saura\Downloads\posture_coach_ai\posture_coach\apps\ml_engine\inference_engine.py", line 336, in get_or_create_engine
    _engine_registry[session_key] = InferenceEngine(exercise, profiles_dir)
  File "C:\Users\saura\Downloads\posture_coach_ai\posture_coach\apps\ml_engine\inference_engine.py", line 67, in __init__
    self._extractor = PoseExtractor(
  File "C:\Users\saura\Downloads\posture_coach_ai\posture_coach\apps\ml_engine\pose_extractor.py", line 116, in __init__
    pose_sol = _get_pose_solution()
  File "C:\Users\saura\Downloads\posture_coach_ai\posture_coach\apps\ml_engine\pose_extractor.py", line 96, in _get_pose_solution
    raise ImportError("Cannot find mediapipe pose solution. Try: pip install mediapipe==0.10.32")
ImportError: Cannot find mediapipe pose solution. Try: pip install mediapipe==0.10.32

[2026-02-15 22:07:39,804] ERROR posture_coach: api_infer error: Cannot find mediapipe pose solution. Try: pip install mediapipe==0.10.32
Traceback (most recent call last):
  File "C:\Users\saura\Downloads\posture_coach_ai\posture_coach\apps\posture_app\views.py", line 119, in api_infer
    engine = _get_engine(session_key, exercise)
  File "C:\Users\saura\Downloads\posture_coach_ai\posture_coach\apps\posture_app\views.py", line 29, in _get_engine
    return get_or_create_engine(session_key, exercise, profiles_dir)
  File "C:\Users\saura\Downloads\posture_coach_ai\posture_coach\apps\ml_engine\inference_engine.py", line 336, in get_or_create_engine
    _engine_registry[session_key] = InferenceEngine(exercise, profiles_dir)
  File "C:\Users\saura\Downloads\posture_coach_ai\posture_coach\apps\ml_engine\inference_engine.py", line 67, in __init__
    self._extractor = PoseExtractor(
  File "C:\Users\saura\Downloads\posture_coach_ai\posture_coach\apps\ml_engine\pose_extractor.py", line 116, in __init__
    pose_sol = _get_pose_solution()
  File "C:\Users\saura\Downloads\posture_coach_ai\posture_coach\apps\ml_engine\pose_extractor.py", line 96, in _get_pose_solution
    raise ImportError("Cannot find mediapipe pose solution. Try: pip install mediapipe==0.10.32")
ImportError: Cannot find mediapipe pose solution. Try: pip install mediapipe==0.10.32

[2026-02-15 22:07:39,901] ERROR posture_coach: api_infer error: Cannot find mediapipe pose solution. Try: pip install mediapipe==0.10.32
Traceback (most recent call last):
  File "C:\Users\saura\Downloads\posture_coach_ai\posture_coach\apps\posture_app\views.py", line 119, in api_infer
    engine = _get_engine(session_key, exercise)
  File "C:\Users\saura\Downloads\posture_coach_ai\posture_coach\apps\posture_app\views.py", line 29, in _get_engine
    return get_or_create_engine(session_key, exercise, profiles_dir)
  File "C:\Users\saura\Downloads\posture_coach_ai\posture_coach\apps\ml_engine\inference_engine.py", line 336, in get_or_create_engine
    _engine_registry[session_key] = InferenceEngine(exercise, profiles_dir)
  File "C:\Users\saura\Downloads\posture_coach_ai\posture_coach\apps\ml_engine\inference_engine.py", line 67, in __init__
    self._extractor = PoseExtractor(
  File "C:\Users\saura\Downloads\posture_coach_ai\posture_coach\apps\ml_engine\pose_extractor.py", line 116, in __init__
    pose_sol = _get_pose_solution()
  File "C:\Users\saura\Downloads\posture_coach_ai\posture_coach\apps\ml_engine\pose_extractor.py", line 96, in _get_pose_solution
    raise ImportError("Cannot find mediapipe pose solution. Try: pip install mediapipe==0.10.32")
ImportError: Cannot find mediapipe pose solution. Try: pip install mediapipe==0.10.32

[2026-02-15 22:07:40,002] ERROR posture_coach: api_infer error: Cannot find mediapipe pose solution. Try: pip install mediapipe==0.10.32
Traceback (most recent call last):
  File "C:\Users\saura\Downloads\posture_coach_ai\posture_coach\apps\posture_app\views.py", line 119, in api_infer
    engine = _get_engine(session_key, exercise)
  File "C:\Users\saura\Downloads\posture_coach_ai\posture_coach\apps\posture_app\views.py", line 29, in _get_engine
    return get_or_create_engine(session_key, exercise, profiles_dir)
  File "C:\Users\saura\Downloads\posture_coach_ai\posture_coach\apps\ml_engine\inference_engine.py", line 336, in get_or_create_engine
    _engine_registry[session_key] = InferenceEngine(exercise, profiles_dir)
  File "C:\Users\saura\Downloads\posture_coach_ai\posture_coach\apps\ml_engine\inference_engine.py", line 67, in __init__
    self._extractor = PoseExtractor(
  File "C:\Users\saura\Downloads\posture_coach_ai\posture_coach\apps\ml_engine\pose_extractor.py", line 116, in __init__
    pose_sol = _get_pose_solution()
  File "C:\Users\saura\Downloads\posture_coach_ai\posture_coach\apps\ml_engine\pose_extractor.py", line 96, in _get_pose_solution
    raise ImportError("Cannot find mediapipe pose solution. Try: pip install mediapipe==0.10.32")
ImportError: Cannot find mediapipe pose solution. Try: pip install mediapipe==0.10.32

[2026-02-15 22:07:40,102] ERROR posture_coach: api_infer error: Cannot find mediapipe pose solution. Try: pip install mediapipe==0.10.32
Traceback (most recent call last):
  File "C:\Users\saura\Downloads\posture_coach_ai\posture_coach\apps\posture_app\views.py", line 119, in api_infer
    engine = _get_engine(session_key, exercise)
  File "C:\Users\saura\Downloads\posture_coach_ai\posture_coach\apps\posture_app\views.py", line 29, in _get_engine
    return get_or_create_engine(session_key, exercise, profiles_dir)
  File "C:\Users\saura\Downloads\posture_coach_ai\posture_coach\apps\ml_engine\inference_engine.py", line 336, in get_or_create_engine
    _engine_registry[session_key] = InferenceEngine(exercise, profiles_dir)
  File "C:\Users\saura\Downloads\posture_coach_ai\posture_coach\apps\ml_engine\inference_engine.py", line 67, in __init__
    self._extractor = PoseExtractor(
  File "C:\Users\saura\Downloads\posture_coach_ai\posture_coach\apps\ml_engine\pose_extractor.py", line 116, in __init__
    pose_sol = _get_pose_solution()
  File "C:\Users\saura\Downloads\posture_coach_ai\posture_coach\apps\ml_engine\pose_extractor.py", line 96, in _get_pose_solution
    raise ImportError("Cannot find mediapipe pose solution. Try: pip install mediapipe==0.10.32")
ImportError: Cannot find mediapipe pose solution. Try: pip install mediapipe==0.10.32

[2026-02-15 22:07:40,200] ERROR posture_coach: api_infer error: Cannot find mediapipe pose solution. Try: pip install mediapipe==0.10.32
Traceback (most recent call last):
  File "C:\Users\saura\Downloads\posture_coach_ai\posture_coach\apps\posture_app\views.py", line 119, in api_infer
    engine = _get_engine(session_key, exercise)
  File "C:\Users\saura\Downloads\posture_coach_ai\posture_coach\apps\posture_app\views.py", line 29, in _get_engine
    return get_or_create_engine(session_key, exercise, profiles_dir)
  File "C:\Users\saura\Downloads\posture_coach_ai\posture_coach\apps\ml_engine\inference_engine.py", line 336, in get_or_create_engine
    _engine_registry[session_key] = InferenceEngine(exercise, profiles_dir)
  File "C:\Users\saura\Downloads\posture_coach_ai\posture_coach\apps\ml_engine\inference_engine.py", line 67, in __init__
    self._extractor = PoseExtractor(
  File "C:\Users\saura\Downloads\posture_coach_ai\posture_coach\apps\ml_engine\pose_extractor.py", line 116, in __init__
    pose_sol = _get_pose_solution()
  File "C:\Users\saura\Downloads\posture_coach_ai\posture_coach\apps\ml_engine\pose_extractor.py", line 96, in _get_pose_solution
    raise ImportError("Cannot find mediapipe pose solution. Try: pip install mediapipe==0.10.32")
ImportError: Cannot find mediapipe pose solution. Try: pip install mediapipe==0.10.32

[2026-02-15 22:07:40,306] ERROR posture_coach: api_infer error: Cannot find mediapipe pose solution. Try: pip install mediapipe==0.10.32
Traceback (most recent call last):
  File "C:\Users\saura\Downloads\posture_coach_ai\posture_coach\apps\posture_app\views.py", line 119, in api_infer
    engine = _get_engine(session_key, exercise)
  File "C:\Users\saura\Downloads\posture_coach_ai\posture_coach\apps\posture_app\views.py", line 29, in _get_engine
    return get_or_create_engine(session_key, exercise, profiles_dir)
  File "C:\Users\saura\Downloads\posture_coach_ai\posture_coach\apps\ml_engine\inference_engine.py", line 336, in get_or_create_engine
    _engine_registry[session_key] = InferenceEngine(exercise, profiles_dir)
  File "C:\Users\saura\Downloads\posture_coach_ai\posture_coach\apps\ml_engine\inference_engine.py", line 67, in __init__
    self._extractor = PoseExtractor(
  File "C:\Users\saura\Downloads\posture_coach_ai\posture_coach\apps\ml_engine\pose_extractor.py", line 116, in __init__
    pose_sol = _get_pose_solution()
  File "C:\Users\saura\Downloads\posture_coach_ai\posture_coach\apps\ml_engine\pose_extractor.py", line 96, in _get_pose_solution
    raise ImportError("Cannot find mediapipe pose solution. Try: pip install mediapipe==0.10.32")
ImportError: Cannot find mediapipe pose solution. Try: pip install mediapipe==0.10.32

[2026-02-15 22:07:40,407] ERROR posture_coach: api_infer error: Cannot find mediapipe pose solution. Try: pip install mediapipe==0.10.32
Traceback (most recent call last):
  File "C:\Users\saura\Downloads\posture_coach_ai\posture_coach\apps\posture_app\views.py", line 119, in api_infer
    engine = _get_engine(session_key, exercise)
  File "C:\Users\saura\Downloads\posture_coach_ai\posture_coach\apps\posture_app\views.py", line 29, in _get_engine
    return get_or_create_engine(session_key, exercise, profiles_dir)
  File "C:\Users\saura\Downloads\posture_coach_ai\posture_coach\apps\ml_engine\inference_engine.py", line 336, in get_or_create_engine
    _engine_registry[session_key] = InferenceEngine(exercise, profiles_dir)
  File "C:\Users\saura\Downloads\posture_coach_ai\posture_coach\apps\ml_engine\inference_engine.py", line 67, in __init__
    self._extractor = PoseExtractor(
  File "C:\Users\saura\Downloads\posture_coach_ai\posture_coach\apps\ml_engine\pose_extractor.py", line 116, in __init__
    pose_sol = _get_pose_solution()
  File "C:\Users\saura\Downloads\posture_coach_ai\posture_coach\apps\ml_engine\pose_extractor.py", line 96, in _get_pose_solution
    raise ImportError("Cannot find mediapipe pose solution. Try: pip install mediapipe==0.10.32")
ImportError: Cannot find mediapipe pose solution. Try: pip install mediapipe==0.10.32

[2026-02-15 22:07:40,505] ERROR posture_coach: api_infer error: Cannot find mediapipe pose solution. Try: pip install mediapipe==0.10.32
Traceback (most recent call last):
  File "C:\Users\saura\Downloads\posture_coach_ai\posture_coach\apps\posture_app\views.py", line 119, in api_infer
    engine = _get_engine(session_key, exercise)
  File "C:\Users\saura\Downloads\posture_coach_ai\posture_coach\apps\posture_app\views.py", line 29, in _get_engine
    return get_or_create_engine(session_key, exercise, profiles_dir)
  File "C:\Users\saura\Downloads\posture_coach_ai\posture_coach\apps\ml_engine\inference_engine.py", line 336, in get_or_create_engine
    _engine_registry[session_key] = InferenceEngine(exercise, profiles_dir)
  File "C:\Users\saura\Downloads\posture_coach_ai\posture_coach\apps\ml_engine\inference_engine.py", line 67, in __init__
    self._extractor = PoseExtractor(
  File "C:\Users\saura\Downloads\posture_coach_ai\posture_coach\apps\ml_engine\pose_extractor.py", line 116, in __init__
    pose_sol = _get_pose_solution()
  File "C:\Users\saura\Downloads\posture_coach_ai\posture_coach\apps\ml_engine\pose_extractor.py", line 96, in _get_pose_solution
    raise ImportError("Cannot find mediapipe pose solution. Try: pip install mediapipe==0.10.32")
ImportError: Cannot find mediapipe pose solution. Try: pip install mediapipe==0.10.32

[2026-02-15 22:07:40,605] ERROR posture_coach: api_infer error: Cannot find mediapipe pose solution. Try: pip install mediapipe==0.10.32
Traceback (most recent call last):
  File "C:\Users\saura\Downloads\posture_coach_ai\posture_coach\apps\posture_app\views.py", line 119, in api_infer
    engine = _get_engine(session_key, exercise)
  File "C:\Users\saura\Downloads\posture_coach_ai\posture_coach\apps\posture_app\views.py", line 29, in _get_engine
    return get_or_create_engine(session_key, exercise, profiles_dir)
  File "C:\Users\saura\Downloads\posture_coach_ai\posture_coach\apps\ml_engine\inference_engine.py", line 336, in get_or_create_engine
    _engine_registry[session_key] = InferenceEngine(exercise, profiles_dir)
  File "C:\Users\saura\Downloads\posture_coach_ai\posture_coach\apps\ml_engine\inference_engine.py", line 67, in __init__
    self._extractor = PoseExtractor(
  File "C:\Users\saura\Downloads\posture_coach_ai\posture_coach\apps\ml_engine\pose_extractor.py", line 116, in __init__
    pose_sol = _get_pose_solution()
  File "C:\Users\saura\Downloads\posture_coach_ai\posture_coach\apps\ml_engine\pose_extractor.py", line 96, in _get_pose_solution
    raise ImportError("Cannot find mediapipe pose solution. Try: pip install mediapipe==0.10.32")
ImportError: Cannot find mediapipe pose solution. Try: pip install mediapipe==0.10.32

[2026-02-15 22:07:40,703] ERROR posture_coach: api_infer error: Cannot find mediapipe pose solution. Try: pip install mediapipe==0.10.32
Traceback (most recent call last):
  File "C:\Users\saura\Downloads\posture_coach_ai\posture_coach\apps\posture_app\views.py", line 119, in api_infer
    engine = _get_engine(session_key, exercise)
  File "C:\Users\saura\Downloads\posture_coach_ai\posture_coach\apps\posture_app\views.py", line 29, in _get_engine
    return get_or_create_engine(session_key, exercise, profiles_dir)
  File "C:\Users\saura\Downloads\posture_coach_ai\posture_coach\apps\ml_engine\inference_engine.py", line 336, in get_or_create_engine
    _engine_registry[session_key] = InferenceEngine(exercise, profiles_dir)
  File "C:\Users\saura\Downloads\posture_coach_ai\posture_coach\apps\ml_engine\inference_engine.py", line 67, in __init__
    self._extractor = PoseExtractor(
  File "C:\Users\saura\Downloads\posture_coach_ai\posture_coach\apps\ml_engine\pose_extractor.py", line 116, in __init__
    pose_sol = _get_pose_solution()
  File "C:\Users\saura\Downloads\posture_coach_ai\posture_coach\apps\ml_engine\pose_extractor.py", line 96, in _get_pose_solution
    raise ImportError("Cannot find mediapipe pose solution. Try: pip install mediapipe==0.10.32")
ImportError: Cannot find mediapipe pose solution. Try: pip install mediapipe==0.10.32

[2026-02-15 22:07:40,806] ERROR posture_coach: api_infer error: Cannot find mediapipe pose solution. Try: pip install mediapipe==0.10.32
Traceback (most recent call last):
  File "C:\Users\saura\Downloads\posture_coach_ai\posture_coach\apps\posture_app\views.py", line 119, in api_infer
    engine = _get_engine(session_key, exercise)
  File "C:\Users\saura\Downloads\posture_coach_ai\posture_coach\apps\posture_app\views.py", line 29, in _get_engine
    return get_or_create_engine(session_key, exercise, profiles_dir)
  File "C:\Users\saura\Downloads\posture_coach_ai\posture_coach\apps\ml_engine\inference_engine.py", line 336, in get_or_create_engine
    _engine_registry[session_key] = InferenceEngine(exercise, profiles_dir)
  File "C:\Users\saura\Downloads\posture_coach_ai\posture_coach\apps\ml_engine\inference_engine.py", line 67, in __init__
    self._extractor = PoseExtractor(
  File "C:\Users\saura\Downloads\posture_coach_ai\posture_coach\apps\ml_engine\pose_extractor.py", line 116, in __init__
    pose_sol = _get_pose_solution()
  File "C:\Users\saura\Downloads\posture_coach_ai\posture_coach\apps\ml_engine\pose_extractor.py", line 96, in _get_pose_solution
    raise ImportError("Cannot find mediapipe pose solution. Try: pip install mediapipe==0.10.32")
ImportError: Cannot find mediapipe pose solution. Try: pip install mediapipe==0.10.32

[2026-02-15 22:07:40,902] ERROR posture_coach: api_infer error: Cannot find mediapipe pose solution. Try: pip install mediapipe==0.10.32
Traceback (most recent call last):
  File "C:\Users\saura\Downloads\posture_coach_ai\posture_coach\apps\posture_app\views.py", line 119, in api_infer
    engine = _get_engine(session_key, exercise)
  File "C:\Users\saura\Downloads\posture_coach_ai\posture_coach\apps\posture_app\views.py", line 29, in _get_engine
    return get_or_create_engine(session_key, exercise, profiles_dir)
  File "C:\Users\saura\Downloads\posture_coach_ai\posture_coach\apps\ml_engine\inference_engine.py", line 336, in get_or_create_engine
    _engine_registry[session_key] = InferenceEngine(exercise, profiles_dir)
  File "C:\Users\saura\Downloads\posture_coach_ai\posture_coach\apps\ml_engine\inference_engine.py", line 67, in __init__
    self._extractor = PoseExtractor(
  File "C:\Users\saura\Downloads\posture_coach_ai\posture_coach\apps\ml_engine\pose_extractor.py", line 116, in __init__
    pose_sol = _get_pose_solution()
  File "C:\Users\saura\Downloads\posture_coach_ai\posture_coach\apps\ml_engine\pose_extractor.py", line 96, in _get_pose_solution
    raise ImportError("Cannot find mediapipe pose solution. Try: pip install mediapipe==0.10.32")
ImportError: Cannot find mediapipe pose solution. Try: pip install mediapipe==0.10.32

[2026-02-15 22:07:41,010] ERROR posture_coach: api_infer error: Cannot find mediapipe pose solution. Try: pip install mediapipe==0.10.32
Traceback (most recent call last):
  File "C:\Users\saura\Downloads\posture_coach_ai\posture_coach\apps\posture_app\views.py", line 119, in api_infer
    engine = _get_engine(session_key, exercise)
  File "C:\Users\saura\Downloads\posture_coach_ai\posture_coach\apps\posture_app\views.py", line 29, in _get_engine
    return get_or_create_engine(session_key, exercise, profiles_dir)
  File "C:\Users\saura\Downloads\posture_coach_ai\posture_coach\apps\ml_engine\inference_engine.py", line 336, in get_or_create_engine
    _engine_registry[session_key] = InferenceEngine(exercise, profiles_dir)
  File "C:\Users\saura\Downloads\posture_coach_ai\posture_coach\apps\ml_engine\inference_engine.py", line 67, in __init__
    self._extractor = PoseExtractor(
  File "C:\Users\saura\Downloads\posture_coach_ai\posture_coach\apps\ml_engine\pose_extractor.py", line 116, in __init__
    pose_sol = _get_pose_solution()
  File "C:\Users\saura\Downloads\posture_coach_ai\posture_coach\apps\ml_engine\pose_extractor.py", line 96, in _get_pose_solution
    raise ImportError("Cannot find mediapipe pose solution. Try: pip install mediapipe==0.10.32")
ImportError: Cannot find mediapipe pose solution. Try: pip install mediapipe==0.10.32

[2026-02-15 22:07:41,108] ERROR posture_coach: api_infer error: Cannot find mediapipe pose solution. Try: pip install mediapipe==0.10.32
Traceback (most recent call last):
  File "C:\Users\saura\Downloads\posture_coach_ai\posture_coach\apps\posture_app\views.py", line 119, in api_infer
    engine = _get_engine(session_key, exercise)
  File "C:\Users\saura\Downloads\posture_coach_ai\posture_coach\apps\posture_app\views.py", line 29, in _get_engine
    return get_or_create_engine(session_key, exercise, profiles_dir)
  File "C:\Users\saura\Downloads\posture_coach_ai\posture_coach\apps\ml_engine\inference_engine.py", line 336, in get_or_create_engine
    _engine_registry[session_key] = InferenceEngine(exercise, profiles_dir)
  File "C:\Users\saura\Downloads\posture_coach_ai\posture_coach\apps\ml_engine\inference_engine.py", line 67, in __init__
    self._extractor = PoseExtractor(
  File "C:\Users\saura\Downloads\posture_coach_ai\posture_coach\apps\ml_engine\pose_extractor.py", line 116, in __init__
    pose_sol = _get_pose_solution()
  File "C:\Users\saura\Downloads\posture_coach_ai\posture_coach\apps\ml_engine\pose_extractor.py", line 96, in _get_pose_solution
    raise ImportError("Cannot find mediapipe pose solution. Try: pip install mediapipe==0.10.32")
ImportError: Cannot find mediapipe pose solution. Try: pip install mediapipe==0.10.32

[2026-02-15 22:07:41,203] ERROR posture_coach: api_infer error: Cannot find mediapipe pose solution. Try: pip install mediapipe==0.10.32
Traceback (most recent call last):
  File "C:\Users\saura\Downloads\posture_coach_ai\posture_coach\apps\posture_app\views.py", line 119, in api_infer
    engine = _get_engine(session_key, exercise)
  File "C:\Users\saura\Downloads\posture_coach_ai\posture_coach\apps\posture_app\views.py", line 29, in _get_engine
    return get_or_create_engine(session_key, exercise, profiles_dir)
  File "C:\Users\saura\Downloads\posture_coach_ai\posture_coach\apps\ml_engine\inference_engine.py", line 336, in get_or_create_engine
    _engine_registry[session_key] = InferenceEngine(exercise, profiles_dir)
  File "C:\Users\saura\Downloads\posture_coach_ai\posture_coach\apps\ml_engine\inference_engine.py", line 67, in __init__
    self._extractor = PoseExtractor(
  File "C:\Users\saura\Downloads\posture_coach_ai\posture_coach\apps\ml_engine\pose_extractor.py", line 116, in __init__
    pose_sol = _get_pose_solution()
  File "C:\Users\saura\Downloads\posture_coach_ai\posture_coach\apps\ml_engine\pose_extractor.py", line 96, in _get_pose_solution
    raise ImportError("Cannot find mediapipe pose solution. Try: pip install mediapipe==0.10.32")
ImportError: Cannot find mediapipe pose solution. Try: pip install mediapipe==0.10.32

[2026-02-15 22:07:41,304] ERROR posture_coach: api_infer error: Cannot find mediapipe pose solution. Try: pip install mediapipe==0.10.32
Traceback (most recent call last):
  File "C:\Users\saura\Downloads\posture_coach_ai\posture_coach\apps\posture_app\views.py", line 119, in api_infer
    engine = _get_engine(session_key, exercise)
  File "C:\Users\saura\Downloads\posture_coach_ai\posture_coach\apps\posture_app\views.py", line 29, in _get_engine
    return get_or_create_engine(session_key, exercise, profiles_dir)
  File "C:\Users\saura\Downloads\posture_coach_ai\posture_coach\apps\ml_engine\inference_engine.py", line 336, in get_or_create_engine
    _engine_registry[session_key] = InferenceEngine(exercise, profiles_dir)
  File "C:\Users\saura\Downloads\posture_coach_ai\posture_coach\apps\ml_engine\inference_engine.py", line 67, in __init__
    self._extractor = PoseExtractor(
  File "C:\Users\saura\Downloads\posture_coach_ai\posture_coach\apps\ml_engine\pose_extractor.py", line 116, in __init__
    pose_sol = _get_pose_solution()
  File "C:\Users\saura\Downloads\posture_coach_ai\posture_coach\apps\ml_engine\pose_extractor.py", line 96, in _get_pose_solution
    raise ImportError("Cannot find mediapipe pose solution. Try: pip install mediapipe==0.10.32")
ImportError: Cannot find mediapipe pose solution. Try: pip install mediapipe==0.10.32

[2026-02-15 22:07:41,401] ERROR posture_coach: api_infer error: Cannot find mediapipe pose solution. Try: pip install mediapipe==0.10.32
Traceback (most recent call last):
  File "C:\Users\saura\Downloads\posture_coach_ai\posture_coach\apps\posture_app\views.py", line 119, in api_infer
    engine = _get_engine(session_key, exercise)
  File "C:\Users\saura\Downloads\posture_coach_ai\posture_coach\apps\posture_app\views.py", line 29, in _get_engine
    return get_or_create_engine(session_key, exercise, profiles_dir)
  File "C:\Users\saura\Downloads\posture_coach_ai\posture_coach\apps\ml_engine\inference_engine.py", line 336, in get_or_create_engine
    _engine_registry[session_key] = InferenceEngine(exercise, profiles_dir)
  File "C:\Users\saura\Downloads\posture_coach_ai\posture_coach\apps\ml_engine\inference_engine.py", line 67, in __init__
    self._extractor = PoseExtractor(
  File "C:\Users\saura\Downloads\posture_coach_ai\posture_coach\apps\ml_engine\pose_extractor.py", line 116, in __init__
    pose_sol = _get_pose_solution()
  File "C:\Users\saura\Downloads\posture_coach_ai\posture_coach\apps\ml_engine\pose_extractor.py", line 96, in _get_pose_solution
    raise ImportError("Cannot find mediapipe pose solution. Try: pip install mediapipe==0.10.32")
ImportError: Cannot find mediapipe pose solution. Try: pip install mediapipe==0.10.32

[2026-02-15 22:07:41,501] ERROR posture_coach: api_infer error: Cannot find mediapipe pose solution. Try: pip install mediapipe==0.10.32
Traceback (most recent call last):
  File "C:\Users\saura\Downloads\posture_coach_ai\posture_coach\apps\posture_app\views.py", line 119, in api_infer
    engine = _get_engine(session_key, exercise)
  File "C:\Users\saura\Downloads\posture_coach_ai\posture_coach\apps\posture_app\views.py", line 29, in _get_engine
    return get_or_create_engine(session_key, exercise, profiles_dir)
  File "C:\Users\saura\Downloads\posture_coach_ai\posture_coach\apps\ml_engine\inference_engine.py", line 336, in get_or_create_engine
    _engine_registry[session_key] = InferenceEngine(exercise, profiles_dir)
  File "C:\Users\saura\Downloads\posture_coach_ai\posture_coach\apps\ml_engine\inference_engine.py", line 67, in __init__
    self._extractor = PoseExtractor(
  File "C:\Users\saura\Downloads\posture_coach_ai\posture_coach\apps\ml_engine\pose_extractor.py", line 116, in __init__
    pose_sol = _get_pose_solution()
  File "C:\Users\saura\Downloads\posture_coach_ai\posture_coach\apps\ml_engine\pose_extractor.py", line 96, in _get_pose_solution
    raise ImportError("Cannot find mediapipe pose solution. Try: pip install mediapipe==0.10.32")
ImportError: Cannot find mediapipe pose solution. Try: pip install mediapipe==0.10.32

[2026-02-15 22:07:41,609] ERROR posture_coach: api_infer error: Cannot find mediapipe pose solution. Try: pip install mediapipe==0.10.32
Traceback (most recent call last):
  File "C:\Users\saura\Downloads\posture_coach_ai\posture_coach\apps\posture_app\views.py", line 119, in api_infer
    engine = _get_engine(session_key, exercise)
  File "C:\Users\saura\Downloads\posture_coach_ai\posture_coach\apps\posture_app\views.py", line 29, in _get_engine
    return get_or_create_engine(session_key, exercise, profiles_dir)
  File "C:\Users\saura\Downloads\posture_coach_ai\posture_coach\apps\ml_engine\inference_engine.py", line 336, in get_or_create_engine
    _engine_registry[session_key] = InferenceEngine(exercise, profiles_dir)
  File "C:\Users\saura\Downloads\posture_coach_ai\posture_coach\apps\ml_engine\inference_engine.py", line 67, in __init__
    self._extractor = PoseExtractor(
  File "C:\Users\saura\Downloads\posture_coach_ai\posture_coach\apps\ml_engine\pose_extractor.py", line 116, in __init__
    pose_sol = _get_pose_solution()
  File "C:\Users\saura\Downloads\posture_coach_ai\posture_coach\apps\ml_engine\pose_extractor.py", line 96, in _get_pose_solution
    raise ImportError("Cannot find mediapipe pose solution. Try: pip install mediapipe==0.10.32")
ImportError: Cannot find mediapipe pose solution. Try: pip install mediapipe==0.10.32

[2026-02-15 22:07:41,703] ERROR posture_coach: api_infer error: Cannot find mediapipe pose solution. Try: pip install mediapipe==0.10.32
Traceback (most recent call last):
  File "C:\Users\saura\Downloads\posture_coach_ai\posture_coach\apps\posture_app\views.py", line 119, in api_infer
    engine = _get_engine(session_key, exercise)
  File "C:\Users\saura\Downloads\posture_coach_ai\posture_coach\apps\posture_app\views.py", line 29, in _get_engine
    return get_or_create_engine(session_key, exercise, profiles_dir)
  File "C:\Users\saura\Downloads\posture_coach_ai\posture_coach\apps\ml_engine\inference_engine.py", line 336, in get_or_create_engine
    _engine_registry[session_key] = InferenceEngine(exercise, profiles_dir)
  File "C:\Users\saura\Downloads\posture_coach_ai\posture_coach\apps\ml_engine\inference_engine.py", line 67, in __init__
    self._extractor = PoseExtractor(
  File "C:\Users\saura\Downloads\posture_coach_ai\posture_coach\apps\ml_engine\pose_extractor.py", line 116, in __init__
    pose_sol = _get_pose_solution()
  File "C:\Users\saura\Downloads\posture_coach_ai\posture_coach\apps\ml_engine\pose_extractor.py", line 96, in _get_pose_solution
    raise ImportError("Cannot find mediapipe pose solution. Try: pip install mediapipe==0.10.32")
ImportError: Cannot find mediapipe pose solution. Try: pip install mediapipe==0.10.32

[2026-02-15 22:07:41,806] ERROR posture_coach: api_infer error: Cannot find mediapipe pose solution. Try: pip install mediapipe==0.10.32
Traceback (most recent call last):
  File "C:\Users\saura\Downloads\posture_coach_ai\posture_coach\apps\posture_app\views.py", line 119, in api_infer
    engine = _get_engine(session_key, exercise)
  File "C:\Users\saura\Downloads\posture_coach_ai\posture_coach\apps\posture_app\views.py", line 29, in _get_engine
    return get_or_create_engine(session_key, exercise, profiles_dir)
  File "C:\Users\saura\Downloads\posture_coach_ai\posture_coach\apps\ml_engine\inference_engine.py", line 336, in get_or_create_engine
    _engine_registry[session_key] = InferenceEngine(exercise, profiles_dir)
  File "C:\Users\saura\Downloads\posture_coach_ai\posture_coach\apps\ml_engine\inference_engine.py", line 67, in __init__
    self._extractor = PoseExtractor(
  File "C:\Users\saura\Downloads\posture_coach_ai\posture_coach\apps\ml_engine\pose_extractor.py", line 116, in __init__
    pose_sol = _get_pose_solution()
  File "C:\Users\saura\Downloads\posture_coach_ai\posture_coach\apps\ml_engine\pose_extractor.py", line 96, in _get_pose_solution
    raise ImportError("Cannot find mediapipe pose solution. Try: pip install mediapipe==0.10.32")
ImportError: Cannot find mediapipe pose solution. Try: pip install mediapipe==0.10.32

[2026-02-15 22:07:41,901] ERROR posture_coach: api_infer error: Cannot find mediapipe pose solution. Try: pip install mediapipe==0.10.32
Traceback (most recent call last):
  File "C:\Users\saura\Downloads\posture_coach_ai\posture_coach\apps\posture_app\views.py", line 119, in api_infer
    engine = _get_engine(session_key, exercise)
  File "C:\Users\saura\Downloads\posture_coach_ai\posture_coach\apps\posture_app\views.py", line 29, in _get_engine
    return get_or_create_engine(session_key, exercise, profiles_dir)
  File "C:\Users\saura\Downloads\posture_coach_ai\posture_coach\apps\ml_engine\inference_engine.py", line 336, in get_or_create_engine
    _engine_registry[session_key] = InferenceEngine(exercise, profiles_dir)
  File "C:\Users\saura\Downloads\posture_coach_ai\posture_coach\apps\ml_engine\inference_engine.py", line 67, in __init__
    self._extractor = PoseExtractor(
  File "C:\Users\saura\Downloads\posture_coach_ai\posture_coach\apps\ml_engine\pose_extractor.py", line 116, in __init__
    pose_sol = _get_pose_solution()
  File "C:\Users\saura\Downloads\posture_coach_ai\posture_coach\apps\ml_engine\pose_extractor.py", line 96, in _get_pose_solution
    raise ImportError("Cannot find mediapipe pose solution. Try: pip install mediapipe==0.10.32")
ImportError: Cannot find mediapipe pose solution. Try: pip install mediapipe==0.10.32

[2026-02-15 22:07:42,014] ERROR posture_coach: api_infer error: Cannot find mediapipe pose solution. Try: pip install mediapipe==0.10.32
Traceback (most recent call last):
  File "C:\Users\saura\Downloads\posture_coach_ai\posture_coach\apps\posture_app\views.py", line 119, in api_infer
    engine = _get_engine(session_key, exercise)
  File "C:\Users\saura\Downloads\posture_coach_ai\posture_coach\apps\posture_app\views.py", line 29, in _get_engine
    return get_or_create_engine(session_key, exercise, profiles_dir)
  File "C:\Users\saura\Downloads\posture_coach_ai\posture_coach\apps\ml_engine\inference_engine.py", line 336, in get_or_create_engine
    _engine_registry[session_key] = InferenceEngine(exercise, profiles_dir)
  File "C:\Users\saura\Downloads\posture_coach_ai\posture_coach\apps\ml_engine\inference_engine.py", line 67, in __init__
    self._extractor = PoseExtractor(
  File "C:\Users\saura\Downloads\posture_coach_ai\posture_coach\apps\ml_engine\pose_extractor.py", line 116, in __init__
    pose_sol = _get_pose_solution()
  File "C:\Users\saura\Downloads\posture_coach_ai\posture_coach\apps\ml_engine\pose_extractor.py", line 96, in _get_pose_solution
    raise ImportError("Cannot find mediapipe pose solution. Try: pip install mediapipe==0.10.32")
ImportError: Cannot find mediapipe pose solution. Try: pip install mediapipe==0.10.32

[2026-02-15 22:07:42,103] ERROR posture_coach: api_infer error: Cannot find mediapipe pose solution. Try: pip install mediapipe==0.10.32
Traceback (most recent call last):
  File "C:\Users\saura\Downloads\posture_coach_ai\posture_coach\apps\posture_app\views.py", line 119, in api_infer
    engine = _get_engine(session_key, exercise)
  File "C:\Users\saura\Downloads\posture_coach_ai\posture_coach\apps\posture_app\views.py", line 29, in _get_engine
    return get_or_create_engine(session_key, exercise, profiles_dir)
  File "C:\Users\saura\Downloads\posture_coach_ai\posture_coach\apps\ml_engine\inference_engine.py", line 336, in get_or_create_engine
    _engine_registry[session_key] = InferenceEngine(exercise, profiles_dir)
  File "C:\Users\saura\Downloads\posture_coach_ai\posture_coach\apps\ml_engine\inference_engine.py", line 67, in __init__
    self._extractor = PoseExtractor(
  File "C:\Users\saura\Downloads\posture_coach_ai\posture_coach\apps\ml_engine\pose_extractor.py", line 116, in __init__
    pose_sol = _get_pose_solution()
  File "C:\Users\saura\Downloads\posture_coach_ai\posture_coach\apps\ml_engine\pose_extractor.py", line 96, in _get_pose_solution
    raise ImportError("Cannot find mediapipe pose solution. Try: pip install mediapipe==0.10.32")
ImportError: Cannot find mediapipe pose solution. Try: pip install mediapipe==0.10.32

[2026-02-15 22:07:42,205] ERROR posture_coach: api_infer error: Cannot find mediapipe pose solution. Try: pip install mediapipe==0.10.32
Traceback (most recent call last):
  File "C:\Users\saura\Downloads\posture_coach_ai\posture_coach\apps\posture_app\views.py", line 119, in api_infer
    engine = _get_engine(session_key, exercise)
  File "C:\Users\saura\Downloads\posture_coach_ai\posture_coach\apps\posture_app\views.py", line 29, in _get_engine
    return get_or_create_engine(session_key, exercise, profiles_dir)
  File "C:\Users\saura\Downloads\posture_coach_ai\posture_coach\apps\ml_engine\inference_engine.py", line 336, in get_or_create_engine
    _engine_registry[session_key] = InferenceEngine(exercise, profiles_dir)
  File "C:\Users\saura\Downloads\posture_coach_ai\posture_coach\apps\ml_engine\inference_engine.py", line 67, in __init__
    self._extractor = PoseExtractor(
  File "C:\Users\saura\Downloads\posture_coach_ai\posture_coach\apps\ml_engine\pose_extractor.py", line 116, in __init__
    pose_sol = _get_pose_solution()
  File "C:\Users\saura\Downloads\posture_coach_ai\posture_coach\apps\ml_engine\pose_extractor.py", line 96, in _get_pose_solution
    raise ImportError("Cannot find mediapipe pose solution. Try: pip install mediapipe==0.10.32")
ImportError: Cannot find mediapipe pose solution. Try: pip install mediapipe==0.10.32

[2026-02-15 22:07:42,305] ERROR posture_coach: api_infer error: Cannot find mediapipe pose solution. Try: pip install mediapipe==0.10.32
Traceback (most recent call last):
  File "C:\Users\saura\Downloads\posture_coach_ai\posture_coach\apps\posture_app\views.py", line 119, in api_infer
    engine = _get_engine(session_key, exercise)
  File "C:\Users\saura\Downloads\posture_coach_ai\posture_coach\apps\posture_app\views.py", line 29, in _get_engine
    return get_or_create_engine(session_key, exercise, profiles_dir)
  File "C:\Users\saura\Downloads\posture_coach_ai\posture_coach\apps\ml_engine\inference_engine.py", line 336, in get_or_create_engine
    _engine_registry[session_key] = InferenceEngine(exercise, profiles_dir)
  File "C:\Users\saura\Downloads\posture_coach_ai\posture_coach\apps\ml_engine\inference_engine.py", line 67, in __init__
    self._extractor = PoseExtractor(
  File "C:\Users\saura\Downloads\posture_coach_ai\posture_coach\apps\ml_engine\pose_extractor.py", line 116, in __init__
    pose_sol = _get_pose_solution()
  File "C:\Users\saura\Downloads\posture_coach_ai\posture_coach\apps\ml_engine\pose_extractor.py", line 96, in _get_pose_solution
    raise ImportError("Cannot find mediapipe pose solution. Try: pip install mediapipe==0.10.32")
ImportError: Cannot find mediapipe pose solution. Try: pip install mediapipe==0.10.32

[2026-02-15 22:07:42,405] ERROR posture_coach: api_infer error: Cannot find mediapipe pose solution. Try: pip install mediapipe==0.10.32
Traceback (most recent call last):
  File "C:\Users\saura\Downloads\posture_coach_ai\posture_coach\apps\posture_app\views.py", line 119, in api_infer
    engine = _get_engine(session_key, exercise)
  File "C:\Users\saura\Downloads\posture_coach_ai\posture_coach\apps\posture_app\views.py", line 29, in _get_engine
    return get_or_create_engine(session_key, exercise, profiles_dir)
  File "C:\Users\saura\Downloads\posture_coach_ai\posture_coach\apps\ml_engine\inference_engine.py", line 336, in get_or_create_engine
    _engine_registry[session_key] = InferenceEngine(exercise, profiles_dir)
  File "C:\Users\saura\Downloads\posture_coach_ai\posture_coach\apps\ml_engine\inference_engine.py", line 67, in __init__
    self._extractor = PoseExtractor(
  File "C:\Users\saura\Downloads\posture_coach_ai\posture_coach\apps\ml_engine\pose_extractor.py", line 116, in __init__
    pose_sol = _get_pose_solution()
  File "C:\Users\saura\Downloads\posture_coach_ai\posture_coach\apps\ml_engine\pose_extractor.py", line 96, in _get_pose_solution
    raise ImportError("Cannot find mediapipe pose solution. Try: pip install mediapipe==0.10.32")
ImportError: Cannot find mediapipe pose solution. Try: pip install mediapipe==0.10.32

[2026-02-15 22:07:42,504] ERROR posture_coach: api_infer error: Cannot find mediapipe pose solution. Try: pip install mediapipe==0.10.32
Traceback (most recent call last):
  File "C:\Users\saura\Downloads\posture_coach_ai\posture_coach\apps\posture_app\views.py", line 119, in api_infer
    engine = _get_engine(session_key, exercise)
  File "C:\Users\saura\Downloads\posture_coach_ai\posture_coach\apps\posture_app\views.py", line 29, in _get_engine
    return get_or_create_engine(session_key, exercise, profiles_dir)
  File "C:\Users\saura\Downloads\posture_coach_ai\posture_coach\apps\ml_engine\inference_engine.py", line 336, in get_or_create_engine
    _engine_registry[session_key] = InferenceEngine(exercise, profiles_dir)
  File "C:\Users\saura\Downloads\posture_coach_ai\posture_coach\apps\ml_engine\inference_engine.py", line 67, in __init__
    self._extractor = PoseExtractor(
  File "C:\Users\saura\Downloads\posture_coach_ai\posture_coach\apps\ml_engine\pose_extractor.py", line 116, in __init__
    pose_sol = _get_pose_solution()
  File "C:\Users\saura\Downloads\posture_coach_ai\posture_coach\apps\ml_engine\pose_extractor.py", line 96, in _get_pose_solution
    raise ImportError("Cannot find mediapipe pose solution. Try: pip install mediapipe==0.10.32")
ImportError: Cannot find mediapipe pose solution. Try: pip install mediapipe==0.10.32

[2026-02-15 22:07:42,601] ERROR posture_coach: api_infer error: Cannot find mediapipe pose solution. Try: pip install mediapipe==0.10.32
Traceback (most recent call last):
  File "C:\Users\saura\Downloads\posture_coach_ai\posture_coach\apps\posture_app\views.py", line 119, in api_infer
    engine = _get_engine(session_key, exercise)
  File "C:\Users\saura\Downloads\posture_coach_ai\posture_coach\apps\posture_app\views.py", line 29, in _get_engine
    return get_or_create_engine(session_key, exercise, profiles_dir)
  File "C:\Users\saura\Downloads\posture_coach_ai\posture_coach\apps\ml_engine\inference_engine.py", line 336, in get_or_create_engine
    _engine_registry[session_key] = InferenceEngine(exercise, profiles_dir)
  File "C:\Users\saura\Downloads\posture_coach_ai\posture_coach\apps\ml_engine\inference_engine.py", line 67, in __init__
    self._extractor = PoseExtractor(
  File "C:\Users\saura\Downloads\posture_coach_ai\posture_coach\apps\ml_engine\pose_extractor.py", line 116, in __init__
    pose_sol = _get_pose_solution()
  File "C:\Users\saura\Downloads\posture_coach_ai\posture_coach\apps\ml_engine\pose_extractor.py", line 96, in _get_pose_solution
    raise ImportError("Cannot find mediapipe pose solution. Try: pip install mediapipe==0.10.32")
ImportError: Cannot find mediapipe pose solution. Try: pip install mediapipe==0.10.32

[2026-02-15 22:07:42,705] ERROR posture_coach: api_infer error: Cannot find mediapipe pose solution. Try: pip install mediapipe==0.10.32
Traceback (most recent call last):
  File "C:\Users\saura\Downloads\posture_coach_ai\posture_coach\apps\posture_app\views.py", line 119, in api_infer
    engine = _get_engine(session_key, exercise)
  File "C:\Users\saura\Downloads\posture_coach_ai\posture_coach\apps\posture_app\views.py", line 29, in _get_engine
    return get_or_create_engine(session_key, exercise, profiles_dir)
  File "C:\Users\saura\Downloads\posture_coach_ai\posture_coach\apps\ml_engine\inference_engine.py", line 336, in get_or_create_engine
    _engine_registry[session_key] = InferenceEngine(exercise, profiles_dir)
  File "C:\Users\saura\Downloads\posture_coach_ai\posture_coach\apps\ml_engine\inference_engine.py", line 67, in __init__
    self._extractor = PoseExtractor(
  File "C:\Users\saura\Downloads\posture_coach_ai\posture_coach\apps\ml_engine\pose_extractor.py", line 116, in __init__
    pose_sol = _get_pose_solution()
  File "C:\Users\saura\Downloads\posture_coach_ai\posture_coach\apps\ml_engine\pose_extractor.py", line 96, in _get_pose_solution
    raise ImportError("Cannot find mediapipe pose solution. Try: pip install mediapipe==0.10.32")
ImportError: Cannot find mediapipe pose solution. Try: pip install mediapipe==0.10.32

[2026-02-15 22:07:42,805] ERROR posture_coach: api_infer error: Cannot find mediapipe pose solution. Try: pip install mediapipe==0.10.32
Traceback (most recent call last):
  File "C:\Users\saura\Downloads\posture_coach_ai\posture_coach\apps\posture_app\views.py", line 119, in api_infer
    engine = _get_engine(session_key, exercise)
  File "C:\Users\saura\Downloads\posture_coach_ai\posture_coach\apps\posture_app\views.py", line 29, in _get_engine
    return get_or_create_engine(session_key, exercise, profiles_dir)
  File "C:\Users\saura\Downloads\posture_coach_ai\posture_coach\apps\ml_engine\inference_engine.py", line 336, in get_or_create_engine
    _engine_registry[session_key] = InferenceEngine(exercise, profiles_dir)
  File "C:\Users\saura\Downloads\posture_coach_ai\posture_coach\apps\ml_engine\inference_engine.py", line 67, in __init__
    self._extractor = PoseExtractor(
  File "C:\Users\saura\Downloads\posture_coach_ai\posture_coach\apps\ml_engine\pose_extractor.py", line 116, in __init__
    pose_sol = _get_pose_solution()
  File "C:\Users\saura\Downloads\posture_coach_ai\posture_coach\apps\ml_engine\pose_extractor.py", line 96, in _get_pose_solution
    raise ImportError("Cannot find mediapipe pose solution. Try: pip install mediapipe==0.10.32")
ImportError: Cannot find mediapipe pose solution. Try: pip install mediapipe==0.10.32

[2026-02-15 22:07:42,904] ERROR posture_coach: api_infer error: Cannot find mediapipe pose solution. Try: pip install mediapipe==0.10.32
Traceback (most recent call last):
  File "C:\Users\saura\Downloads\posture_coach_ai\posture_coach\apps\posture_app\views.py", line 119, in api_infer
    engine = _get_engine(session_key, exercise)
  File "C:\Users\saura\Downloads\posture_coach_ai\posture_coach\apps\posture_app\views.py", line 29, in _get_engine
    return get_or_create_engine(session_key, exercise, profiles_dir)
  File "C:\Users\saura\Downloads\posture_coach_ai\posture_coach\apps\ml_engine\inference_engine.py", line 336, in get_or_create_engine
    _engine_registry[session_key] = InferenceEngine(exercise, profiles_dir)
  File "C:\Users\saura\Downloads\posture_coach_ai\posture_coach\apps\ml_engine\inference_engine.py", line 67, in __init__
    self._extractor = PoseExtractor(
  File "C:\Users\saura\Downloads\posture_coach_ai\posture_coach\apps\ml_engine\pose_extractor.py", line 116, in __init__
    pose_sol = _get_pose_solution()
  File "C:\Users\saura\Downloads\posture_coach_ai\posture_coach\apps\ml_engine\pose_extractor.py", line 96, in _get_pose_solution
    raise ImportError("Cannot find mediapipe pose solution. Try: pip install mediapipe==0.10.32")
ImportError: Cannot find mediapipe pose solution. Try: pip install mediapipe==0.10.32

[2026-02-15 22:07:43,001] ERROR posture_coach: api_infer error: Cannot find mediapipe pose solution. Try: pip install mediapipe==0.10.32
Traceback (most recent call last):
  File "C:\Users\saura\Downloads\posture_coach_ai\posture_coach\apps\posture_app\views.py", line 119, in api_infer
    engine = _get_engine(session_key, exercise)
  File "C:\Users\saura\Downloads\posture_coach_ai\posture_coach\apps\posture_app\views.py", line 29, in _get_engine
    return get_or_create_engine(session_key, exercise, profiles_dir)
  File "C:\Users\saura\Downloads\posture_coach_ai\posture_coach\apps\ml_engine\inference_engine.py", line 336, in get_or_create_engine
    _engine_registry[session_key] = InferenceEngine(exercise, profiles_dir)
  File "C:\Users\saura\Downloads\posture_coach_ai\posture_coach\apps\ml_engine\inference_engine.py", line 67, in __init__
    self._extractor = PoseExtractor(
  File "C:\Users\saura\Downloads\posture_coach_ai\posture_coach\apps\ml_engine\pose_extractor.py", line 116, in __init__
    pose_sol = _get_pose_solution()
  File "C:\Users\saura\Downloads\posture_coach_ai\posture_coach\apps\ml_engine\pose_extractor.py", line 96, in _get_pose_solution
    raise ImportError("Cannot find mediapipe pose solution. Try: pip install mediapipe==0.10.32")
ImportError: Cannot find mediapipe pose solution. Try: pip install mediapipe==0.10.32

[2026-02-15 22:07:43,101] ERROR posture_coach: api_infer error: Cannot find mediapipe pose solution. Try: pip install mediapipe==0.10.32
Traceback (most recent call last):
  File "C:\Users\saura\Downloads\posture_coach_ai\posture_coach\apps\posture_app\views.py", line 119, in api_infer
    engine = _get_engine(session_key, exercise)
  File "C:\Users\saura\Downloads\posture_coach_ai\posture_coach\apps\posture_app\views.py", line 29, in _get_engine
    return get_or_create_engine(session_key, exercise, profiles_dir)
  File "C:\Users\saura\Downloads\posture_coach_ai\posture_coach\apps\ml_engine\inference_engine.py", line 336, in get_or_create_engine
    _engine_registry[session_key] = InferenceEngine(exercise, profiles_dir)
  File "C:\Users\saura\Downloads\posture_coach_ai\posture_coach\apps\ml_engine\inference_engine.py", line 67, in __init__
    self._extractor = PoseExtractor(
  File "C:\Users\saura\Downloads\posture_coach_ai\posture_coach\apps\ml_engine\pose_extractor.py", line 116, in __init__
    pose_sol = _get_pose_solution()
  File "C:\Users\saura\Downloads\posture_coach_ai\posture_coach\apps\ml_engine\pose_extractor.py", line 96, in _get_pose_solution
    raise ImportError("Cannot find mediapipe pose solution. Try: pip install mediapipe==0.10.32")
ImportError: Cannot find mediapipe pose solution. Try: pip install mediapipe==0.10.32

[2026-02-15 22:07:43,200] ERROR posture_coach: api_infer error: Cannot find mediapipe pose solution. Try: pip install mediapipe==0.10.32
Traceback (most recent call last):
  File "C:\Users\saura\Downloads\posture_coach_ai\posture_coach\apps\posture_app\views.py", line 119, in api_infer
    engine = _get_engine(session_key, exercise)
  File "C:\Users\saura\Downloads\posture_coach_ai\posture_coach\apps\posture_app\views.py", line 29, in _get_engine
    return get_or_create_engine(session_key, exercise, profiles_dir)
  File "C:\Users\saura\Downloads\posture_coach_ai\posture_coach\apps\ml_engine\inference_engine.py", line 336, in get_or_create_engine
    _engine_registry[session_key] = InferenceEngine(exercise, profiles_dir)
  File "C:\Users\saura\Downloads\posture_coach_ai\posture_coach\apps\ml_engine\inference_engine.py", line 67, in __init__
    self._extractor = PoseExtractor(
  File "C:\Users\saura\Downloads\posture_coach_ai\posture_coach\apps\ml_engine\pose_extractor.py", line 116, in __init__
    pose_sol = _get_pose_solution()
  File "C:\Users\saura\Downloads\posture_coach_ai\posture_coach\apps\ml_engine\pose_extractor.py", line 96, in _get_pose_solution
    raise ImportError("Cannot find mediapipe pose solution. Try: pip install mediapipe==0.10.32")
ImportError: Cannot find mediapipe pose solution. Try: pip install mediapipe==0.10.32

[2026-02-15 22:07:43,301] ERROR posture_coach: api_infer error: Cannot find mediapipe pose solution. Try: pip install mediapipe==0.10.32
Traceback (most recent call last):
  File "C:\Users\saura\Downloads\posture_coach_ai\posture_coach\apps\posture_app\views.py", line 119, in api_infer
    engine = _get_engine(session_key, exercise)
  File "C:\Users\saura\Downloads\posture_coach_ai\posture_coach\apps\posture_app\views.py", line 29, in _get_engine
    return get_or_create_engine(session_key, exercise, profiles_dir)
  File "C:\Users\saura\Downloads\posture_coach_ai\posture_coach\apps\ml_engine\inference_engine.py", line 336, in get_or_create_engine
    _engine_registry[session_key] = InferenceEngine(exercise, profiles_dir)
  File "C:\Users\saura\Downloads\posture_coach_ai\posture_coach\apps\ml_engine\inference_engine.py", line 67, in __init__
    self._extractor = PoseExtractor(
  File "C:\Users\saura\Downloads\posture_coach_ai\posture_coach\apps\ml_engine\pose_extractor.py", line 116, in __init__
    pose_sol = _get_pose_solution()
  File "C:\Users\saura\Downloads\posture_coach_ai\posture_coach\apps\ml_engine\pose_extractor.py", line 96, in _get_pose_solution
    raise ImportError("Cannot find mediapipe pose solution. Try: pip install mediapipe==0.10.32")
ImportError: Cannot find mediapipe pose solution. Try: pip install mediapipe==0.10.32

[2026-02-17 12:58:48,149] DEBUG posture_coach: PoseExtractor (Tasks API) initialised
[2026-02-17 12:58:48,179] INFO posture_coach: Loaded profile for 'squat' (3200 frames)
[2026-02-17 12:58:48,180] INFO posture_coach: Created InferenceEngine for session=xfrgxcmo6lm6eue6yven29sbdsnkxp18 exercise=squat
[2026-02-17 12:58:56,384] DEBUG posture_coach: PoseExtractor (Tasks API) initialised
[2026-02-17 12:58:56,420] INFO posture_coach: Loaded profile for 'hammer_curl' (2200 frames)
[2026-02-17 12:58:56,421] INFO posture_coach: Created InferenceEngine for session=xfrgxcmo6lm6eue6yven29sbdsnkxp18 exercise=hammer_curl
[2026-02-17 12:58:56,562] DEBUG posture_coach: PoseExtractor (Tasks API) initialised
[2026-02-17 12:58:56,586] INFO posture_coach: Created InferenceEngine for session=xfrgxcmo6lm6eue6yven29sbdsnkxp18 exercise=hammer_curl
[2026-02-17 12:58:59,426] DEBUG posture_coach: PoseExtractor (Tasks API) initialised
[2026-02-17 12:58:59,452] INFO posture_coach: Loaded profile for 'shoulder_press' (2600 frames)
[2026-02-17 12:58:59,453] INFO posture_coach: Created InferenceEngine for session=xfrgxcmo6lm6eue6yven29sbdsnkxp18 exercise=shoulder_press
[2026-02-17 12:58:59,573] DEBUG posture_coach: PoseExtractor (Tasks API) initialised
[2026-02-17 12:58:59,592] INFO posture_coach: Created InferenceEngine for session=xfrgxcmo6lm6eue6yven29sbdsnkxp18 exercise=shoulder_press
[2026-02-17 12:59:59,607] DEBUG posture_coach: Rep counted: shoulder_press total=1
[2026-02-17 13:00:14,818] DEBUG posture_coach: Rep counted: shoulder_press total=2
[2026-02-17 13:00:22,592] DEBUG posture_coach: Rep counted: shoulder_press total=3
[2026-02-17 17:56:50,033] DEBUG posture_coach: PoseExtractor (Tasks API) initialised
[2026-02-17 17:56:50,037] INFO posture_coach: Loaded profile for 'shoulder_press' (2600 frames)
[2026-02-17 17:56:50,038] INFO posture_coach: Created InferenceEngine for session=xfrgxcmo6lm6eue6yven29sbdsnkxp18 exercise=shoulder_press
[2026-02-17 18:05:09,381] DEBUG posture_coach: PoseExtractor (Tasks API) initialised
[2026-02-17 20:36:50,084] DEBUG posture_coach: PoseExtractor (Tasks API) initialised
[2026-02-17 20:45:20,431] DEBUG posture_coach: PoseExtractor (Tasks API) initialised
[2026-02-17 20:49:21,030] DEBUG posture_coach: PoseExtractor (Tasks API) initialised
[2026-02-17 20:52:39,982] DEBUG posture_coach: PoseExtractor (Tasks API) initialised
[2026-02-17 20:59:11,960] DEBUG posture_coach: PoseExtractor (Tasks API) initialised
[2026-02-17 20:59:12,007] INFO posture_coach: Loaded profile for 'shoulder_press' (3222 frames)
[2026-02-17 20:59:12,007] INFO posture_coach: Created InferenceEngine for session=xfrgxcmo6lm6eue6yven29sbdsnkxp18 exercise=shoulder_press
[2026-02-17 20:59:47,737] DEBUG posture_coach: Rep! shoulder_press total=1 angle=76.2
[2026-02-17 21:00:19,725] DEBUG posture_coach: Rep! shoulder_press total=2 angle=81.2
[2026-02-17 21:00:28,328] DEBUG posture_coach: Rep! shoulder_press total=3 angle=69.2
[2026-02-17 21:00:32,532] DEBUG posture_coach: Rep! shoulder_press total=4 angle=76.9
[2026-02-17 21:00:37,044] DEBUG posture_coach: Rep! shoulder_press total=5 angle=72.1
