left_elbow_angle,right_elbow_angle,trunk_lean_angle,left_upper_arm_vertical,right_upper_arm_vertical,left_shoulder_angle,right_shoulder_angle,elbow_symmetry_ratio,wrist_alignment_left,wrist_alignment_right,_video,_frame_idx
6.79508949133002,22.646327510936374,0.855854332447052,1.1338540315628052,14.927903175354004,6.42574597307101,18.763226248266143,1.0767985806108535,7.928891181945801,7.718408584594727,barbell biceps curl_1.mp4,0
8.423732852161436,24.633020913380278,1.672867774963379,0.33312830328941345,14.073040962219238,5.686478652239949,16.990927064089426,0.9806944853801929,8.0906343460083,10.559971809387207,barbell biceps curl_1.mp4,3
11.753963219753256,27.499580958485456,1.565307855606079,1.109673023223877,13.64084529876709,4.671896052951998,16.557820279431663,0.8022520293829274,10.64431095123291,13.858726501464844,barbell biceps curl_1.mp4,6
19.34628269535405,30.28188590867178,1.156739592552185,0.7586795687675476,14.895955085754395,5.047369941851034,18.719413003800696,0.4407014613241495,18.587602615356445,15.385927200317383,barbell biceps curl_1.mp4,9
20.07950010540204,30.743193067997296,1.4211326837539673,3.1698248386383057,13.348970413208008,3.3292550276320174,17.315969149223967,0.41964297036413833,16.90966796875,17.39421272277832,barbell biceps curl_1.mp4,12
21.948871167245798,34.98932170601119,1.6841620206832886,2.0638365745544434,13.274532318115234,4.163018658288172,16.504962881607213,0.45805635481944823,19.885032653808594,21.714784622192383,barbell biceps curl_1.mp4,15
24.61220934313074,40.91007054041754,2.496680498123169,3.1077046394348145,15.822894096374512,3.6743439957833854,18.16616474681342,0.49747540000905754,21.504493713378906,25.08717155456543,barbell biceps curl_1.mp4,18
24.82553532678917,44.019141477802876,2.5173685550689697,3.5547127723693848,14.77499771118164,3.3663900613857076,17.033112026852674,0.557591582730285,21.27082633972168,29.244136810302734,barbell biceps curl_1.mp4,21
31.805069483493075,48.609573838121534,2.220391273498535,3.3948633670806885,14.654584884643555,2.990877337886333,16.93372062111435,0.41794637544855184,28.410202026367188,33.954986572265625,barbell biceps curl_1.mp4,24
39.09544143556483,63.32804332014395,3.541215658187866,3.6624937057495117,15.749902725219727,4.1193215730421855,16.71484767352969,0.47318448385888306,35.43295669555664,47.57814025878906,barbell biceps curl_1.mp4,27
50.41587869342486,81.40174597997152,3.206516742706299,0.5742194056510925,17.78554916381836,7.963090213283486,19.185293840855884,0.4701323872785621,50.99009323120117,63.61619567871094,barbell biceps curl_1.mp4,30
59.58194222512891,86.07325413090275,2.678086996078491,0.6918759346008301,17.6597900390625,7.852904878963826,19.99931174314059,0.3637537495197894,60.27381896972656,68.41345977783203,barbell biceps curl_1.mp4,33
91.73865284578827,86.19386764436383,1.9595727920532227,0.6598110795021057,13.48143196105957,7.222815422737748,16.77417526782714,0.06232458446775405,87.60153198242188,72.7124252319336,barbell biceps curl_1.mp4,36
112.31484311316542,125.94194005860739,2.625434398651123,1.923516869544983,14.644414901733398,9.089234305418978,16.881877561545277,0.11439000194691135,65.76163482666016,68.70246887207031,barbell biceps curl_1.mp4,39
132.08524913848285,129.94564377061712,2.2754933834075928,0.6412295699119568,12.270400047302246,7.655553090325774,15.110482379551197,0.0163309397919578,47.27351760864258,62.324764251708984,barbell biceps curl_1.mp4,42
143.01675792300466,141.6405859063048,1.3882215023040771,3.190293788909912,10.556841850280762,8.883430601785824,13.835741206229757,0.009668972514020614,33.79295349121094,48.916263580322266,barbell biceps curl_1.mp4,45
147.81951668821188,149.86199511546366,1.7722671031951904,3.543381452560425,9.866844177246094,9.637942953013958,12.743619774913144,0.013722574941764057,28.63709831237793,40.004844665527344,barbell biceps curl_1.mp4,48
151.78841468102684,154.3466613074005,2.4063804149627686,3.2124502658843994,10.069540977478027,9.63594372755411,12.01553828190909,0.016713188569547434,24.999134063720703,35.72286605834961,barbell biceps curl_1.mp4,51
159.44717576160426,161.05868902369406,2.1513493061065674,2.751765012741089,8.327679634094238,9.256206641788477,10.911578183306924,0.010056060990767378,17.801061630249023,27.268997192382812,barbell biceps curl_1.mp4,54
164.04041440894483,164.55105499465208,2.2661280632019043,1.6556222438812256,7.8730058670043945,8.45291638203587,10.51129360385532,0.003108057471084553,14.303947448730469,23.32195472717285,barbell biceps curl_1.mp4,57
169.46979719589154,165.95457491360727,1.5978411436080933,2.2102577686309814,5.495436668395996,8.395384272904963,8.859492340753336,0.020959850115701974,8.319945335388184,19.540851593017578,barbell biceps curl_1.mp4,60
170.43498866069058,168.5576564008376,1.1648298501968384,2.6279313564300537,4.768935680389404,8.75223450227146,9.046177652187799,0.011075946851367445,6.9370927810668945,16.211286544799805,barbell biceps curl_1.mp4,63
171.1874407857309,171.7087838637621,0.10388398915529251,3.5606589317321777,4.193267822265625,8.309667944360566,9.193853500531267,0.003040821336333596,5.25187349319458,12.484500885009766,barbell biceps curl_1.mp4,66
170.88906500942943,171.7861333316335,0.628324568271637,4.310251235961914,2.8568058013916016,8.54012591768805,8.691901171501051,0.005235676970769362,4.800683975219727,11.070671081542969,barbell biceps curl_1.mp4,69
172.30606366988826,172.86985685444728,0.8073188662528992,4.637536525726318,2.275028705596924,8.50791587676352,8.126394359691977,0.003266700549114746,3.056407928466797,9.405184745788574,barbell biceps curl_1.mp4,72
172.8207207694439,172.2039385626438,0.3974221348762512,4.4041218757629395,2.583461046218872,8.799129649454192,8.108061061105039,0.0035752934760900934,2.7751665115356445,10.379532814025879,barbell biceps curl_1.mp4,75
169.278443232604,171.50123002059235,0.2669898569583893,5.89246940612793,3.414989471435547,11.030765081374003,8.581970619020574,0.013045301480389902,4.829065799713135,11.91374397277832,barbell biceps curl_1.mp4,78
169.75225843191794,169.53984164682623,0.805035412311554,4.471384525299072,4.739843845367432,10.068881825157767,9.313905770879803,0.001252117482501987,5.7763543128967285,15.200021743774414,barbell biceps curl_1.mp4,81
162.86376716406042,165.4544034894104,1.7656493186950684,5.008702278137207,5.952386379241943,11.731141607860698,9.591692376164508,0.015781254629883456,12.12753677368164,20.497982025146484,barbell biceps curl_1.mp4,84
157.4953646209707,157.5489680498936,2.730180025100708,4.758025169372559,9.21886920928955,11.97335427784125,11.46282828991444,0.00034029133911710874,17.746614456176758,31.669891357421875,barbell biceps curl_1.mp4,87
133.2852595327038,134.02861307373462,1.445184588432312,3.7208807468414307,14.395015716552734,10.227873647290291,18.327196551817288,0.005561653301287812,42.993858337402344,60.366397857666016,barbell biceps curl_1.mp4,90
50.613778288830126,104.43127061732571,1.1658620834350586,2.390519142150879,14.783769607543945,7.273918405321321,17.485233199248743,0.6942174897963973,53.00429916381836,89.64749908447266,barbell biceps curl_1.mp4,93
64.22957825012764,74.2690147395285,2.3918378353118896,0.7484074234962463,16.09306526184082,5.320676413059196,17.483653225398296,0.14497528491355371,63.48116683959961,58.175941467285156,barbell biceps curl_1.mp4,96
19.98478791632497,47.685136605294566,3.31345534324646,2.351144313812256,19.025177001953125,5.2677121029054454,20.44370433551373,0.8186901015419265,17.633638381958008,28.65995979309082,barbell biceps curl_1.mp4,99
6.139641124120416,42.498251613088655,2.359499931335449,3.5510318279266357,17.953439712524414,9.458248153393345,19.41624089870065,1.4950734270258832,9.690637588500977,24.5448055267334,barbell biceps curl_1.mp4,102
2.3944913754726467,33.35013740379931,0.9362515211105347,9.77193546295166,15.455940246582031,13.131757587860129,21.100388673184753,1.7320446223952737,7.377434730529785,17.894184112548828,barbell biceps curl_1.mp4,105
3.789822542806967,26.692130404366097,1.0176962614059448,9.778667449951172,15.351188659667969,15.481897623252996,19.593792661372007,1.5026798250919235,5.988860607147217,11.340938568115234,barbell biceps curl_1.mp4,108
6.970406880633201,22.84669969319938,0.2655574679374695,9.170435905456543,16.397932052612305,13.274935550869968,21.8645226881666,1.0649116991451595,2.2000346183776855,6.448756694793701,barbell biceps curl_1.mp4,111
6.79508949133002,22.646327510936374,0.855854332447052,1.1338540315628052,14.927903175354004,6.42574597307101,18.763226248266143,1.0767985806108535,7.928891181945801,7.718408584594727,barbell biceps curl_1.mp4,0
8.423732852161436,24.633020913380278,1.672867774963379,0.33312830328941345,14.073040962219238,5.686478652239949,16.990927064089426,0.9806944853801929,8.0906343460083,10.559971809387207,barbell biceps curl_1.mp4,3
11.753963219753256,27.499580958485456,1.565307855606079,1.109673023223877,13.64084529876709,4.671896052951998,16.557820279431663,0.8022520293829274,10.64431095123291,13.858726501464844,barbell biceps curl_1.mp4,6
19.34628269535405,30.28188590867178,1.156739592552185,0.7586795687675476,14.895955085754395,5.047369941851034,18.719413003800696,0.4407014613241495,18.587602615356445,15.385927200317383,barbell biceps curl_1.mp4,9
20.07950010540204,30.743193067997296,1.4211326837539673,3.1698248386383057,13.348970413208008,3.3292550276320174,17.315969149223967,0.41964297036413833,16.90966796875,17.39421272277832,barbell biceps curl_1.mp4,12
21.948871167245798,34.98932170601119,1.6841620206832886,2.0638365745544434,13.274532318115234,4.163018658288172,16.504962881607213,0.45805635481944823,19.885032653808594,21.714784622192383,barbell biceps curl_1.mp4,15
24.61220934313074,40.91007054041754,2.496680498123169,3.1077046394348145,15.822894096374512,3.6743439957833854,18.16616474681342,0.49747540000905754,21.504493713378906,25.08717155456543,barbell biceps curl_1.mp4,18
24.82553532678917,44.019141477802876,2.5173685550689697,3.5547127723693848,14.77499771118164,3.3663900613857076,17.033112026852674,0.557591582730285,21.27082633972168,29.244136810302734,barbell biceps curl_1.mp4,21
31.805069483493075,48.609573838121534,2.220391273498535,3.3948633670806885,14.654584884643555,2.990877337886333,16.93372062111435,0.41794637544855184,28.410202026367188,33.954986572265625,barbell biceps curl_1.mp4,24
39.09544143556483,63.32804332014395,3.541215658187866,3.6624937057495117,15.749902725219727,4.1193215730421855,16.71484767352969,0.47318448385888306,35.43295669555664,47.57814025878906,barbell biceps curl_1.mp4,27
50.41587869342486,81.40174597997152,3.206516742706299,0.5742194056510925,17.78554916381836,7.963090213283486,19.185293840855884,0.4701323872785621,50.99009323120117,63.61619567871094,barbell biceps curl_1.mp4,30
59.58194222512891,86.07325413090275,2.678086996078491,0.6918759346008301,17.6597900390625,7.852904878963826,19.99931174314059,0.3637537495197894,60.27381896972656,68.41345977783203,barbell biceps curl_1.mp4,33
91.73865284578827,86.19386764436383,1.9595727920532227,0.6598110795021057,13.48143196105957,7.222815422737748,16.77417526782714,0.06232458446775405,87.60153198242188,72.7124252319336,barbell biceps curl_1.mp4,36
112.31484311316542,125.94194005860739,2.625434398651123,1.923516869544983,14.644414901733398,9.089234305418978,16.881877561545277,0.11439000194691135,65.76163482666016,68.70246887207031,barbell biceps curl_1.mp4,39
132.08524913848285,129.94564377061712,2.2754933834075928,0.6412295699119568,12.270400047302246,7.655553090325774,15.110482379551197,0.0163309397919578,47.27351760864258,62.324764251708984,barbell biceps curl_1.mp4,42
143.01675792300466,141.6405859063048,1.3882215023040771,3.190293788909912,10.556841850280762,8.883430601785824,13.835741206229757,0.009668972514020614,33.79295349121094,48.916263580322266,barbell biceps curl_1.mp4,45
147.81951668821188,149.86199511546366,1.7722671031951904,3.543381452560425,9.866844177246094,9.637942953013958,12.743619774913144,0.013722574941764057,28.63709831237793,40.004844665527344,barbell biceps curl_1.mp4,48
151.78841468102684,154.3466613074005,2.4063804149627686,3.2124502658843994,10.069540977478027,9.63594372755411,12.01553828190909,0.016713188569547434,24.999134063720703,35.72286605834961,barbell biceps curl_1.mp4,51
159.44717576160426,161.05868902369406,2.1513493061065674,2.751765012741089,8.327679634094238,9.256206641788477,10.911578183306924,0.010056060990767378,17.801061630249023,27.268997192382812,barbell biceps curl_1.mp4,54
164.04041440894483,164.55105499465208,2.2661280632019043,1.6556222438812256,7.8730058670043945,8.45291638203587,10.51129360385532,0.003108057471084553,14.303947448730469,23.32195472717285,barbell biceps curl_1.mp4,57
169.46979719589154,165.95457491360727,1.5978411436080933,2.2102577686309814,5.495436668395996,8.395384272904963,8.859492340753336,0.020959850115701974,8.319945335388184,19.540851593017578,barbell biceps curl_1.mp4,60
170.43498866069058,168.5576564008376,1.1648298501968384,2.6279313564300537,4.768935680389404,8.75223450227146,9.046177652187799,0.011075946851367445,6.9370927810668945,16.211286544799805,barbell biceps curl_1.mp4,63
171.1874407857309,171.7087838637621,0.10388398915529251,3.5606589317321777,4.193267822265625,8.309667944360566,9.193853500531267,0.003040821336333596,5.25187349319458,12.484500885009766,barbell biceps curl_1.mp4,66
170.88906500942943,171.7861333316335,0.628324568271637,4.310251235961914,2.8568058013916016,8.54012591768805,8.691901171501051,0.005235676970769362,4.800683975219727,11.070671081542969,barbell biceps curl_1.mp4,69
172.30606366988826,172.86985685444728,0.8073188662528992,4.637536525726318,2.275028705596924,8.50791587676352,8.126394359691977,0.003266700549114746,3.056407928466797,9.405184745788574,barbell biceps curl_1.mp4,72
172.8207207694439,172.2039385626438,0.3974221348762512,4.4041218757629395,2.583461046218872,8.799129649454192,8.108061061105039,0.0035752934760900934,2.7751665115356445,10.379532814025879,barbell biceps curl_1.mp4,75
169.278443232604,171.50123002059235,0.2669898569583893,5.89246940612793,3.414989471435547,11.030765081374003,8.581970619020574,0.013045301480389902,4.829065799713135,11.91374397277832,barbell biceps curl_1.mp4,78
169.75225843191794,169.53984164682623,0.805035412311554,4.471384525299072,4.739843845367432,10.068881825157767,9.313905770879803,0.001252117482501987,5.7763543128967285,15.200021743774414,barbell biceps curl_1.mp4,81
162.86376716406042,165.4544034894104,1.7656493186950684,5.008702278137207,5.952386379241943,11.731141607860698,9.591692376164508,0.015781254629883456,12.12753677368164,20.497982025146484,barbell biceps curl_1.mp4,84
157.4953646209707,157.5489680498936,2.730180025100708,4.758025169372559,9.21886920928955,11.97335427784125,11.46282828991444,0.00034029133911710874,17.746614456176758,31.669891357421875,barbell biceps curl_1.mp4,87
133.2852595327038,134.02861307373462,1.445184588432312,3.7208807468414307,14.395015716552734,10.227873647290291,18.327196551817288,0.005561653301287812,42.993858337402344,60.366397857666016,barbell biceps curl_1.mp4,90
50.613778288830126,104.43127061732571,1.1658620834350586,2.390519142150879,14.783769607543945,7.273918405321321,17.485233199248743,0.6942174897963973,53.00429916381836,89.64749908447266,barbell biceps curl_1.mp4,93
64.22957825012764,74.2690147395285,2.3918378353118896,0.7484074234962463,16.09306526184082,5.320676413059196,17.483653225398296,0.14497528491355371,63.48116683959961,58.175941467285156,barbell biceps curl_1.mp4,96
19.98478791632497,47.685136605294566,3.31345534324646,2.351144313812256,19.025177001953125,5.2677121029054454,20.44370433551373,0.8186901015419265,17.633638381958008,28.65995979309082,barbell biceps curl_1.mp4,99
6.139641124120416,42.498251613088655,2.359499931335449,3.5510318279266357,17.953439712524414,9.458248153393345,19.41624089870065,1.4950734270258832,9.690637588500977,24.5448055267334,barbell biceps curl_1.mp4,102
2.3944913754726467,33.35013740379931,0.9362515211105347,9.77193546295166,15.455940246582031,13.131757587860129,21.100388673184753,1.7320446223952737,7.377434730529785,17.894184112548828,barbell biceps curl_1.mp4,105
3.789822542806967,26.692130404366097,1.0176962614059448,9.778667449951172,15.351188659667969,15.481897623252996,19.593792661372007,1.5026798250919235,5.988860607147217,11.340938568115234,barbell biceps curl_1.mp4,108
6.970406880633201,22.84669969319938,0.2655574679374695,9.170435905456543,16.397932052612305,13.274935550869968,21.8645226881666,1.0649116991451595,2.2000346183776855,6.448756694793701,barbell biceps curl_1.mp4,111
176.37998631267197,179.1135303563094,1.1498732566833496,5.628143310546875,7.23250150680542,11.697517510366541,11.058253908460104,0.015378868617639421,2.008178949356079,6.345823764801025,barbell biceps curl_10.mp4,0
178.01969009279384,178.0862315460647,1.0579609870910645,5.830822944641113,8.340093612670898,11.726303177273369,12.019769977841387,0.00037371719607827663,3.8505053520202637,6.426258087158203,barbell biceps curl_10.mp4,3
177.84877714928135,176.00408782186167,0.8324593901634216,5.754537582397461,9.817838668823242,13.279084356014037,15.527225239524508,0.010426307146446918,3.603407382965088,5.821931838989258,barbell biceps curl_10.mp4,6
179.69933410338712,176.16115098171932,0.9573969841003418,6.740828990936279,7.9677910804748535,13.97835686865995,13.172416934135589,0.01988522620499221,7.041144847869873,11.806679725646973,barbell biceps curl_10.mp4,9
178.80629812429888,170.1528381987314,1.303457498550415,8.202218055725098,9.649956703186035,14.808738560196517,13.532805928923539,0.04959583529893317,9.395880699157715,19.497100830078125,barbell biceps curl_10.mp4,12
65.14889979924207,134.31016895979772,0.9902690649032593,11.926244735717773,10.78758430480957,18.02492210794256,14.792522447424075,0.6934883391449822,53.222652435302734,56.477413177490234,barbell biceps curl_10.mp4,15
76.04564840023582,60.18010794653398,1.3831088542938232,8.15914249420166,7.28668212890625,16.44221847115216,12.539385082070105,0.23293011364628105,67.88650512695312,52.89341735839844,barbell biceps curl_10.mp4,18
28.500576313955136,21.257926136344626,0.30335715413093567,12.372426986694336,14.970569610595703,19.099885281226097,20.978829088635642,0.2911120641078248,16.12814712524414,6.287357330322266,barbell biceps curl_10.mp4,21
30.43648506864174,18.176184762481572,0.136946439743042,20.54145622253418,14.61066722869873,25.691476436949642,20.196697945145303,0.50440761014573,9.895027160644531,3.565526008605957,barbell biceps curl_10.mp4,24
52.35468465606182,14.079466506762348,0.31787165999412537,29.101016998291016,12.27455997467041,34.60498933463314,18.686749226073818,1.152275372812105,23.253662109375,1.8048938512802124,barbell biceps curl_10.mp4,27
13.063564664730023,12.05775669772792,0.36857759952545166,12.10155200958252,12.590250968933105,16.590073327205815,17.845651610933665,0.0800760399892988,0.9620167016983032,0.5325198769569397,barbell biceps curl_10.mp4,30
76.82698248756223,18.80938800612861,0.07089868187904358,23.36284065246582,15.491636276245117,28.757576041682675,20.892189372533338,1.2132956150873804,53.464134216308594,3.3177356719970703,barbell biceps curl_10.mp4,33
18.406812813039892,20.981490241072933,0.33796486258506775,10.263529777526855,14.690571784973145,15.61268698751184,19.436643383685634,0.13073309731043112,8.143280029296875,6.290909290313721,barbell biceps curl_10.mp4,36
33.426170702575305,26.45883968578979,0.724227786064148,13.53438663482666,15.161480903625488,18.794924509341424,18.94170024757486,0.2326903167120158,19.89178466796875,11.297358512878418,barbell biceps curl_10.mp4,39
148.94137461693654,56.838941220335755,0.01355463545769453,10.791772842407227,11.587546348571777,16.74103388514481,17.481277320881524,0.895152998690447,41.85039520263672,45.25139236450195,barbell biceps curl_10.mp4,42
163.00286839040905,138.5341464581856,0.37699952721595764,10.982892036437988,8.152222633361816,16.847963967014877,14.333659251717878,0.16229332206203265,27.98000144958496,49.61807632446289,barbell biceps curl_10.mp4,45
180.0,177.0018009731839,1.1777102947235107,10.242656707763672,10.788530349731445,15.899048669883442,14.050602564851125,0.01679654846918444,10.232895851135254,13.786760330200195,barbell biceps curl_10.mp4,48
177.0694891516287,178.28456626793596,0.8459202647209167,8.196808815002441,8.717572212219238,14.678438394066673,13.395696754414347,0.006838684392514589,5.266348838806152,7.002104759216309,barbell biceps curl_10.mp4,51
179.18795280644332,179.71814474319734,1.2417585849761963,6.825591564178467,6.846304416656494,13.695896187540338,11.14855217882446,0.0029544883208939676,6.0137128829956055,6.564062118530273,barbell biceps curl_10.mp4,54
177.9152166883325,179.54371662416222,0.7054723501205444,5.9373297691345215,6.444642543792725,11.561460608334846,10.611052978194458,0.009111535810498653,3.852619171142578,5.9885945320129395,barbell biceps curl_10.mp4,57
176.37998631267197,179.1135303563094,1.1498732566833496,5.628143310546875,7.23250150680542,11.697517510366541,11.058253908460104,0.015378868617639421,2.008178949356079,6.345823764801025,barbell biceps curl_10.mp4,0
178.01969009279384,178.0862315460647,1.0579609870910645,5.830822944641113,8.340093612670898,11.726303177273369,12.019769977841387,0.00037371719607827663,3.8505053520202637,6.426258087158203,barbell biceps curl_10.mp4,3
177.84877714928135,176.00408782186167,0.8324593901634216,5.754537582397461,9.817838668823242,13.279084356014037,15.527225239524508,0.010426307146446918,3.603407382965088,5.821931838989258,barbell biceps curl_10.mp4,6
179.69933410338712,176.16115098171932,0.9573969841003418,6.740828990936279,7.9677910804748535,13.97835686865995,13.172416934135589,0.01988522620499221,7.041144847869873,11.806679725646973,barbell biceps curl_10.mp4,9
178.80629812429888,170.1528381987314,1.303457498550415,8.202218055725098,9.649956703186035,14.808738560196517,13.532805928923539,0.04959583529893317,9.395880699157715,19.497100830078125,barbell biceps curl_10.mp4,12
65.14889979924207,134.31016895979772,0.9902690649032593,11.926244735717773,10.78758430480957,18.02492210794256,14.792522447424075,0.6934883391449822,53.222652435302734,56.477413177490234,barbell biceps curl_10.mp4,15
76.04564840023582,60.18010794653398,1.3831088542938232,8.15914249420166,7.28668212890625,16.44221847115216,12.539385082070105,0.23293011364628105,67.88650512695312,52.89341735839844,barbell biceps curl_10.mp4,18
28.500576313955136,21.257926136344626,0.30335715413093567,12.372426986694336,14.970569610595703,19.099885281226097,20.978829088635642,0.2911120641078248,16.12814712524414,6.287357330322266,barbell biceps curl_10.mp4,21
30.43648506864174,18.176184762481572,0.136946439743042,20.54145622253418,14.61066722869873,25.691476436949642,20.196697945145303,0.50440761014573,9.895027160644531,3.565526008605957,barbell biceps curl_10.mp4,24
52.35468465606182,14.079466506762348,0.31787165999412537,29.101016998291016,12.27455997467041,34.60498933463314,18.686749226073818,1.152275372812105,23.253662109375,1.8048938512802124,barbell biceps curl_10.mp4,27
13.063564664730023,12.05775669772792,0.36857759952545166,12.10155200958252,12.590250968933105,16.590073327205815,17.845651610933665,0.0800760399892988,0.9620167016983032,0.5325198769569397,barbell biceps curl_10.mp4,30
76.82698248756223,18.80938800612861,0.07089868187904358,23.36284065246582,15.491636276245117,28.757576041682675,20.892189372533338,1.2132956150873804,53.464134216308594,3.3177356719970703,barbell biceps curl_10.mp4,33
18.406812813039892,20.981490241072933,0.33796486258506775,10.263529777526855,14.690571784973145,15.61268698751184,19.436643383685634,0.13073309731043112,8.143280029296875,6.290909290313721,barbell biceps curl_10.mp4,36
33.426170702575305,26.45883968578979,0.724227786064148,13.53438663482666,15.161480903625488,18.794924509341424,18.94170024757486,0.2326903167120158,19.89178466796875,11.297358512878418,barbell biceps curl_10.mp4,39
148.94137461693654,56.838941220335755,0.01355463545769453,10.791772842407227,11.587546348571777,16.74103388514481,17.481277320881524,0.895152998690447,41.85039520263672,45.25139236450195,barbell biceps curl_10.mp4,42
163.00286839040905,138.5341464581856,0.37699952721595764,10.982892036437988,8.152222633361816,16.847963967014877,14.333659251717878,0.16229332206203265,27.98000144958496,49.61807632446289,barbell biceps curl_10.mp4,45
180.0,177.0018009731839,1.1777102947235107,10.242656707763672,10.788530349731445,15.899048669883442,14.050602564851125,0.01679654846918444,10.232895851135254,13.786760330200195,barbell biceps curl_10.mp4,48
177.0694891516287,178.28456626793596,0.8459202647209167,8.196808815002441,8.717572212219238,14.678438394066673,13.395696754414347,0.006838684392514589,5.266348838806152,7.002104759216309,barbell biceps curl_10.mp4,51
179.18795280644332,179.71814474319734,1.2417585849761963,6.825591564178467,6.846304416656494,13.695896187540338,11.14855217882446,0.0029544883208939676,6.0137128829956055,6.564062118530273,barbell biceps curl_10.mp4,54
177.9152166883325,179.54371662416222,0.7054723501205444,5.9373297691345215,6.444642543792725,11.561460608334846,10.611052978194458,0.009111535810498653,3.852619171142578,5.9885945320129395,barbell biceps curl_10.mp4,57
162.92663027006557,168.37530494392504,3.31309175491333,9.018568992614746,1.552764892578125,8.206524953589225,4.131616533233649,0.032892501339239856,26.091928482055664,13.177471160888672,barbell biceps curl_11.mp4,0
149.68687331295104,158.49064183331996,4.129976272583008,8.872421264648438,0.5100219249725342,7.398257515108534,6.139066337570735,0.05713439876488307,39.18555450439453,22.019380569458008,barbell biceps curl_11.mp4,3
130.2905845199936,108.25248187083038,2.562366247177124,13.370217323303223,1.2134851217269897,13.245589897640903,3.6912512750346123,0.18477252751548384,63.079627990722656,72.96099853515625,barbell biceps curl_11.mp4,6
92.74951988089416,89.90610986979142,1.9423140287399292,13.729170799255371,2.9428906440734863,14.23058204648234,1.3208616513041742,0.03113410755511696,79.02034759521484,86.96321105957031,barbell biceps curl_11.mp4,9
69.41462319399702,57.240715261399174,2.092240571975708,14.059497833251953,10.453300476074219,14.297832326774682,6.153165071682427,0.1922367912961693,55.355125427246094,46.78740310668945,barbell biceps curl_11.mp4,12
42.251388699209706,34.41343754656603,2.030729293823242,17.524686813354492,5.392884731292725,19.267450765878962,0.12666881248565126,0.20447319941785036,24.726701736450195,29.020545959472656,barbell biceps curl_11.mp4,15
36.29068768969461,29.306848899076407,2.603827953338623,17.508010864257812,6.67089319229126,18.172188347081313,0.960015440821321,0.21292991029220124,18.782670974731445,22.635955810546875,barbell biceps curl_11.mp4,18
23.366325522748145,14.243232509293954,1.2416112422943115,11.515870094299316,2.367356777191162,13.586292449979451,1.99987995928004,0.4851475790107194,11.850449562072754,11.875880241394043,barbell biceps curl_11.mp4,21
21.546296162159955,9.595729166959101,0.5646268129348755,12.91823959350586,2.435917615890503,15.571877132595379,1.1803487951662939,0.7674881045085137,8.628043174743652,7.159799098968506,barbell biceps curl_11.mp4,24
23.674337332165795,23.569583377585303,0.1866859495639801,14.516695022583008,1.567639708518982,17.015148553426947,3.5043668163331936,0.00443460038907696,9.157638549804688,25.1372127532959,barbell biceps curl_11.mp4,27
27.491503314807787,38.55084351422876,0.7138195037841797,12.865832328796387,1.7055801153182983,14.860758876882706,1.593236131483349,0.3349166324464582,14.625665664672852,36.84525680541992,barbell biceps curl_11.mp4,30
34.92907106206666,56.11596349232439,1.2692128419876099,13.631502151489258,6.978603839874268,15.759538804118662,2.4560682687045268,0.46541566015004376,21.297576904296875,49.13736343383789,barbell biceps curl_11.mp4,33
52.01770824224334,47.777381318167464,1.6426490545272827,12.316380500793457,11.983074188232422,13.880896196522338,7.4434197212770865,0.08498067275161866,39.70132064819336,35.794307708740234,barbell biceps curl_11.mp4,36
77.60895118919785,94.02421070353587,0.6201164126396179,9.823019981384277,16.613725662231445,11.33217946031363,13.962796648854086,0.19128307529050978,67.78591918945312,77.41048431396484,barbell biceps curl_11.mp4,39
101.95475679131069,103.42556119393127,0.7477419376373291,10.831315994262695,13.388014793395996,12.59015394212297,10.249488274644683,0.014322739559944344,88.87655639648438,89.96244812011719,barbell biceps curl_11.mp4,42
139.03545850861562,127.63621969929638,2.058166742324829,10.048358917236328,0.2105029970407486,10.300702861634734,4.063607005328126,0.08549268438196699,51.01289749145508,52.574283599853516,barbell biceps curl_11.mp4,45
151.00297459008297,154.47701073831604,1.7881940603256226,9.981168746948242,1.4915988445281982,10.967275376225448,2.9669571826556966,0.022744770951186134,38.97819900512695,27.014589309692383,barbell biceps curl_11.mp4,48
160.19019381941172,167.30670063973224,1.7730860710144043,7.118804931640625,1.6354084014892578,8.12670842469411,2.9056901141636584,0.043459995747888384,26.92861557006836,14.328668594360352,barbell biceps curl_11.mp4,51
164.37318343257394,174.52048941792626,0.211856871843338,5.351034164428711,2.2739439010620117,8.303190794751494,1.1369440533575623,0.059884894869835524,20.97784996032715,7.7534260749816895,barbell biceps curl_11.mp4,54
167.90450450217162,176.83547435246808,0.10622253268957138,5.920157432556152,0.7901225090026855,8.866385865805482,2.3272562256391707,0.05181278875730409,18.01564598083496,3.954644203186035,barbell biceps curl_11.mp4,57
169.82882713227508,178.1966916764888,1.3569334745407104,5.607271194458008,0.163712739944458,7.0819975770748735,4.243671019229406,0.048087649278452854,15.778437614440918,1.639633059501648,barbell biceps curl_11.mp4,60
166.38266030066276,177.29108358104014,1.7507976293563843,4.53902006149292,0.2686387300491333,5.592437640691659,4.18226207714119,0.06348127242523481,18.156368255615234,2.9776318073272705,barbell biceps curl_11.mp4,63
161.83557698090542,171.08405310099502,1.870043158531189,6.475226879119873,1.6955448389053345,7.572352244545933,3.029312829481787,0.05555981254583528,24.6396541595459,10.611485481262207,barbell biceps curl_11.mp4,66
152.4914267298397,161.82926809210986,1.0990725755691528,6.895186424255371,0.12538252770900726,8.441501588140923,3.776935284560787,0.05941601374710423,34.40375900268555,18.04533576965332,barbell biceps curl_11.mp4,69
147.2566342426204,150.00328370280494,2.4020280838012695,9.935309410095215,0.9477459788322449,10.040126827897717,3.9292459830223225,0.01847978347816669,42.67866897583008,30.944459915161133,barbell biceps curl_11.mp4,72
96.49161154310023,73.74774049088782,1.4413007497787476,9.32307243347168,1.912855863571167,10.514737543654409,2.1189563065010186,0.2671987502357461,87.16853332519531,71.83488464355469,barbell biceps curl_11.mp4,75
63.908090277814644,78.2484691887726,1.4290000200271606,12.843655586242676,18.436138153076172,13.77388408180762,14.73136522095667,0.20175472682748136,51.064430236816406,59.81232452392578,barbell biceps curl_11.mp4,78
41.93279178625335,36.27695311162119,3.0356080532073975,17.387605667114258,9.761192321777344,18.061131485604548,3.2797250644221996,0.14463258209108062,24.545183181762695,26.515758514404297,barbell biceps curl_11.mp4,81
34.823370156553445,19.17891207261646,2.5740931034088135,16.42859649658203,7.304040908813477,17.141123371891823,1.563979924702729,0.5793998860102422,18.394775390625,11.874847412109375,barbell biceps curl_11.mp4,84
29.6139994411982,39.09469408966164,1.8670927286148071,15.471738815307617,10.799388885498047,16.42565661078434,6.249840092944619,0.27596783350873283,14.142277717590332,28.295297622680664,barbell biceps curl_11.mp4,87
17.351995205293793,46.97077004439734,0.5012561082839966,10.210497856140137,2.353747606277466,12.988715951900419,1.2455267422434753,0.9209422114900687,7.141498565673828,44.61701583862305,barbell biceps curl_11.mp4,90
22.19385114288207,31.439713036884378,0.13294975459575653,11.474777221679688,0.8757674694061279,14.168182347789719,3.6285496042053422,0.3447789471164908,10.719072341918945,32.31547927856445,barbell biceps curl_11.mp4,93
28.924076645135294,30.327285440572,2.579695701599121,12.973919868469238,8.784551620483398,13.845463069049366,2.9002280688563555,0.047364608881293166,15.950150489807129,21.542734146118164,barbell biceps curl_11.mp4,96
43.79099083742552,35.987610210184734,3.891693353652954,19.16949462890625,8.11191463470459,18.584482887936417,1.050529663164357,0.1956259078191628,24.621496200561523,27.87569236755371,barbell biceps curl_11.mp4,99
54.240501321100986,37.98559549633238,2.5562000274658203,16.58458137512207,15.172009468078613,15.81846615416311,10.943177305464415,0.3525012200602198,37.65591049194336,22.81357765197754,barbell biceps curl_11.mp4,102
89.07256143058083,84.75626450181329,1.9682905673980713,15.040306091308594,10.05982780456543,14.882142203032464,6.337472719064135,0.04966146328856004,74.0322494506836,74.6964340209961,barbell biceps curl_11.mp4,105
115.68839314551525,92.61545021990987,2.170241594314575,14.608146667480469,1.3604648113250732,14.574151678778978,2.881471045132709,0.2215316102941871,78.91974639892578,88.74501037597656,barbell biceps curl_11.mp4,108
149.02293049753897,142.06877713312784,2.5879766941070557,13.846718788146973,0.958804726600647,13.574962781764171,3.857980910327749,0.04777981084390396,44.82377624511719,38.890018463134766,barbell biceps curl_11.mp4,111
153.69391548888822,159.74435007231864,3.361020088195801,9.822561264038086,2.481846570968628,9.79408256109412,4.202536107311657,0.03860686615654407,36.12864303588867,22.737485885620117,barbell biceps curl_11.mp4,114
159.75920097038087,169.09733778371594,2.3928990364074707,7.425239086151123,2.644970655441284,8.69418331237488,3.383561141744412,0.056791553232990025,27.666048049926758,13.547648429870605,barbell biceps curl_11.mp4,117
167.85901974916476,176.11133162502762,1.1410776376724243,7.016149997711182,1.6931767463684082,8.717400246341962,2.2323923356325563,0.04798269294370362,19.15715789794922,5.581932544708252,barbell biceps curl_11.mp4,120
169.74625176414867,179.7435913420706,1.3845230340957642,5.758173942565918,1.2601076364517212,7.079393323182514,2.7927414975006197,0.05721104504249342,16.01193618774414,1.5157670974731445,barbell biceps curl_11.mp4,123
170.7954654703995,179.96043531735157,2.190629482269287,4.59695291519165,0.6211551427841187,5.605948367499984,4.7214039387622195,0.05225839295286983,13.801506996154785,0.5781410932540894,barbell biceps curl_11.mp4,126
167.9998262601823,178.29394661353768,2.13070011138916,4.6801838874816895,0.0008228035876527429,5.670463793084949,5.164711982353687,0.059453106926697565,16.680376052856445,1.7067869901657104,barbell biceps curl_11.mp4,129
165.43220125050087,175.566722607953,1.947705864906311,5.3318963050842285,1.797523021697998,6.607585980119608,3.2904523229961025,0.05944019554536136,19.89969253540039,6.230836391448975,barbell biceps curl_11.mp4,132
155.29919964400972,166.08767880986207,3.05210542678833,6.402646064758301,2.2521162033081055,6.398070597828482,3.801069543243056,0.06713702325218487,31.103437423706055,16.16443634033203,barbell biceps curl_11.mp4,135
147.3420479631155,157.70627120098382,2.8160109519958496,9.733431816101074,3.3238000869750977,9.669752888599149,2.147398327149096,0.06795135450192683,42.391387939453125,25.617530822753906,barbell biceps curl_11.mp4,138
117.32544405608789,103.32264907534874,2.600817918777466,7.162663459777832,2.8264546394348145,6.510117513254616,1.6558761960402308,0.12692423289965082,69.83721160888672,79.50379943847656,barbell biceps curl_11.mp4,141
85.32686778550386,115.37219966702834,1.5915607213974,10.778722763061523,26.745851516723633,11.09696596692281,23.29527961231931,0.2994067911016135,74.54814147949219,88.6263427734375,barbell biceps curl_11.mp4,144
56.790838915002695,65.66917013855284,1.857153296470642,14.152911186218262,20.928863525390625,14.94759572997105,16.592608842671815,0.14499968262565424,42.63792037963867,44.74030303955078,barbell biceps curl_11.mp4,147
37.74636712125357,28.240757296521885,2.9893670082092285,16.22456932067871,9.605762481689453,16.6954106674849,3.2324054935394075,0.2881049874078492,21.521806716918945,18.63499641418457,barbell biceps curl_11.mp4,150
31.81138679937954,39.42399617394737,1.7902445793151855,15.55184268951416,10.391805648803711,17.013701343242424,5.452585885264902,0.21373112789800724,16.25954818725586,29.03219223022461,barbell biceps curl_11.mp4,153
23.020493895660564,50.18939181162169,0.026936639100313187,13.410624504089355,29.556774139404297,15.081555281983004,28.010433120281583,0.7422193779837744,9.609868049621582,20.632606506347656,barbell biceps curl_11.mp4,156
20.242970576387826,28.373997425874112,0.5184619426727295,11.794727325439453,3.316988945007324,14.841265479727033,1.4445555770515253,0.33449337478667873,8.448236465454102,25.057008743286133,barbell biceps curl_11.mp4,159
18.039407673596106,30.658316407728634,0.6412285566329956,10.960506439208984,2.532334327697754,14.125942814021764,0.8016186280439214,0.5182545579772505,7.078913688659668,28.1259822845459,barbell biceps curl_11.mp4,162
27.698737092769633,18.99092830270548,1.9498730897903442,12.351767539978027,9.054598808288574,13.65098044793732,3.9323844967006445,0.37300797580391576,15.346966743469238,9.936326026916504,barbell biceps curl_11.mp4,165
34.821504230041484,31.358897753802875,2.839897632598877,13.838855743408203,10.784684181213379,14.621631398941416,4.370270478534661,0.10464144587951833,20.982650756835938,20.574209213256836,barbell biceps curl_11.mp4,168
52.09029394086648,32.472000203085905,2.136399984359741,15.875682830810547,11.25675106048584,15.754458128272935,7.2305526130586,0.4639962511987646,36.21460723876953,21.215248107910156,barbell biceps curl_11.mp4,171
69.84721127285157,65.23545662626145,1.6517210006713867,11.371724128723145,16.746623992919922,12.197859858500703,12.778731195621141,0.06828047918085865,58.475486755371094,48.488826751708984,barbell biceps curl_11.mp4,174
87.77771272784351,97.51657083342448,1.5252926349639893,11.759012222290039,19.309343338012695,12.032833048652021,16.021335095419172,0.10511773939707963,76.0186996459961,78.20722198486328,barbell biceps curl_11.mp4,177
133.46731900435407,113.33501896204652,3.046389102935791,13.620141983032227,5.074950218200684,12.82623012493801,0.12511453444308365,0.16314513232081568,60.15281677246094,71.73992156982422,barbell biceps curl_11.mp4,180
143.13805570712006,148.65650777846574,3.5585415363311768,11.818737030029297,3.595301628112793,11.3618433822574,2.9387156768363414,0.037824228151654926,48.68067932128906,34.93880081176758,barbell biceps curl_11.mp4,183
150.61229289051428,160.85564108552092,2.7787933349609375,10.524020195007324,4.4652628898620605,10.965264713223927,1.4180312977061396,0.06577465657055259,39.91173553466797,23.609609603881836,barbell biceps curl_11.mp4,186
160.74932237659493,171.7746674716315,2.280745506286621,8.276623725891113,4.985606670379639,9.561146746164065,0.8851442196432747,0.06631308074986617,27.527294158935547,13.210905075073242,barbell biceps curl_11.mp4,189
165.8134819767101,175.26326949652585,2.301255941390991,8.795390129089355,3.5791687965393066,9.834453453246587,1.9519408922394221,0.05541150183352359,22.981884002685547,8.316019058227539,barbell biceps curl_11.mp4,192
168.31549342142677,179.54328798546678,1.4372451305389404,8.078664779663086,2.8144330978393555,9.597961998497789,1.5042817943004219,0.06455375091368908,19.763181686401367,2.357848882675171,barbell biceps curl_11.mp4,195
169.66137914478028,179.80617334277946,2.02951979637146,6.834951877593994,1.302444338798523,7.771223508226063,3.595754997950854,0.058058575829355766,17.17357635498047,1.1083450317382812,barbell biceps curl_11.mp4,198
162.92663027006557,168.37530494392504,3.31309175491333,9.018568992614746,1.552764892578125,8.206524953589225,4.131616533233649,0.032892501339239856,26.091928482055664,13.177471160888672,barbell biceps curl_11.mp4,0
149.68687331295104,158.49064183331996,4.129976272583008,8.872421264648438,0.5100219249725342,7.398257515108534,6.139066337570735,0.05713439876488307,39.18555450439453,22.019380569458008,barbell biceps curl_11.mp4,3
130.2905845199936,108.25248187083038,2.562366247177124,13.370217323303223,1.2134851217269897,13.245589897640903,3.6912512750346123,0.18477252751548384,63.079627990722656,72.96099853515625,barbell biceps curl_11.mp4,6
92.74951988089416,89.90610986979142,1.9423140287399292,13.729170799255371,2.9428906440734863,14.23058204648234,1.3208616513041742,0.03113410755511696,79.02034759521484,86.96321105957031,barbell biceps curl_11.mp4,9
69.41462319399702,57.240715261399174,2.092240571975708,14.059497833251953,10.453300476074219,14.297832326774682,6.153165071682427,0.1922367912961693,55.355125427246094,46.78740310668945,barbell biceps curl_11.mp4,12
42.251388699209706,34.41343754656603,2.030729293823242,17.524686813354492,5.392884731292725,19.267450765878962,0.12666881248565126,0.20447319941785036,24.726701736450195,29.020545959472656,barbell biceps curl_11.mp4,15
36.29068768969461,29.306848899076407,2.603827953338623,17.508010864257812,6.67089319229126,18.172188347081313,0.960015440821321,0.21292991029220124,18.782670974731445,22.635955810546875,barbell biceps curl_11.mp4,18
23.366325522748145,14.243232509293954,1.2416112422943115,11.515870094299316,2.367356777191162,13.586292449979451,1.99987995928004,0.4851475790107194,11.850449562072754,11.875880241394043,barbell biceps curl_11.mp4,21
21.546296162159955,9.595729166959101,0.5646268129348755,12.91823959350586,2.435917615890503,15.571877132595379,1.1803487951662939,0.7674881045085137,8.628043174743652,7.159799098968506,barbell biceps curl_11.mp4,24
23.674337332165795,23.569583377585303,0.1866859495639801,14.516695022583008,1.567639708518982,17.015148553426947,3.5043668163331936,0.00443460038907696,9.157638549804688,25.1372127532959,barbell biceps curl_11.mp4,27
27.491503314807787,38.55084351422876,0.7138195037841797,12.865832328796387,1.7055801153182983,14.860758876882706,1.593236131483349,0.3349166324464582,14.625665664672852,36.84525680541992,barbell biceps curl_11.mp4,30
34.92907106206666,56.11596349232439,1.2692128419876099,13.631502151489258,6.978603839874268,15.759538804118662,2.4560682687045268,0.46541566015004376,21.297576904296875,49.13736343383789,barbell biceps curl_11.mp4,33
52.01770824224334,47.777381318167464,1.6426490545272827,12.316380500793457,11.983074188232422,13.880896196522338,7.4434197212770865,0.08498067275161866,39.70132064819336,35.794307708740234,barbell biceps curl_11.mp4,36
77.60895118919785,94.02421070353587,0.6201164126396179,9.823019981384277,16.613725662231445,11.33217946031363,13.962796648854086,0.19128307529050978,67.78591918945312,77.41048431396484,barbell biceps curl_11.mp4,39
101.95475679131069,103.42556119393127,0.7477419376373291,10.831315994262695,13.388014793395996,12.59015394212297,10.249488274644683,0.014322739559944344,88.87655639648438,89.96244812011719,barbell biceps curl_11.mp4,42
139.03545850861562,127.63621969929638,2.058166742324829,10.048358917236328,0.2105029970407486,10.300702861634734,4.063607005328126,0.08549268438196699,51.01289749145508,52.574283599853516,barbell biceps curl_11.mp4,45
151.00297459008297,154.47701073831604,1.7881940603256226,9.981168746948242,1.4915988445281982,10.967275376225448,2.9669571826556966,0.022744770951186134,38.97819900512695,27.014589309692383,barbell biceps curl_11.mp4,48
160.19019381941172,167.30670063973224,1.7730860710144043,7.118804931640625,1.6354084014892578,8.12670842469411,2.9056901141636584,0.043459995747888384,26.92861557006836,14.328668594360352,barbell biceps curl_11.mp4,51
164.37318343257394,174.52048941792626,0.211856871843338,5.351034164428711,2.2739439010620117,8.303190794751494,1.1369440533575623,0.059884894869835524,20.97784996032715,7.7534260749816895,barbell biceps curl_11.mp4,54
167.90450450217162,176.83547435246808,0.10622253268957138,5.920157432556152,0.7901225090026855,8.866385865805482,2.3272562256391707,0.05181278875730409,18.01564598083496,3.954644203186035,barbell biceps curl_11.mp4,57
169.82882713227508,178.1966916764888,1.3569334745407104,5.607271194458008,0.163712739944458,7.0819975770748735,4.243671019229406,0.048087649278452854,15.778437614440918,1.639633059501648,barbell biceps curl_11.mp4,60
166.38266030066276,177.29108358104014,1.7507976293563843,4.53902006149292,0.2686387300491333,5.592437640691659,4.18226207714119,0.06348127242523481,18.156368255615234,2.9776318073272705,barbell biceps curl_11.mp4,63
161.83557698090542,171.08405310099502,1.870043158531189,6.475226879119873,1.6955448389053345,7.572352244545933,3.029312829481787,0.05555981254583528,24.6396541595459,10.611485481262207,barbell biceps curl_11.mp4,66
152.4914267298397,161.82926809210986,1.0990725755691528,6.895186424255371,0.12538252770900726,8.441501588140923,3.776935284560787,0.05941601374710423,34.40375900268555,18.04533576965332,barbell biceps curl_11.mp4,69
147.2566342426204,150.00328370280494,2.4020280838012695,9.935309410095215,0.9477459788322449,10.040126827897717,3.9292459830223225,0.01847978347816669,42.67866897583008,30.944459915161133,barbell biceps curl_11.mp4,72
96.49161154310023,73.74774049088782,1.4413007497787476,9.32307243347168,1.912855863571167,10.514737543654409,2.1189563065010186,0.2671987502357461,87.16853332519531,71.83488464355469,barbell biceps curl_11.mp4,75
63.908090277814644,78.2484691887726,1.4290000200271606,12.843655586242676,18.436138153076172,13.77388408180762,14.73136522095667,0.20175472682748136,51.064430236816406,59.81232452392578,barbell biceps curl_11.mp4,78
41.93279178625335,36.27695311162119,3.0356080532073975,17.387605667114258,9.761192321777344,18.061131485604548,3.2797250644221996,0.14463258209108062,24.545183181762695,26.515758514404297,barbell biceps curl_11.mp4,81
34.823370156553445,19.17891207261646,2.5740931034088135,16.42859649658203,7.304040908813477,17.141123371891823,1.563979924702729,0.5793998860102422,18.394775390625,11.874847412109375,barbell biceps curl_11.mp4,84
29.6139994411982,39.09469408966164,1.8670927286148071,15.471738815307617,10.799388885498047,16.42565661078434,6.249840092944619,0.27596783350873283,14.142277717590332,28.295297622680664,barbell biceps curl_11.mp4,87
17.351995205293793,46.97077004439734,0.5012561082839966,10.210497856140137,2.353747606277466,12.988715951900419,1.2455267422434753,0.9209422114900687,7.141498565673828,44.61701583862305,barbell biceps curl_11.mp4,90
22.19385114288207,31.439713036884378,0.13294975459575653,11.474777221679688,0.8757674694061279,14.168182347789719,3.6285496042053422,0.3447789471164908,10.719072341918945,32.31547927856445,barbell biceps curl_11.mp4,93
28.924076645135294,30.327285440572,2.579695701599121,12.973919868469238,8.784551620483398,13.845463069049366,2.9002280688563555,0.047364608881293166,15.950150489807129,21.542734146118164,barbell biceps curl_11.mp4,96
43.79099083742552,35.987610210184734,3.891693353652954,19.16949462890625,8.11191463470459,18.584482887936417,1.050529663164357,0.1956259078191628,24.621496200561523,27.87569236755371,barbell biceps curl_11.mp4,99
54.240501321100986,37.98559549633238,2.5562000274658203,16.58458137512207,15.172009468078613,15.81846615416311,10.943177305464415,0.3525012200602198,37.65591049194336,22.81357765197754,barbell biceps curl_11.mp4,102
89.07256143058083,84.75626450181329,1.9682905673980713,15.040306091308594,10.05982780456543,14.882142203032464,6.337472719064135,0.04966146328856004,74.0322494506836,74.6964340209961,barbell biceps curl_11.mp4,105
115.68839314551525,92.61545021990987,2.170241594314575,14.608146667480469,1.3604648113250732,14.574151678778978,2.881471045132709,0.2215316102941871,78.91974639892578,88.74501037597656,barbell biceps curl_11.mp4,108
149.02293049753897,142.06877713312784,2.5879766941070557,13.846718788146973,0.958804726600647,13.574962781764171,3.857980910327749,0.04777981084390396,44.82377624511719,38.890018463134766,barbell biceps curl_11.mp4,111
153.69391548888822,159.74435007231864,3.361020088195801,9.822561264038086,2.481846570968628,9.79408256109412,4.202536107311657,0.03860686615654407,36.12864303588867,22.737485885620117,barbell biceps curl_11.mp4,114
159.75920097038087,169.09733778371594,2.3928990364074707,7.425239086151123,2.644970655441284,8.69418331237488,3.383561141744412,0.056791553232990025,27.666048049926758,13.547648429870605,barbell biceps curl_11.mp4,117
167.85901974916476,176.11133162502762,1.1410776376724243,7.016149997711182,1.6931767463684082,8.717400246341962,2.2323923356325563,0.04798269294370362,19.15715789794922,5.581932544708252,barbell biceps curl_11.mp4,120
169.74625176414867,179.7435913420706,1.3845230340957642,5.758173942565918,1.2601076364517212,7.079393323182514,2.7927414975006197,0.05721104504249342,16.01193618774414,1.5157670974731445,barbell biceps curl_11.mp4,123
170.7954654703995,179.96043531735157,2.190629482269287,4.59695291519165,0.6211551427841187,5.605948367499984,4.7214039387622195,0.05225839295286983,13.801506996154785,0.5781410932540894,barbell biceps curl_11.mp4,126
167.9998262601823,178.29394661353768,2.13070011138916,4.6801838874816895,0.0008228035876527429,5.670463793084949,5.164711982353687,0.059453106926697565,16.680376052856445,1.7067869901657104,barbell biceps curl_11.mp4,129
165.43220125050087,175.566722607953,1.947705864906311,5.3318963050842285,1.797523021697998,6.607585980119608,3.2904523229961025,0.05944019554536136,19.89969253540039,6.230836391448975,barbell biceps curl_11.mp4,132
155.29919964400972,166.08767880986207,3.05210542678833,6.402646064758301,2.2521162033081055,6.398070597828482,3.801069543243056,0.06713702325218487,31.103437423706055,16.16443634033203,barbell biceps curl_11.mp4,135
147.3420479631155,157.70627120098382,2.8160109519958496,9.733431816101074,3.3238000869750977,9.669752888599149,2.147398327149096,0.06795135450192683,42.391387939453125,25.617530822753906,barbell biceps curl_11.mp4,138
117.32544405608789,103.32264907534874,2.600817918777466,7.162663459777832,2.8264546394348145,6.510117513254616,1.6558761960402308,0.12692423289965082,69.83721160888672,79.50379943847656,barbell biceps curl_11.mp4,141
85.32686778550386,115.37219966702834,1.5915607213974,10.778722763061523,26.745851516723633,11.09696596692281,23.29527961231931,0.2994067911016135,74.54814147949219,88.6263427734375,barbell biceps curl_11.mp4,144
56.790838915002695,65.66917013855284,1.857153296470642,14.152911186218262,20.928863525390625,14.94759572997105,16.592608842671815,0.14499968262565424,42.63792037963867,44.74030303955078,barbell biceps curl_11.mp4,147
37.74636712125357,28.240757296521885,2.9893670082092285,16.22456932067871,9.605762481689453,16.6954106674849,3.2324054935394075,0.2881049874078492,21.521806716918945,18.63499641418457,barbell biceps curl_11.mp4,150
31.81138679937954,39.42399617394737,1.7902445793151855,15.55184268951416,10.391805648803711,17.013701343242424,5.452585885264902,0.21373112789800724,16.25954818725586,29.03219223022461,barbell biceps curl_11.mp4,153
23.020493895660564,50.18939181162169,0.026936639100313187,13.410624504089355,29.556774139404297,15.081555281983004,28.010433120281583,0.7422193779837744,9.609868049621582,20.632606506347656,barbell biceps curl_11.mp4,156
20.242970576387826,28.373997425874112,0.5184619426727295,11.794727325439453,3.316988945007324,14.841265479727033,1.4445555770515253,0.33449337478667873,8.448236465454102,25.057008743286133,barbell biceps curl_11.mp4,159
18.039407673596106,30.658316407728634,0.6412285566329956,10.960506439208984,2.532334327697754,14.125942814021764,0.8016186280439214,0.5182545579772505,7.078913688659668,28.1259822845459,barbell biceps curl_11.mp4,162
27.698737092769633,18.99092830270548,1.9498730897903442,12.351767539978027,9.054598808288574,13.65098044793732,3.9323844967006445,0.37300797580391576,15.346966743469238,9.936326026916504,barbell biceps curl_11.mp4,165
34.821504230041484,31.358897753802875,2.839897632598877,13.838855743408203,10.784684181213379,14.621631398941416,4.370270478534661,0.10464144587951833,20.982650756835938,20.574209213256836,barbell biceps curl_11.mp4,168
52.09029394086648,32.472000203085905,2.136399984359741,15.875682830810547,11.25675106048584,15.754458128272935,7.2305526130586,0.4639962511987646,36.21460723876953,21.215248107910156,barbell biceps curl_11.mp4,171
69.84721127285157,65.23545662626145,1.6517210006713867,11.371724128723145,16.746623992919922,12.197859858500703,12.778731195621141,0.06828047918085865,58.475486755371094,48.488826751708984,barbell biceps curl_11.mp4,174
87.77771272784351,97.51657083342448,1.5252926349639893,11.759012222290039,19.309343338012695,12.032833048652021,16.021335095419172,0.10511773939707963,76.0186996459961,78.20722198486328,barbell biceps curl_11.mp4,177
133.46731900435407,113.33501896204652,3.046389102935791,13.620141983032227,5.074950218200684,12.82623012493801,0.12511453444308365,0.16314513232081568,60.15281677246094,71.73992156982422,barbell biceps curl_11.mp4,180
143.13805570712006,148.65650777846574,3.5585415363311768,11.818737030029297,3.595301628112793,11.3618433822574,2.9387156768363414,0.037824228151654926,48.68067932128906,34.93880081176758,barbell biceps curl_11.mp4,183
150.61229289051428,160.85564108552092,2.7787933349609375,10.524020195007324,4.4652628898620605,10.965264713223927,1.4180312977061396,0.06577465657055259,39.91173553466797,23.609609603881836,barbell biceps curl_11.mp4,186
160.74932237659493,171.7746674716315,2.280745506286621,8.276623725891113,4.985606670379639,9.561146746164065,0.8851442196432747,0.06631308074986617,27.527294158935547,13.210905075073242,barbell biceps curl_11.mp4,189
165.8134819767101,175.26326949652585,2.301255941390991,8.795390129089355,3.5791687965393066,9.834453453246587,1.9519408922394221,0.05541150183352359,22.981884002685547,8.316019058227539,barbell biceps curl_11.mp4,192
168.31549342142677,179.54328798546678,1.4372451305389404,8.078664779663086,2.8144330978393555,9.597961998497789,1.5042817943004219,0.06455375091368908,19.763181686401367,2.357848882675171,barbell biceps curl_11.mp4,195
169.66137914478028,179.80617334277946,2.02951979637146,6.834951877593994,1.302444338798523,7.771223508226063,3.595754997950854,0.058058575829355766,17.17357635498047,1.1083450317382812,barbell biceps curl_11.mp4,198
179.2485259974305,178.01091386687597,0.019294071942567825,5.835299968719482,6.178531169891357,10.504758281576354,10.902355263301024,0.006928366293271945,6.587109565734863,4.189302921295166,barbell biceps curl_12.mp4,0
168.4535610610637,175.6784472130471,0.07312717288732529,4.760097503662109,9.416129112243652,9.40399823654672,14.151751137588958,0.04198903896337686,16.3065185546875,5.094532489776611,barbell biceps curl_12.mp4,3
132.25365798066883,176.79233954322237,0.07436581701040268,3.5815157890319824,8.708928108215332,8.27580842306961,13.270235007390859,0.2882333498534335,51.32785415649414,11.916621208190918,barbell biceps curl_12.mp4,6
28.382648485249923,24.714591815232193,0.4645572006702423,3.192885398864746,15.676852226257324,7.903657015555259,19.415912154558086,0.13816374068632808,25.18976402282715,40.39143753051758,barbell biceps curl_12.mp4,9
15.280304549208699,12.412363460876145,0.19084864854812622,6.447362899780273,5.646923065185547,10.564233268081983,10.289428610378673,0.2071263835819745,8.832977294921875,6.765432834625244,barbell biceps curl_12.mp4,12
8.9544476450544,14.103550323675094,0.924389123916626,7.609450340270996,9.809654235839844,12.742814700420187,13.138760578481255,0.44662183469733496,1.345002293586731,4.293903827667236,barbell biceps curl_12.mp4,15
13.041547866931305,13.972262115225847,0.016048463061451912,9.266292572021484,11.683753967285156,13.042728264060298,15.572118842497389,0.06890655179030925,3.7752366065979004,2.288515567779541,barbell biceps curl_12.mp4,18
16.808127143582805,14.240692190994023,0.4946770668029785,12.608628273010254,13.385885238647461,16.286204577049954,18.10884398464227,0.165380520587436,4.199499130249023,0.8547914624214172,barbell biceps curl_12.mp4,21
17.258668507083744,12.289024255305456,0.5926427245140076,14.927565574645996,14.024991989135742,18.411354745070888,18.733964596000078,0.3363812052428047,2.3311195373535156,1.735952615737915,barbell biceps curl_12.mp4,24
13.769465537742485,13.184610182880492,0.4136243760585785,13.902159690856934,14.690260887145996,17.574623163764905,19.234035543861086,0.043396431836429945,0.13268081843852997,1.505658507347107,barbell biceps curl_12.mp4,27
14.211801286934527,17.010129490726413,0.20318615436553955,15.78486156463623,19.63180160522461,20.029864651459086,23.61173022802816,0.17925401370719002,1.5730876922607422,2.621668815612793,barbell biceps curl_12.mp4,30
15.190608151906341,14.774494551847598,0.12679798901081085,14.3876371383667,16.9630069732666,18.431574843625313,20.783743891077044,0.027773213672757667,0.8029869198799133,2.188509464263916,barbell biceps curl_12.mp4,33
13.979261667979298,16.973610476897033,0.5425597429275513,13.523534774780273,18.737436294555664,17.978001214020143,22.123380145077206,0.19347792960230306,0.45570671558380127,1.7638318538665771,barbell biceps curl_12.mp4,36
14.262541082098558,14.301911135592757,0.2701779007911682,12.784075736999512,14.977688789367676,16.884923131226515,18.58238251288242,0.002756576824520056,1.4784826040267944,0.675791323184967,barbell biceps curl_12.mp4,39
13.126104430526135,13.462662485404369,0.250544935464859,13.04079818725586,15.259212493896484,17.214469702312144,18.958095248007282,0.025315807682422975,0.08532068878412247,1.7965370416641235,barbell biceps curl_12.mp4,42
12.022213195722179,12.647009726537448,0.6419167518615723,10.18782901763916,13.448568344116211,14.882634184807872,16.799444551100493,0.05065392880709673,1.8343758583068848,0.8015894889831543,barbell biceps curl_12.mp4,45
10.907734732251607,11.239991366454161,0.5726349949836731,9.82512378692627,10.50786304473877,14.466696601942598,14.083298489455936,0.030003679178782192,1.082600712776184,0.7321045398712158,barbell biceps curl_12.mp4,48
9.815821131628816,9.846862263069593,0.027448683977127075,7.811086654663086,6.238540172576904,12.433635635159646,11.063843237725544,0.003157364721556378,2.0047433376312256,3.6083173751831055,barbell biceps curl_12.mp4,51
16.85739956021495,13.756948345622636,0.03499835357069969,7.603682041168213,7.705156326293945,11.995902370299738,12.215771893985286,0.20254889793037967,9.253722190856934,6.051783084869385,barbell biceps curl_12.mp4,54
19.349375124482048,44.24186251238828,0.697939932346344,4.2483954429626465,7.167994499206543,9.258541827648994,10.816452047840361,0.7828904834358348,15.100982666015625,37.07386016845703,barbell biceps curl_12.mp4,57
10.665496056223757,152.0893545938267,0.7236474752426147,6.533876895904541,13.257308959960938,11.688182097041258,17.01869604729337,1.7378758049022742,4.131598472595215,14.65333366394043,barbell biceps curl_12.mp4,60
154.71409837714336,176.58000724236217,1.0981450080871582,5.03122615814209,8.012619018554688,10.7853256395441,11.545602888541833,0.13200300575424073,30.317129135131836,11.43267822265625,barbell biceps curl_12.mp4,63
173.4210862705778,179.17718070781584,0.4338357448577881,5.594359874725342,7.540308952331543,10.660346578464113,11.798757729109111,0.032649590065005916,12.173294067382812,6.717244625091553,barbell biceps curl_12.mp4,66
177.59019033620692,179.0416165838932,0.32638734579086304,6.368529796600342,6.716577529907227,11.615318888654405,11.352790895104409,0.00813963432045448,3.9586493968963623,5.758708953857422,barbell biceps curl_12.mp4,69
176.94744751517808,179.4324823467932,0.08048959076404572,6.327494144439697,5.098255157470703,11.268828773258033,9.956470060312332,0.013945986422847006,3.275078296661377,5.666172504425049,barbell biceps curl_12.mp4,72
176.30938533117506,179.42562796334266,0.7004176378250122,5.696968078613281,5.600399017333984,11.31882393469816,9.912346383420555,0.017520022014743987,2.0063469409942627,6.174962520599365,barbell biceps curl_12.mp4,75
178.07247551824267,178.9912815484546,0.6613284945487976,4.9761762619018555,3.9017059803009033,10.829946633255043,8.484315254623974,0.005146453606829093,3.04860520362854,4.910572052001953,barbell biceps curl_12.mp4,78
177.77375321311825,178.62015723825533,0.7500933408737183,4.680216312408447,4.260578632354736,10.808187043689069,9.010879005503234,0.004749823160923843,2.4539215564727783,5.640204429626465,barbell biceps curl_12.mp4,81
177.75014140337836,179.7577166134887,0.6748942732810974,5.091962814331055,5.16862154006958,11.160115160117321,9.948902252157843,0.011230943125259168,2.842090606689453,4.925792217254639,barbell biceps curl_12.mp4,84
177.5928721350423,177.20950233769375,0.019020915031433105,5.159034252166748,2.69663405418396,10.625935170446054,8.236305769104474,0.002161032873121447,2.7519495487213135,5.487032890319824,barbell biceps curl_12.mp4,87
177.553113531492,175.80828944601595,0.06740326434373856,5.4837565422058105,2.45701265335083,10.92693863232677,7.814644675340653,0.009875578208450236,3.0368621349334717,6.6486430168151855,barbell biceps curl_12.mp4,90
178.91736376985102,177.29238455409512,0.6703131794929504,4.8636274337768555,3.615751266479492,10.66606806873092,8.135062959576512,0.00912372119742272,3.7811455726623535,6.323439598083496,barbell biceps curl_12.mp4,93
177.44242750422754,178.29417604666244,0.640476405620575,5.588789463043213,5.726052284240723,11.100443158114826,9.96614381790123,0.004788647184084657,3.031203031539917,4.0202956199646,barbell biceps curl_12.mp4,96
178.7121440139417,178.30199521284788,0.508260190486908,5.752207279205322,6.007600784301758,11.041576144756995,10.318525660518477,0.002297661386644793,4.4643988609313965,4.309600830078125,barbell biceps curl_12.mp4,99
179.36234216929893,178.93982857206862,0.2070172131061554,5.073680877685547,6.361191272735596,10.064114515127558,10.929190425372653,0.0023584205273223897,5.71092414855957,5.301119804382324,barbell biceps curl_12.mp4,102
171.02959342958806,176.99182779667152,0.5471490025520325,3.913813352584839,7.0554656982421875,9.255803232353525,11.292170758677063,0.034263605648614484,12.884233474731445,4.0472612380981445,barbell biceps curl_12.mp4,105
153.46966057340254,176.73343381688554,0.4815109074115753,3.2560417652130127,9.617161750793457,8.578834714736558,13.828356110030596,0.14090584636366893,29.786367416381836,6.3505425453186035,barbell biceps curl_12.mp4,108
126.87356639929834,178.82363677726164,0.43927955627441406,4.5603508949279785,8.531490325927734,9.802169910804075,12.802255731372497,0.3398792650906836,57.68678283691406,9.707853317260742,barbell biceps curl_12.mp4,111
28.796621636136965,36.487919501793314,0.6089419722557068,6.395758152008057,14.463661193847656,11.321920740244902,18.144299290030794,0.23562386229862645,22.400856018066406,50.951576232910156,barbell biceps curl_12.mp4,114
18.475453667344368,159.29218950132656,0.3067638874053955,2.5692121982574463,14.112488746643066,7.325068554898326,18.167030073541298,1.5842785933812638,15.906248092651367,6.595320701599121,barbell biceps curl_12.mp4,117
10.659718875462053,11.96393452477447,0.5171273350715637,5.679468631744385,8.11262321472168,10.798585246164352,12.263036196767192,0.11529664340585959,4.980231761932373,3.8512961864471436,barbell biceps curl_12.mp4,120
179.2485259974305,178.01091386687597,0.019294071942567825,5.835299968719482,6.178531169891357,10.504758281576354,10.902355263301024,0.006928366293271945,6.587109565734863,4.189302921295166,barbell biceps curl_12.mp4,0
168.4535610610637,175.6784472130471,0.07312717288732529,4.760097503662109,9.416129112243652,9.40399823654672,14.151751137588958,0.04198903896337686,16.3065185546875,5.094532489776611,barbell biceps curl_12.mp4,3
132.25365798066883,176.79233954322237,0.07436581701040268,3.5815157890319824,8.708928108215332,8.27580842306961,13.270235007390859,0.2882333498534335,51.32785415649414,11.916621208190918,barbell biceps curl_12.mp4,6
28.382648485249923,24.714591815232193,0.4645572006702423,3.192885398864746,15.676852226257324,7.903657015555259,19.415912154558086,0.13816374068632808,25.18976402282715,40.39143753051758,barbell biceps curl_12.mp4,9
15.280304549208699,12.412363460876145,0.19084864854812622,6.447362899780273,5.646923065185547,10.564233268081983,10.289428610378673,0.2071263835819745,8.832977294921875,6.765432834625244,barbell biceps curl_12.mp4,12
8.9544476450544,14.103550323675094,0.924389123916626,7.609450340270996,9.809654235839844,12.742814700420187,13.138760578481255,0.44662183469733496,1.345002293586731,4.293903827667236,barbell biceps curl_12.mp4,15
13.041547866931305,13.972262115225847,0.016048463061451912,9.266292572021484,11.683753967285156,13.042728264060298,15.572118842497389,0.06890655179030925,3.7752366065979004,2.288515567779541,barbell biceps curl_12.mp4,18
16.808127143582805,14.240692190994023,0.4946770668029785,12.608628273010254,13.385885238647461,16.286204577049954,18.10884398464227,0.165380520587436,4.199499130249023,0.8547914624214172,barbell biceps curl_12.mp4,21
17.258668507083744,12.289024255305456,0.5926427245140076,14.927565574645996,14.024991989135742,18.411354745070888,18.733964596000078,0.3363812052428047,2.3311195373535156,1.735952615737915,barbell biceps curl_12.mp4,24
13.769465537742485,13.184610182880492,0.4136243760585785,13.902159690856934,14.690260887145996,17.574623163764905,19.234035543861086,0.043396431836429945,0.13268081843852997,1.505658507347107,barbell biceps curl_12.mp4,27
14.211801286934527,17.010129490726413,0.20318615436553955,15.78486156463623,19.63180160522461,20.029864651459086,23.61173022802816,0.17925401370719002,1.5730876922607422,2.621668815612793,barbell biceps curl_12.mp4,30
15.190608151906341,14.774494551847598,0.12679798901081085,14.3876371383667,16.9630069732666,18.431574843625313,20.783743891077044,0.027773213672757667,0.8029869198799133,2.188509464263916,barbell biceps curl_12.mp4,33
13.979261667979298,16.973610476897033,0.5425597429275513,13.523534774780273,18.737436294555664,17.978001214020143,22.123380145077206,0.19347792960230306,0.45570671558380127,1.7638318538665771,barbell biceps curl_12.mp4,36
14.262541082098558,14.301911135592757,0.2701779007911682,12.784075736999512,14.977688789367676,16.884923131226515,18.58238251288242,0.002756576824520056,1.4784826040267944,0.675791323184967,barbell biceps curl_12.mp4,39
13.126104430526135,13.462662485404369,0.250544935464859,13.04079818725586,15.259212493896484,17.214469702312144,18.958095248007282,0.025315807682422975,0.08532068878412247,1.7965370416641235,barbell biceps curl_12.mp4,42
12.022213195722179,12.647009726537448,0.6419167518615723,10.18782901763916,13.448568344116211,14.882634184807872,16.799444551100493,0.05065392880709673,1.8343758583068848,0.8015894889831543,barbell biceps curl_12.mp4,45
10.907734732251607,11.239991366454161,0.5726349949836731,9.82512378692627,10.50786304473877,14.466696601942598,14.083298489455936,0.030003679178782192,1.082600712776184,0.7321045398712158,barbell biceps curl_12.mp4,48
9.815821131628816,9.846862263069593,0.027448683977127075,7.811086654663086,6.238540172576904,12.433635635159646,11.063843237725544,0.003157364721556378,2.0047433376312256,3.6083173751831055,barbell biceps curl_12.mp4,51
16.85739956021495,13.756948345622636,0.03499835357069969,7.603682041168213,7.705156326293945,11.995902370299738,12.215771893985286,0.20254889793037967,9.253722190856934,6.051783084869385,barbell biceps curl_12.mp4,54
19.349375124482048,44.24186251238828,0.697939932346344,4.2483954429626465,7.167994499206543,9.258541827648994,10.816452047840361,0.7828904834358348,15.100982666015625,37.07386016845703,barbell biceps curl_12.mp4,57
10.665496056223757,152.0893545938267,0.7236474752426147,6.533876895904541,13.257308959960938,11.688182097041258,17.01869604729337,1.7378758049022742,4.131598472595215,14.65333366394043,barbell biceps curl_12.mp4,60
154.71409837714336,176.58000724236217,1.0981450080871582,5.03122615814209,8.012619018554688,10.7853256395441,11.545602888541833,0.13200300575424073,30.317129135131836,11.43267822265625,barbell biceps curl_12.mp4,63
173.4210862705778,179.17718070781584,0.4338357448577881,5.594359874725342,7.540308952331543,10.660346578464113,11.798757729109111,0.032649590065005916,12.173294067382812,6.717244625091553,barbell biceps curl_12.mp4,66
177.59019033620692,179.0416165838932,0.32638734579086304,6.368529796600342,6.716577529907227,11.615318888654405,11.352790895104409,0.00813963432045448,3.9586493968963623,5.758708953857422,barbell biceps curl_12.mp4,69
176.94744751517808,179.4324823467932,0.08048959076404572,6.327494144439697,5.098255157470703,11.268828773258033,9.956470060312332,0.013945986422847006,3.275078296661377,5.666172504425049,barbell biceps curl_12.mp4,72
176.30938533117506,179.42562796334266,0.7004176378250122,5.696968078613281,5.600399017333984,11.31882393469816,9.912346383420555,0.017520022014743987,2.0063469409942627,6.174962520599365,barbell biceps curl_12.mp4,75
178.07247551824267,178.9912815484546,0.6613284945487976,4.9761762619018555,3.9017059803009033,10.829946633255043,8.484315254623974,0.005146453606829093,3.04860520362854,4.910572052001953,barbell biceps curl_12.mp4,78
177.77375321311825,178.62015723825533,0.7500933408737183,4.680216312408447,4.260578632354736,10.808187043689069,9.010879005503234,0.004749823160923843,2.4539215564727783,5.640204429626465,barbell biceps curl_12.mp4,81
177.75014140337836,179.7577166134887,0.6748942732810974,5.091962814331055,5.16862154006958,11.160115160117321,9.948902252157843,0.011230943125259168,2.842090606689453,4.925792217254639,barbell biceps curl_12.mp4,84
177.5928721350423,177.20950233769375,0.019020915031433105,5.159034252166748,2.69663405418396,10.625935170446054,8.236305769104474,0.002161032873121447,2.7519495487213135,5.487032890319824,barbell biceps curl_12.mp4,87
177.553113531492,175.80828944601595,0.06740326434373856,5.4837565422058105,2.45701265335083,10.92693863232677,7.814644675340653,0.009875578208450236,3.0368621349334717,6.6486430168151855,barbell biceps curl_12.mp4,90
178.91736376985102,177.29238455409512,0.6703131794929504,4.8636274337768555,3.615751266479492,10.66606806873092,8.135062959576512,0.00912372119742272,3.7811455726623535,6.323439598083496,barbell biceps curl_12.mp4,93
177.44242750422754,178.29417604666244,0.640476405620575,5.588789463043213,5.726052284240723,11.100443158114826,9.96614381790123,0.004788647184084657,3.031203031539917,4.0202956199646,barbell biceps curl_12.mp4,96
178.7121440139417,178.30199521284788,0.508260190486908,5.752207279205322,6.007600784301758,11.041576144756995,10.318525660518477,0.002297661386644793,4.4643988609313965,4.309600830078125,barbell biceps curl_12.mp4,99
179.36234216929893,178.93982857206862,0.2070172131061554,5.073680877685547,6.361191272735596,10.064114515127558,10.929190425372653,0.0023584205273223897,5.71092414855957,5.301119804382324,barbell biceps curl_12.mp4,102
171.02959342958806,176.99182779667152,0.5471490025520325,3.913813352584839,7.0554656982421875,9.255803232353525,11.292170758677063,0.034263605648614484,12.884233474731445,4.0472612380981445,barbell biceps curl_12.mp4,105
153.46966057340254,176.73343381688554,0.4815109074115753,3.2560417652130127,9.617161750793457,8.578834714736558,13.828356110030596,0.14090584636366893,29.786367416381836,6.3505425453186035,barbell biceps curl_12.mp4,108
126.87356639929834,178.82363677726164,0.43927955627441406,4.5603508949279785,8.531490325927734,9.802169910804075,12.802255731372497,0.3398792650906836,57.68678283691406,9.707853317260742,barbell biceps curl_12.mp4,111
28.796621636136965,36.487919501793314,0.6089419722557068,6.395758152008057,14.463661193847656,11.321920740244902,18.144299290030794,0.23562386229862645,22.400856018066406,50.951576232910156,barbell biceps curl_12.mp4,114
18.475453667344368,159.29218950132656,0.3067638874053955,2.5692121982574463,14.112488746643066,7.325068554898326,18.167030073541298,1.5842785933812638,15.906248092651367,6.595320701599121,barbell biceps curl_12.mp4,117
10.659718875462053,11.96393452477447,0.5171273350715637,5.679468631744385,8.11262321472168,10.798585246164352,12.263036196767192,0.11529664340585959,4.980231761932373,3.8512961864471436,barbell biceps curl_12.mp4,120
171.37185497061952,172.94205876550015,0.1090475469827652,9.59884262084961,7.636169910430908,14.119252519574603,12.406181456715867,0.009120768765005657,0.9706681370735168,0.5782204866409302,barbell biceps curl_13.mp4,0
169.04416512825864,173.40840044163895,0.1295175999403,10.61512279510498,7.574637413024902,15.174008068960166,12.50943191126969,0.025488115740160962,0.3407171666622162,0.9830548763275146,barbell biceps curl_13.mp4,3
168.39504936205094,171.17185049865716,0.2074122428894043,11.585179328918457,8.703497886657715,16.182199451447666,13.762404457887921,0.016354957669580165,0.019790539517998695,0.1246667429804802,barbell biceps curl_13.mp4,6
172.31320931310134,169.19219540938485,0.2725851833820343,11.029291152954102,10.764888763427734,15.245680092531938,15.476113779199496,0.018277976632625672,3.3424882888793945,0.042895954102277756,barbell biceps curl_13.mp4,9
175.04362003856832,167.3558606325253,0.164281964302063,11.95876693725586,13.91482162475586,16.22759972697819,18.351086075967405,0.04490520482668508,7.0023274421691895,1.2706867456436157,barbell biceps curl_13.mp4,12
172.0667690329037,166.5582860552376,0.4952940344810486,11.539340019226074,15.128328323364258,16.602627620874863,19.06606202540714,0.03253440875030514,3.6061058044433594,1.6866328716278076,barbell biceps curl_13.mp4,15
175.5358151851662,163.81466382628952,0.0582214817404747,10.722201347351074,13.286498069763184,15.425684524454423,17.78073552109297,0.06907991639216753,15.186391830444336,2.898864984512329,barbell biceps curl_13.mp4,18
104.25562371059091,5.8211351162560545,0.14843544363975525,10.835762023925781,12.395756721496582,15.436247712659236,17.181528601119155,1.788469966656165,86.58013916015625,18.21687126159668,barbell biceps curl_13.mp4,21
6.258523645053973,45.069371063391834,0.15722058713436127,14.022406578063965,11.678805351257324,18.71162214450752,16.014156758623788,1.5122711593293414,7.763878345489502,33.39056396484375,barbell biceps curl_13.mp4,24
9.717254165794923,130.36172439561008,0.2839621901512146,12.051454544067383,9.926355361938477,16.946683690443184,14.207947602082509,1.7225207018043678,2.3341634273529053,59.56462860107422,barbell biceps curl_13.mp4,27
7.429329255179631,26.626276751036293,0.2556855380535126,11.432007789611816,11.328130722045898,16.251022411341896,15.670066441378545,1.127388394871187,4.002712726593018,15.298142433166504,barbell biceps curl_13.mp4,30
9.118092520911423,20.83057332130397,0.16621392965316772,12.254905700683594,9.58753490447998,17.11784064639069,14.16844743938374,0.7821704554119222,3.136768341064453,11.243040084838867,barbell biceps curl_13.mp4,33
7.5654815381068685,26.365067421632304,0.45684394240379333,11.983704566955566,10.598580360412598,16.977341831781118,14.715240522214499,1.1081215282330021,4.4182610511779785,15.766488075256348,barbell biceps curl_13.mp4,36
7.808589206632531,20.414861277903686,0.17175129055976868,11.644108772277832,9.316551208496094,16.527306896550215,13.901465403121959,0.8933189850885314,3.8355019092559814,11.098312377929688,barbell biceps curl_13.mp4,39
6.200488821997043,15.642960276127612,0.24715030193328857,13.22549819946289,9.772202491760254,17.95848416132749,14.101475961550609,0.86455865204376,7.024951457977295,5.870745658874512,barbell biceps curl_13.mp4,42
7.05418809320438,13.991371971066226,0.3569015860557556,12.638215065002441,8.726469039916992,17.575448791007396,13.027026445503802,0.6592539097725622,5.584052085876465,5.2649006843566895,barbell biceps curl_13.mp4,45
7.105807251673841,11.819716819543341,0.00807730108499527,12.220359802246094,8.480639457702637,16.82787415573596,13.224408290917328,0.49815366276050793,5.114515781402588,3.3391151428222656,barbell biceps curl_13.mp4,48
8.363794838701883,13.820809890527535,0.07618246227502823,11.291543006896973,8.05540657043457,15.911410687448036,12.916955187351272,0.4919641452647329,2.927767038345337,5.7654008865356445,barbell biceps curl_13.mp4,51
7.2744848097698,13.337523092987821,0.2604494094848633,10.08616828918457,7.837803840637207,15.187844874342604,12.557697073825109,0.5883015678843073,2.8116793632507324,5.499701976776123,barbell biceps curl_13.mp4,54
6.94972086552303,14.483337749422596,0.15809549391269684,12.423458099365234,8.502504348754883,16.922906789626516,13.450364420564672,0.7029903682198909,5.4737725257873535,5.9808454513549805,barbell biceps curl_13.mp4,57
6.108076231497295,15.658834703160085,0.03291373699903488,12.259963035583496,9.15546703338623,17.058660797830655,14.009539349216466,0.8775483577190576,6.151827812194824,6.503364086151123,barbell biceps curl_13.mp4,60
5.2800473164390365,14.246202592042083,0.1563064306974411,11.49128246307373,8.554601669311523,16.3523092357963,13.23236275568591,0.9183694070932326,6.211292266845703,5.691607475280762,barbell biceps curl_13.mp4,63
8.171736539219747,15.098307076829176,0.022829126566648483,11.948114395141602,8.278192520141602,16.769595172181184,13.106781442123982,0.5953208040256788,3.776404619216919,6.820098400115967,barbell biceps curl_13.mp4,66
7.605477969238889,13.299720245807164,0.09835553169250488,11.306260108947754,7.6776041984558105,16.07994412227862,12.38836541289407,0.5447680732794937,3.700791358947754,5.622109413146973,barbell biceps curl_13.mp4,69
5.901927247973785,12.846889408454357,0.308117151260376,11.459721565246582,7.97342586517334,16.346692140844716,12.311210979547658,0.7408427195963272,5.557791709899902,4.8734893798828125,barbell biceps curl_13.mp4,72
7.36500439242065,17.969944473168393,0.01769225113093853,14.706181526184082,8.522793769836426,19.29949809191975,13.166990820554698,0.8371787239051274,7.341150760650635,9.447145462036133,barbell biceps curl_13.mp4,75
5.104343144034773,18.74638014395608,0.2563132643699646,9.710553169250488,7.095114231109619,14.633910348398118,11.532064208416852,1.1439516391345876,4.606166839599609,11.651281356811523,barbell biceps curl_13.mp4,78
6.790094281337996,27.76936262498206,0.07435740530490875,11.0738525390625,11.215812683105469,15.600919736900407,15.599141837745623,1.2140971080947447,4.283718585968018,16.553543090820312,barbell biceps curl_13.mp4,81
11.814980868980344,120.22461912164543,0.20419929921627045,10.327231407165527,8.58415699005127,14.697025714507427,13.354492700836847,1.6420776533761339,1.487735629081726,68.35953521728516,barbell biceps curl_13.mp4,84
2.149402497334249,160.19217908964632,0.1617872416973114,11.852994918823242,9.145599365234375,16.987712922797737,13.829742003032967,1.947040001056473,14.002452850341797,28.953426361083984,barbell biceps curl_13.mp4,87
2.677080064521584,51.30083622203426,0.45087260007858276,11.547906875610352,9.972432136535645,17.067122263846425,14.381104634093797,1.8016166426054978,8.870864868164062,41.32840347290039,barbell biceps curl_13.mp4,90
6.276417155955433,8.344614761088273,0.1319122612476349,9.546408653259277,9.42462158203125,14.307965029592756,13.812673170236883,0.28290720065003716,3.270009994506836,1.0800299644470215,barbell biceps curl_13.mp4,93
113.54823500647129,18.776111214366257,0.5200270414352417,9.231437683105469,10.757545471191406,14.461706073413163,14.908859070632756,1.4324215686497903,75.68319702148438,29.533672332763672,barbell biceps curl_13.mp4,96
161.11146982622697,165.41073706633793,0.5825756788253784,9.824846267700195,12.611321449279785,15.106420642225935,16.661283344050354,0.02633368971149669,28.7133731842041,1.9779208898544312,barbell biceps curl_13.mp4,99
174.1723698559512,170.40093201866628,0.5185069441795349,10.447246551513672,12.719202995300293,15.720751926587363,16.84407515121573,0.021890482035414622,4.6195807456970215,3.120152235031128,barbell biceps curl_13.mp4,102
179.66544978309562,164.58503990134642,0.6372747421264648,8.942811012268066,17.19674301147461,13.978342730715143,20.84701808234242,0.08761300467907944,8.607513427734375,1.7817744016647339,barbell biceps curl_13.mp4,105
172.8137286119046,167.35133698793882,0.47081947326660156,9.842702865600586,14.692347526550293,14.73159353020333,18.525499562390646,0.032116123472781956,2.656461000442505,2.0436813831329346,barbell biceps curl_13.mp4,108
172.18382335204862,166.3260885181859,0.28742074966430664,11.633036613464355,13.838964462280273,16.27686158092419,17.76985096977521,0.03460894129509703,3.8168461322784424,0.16506458818912506,barbell biceps curl_13.mp4,111
172.65609863306912,167.47704736243227,0.3474647104740143,10.731325149536133,13.435906410217285,15.54552152286194,17.52441550041878,0.03045308186874175,3.387403726577759,0.9129467010498047,barbell biceps curl_13.mp4,114
172.24111125657345,170.34225019136332,0.03396815434098244,10.104254722595215,9.705513954162598,14.640789185916034,14.132182424439842,0.011085541674788556,2.345341920852661,0.04771079123020172,barbell biceps curl_13.mp4,117
170.9350752601274,171.75483082572518,0.1796426773071289,10.307307243347168,8.8976411819458,15.091015653958243,13.37513245001718,0.004784241094001782,1.2423908710479736,0.6524584293365479,barbell biceps curl_13.mp4,120
172.24523561454367,170.92666892711784,0.5198729634284973,9.16891860961914,9.089461326599121,14.19171471672093,13.104733130972377,0.007684584139758754,1.4141157865524292,0.01617809757590294,barbell biceps curl_13.mp4,123
170.27609134957885,172.3500887863221,0.3790193200111389,9.58200740814209,7.973598957061768,14.56320883657566,12.226403504347902,0.012106473801392528,0.14187660813331604,0.3237025737762451,barbell biceps curl_13.mp4,126
172.42114574010048,174.78872056672424,0.16810911893844604,8.963627815246582,6.803587913513184,13.26477377878639,11.485266645905138,0.013637716299983007,1.384702205657959,1.5922929048538208,barbell biceps curl_13.mp4,129
173.3898324705207,174.91692789571331,0.29493600130081177,8.044641494750977,5.966642379760742,13.073019477783376,10.443667426754667,0.00876868093853199,1.4344006776809692,0.8835796117782593,barbell biceps curl_13.mp4,132
174.92850456780326,174.46940549650287,0.44635018706321716,6.88992166519165,6.471564769744873,12.225629430450137,11.001168464779468,0.0026279440035339064,1.818416714668274,0.9409289360046387,barbell biceps curl_13.mp4,135
176.15885624830196,174.7228852631037,0.1416665017604828,6.269210338592529,5.99625301361084,11.259912365257165,10.761026252843216,0.008184928511884827,2.4279158115386963,0.719100296497345,barbell biceps curl_13.mp4,138
171.37185497061952,172.94205876550015,0.1090475469827652,9.59884262084961,7.636169910430908,14.119252519574603,12.406181456715867,0.009120768765005657,0.9706681370735168,0.5782204866409302,barbell biceps curl_13.mp4,0
169.04416512825864,173.40840044163895,0.1295175999403,10.61512279510498,7.574637413024902,15.174008068960166,12.50943191126969,0.025488115740160962,0.3407171666622162,0.9830548763275146,barbell biceps curl_13.mp4,3
168.39504936205094,171.17185049865716,0.2074122428894043,11.585179328918457,8.703497886657715,16.182199451447666,13.762404457887921,0.016354957669580165,0.019790539517998695,0.1246667429804802,barbell biceps curl_13.mp4,6
172.31320931310134,169.19219540938485,0.2725851833820343,11.029291152954102,10.764888763427734,15.245680092531938,15.476113779199496,0.018277976632625672,3.3424882888793945,0.042895954102277756,barbell biceps curl_13.mp4,9
175.04362003856832,167.3558606325253,0.164281964302063,11.95876693725586,13.91482162475586,16.22759972697819,18.351086075967405,0.04490520482668508,7.0023274421691895,1.2706867456436157,barbell biceps curl_13.mp4,12
172.0667690329037,166.5582860552376,0.4952940344810486,11.539340019226074,15.128328323364258,16.602627620874863,19.06606202540714,0.03253440875030514,3.6061058044433594,1.6866328716278076,barbell biceps curl_13.mp4,15
175.5358151851662,163.81466382628952,0.0582214817404747,10.722201347351074,13.286498069763184,15.425684524454423,17.78073552109297,0.06907991639216753,15.186391830444336,2.898864984512329,barbell biceps curl_13.mp4,18
104.25562371059091,5.8211351162560545,0.14843544363975525,10.835762023925781,12.395756721496582,15.436247712659236,17.181528601119155,1.788469966656165,86.58013916015625,18.21687126159668,barbell biceps curl_13.mp4,21
6.258523645053973,45.069371063391834,0.15722058713436127,14.022406578063965,11.678805351257324,18.71162214450752,16.014156758623788,1.5122711593293414,7.763878345489502,33.39056396484375,barbell biceps curl_13.mp4,24
9.717254165794923,130.36172439561008,0.2839621901512146,12.051454544067383,9.926355361938477,16.946683690443184,14.207947602082509,1.7225207018043678,2.3341634273529053,59.56462860107422,barbell biceps curl_13.mp4,27
7.429329255179631,26.626276751036293,0.2556855380535126,11.432007789611816,11.328130722045898,16.251022411341896,15.670066441378545,1.127388394871187,4.002712726593018,15.298142433166504,barbell biceps curl_13.mp4,30
9.118092520911423,20.83057332130397,0.16621392965316772,12.254905700683594,9.58753490447998,17.11784064639069,14.16844743938374,0.7821704554119222,3.136768341064453,11.243040084838867,barbell biceps curl_13.mp4,33
7.5654815381068685,26.365067421632304,0.45684394240379333,11.983704566955566,10.598580360412598,16.977341831781118,14.715240522214499,1.1081215282330021,4.4182610511779785,15.766488075256348,barbell biceps curl_13.mp4,36
7.808589206632531,20.414861277903686,0.17175129055976868,11.644108772277832,9.316551208496094,16.527306896550215,13.901465403121959,0.8933189850885314,3.8355019092559814,11.098312377929688,barbell biceps curl_13.mp4,39
6.200488821997043,15.642960276127612,0.24715030193328857,13.22549819946289,9.772202491760254,17.95848416132749,14.101475961550609,0.86455865204376,7.024951457977295,5.870745658874512,barbell biceps curl_13.mp4,42
7.05418809320438,13.991371971066226,0.3569015860557556,12.638215065002441,8.726469039916992,17.575448791007396,13.027026445503802,0.6592539097725622,5.584052085876465,5.2649006843566895,barbell biceps curl_13.mp4,45
7.105807251673841,11.819716819543341,0.00807730108499527,12.220359802246094,8.480639457702637,16.82787415573596,13.224408290917328,0.49815366276050793,5.114515781402588,3.3391151428222656,barbell biceps curl_13.mp4,48
8.363794838701883,13.820809890527535,0.07618246227502823,11.291543006896973,8.05540657043457,15.911410687448036,12.916955187351272,0.4919641452647329,2.927767038345337,5.7654008865356445,barbell biceps curl_13.mp4,51
7.2744848097698,13.337523092987821,0.2604494094848633,10.08616828918457,7.837803840637207,15.187844874342604,12.557697073825109,0.5883015678843073,2.8116793632507324,5.499701976776123,barbell biceps curl_13.mp4,54
6.94972086552303,14.483337749422596,0.15809549391269684,12.423458099365234,8.502504348754883,16.922906789626516,13.450364420564672,0.7029903682198909,5.4737725257873535,5.9808454513549805,barbell biceps curl_13.mp4,57
6.108076231497295,15.658834703160085,0.03291373699903488,12.259963035583496,9.15546703338623,17.058660797830655,14.009539349216466,0.8775483577190576,6.151827812194824,6.503364086151123,barbell biceps curl_13.mp4,60
5.2800473164390365,14.246202592042083,0.1563064306974411,11.49128246307373,8.554601669311523,16.3523092357963,13.23236275568591,0.9183694070932326,6.211292266845703,5.691607475280762,barbell biceps curl_13.mp4,63
8.171736539219747,15.098307076829176,0.022829126566648483,11.948114395141602,8.278192520141602,16.769595172181184,13.106781442123982,0.5953208040256788,3.776404619216919,6.820098400115967,barbell biceps curl_13.mp4,66
7.605477969238889,13.299720245807164,0.09835553169250488,11.306260108947754,7.6776041984558105,16.07994412227862,12.38836541289407,0.5447680732794937,3.700791358947754,5.622109413146973,barbell biceps curl_13.mp4,69
5.901927247973785,12.846889408454357,0.308117151260376,11.459721565246582,7.97342586517334,16.346692140844716,12.311210979547658,0.7408427195963272,5.557791709899902,4.8734893798828125,barbell biceps curl_13.mp4,72
7.36500439242065,17.969944473168393,0.01769225113093853,14.706181526184082,8.522793769836426,19.29949809191975,13.166990820554698,0.8371787239051274,7.341150760650635,9.447145462036133,barbell biceps curl_13.mp4,75
5.104343144034773,18.74638014395608,0.2563132643699646,9.710553169250488,7.095114231109619,14.633910348398118,11.532064208416852,1.1439516391345876,4.606166839599609,11.651281356811523,barbell biceps curl_13.mp4,78
6.790094281337996,27.76936262498206,0.07435740530490875,11.0738525390625,11.215812683105469,15.600919736900407,15.599141837745623,1.2140971080947447,4.283718585968018,16.553543090820312,barbell biceps curl_13.mp4,81
11.814980868980344,120.22461912164543,0.20419929921627045,10.327231407165527,8.58415699005127,14.697025714507427,13.354492700836847,1.6420776533761339,1.487735629081726,68.35953521728516,barbell biceps curl_13.mp4,84
2.149402497334249,160.19217908964632,0.1617872416973114,11.852994918823242,9.145599365234375,16.987712922797737,13.829742003032967,1.947040001056473,14.002452850341797,28.953426361083984,barbell biceps curl_13.mp4,87
2.677080064521584,51.30083622203426,0.45087260007858276,11.547906875610352,9.972432136535645,17.067122263846425,14.381104634093797,1.8016166426054978,8.870864868164062,41.32840347290039,barbell biceps curl_13.mp4,90
6.276417155955433,8.344614761088273,0.1319122612476349,9.546408653259277,9.42462158203125,14.307965029592756,13.812673170236883,0.28290720065003716,3.270009994506836,1.0800299644470215,barbell biceps curl_13.mp4,93
113.54823500647129,18.776111214366257,0.5200270414352417,9.231437683105469,10.757545471191406,14.461706073413163,14.908859070632756,1.4324215686497903,75.68319702148438,29.533672332763672,barbell biceps curl_13.mp4,96
161.11146982622697,165.41073706633793,0.5825756788253784,9.824846267700195,12.611321449279785,15.106420642225935,16.661283344050354,0.02633368971149669,28.7133731842041,1.9779208898544312,barbell biceps curl_13.mp4,99
174.1723698559512,170.40093201866628,0.5185069441795349,10.447246551513672,12.719202995300293,15.720751926587363,16.84407515121573,0.021890482035414622,4.6195807456970215,3.120152235031128,barbell biceps curl_13.mp4,102
179.66544978309562,164.58503990134642,0.6372747421264648,8.942811012268066,17.19674301147461,13.978342730715143,20.84701808234242,0.08761300467907944,8.607513427734375,1.7817744016647339,barbell biceps curl_13.mp4,105
172.8137286119046,167.35133698793882,0.47081947326660156,9.842702865600586,14.692347526550293,14.73159353020333,18.525499562390646,0.032116123472781956,2.656461000442505,2.0436813831329346,barbell biceps curl_13.mp4,108
172.18382335204862,166.3260885181859,0.28742074966430664,11.633036613464355,13.838964462280273,16.27686158092419,17.76985096977521,0.03460894129509703,3.8168461322784424,0.16506458818912506,barbell biceps curl_13.mp4,111
172.65609863306912,167.47704736243227,0.3474647104740143,10.731325149536133,13.435906410217285,15.54552152286194,17.52441550041878,0.03045308186874175,3.387403726577759,0.9129467010498047,barbell biceps curl_13.mp4,114
172.24111125657345,170.34225019136332,0.03396815434098244,10.104254722595215,9.705513954162598,14.640789185916034,14.132182424439842,0.011085541674788556,2.345341920852661,0.04771079123020172,barbell biceps curl_13.mp4,117
170.9350752601274,171.75483082572518,0.1796426773071289,10.307307243347168,8.8976411819458,15.091015653958243,13.37513245001718,0.004784241094001782,1.2423908710479736,0.6524584293365479,barbell biceps curl_13.mp4,120
172.24523561454367,170.92666892711784,0.5198729634284973,9.16891860961914,9.089461326599121,14.19171471672093,13.104733130972377,0.007684584139758754,1.4141157865524292,0.01617809757590294,barbell biceps curl_13.mp4,123
170.27609134957885,172.3500887863221,0.3790193200111389,9.58200740814209,7.973598957061768,14.56320883657566,12.226403504347902,0.012106473801392528,0.14187660813331604,0.3237025737762451,barbell biceps curl_13.mp4,126
172.42114574010048,174.78872056672424,0.16810911893844604,8.963627815246582,6.803587913513184,13.26477377878639,11.485266645905138,0.013637716299983007,1.384702205657959,1.5922929048538208,barbell biceps curl_13.mp4,129
173.3898324705207,174.91692789571331,0.29493600130081177,8.044641494750977,5.966642379760742,13.073019477783376,10.443667426754667,0.00876868093853199,1.4344006776809692,0.8835796117782593,barbell biceps curl_13.mp4,132
174.92850456780326,174.46940549650287,0.44635018706321716,6.88992166519165,6.471564769744873,12.225629430450137,11.001168464779468,0.0026279440035339064,1.818416714668274,0.9409289360046387,barbell biceps curl_13.mp4,135
176.15885624830196,174.7228852631037,0.1416665017604828,6.269210338592529,5.99625301361084,11.259912365257165,10.761026252843216,0.008184928511884827,2.4279158115386963,0.719100296497345,barbell biceps curl_13.mp4,138
160.44191205154019,174.0418782982402,0.1669618785381317,9.82882308959961,2.1881508827209473,13.019479324496803,5.215376153099931,0.0813191349720002,9.729272842407227,8.146251678466797,barbell biceps curl_14.mp4,0
161.27106553302275,173.67767409296437,1.7038742303848267,7.460001468658447,3.5508627891540527,12.897813904025634,5.802586228011691,0.0740806403618367,11.268929481506348,9.873173713684082,barbell biceps curl_14.mp4,3
158.84438470276356,168.12588719485117,1.6824655532836914,6.992542743682861,4.153315544128418,12.226161611439327,6.316896480079127,0.05677276064408668,14.16308879852295,16.027442932128906,barbell biceps curl_14.mp4,6
154.2279520345896,169.16207719049052,2.035195827484131,8.061040878295898,6.816971302032471,13.558730212971529,8.447106282356213,0.09235983676854015,17.71100425720215,17.654924392700195,barbell biceps curl_14.mp4,9
145.07125699147878,159.85196667315245,2.9337711334228516,6.612357139587402,8.956635475158691,13.62915656172991,10.502472779162595,0.09694709051043081,28.316387176513672,29.104650497436523,barbell biceps curl_14.mp4,12
133.65059398008344,149.63133466183407,0.3397044539451599,6.124872207641602,11.64295482635498,9.335404441162572,14.202074676735984,0.11282569811893003,40.22452926635742,42.011619567871094,barbell biceps curl_14.mp4,15
84.17735878982485,117.40573280577024,3.1535165309906006,6.166918754577637,16.757099151611328,6.365287259411363,23.182587451943736,0.32967421774249134,89.65571594238281,79.35136413574219,barbell biceps curl_14.mp4,18
62.08665809928545,96.17754717185622,13.644221305847168,13.829131126403809,17.448179244995117,4.471111790498407,35.138471050724874,0.43080984754784596,75.91578674316406,78.72936248779297,barbell biceps curl_14.mp4,21
37.59976201344755,52.529786365752834,6.830289840698242,10.304792404174805,16.165504455566406,6.024019682147117,25.691964837786816,0.3313014348965883,47.90454864501953,36.364280700683594,barbell biceps curl_14.mp4,24
25.70880149831368,24.86256775562406,4.867794990539551,23.73457908630371,10.229402542114258,21.713534979757423,18.200560936043455,0.03346691043465183,49.44338607788086,14.63317584991455,barbell biceps curl_14.mp4,27
12.250054000807081,22.05552390752963,0.6501505374908447,11.208044052124023,11.194256782531738,15.001691859103552,16.718243330925727,0.571654553257923,23.458080291748047,10.861270904541016,barbell biceps curl_14.mp4,30
9.341066016241673,20.84961854075184,5.7645087242126465,11.785833358764648,9.635614395141602,9.095609481317839,18.710323363861452,0.7623909622045502,21.126909255981445,11.214011192321777,barbell biceps curl_14.mp4,33
6.785500080262671,22.986437925923134,1.0913643836975098,9.483695030212402,8.228094100952148,12.004607807756331,13.25783617414379,1.0883361266098528,16.269166946411133,14.758325576782227,barbell biceps curl_14.mp4,36
39.149440635899516,29.165724572538135,1.6445897817611694,14.67990779876709,11.439754486083984,16.822517658231487,17.246174902015586,0.29228403482301135,53.829349517822266,17.725975036621094,barbell biceps curl_14.mp4,39
22.371246400601628,23.381200423386133,1.442054033279419,7.061183452606201,8.250529289245605,11.691704804105658,10.313624566687446,0.0441486343526,29.43243408203125,15.1306734085083,barbell biceps curl_14.mp4,42
43.44583842515188,47.05632074598945,2.739534616470337,4.153281211853027,12.019092559814453,9.738375185510938,12.334157797777333,0.07978776095297538,47.599117279052734,35.03722381591797,barbell biceps curl_14.mp4,45
59.923993160622516,75.94069391050459,2.121840476989746,4.64449405670166,8.333005905151367,10.042163873778279,9.662064479798433,0.2357743000798597,64.56848907470703,67.60768127441406,barbell biceps curl_14.mp4,48
114.85236289225526,124.67227108885541,1.8801302909851074,3.1733217239379883,8.925580024719238,8.535042087927822,10.699652941815492,0.0819949750752949,61.97431182861328,64.25330352783203,barbell biceps curl_14.mp4,51
146.15780576051802,149.61414071668256,1.8182611465454102,6.544066905975342,8.379063606262207,11.892206871522157,10.336203858797075,0.023371621259766565,27.298133850097656,38.76491928100586,barbell biceps curl_14.mp4,54
155.73833060418352,164.3659332262198,1.0311065912246704,6.344803333282471,8.324170112609863,11.035636706560132,11.218490830591355,0.053904952835038336,17.916854858398438,23.958213806152344,barbell biceps curl_14.mp4,57
160.47252952509888,165.69490956619663,1.4332226514816284,4.005455493927002,5.795269012451172,9.189770098735066,8.296282611896649,0.032022693961404204,15.522019386291504,20.100366592407227,barbell biceps curl_14.mp4,60
160.8654321671625,169.6838959929237,0.7954708933830261,5.150419235229492,4.152223110198975,9.702533545463867,7.292586649422626,0.053356416573869934,13.984145164489746,14.468338966369629,barbell biceps curl_14.mp4,63
165.1135235854671,176.51069481560233,1.0094060897827148,5.951745510101318,4.849732875823975,10.130887797771964,7.217788620328154,0.06672343830585724,8.934715270996094,8.339109420776367,barbell biceps curl_14.mp4,66
160.44191205154019,174.0418782982402,0.1669618785381317,9.82882308959961,2.1881508827209473,13.019479324496803,5.215376153099931,0.0813191349720002,9.729272842407227,8.146251678466797,barbell biceps curl_14.mp4,0
161.27106553302275,173.67767409296437,1.7038742303848267,7.460001468658447,3.5508627891540527,12.897813904025634,5.802586228011691,0.0740806403618367,11.268929481506348,9.873173713684082,barbell biceps curl_14.mp4,3
158.84438470276356,168.12588719485117,1.6824655532836914,6.992542743682861,4.153315544128418,12.226161611439327,6.316896480079127,0.05677276064408668,14.16308879852295,16.027442932128906,barbell biceps curl_14.mp4,6
154.2279520345896,169.16207719049052,2.035195827484131,8.061040878295898,6.816971302032471,13.558730212971529,8.447106282356213,0.09235983676854015,17.71100425720215,17.654924392700195,barbell biceps curl_14.mp4,9
145.07125699147878,159.85196667315245,2.9337711334228516,6.612357139587402,8.956635475158691,13.62915656172991,10.502472779162595,0.09694709051043081,28.316387176513672,29.104650497436523,barbell biceps curl_14.mp4,12
133.65059398008344,149.63133466183407,0.3397044539451599,6.124872207641602,11.64295482635498,9.335404441162572,14.202074676735984,0.11282569811893003,40.22452926635742,42.011619567871094,barbell biceps curl_14.mp4,15
84.17735878982485,117.40573280577024,3.1535165309906006,6.166918754577637,16.757099151611328,6.365287259411363,23.182587451943736,0.32967421774249134,89.65571594238281,79.35136413574219,barbell biceps curl_14.mp4,18
62.08665809928545,96.17754717185622,13.644221305847168,13.829131126403809,17.448179244995117,4.471111790498407,35.138471050724874,0.43080984754784596,75.91578674316406,78.72936248779297,barbell biceps curl_14.mp4,21
37.59976201344755,52.529786365752834,6.830289840698242,10.304792404174805,16.165504455566406,6.024019682147117,25.691964837786816,0.3313014348965883,47.90454864501953,36.364280700683594,barbell biceps curl_14.mp4,24
25.70880149831368,24.86256775562406,4.867794990539551,23.73457908630371,10.229402542114258,21.713534979757423,18.200560936043455,0.03346691043465183,49.44338607788086,14.63317584991455,barbell biceps curl_14.mp4,27
12.250054000807081,22.05552390752963,0.6501505374908447,11.208044052124023,11.194256782531738,15.001691859103552,16.718243330925727,0.571654553257923,23.458080291748047,10.861270904541016,barbell biceps curl_14.mp4,30
9.341066016241673,20.84961854075184,5.7645087242126465,11.785833358764648,9.635614395141602,9.095609481317839,18.710323363861452,0.7623909622045502,21.126909255981445,11.214011192321777,barbell biceps curl_14.mp4,33
6.785500080262671,22.986437925923134,1.0913643836975098,9.483695030212402,8.228094100952148,12.004607807756331,13.25783617414379,1.0883361266098528,16.269166946411133,14.758325576782227,barbell biceps curl_14.mp4,36
39.149440635899516,29.165724572538135,1.6445897817611694,14.67990779876709,11.439754486083984,16.822517658231487,17.246174902015586,0.29228403482301135,53.829349517822266,17.725975036621094,barbell biceps curl_14.mp4,39
22.371246400601628,23.381200423386133,1.442054033279419,7.061183452606201,8.250529289245605,11.691704804105658,10.313624566687446,0.0441486343526,29.43243408203125,15.1306734085083,barbell biceps curl_14.mp4,42
43.44583842515188,47.05632074598945,2.739534616470337,4.153281211853027,12.019092559814453,9.738375185510938,12.334157797777333,0.07978776095297538,47.599117279052734,35.03722381591797,barbell biceps curl_14.mp4,45
59.923993160622516,75.94069391050459,2.121840476989746,4.64449405670166,8.333005905151367,10.042163873778279,9.662064479798433,0.2357743000798597,64.56848907470703,67.60768127441406,barbell biceps curl_14.mp4,48
114.85236289225526,124.67227108885541,1.8801302909851074,3.1733217239379883,8.925580024719238,8.535042087927822,10.699652941815492,0.0819949750752949,61.97431182861328,64.25330352783203,barbell biceps curl_14.mp4,51
146.15780576051802,149.61414071668256,1.8182611465454102,6.544066905975342,8.379063606262207,11.892206871522157,10.336203858797075,0.023371621259766565,27.298133850097656,38.76491928100586,barbell biceps curl_14.mp4,54
155.73833060418352,164.3659332262198,1.0311065912246704,6.344803333282471,8.324170112609863,11.035636706560132,11.218490830591355,0.053904952835038336,17.916854858398438,23.958213806152344,barbell biceps curl_14.mp4,57
160.47252952509888,165.69490956619663,1.4332226514816284,4.005455493927002,5.795269012451172,9.189770098735066,8.296282611896649,0.032022693961404204,15.522019386291504,20.100366592407227,barbell biceps curl_14.mp4,60
160.8654321671625,169.6838959929237,0.7954708933830261,5.150419235229492,4.152223110198975,9.702533545463867,7.292586649422626,0.053356416573869934,13.984145164489746,14.468338966369629,barbell biceps curl_14.mp4,63
165.1135235854671,176.51069481560233,1.0094060897827148,5.951745510101318,4.849732875823975,10.130887797771964,7.217788620328154,0.06672343830585724,8.934715270996094,8.339109420776367,barbell biceps curl_14.mp4,66
166.5254315223375,176.81906106595258,1.9223583936691284,4.64898157119751,3.8315439224243164,10.107465615676421,5.627721161049137,0.05996094165377127,8.825602531433105,7.012417793273926,barbell biceps curl_15.mp4,0
164.39431900633213,170.68120001642922,1.1699625253677368,5.7913360595703125,3.9649276733398438,10.32807331916825,6.363931758499879,0.03752515867725943,9.814348220825195,13.28374195098877,barbell biceps curl_15.mp4,3
162.0901041594626,162.8685199296395,1.2594486474990845,5.422779560089111,3.688011646270752,10.004117195940525,5.896311696042761,0.004790860820259011,12.487106323242188,20.819507598876953,barbell biceps curl_15.mp4,6
156.47717784419407,155.29184547994143,0.8074118494987488,6.271339416503906,5.650864124298096,10.600810650930525,8.551019579665322,0.007603913638464945,17.251482009887695,30.359024047851562,barbell biceps curl_15.mp4,9
134.4336266127362,122.17090473907422,0.9265265464782715,3.799823045730591,9.090730667114258,8.22275409425184,11.823617570843101,0.09557681471220408,41.76654815673828,66.9198226928711,barbell biceps curl_15.mp4,12
70.74785008544985,79.1026373787166,2.309109687805176,4.469155788421631,9.910198211669922,10.076848405983933,11.005748923849595,0.11150830984469913,75.21700286865234,69.19243621826172,barbell biceps curl_15.mp4,15
42.4801814048213,53.3797978239881,2.0293219089508057,3.5512566566467285,11.550424575805664,8.125548740139656,12.229805631984018,0.22740702651625583,46.03144073486328,41.82936477661133,barbell biceps curl_15.mp4,18
16.81564853525753,30.88991209695893,1.7983253002166748,10.15243911743164,13.385211944580078,14.275066859334377,14.081698445100887,0.5900470878104213,26.968082427978516,17.50469398498535,barbell biceps curl_15.mp4,21
14.337079902735418,18.64371349024804,1.5781309604644775,4.354933261871338,10.935674667358398,8.792697677738333,12.42592464584805,0.26116009619276426,18.692014694213867,7.708012580871582,barbell biceps curl_15.mp4,24
10.295334783810777,21.784667644565893,1.7531213760375977,2.285141706466675,4.688847541809082,7.176628088030552,6.15988412742036,0.7162925181447066,12.580480575561523,26.4735107421875,barbell biceps curl_15.mp4,27
15.297154451775613,14.384830412654281,1.0777610540390015,1.9000859260559082,6.205095291137695,6.248804789122186,8.496713117116906,0.06147325007328852,17.197254180908203,8.179729461669922,barbell biceps curl_15.mp4,30
18.140723867297286,22.354021357043745,0.8531016111373901,3.2535805702209473,10.737382888793945,6.913641664978727,12.80763340476197,0.2080910728740125,21.39432144165039,11.6166353225708,barbell biceps curl_15.mp4,33
22.02252316375887,37.31002122024151,1.6706016063690186,6.994723320007324,11.33393669128418,11.116094940469923,12.35430160216212,0.5153157753539749,29.017244338989258,25.97608184814453,barbell biceps curl_15.mp4,36
46.242264585325664,58.85276308743478,1.440496563911438,1.8638921976089478,13.464508056640625,3.2385773544419356,17.709741114460677,0.23998278094326303,48.10615539550781,45.38825225830078,barbell biceps curl_15.mp4,39
65.15761408919377,72.85213839802991,1.356833815574646,5.325761795043945,8.221936225891113,9.87041836174648,10.239868135417675,0.11150696483639387,70.4833755493164,64.63019561767578,barbell biceps curl_15.mp4,42
92.27654199984177,122.77663497651949,1.7609614133834839,1.0912033319473267,16.68868064880371,6.621372281613621,18.793885691670383,0.2836516382181167,86.63224792480469,73.91204071044922,barbell biceps curl_15.mp4,45
145.2817063817021,140.43053716545612,1.2916641235351562,4.313596725463867,9.520174026489258,8.801585074603024,11.558972536853744,0.03395842723446515,30.40469741821289,49.08963394165039,barbell biceps curl_15.mp4,48
159.41269944317895,155.55465024819168,1.0830696821212769,3.545429229736328,7.588042736053467,8.091627717754726,10.134246086997953,0.024498089714808147,17.041881561279297,32.03339767456055,barbell biceps curl_15.mp4,51
162.06439116703027,160.20110004667012,2.5032927989959717,2.428363800048828,7.880545616149902,8.174018707989655,8.87309695588699,0.011563702420279069,15.507274627685547,27.6794376373291,barbell biceps curl_15.mp4,54
166.95600065642063,164.6202826877063,2.1078009605407715,1.9070965051651,5.959986686706543,7.313729621771359,7.448795599314709,0.014088570781705795,11.136895179748535,21.33969497680664,barbell biceps curl_15.mp4,57
169.81282675469103,175.04654595668197,1.4956107139587402,1.5584726333618164,5.600158214569092,6.575753375993563,7.835063201790018,0.03035277342669907,8.628678321838379,10.553601264953613,barbell biceps curl_15.mp4,60
171.51649493285046,173.01680065900797,1.058388352394104,0.9704710245132446,4.984082221984863,5.572497195076803,7.689292412830843,0.00870920602074292,7.513084888458252,11.967312812805176,barbell biceps curl_15.mp4,63
166.5254315223375,176.81906106595258,1.9223583936691284,4.64898157119751,3.8315439224243164,10.107465615676421,5.627721161049137,0.05996094165377127,8.825602531433105,7.012417793273926,barbell biceps curl_15.mp4,0
164.39431900633213,170.68120001642922,1.1699625253677368,5.7913360595703125,3.9649276733398438,10.32807331916825,6.363931758499879,0.03752515867725943,9.814348220825195,13.28374195098877,barbell biceps curl_15.mp4,3
162.0901041594626,162.8685199296395,1.2594486474990845,5.422779560089111,3.688011646270752,10.004117195940525,5.896311696042761,0.004790860820259011,12.487106323242188,20.819507598876953,barbell biceps curl_15.mp4,6
156.47717784419407,155.29184547994143,0.8074118494987488,6.271339416503906,5.650864124298096,10.600810650930525,8.551019579665322,0.007603913638464945,17.251482009887695,30.359024047851562,barbell biceps curl_15.mp4,9
134.4336266127362,122.17090473907422,0.9265265464782715,3.799823045730591,9.090730667114258,8.22275409425184,11.823617570843101,0.09557681471220408,41.76654815673828,66.9198226928711,barbell biceps curl_15.mp4,12
70.74785008544985,79.1026373787166,2.309109687805176,4.469155788421631,9.910198211669922,10.076848405983933,11.005748923849595,0.11150830984469913,75.21700286865234,69.19243621826172,barbell biceps curl_15.mp4,15
42.4801814048213,53.3797978239881,2.0293219089508057,3.5512566566467285,11.550424575805664,8.125548740139656,12.229805631984018,0.22740702651625583,46.03144073486328,41.82936477661133,barbell biceps curl_15.mp4,18
16.81564853525753,30.88991209695893,1.7983253002166748,10.15243911743164,13.385211944580078,14.275066859334377,14.081698445100887,0.5900470878104213,26.968082427978516,17.50469398498535,barbell biceps curl_15.mp4,21
14.337079902735418,18.64371349024804,1.5781309604644775,4.354933261871338,10.935674667358398,8.792697677738333,12.42592464584805,0.26116009619276426,18.692014694213867,7.708012580871582,barbell biceps curl_15.mp4,24
10.295334783810777,21.784667644565893,1.7531213760375977,2.285141706466675,4.688847541809082,7.176628088030552,6.15988412742036,0.7162925181447066,12.580480575561523,26.4735107421875,barbell biceps curl_15.mp4,27
15.297154451775613,14.384830412654281,1.0777610540390015,1.9000859260559082,6.205095291137695,6.248804789122186,8.496713117116906,0.06147325007328852,17.197254180908203,8.179729461669922,barbell biceps curl_15.mp4,30
18.140723867297286,22.354021357043745,0.8531016111373901,3.2535805702209473,10.737382888793945,6.913641664978727,12.80763340476197,0.2080910728740125,21.39432144165039,11.6166353225708,barbell biceps curl_15.mp4,33
22.02252316375887,37.31002122024151,1.6706016063690186,6.994723320007324,11.33393669128418,11.116094940469923,12.35430160216212,0.5153157753539749,29.017244338989258,25.97608184814453,barbell biceps curl_15.mp4,36
46.242264585325664,58.85276308743478,1.440496563911438,1.8638921976089478,13.464508056640625,3.2385773544419356,17.709741114460677,0.23998278094326303,48.10615539550781,45.38825225830078,barbell biceps curl_15.mp4,39
65.15761408919377,72.85213839802991,1.356833815574646,5.325761795043945,8.221936225891113,9.87041836174648,10.239868135417675,0.11150696483639387,70.4833755493164,64.63019561767578,barbell biceps curl_15.mp4,42
92.27654199984177,122.77663497651949,1.7609614133834839,1.0912033319473267,16.68868064880371,6.621372281613621,18.793885691670383,0.2836516382181167,86.63224792480469,73.91204071044922,barbell biceps curl_15.mp4,45
145.2817063817021,140.43053716545612,1.2916641235351562,4.313596725463867,9.520174026489258,8.801585074603024,11.558972536853744,0.03395842723446515,30.40469741821289,49.08963394165039,barbell biceps curl_15.mp4,48
159.41269944317895,155.55465024819168,1.0830696821212769,3.545429229736328,7.588042736053467,8.091627717754726,10.134246086997953,0.024498089714808147,17.041881561279297,32.03339767456055,barbell biceps curl_15.mp4,51
162.06439116703027,160.20110004667012,2.5032927989959717,2.428363800048828,7.880545616149902,8.174018707989655,8.87309695588699,0.011563702420279069,15.507274627685547,27.6794376373291,barbell biceps curl_15.mp4,54
166.95600065642063,164.6202826877063,2.1078009605407715,1.9070965051651,5.959986686706543,7.313729621771359,7.448795599314709,0.014088570781705795,11.136895179748535,21.33969497680664,barbell biceps curl_15.mp4,57
169.81282675469103,175.04654595668197,1.4956107139587402,1.5584726333618164,5.600158214569092,6.575753375993563,7.835063201790018,0.03035277342669907,8.628678321838379,10.553601264953613,barbell biceps curl_15.mp4,60
171.51649493285046,173.01680065900797,1.058388352394104,0.9704710245132446,4.984082221984863,5.572497195076803,7.689292412830843,0.00870920602074292,7.513084888458252,11.967312812805176,barbell biceps curl_15.mp4,63
170.61828736550078,172.6532404628716,1.3392555713653564,1.403404951095581,5.11188268661499,6.364239852135585,7.576445793563048,0.011856230024345306,7.978315353393555,12.458645820617676,barbell biceps curl_16.mp4,0
169.9388759631567,174.137561044259,1.4450637102127075,1.6548306941986084,5.677982330322266,6.562021077629559,7.899135642462016,0.02440553684884737,8.406285285949707,11.54039192199707,barbell biceps curl_16.mp4,3
163.0789352796162,163.72814704846684,1.9436860084533691,3.721813440322876,6.002833366394043,9.008654654554864,7.632009348494075,0.003973058137087138,13.199275016784668,22.274715423583984,barbell biceps curl_16.mp4,6
156.60500007700423,161.04638336361515,1.0222631692886353,5.183005332946777,7.0874433517456055,9.587530875962939,9.601504794309989,0.027963884422629447,18.211999893188477,26.04104995727539,barbell biceps curl_16.mp4,9
137.86200850582966,138.17340033831192,1.1943230628967285,5.298336029052734,8.004590034484863,9.761908516855748,10.323557850701048,0.0022561731031983624,36.839656829833984,49.83118438720703,barbell biceps curl_16.mp4,12
69.33013525695482,83.12925790691885,0.5064821839332581,4.02384090423584,11.252764701843262,8.159016867860533,14.582536654709019,0.1810203013878168,73.35397338867188,71.8764877319336,barbell biceps curl_16.mp4,15
38.833758900785085,54.02566607110295,1.3849587440490723,4.941958904266357,9.983736038208008,9.425606042508251,11.83276435776622,0.3272022667578872,43.77572250366211,44.041927337646484,barbell biceps curl_16.mp4,18
44.67946043285983,33.96512705818189,0.31160759925842285,10.191678047180176,10.23604965209961,12.85791276385382,12.537874937451464,0.2724747809478532,54.87113952636719,23.729080200195312,barbell biceps curl_16.mp4,21
20.354770278700062,26.83633453735371,0.08481625467538834,12.472175598144531,10.469039916992188,14.850915372445263,13.197256087245691,0.274694321479361,32.826942443847656,16.367290496826172,barbell biceps curl_16.mp4,24
11.24694491512604,13.769939019684433,0.4559100866317749,5.930176734924316,10.004154205322266,8.336445249327786,13.298205937109783,0.20170330654552057,17.177125930786133,3.7657830715179443,barbell biceps curl_16.mp4,27
25.105524967468526,21.227471861451214,0.4430101215839386,6.313070297241211,7.481376647949219,9.250791008989886,9.821288371658236,0.16739919156693708,31.418598175048828,13.74608039855957,barbell biceps curl_16.mp4,30
26.587754158849148,28.06037162046017,1.052520513534546,14.985116958618164,10.766036033630371,17.673814201309597,11.478970421178678,0.053894527602210286,41.572879791259766,17.294340133666992,barbell biceps curl_16.mp4,33
55.54030533132469,49.44750124642395,0.8752127289772034,0.3167446255683899,12.677303314208984,2.4208305930179286,13.81928014534472,0.11606688973711857,55.22355651855469,36.77019119262695,barbell biceps curl_16.mp4,36
56.84517446961828,64.95171823420074,1.302148461341858,3.7559707164764404,10.231337547302246,7.833484786500959,11.842536551872666,0.13311577306484562,60.60114288330078,54.72037887573242,barbell biceps curl_16.mp4,39
68.59537689309718,102.37807433380843,1.4397639036178589,3.8867671489715576,10.65707015991211,8.401019511691896,12.364975404841209,0.39518062246841934,72.48213958740234,88.27899169921875,barbell biceps curl_16.mp4,42
134.11188864866216,128.3775549317811,1.3493034839630127,3.72816801071167,11.42892074584961,8.341249037085275,13.42104229681951,0.043691918719951824,42.159942626953125,63.05135726928711,barbell biceps curl_16.mp4,45
149.2573480699871,153.27133148849515,3.5503597259521484,5.9719743728637695,9.017990112304688,12.87997760954791,8.95953651724087,0.026536217487652097,24.77066993713379,35.74666213989258,barbell biceps curl_16.mp4,48
156.83028989829606,163.62252786523538,3.2180466651916504,3.9315099716186523,8.485905647277832,10.9769107336076,9.174575163389907,0.042391500966307324,19.23819923400879,24.86338996887207,barbell biceps curl_16.mp4,51
164.758242534904,168.10507555928754,2.9556379318237305,4.711280345916748,8.596338272094727,10.87482115542347,9.045743235566427,0.020109353253736795,10.530524253845215,20.491287231445312,barbell biceps curl_16.mp4,54
168.17466583382483,172.30588511332394,2.627349615097046,3.623296022415161,7.351969242095947,9.841329168455394,8.503736766523092,0.024266991274578712,8.202021598815918,15.0460844039917,barbell biceps curl_16.mp4,57
170.2322722802945,174.44144713318977,1.9738829135894775,3.5947868824005127,6.931865215301514,8.72415748895811,8.228077201066068,0.024424112520431418,6.172964096069336,12.4904146194458,barbell biceps curl_16.mp4,60
170.61828736550078,172.6532404628716,1.3392555713653564,1.403404951095581,5.11188268661499,6.364239852135585,7.576445793563048,0.011856230024345306,7.978315353393555,12.458645820617676,barbell biceps curl_16.mp4,0
169.9388759631567,174.137561044259,1.4450637102127075,1.6548306941986084,5.677982330322266,6.562021077629559,7.899135642462016,0.02440553684884737,8.406285285949707,11.54039192199707,barbell biceps curl_16.mp4,3
163.0789352796162,163.72814704846684,1.9436860084533691,3.721813440322876,6.002833366394043,9.008654654554864,7.632009348494075,0.003973058137087138,13.199275016784668,22.274715423583984,barbell biceps curl_16.mp4,6
156.60500007700423,161.04638336361515,1.0222631692886353,5.183005332946777,7.0874433517456055,9.587530875962939,9.601504794309989,0.027963884422629447,18.211999893188477,26.04104995727539,barbell biceps curl_16.mp4,9
137.86200850582966,138.17340033831192,1.1943230628967285,5.298336029052734,8.004590034484863,9.761908516855748,10.323557850701048,0.0022561731031983624,36.839656829833984,49.83118438720703,barbell biceps curl_16.mp4,12
69.33013525695482,83.12925790691885,0.5064821839332581,4.02384090423584,11.252764701843262,8.159016867860533,14.582536654709019,0.1810203013878168,73.35397338867188,71.8764877319336,barbell biceps curl_16.mp4,15
38.833758900785085,54.02566607110295,1.3849587440490723,4.941958904266357,9.983736038208008,9.425606042508251,11.83276435776622,0.3272022667578872,43.77572250366211,44.041927337646484,barbell biceps curl_16.mp4,18
44.67946043285983,33.96512705818189,0.31160759925842285,10.191678047180176,10.23604965209961,12.85791276385382,12.537874937451464,0.2724747809478532,54.87113952636719,23.729080200195312,barbell biceps curl_16.mp4,21
20.354770278700062,26.83633453735371,0.08481625467538834,12.472175598144531,10.469039916992188,14.850915372445263,13.197256087245691,0.274694321479361,32.826942443847656,16.367290496826172,barbell biceps curl_16.mp4,24
11.24694491512604,13.769939019684433,0.4559100866317749,5.930176734924316,10.004154205322266,8.336445249327786,13.298205937109783,0.20170330654552057,17.177125930786133,3.7657830715179443,barbell biceps curl_16.mp4,27
25.105524967468526,21.227471861451214,0.4430101215839386,6.313070297241211,7.481376647949219,9.250791008989886,9.821288371658236,0.16739919156693708,31.418598175048828,13.74608039855957,barbell biceps curl_16.mp4,30
26.587754158849148,28.06037162046017,1.052520513534546,14.985116958618164,10.766036033630371,17.673814201309597,11.478970421178678,0.053894527602210286,41.572879791259766,17.294340133666992,barbell biceps curl_16.mp4,33
55.54030533132469,49.44750124642395,0.8752127289772034,0.3167446255683899,12.677303314208984,2.4208305930179286,13.81928014534472,0.11606688973711857,55.22355651855469,36.77019119262695,barbell biceps curl_16.mp4,36
56.84517446961828,64.95171823420074,1.302148461341858,3.7559707164764404,10.231337547302246,7.833484786500959,11.842536551872666,0.13311577306484562,60.60114288330078,54.72037887573242,barbell biceps curl_16.mp4,39
68.59537689309718,102.37807433380843,1.4397639036178589,3.8867671489715576,10.65707015991211,8.401019511691896,12.364975404841209,0.39518062246841934,72.48213958740234,88.27899169921875,barbell biceps curl_16.mp4,42
134.11188864866216,128.3775549317811,1.3493034839630127,3.72816801071167,11.42892074584961,8.341249037085275,13.42104229681951,0.043691918719951824,42.159942626953125,63.05135726928711,barbell biceps curl_16.mp4,45
149.2573480699871,153.27133148849515,3.5503597259521484,5.9719743728637695,9.017990112304688,12.87997760954791,8.95953651724087,0.026536217487652097,24.77066993713379,35.74666213989258,barbell biceps curl_16.mp4,48
156.83028989829606,163.62252786523538,3.2180466651916504,3.9315099716186523,8.485905647277832,10.9769107336076,9.174575163389907,0.042391500966307324,19.23819923400879,24.86338996887207,barbell biceps curl_16.mp4,51
164.758242534904,168.10507555928754,2.9556379318237305,4.711280345916748,8.596338272094727,10.87482115542347,9.045743235566427,0.020109353253736795,10.530524253845215,20.491287231445312,barbell biceps curl_16.mp4,54
168.17466583382483,172.30588511332394,2.627349615097046,3.623296022415161,7.351969242095947,9.841329168455394,8.503736766523092,0.024266991274578712,8.202021598815918,15.0460844039917,barbell biceps curl_16.mp4,57
170.2322722802945,174.44144713318977,1.9738829135894775,3.5947868824005127,6.931865215301514,8.72415748895811,8.228077201066068,0.024424112520431418,6.172964096069336,12.4904146194458,barbell biceps curl_16.mp4,60
13.208784163879914,27.52578125802911,0.19895999133586884,6.027453899383545,17.273962020874023,8.052958687874046,19.794301885929585,0.7029409517867997,19.236244201660156,10.251824378967285,barbell biceps curl_17.mp4,0
25.658836371336136,17.691263925780223,0.6637613773345947,6.332304954528809,10.851944923400879,9.80876734292617,13.121501956645305,0.3675918805699241,31.99113655090332,6.839311599731445,barbell biceps curl_17.mp4,3
34.74053333656802,33.05674301918033,0.9176458120346069,14.530257225036621,11.503547668457031,15.870812709723786,14.910863272193591,0.04967132628020168,49.27079772949219,21.553190231323242,barbell biceps curl_17.mp4,6
47.42529083302345,58.179634002910205,0.3807958662509918,1.7277600765228271,12.831473350524902,4.290715480248686,14.712699306899522,0.2036712432984456,49.153045654296875,45.3481559753418,barbell biceps curl_17.mp4,9
58.63617900110455,66.64809239941744,0.6612786054611206,6.099128723144531,10.214153289794922,9.44587479840371,12.37033281813286,0.12789974844806423,64.73529815673828,56.43393325805664,barbell biceps curl_17.mp4,12
88.59986930874553,93.84089428411802,0.7258975505828857,3.976813316345215,13.141949653625488,8.40069225609919,16.362907451993614,0.05745453891070545,87.4233169555664,80.69893646240234,barbell biceps curl_17.mp4,15
140.1429337696529,136.96758125685508,1.2307264804840088,5.62653112411499,9.018999099731445,9.83479335329328,10.943591062419456,0.022917589485870398,34.23052978515625,52.05141830444336,barbell biceps curl_17.mp4,18
156.1284222149078,160.34903477235673,2.6863176822662354,4.960763931274414,9.704487800598145,10.779721488474062,10.352560013806732,0.026672437257474382,18.91080093383789,29.355443954467773,barbell biceps curl_17.mp4,21
161.59299251054045,166.77365116248123,3.9671080112457275,3.661820411682129,8.755598068237305,11.054977335900979,8.370084658042359,0.03155411033222685,14.745192527770996,21.981958389282227,barbell biceps curl_17.mp4,24
165.06114524150007,168.99786518789156,2.999277114868164,3.5366671085357666,7.626851558685303,10.066205372894618,8.434845577159848,0.02356900920787213,11.40217399597168,18.62900733947754,barbell biceps curl_17.mp4,27
167.3501517442456,171.6929554061212,2.6499125957489014,2.813418388366699,6.866038799285889,8.967668373403242,7.891080234325081,0.025618002963555566,9.836431503295898,15.173089981079102,barbell biceps curl_17.mp4,30
170.7234755736999,172.96064931195662,2.733417510986328,2.6844584941864014,5.944190502166748,9.09841747478838,7.031571595731328,0.013018778443729603,6.59205436706543,12.983464241027832,barbell biceps curl_17.mp4,33
170.39835188282908,174.16662121538548,1.8872735500335693,3.5488052368164062,6.7205095291137695,8.788496510160028,8.342708467591704,0.021872619835227976,6.05283784866333,12.553961753845215,barbell biceps curl_17.mp4,36
169.71074346435273,172.34308834797963,2.0674474239349365,3.2521374225616455,6.444276809692383,8.789725781304199,8.022355098533069,0.015391407075779429,7.037169456481934,14.101218223571777,barbell biceps curl_17.mp4,39
168.5411935579942,170.30081052907045,2.6231393814086914,2.8911802768707275,7.379377841949463,9.381272672629946,8.890106829494432,0.010386061644376957,8.567641258239746,17.078571319580078,barbell biceps curl_17.mp4,42
157.59273746892558,163.37866566864088,2.1277058124542236,3.8257694244384766,7.618057727813721,9.580433748386369,9.312681819361757,0.03605260869446046,18.581493377685547,24.239381790161133,barbell biceps curl_17.mp4,45
146.97701191039084,146.80990781931598,2.1809418201446533,6.180311679840088,8.679728507995605,11.854162929099704,10.19267487230734,0.0011375870050892843,26.842674255371094,41.86982727050781,barbell biceps curl_17.mp4,48
98.52266228288241,111.26187349359718,2.2131612300872803,4.062364101409912,12.901580810546875,9.692984708151442,14.183173320290589,0.12145043163990026,77.41497039794922,81.63970184326172,barbell biceps curl_17.mp4,51
56.871200026937004,76.22485347399225,2.7822797298431396,7.290035724639893,13.446589469909668,13.618427560934485,14.33750742793291,0.29082234879218455,64.1612319946289,62.77825927734375,barbell biceps curl_17.mp4,54
52.95646319866761,43.528993235799675,0.7682958841323853,2.751175880432129,8.865226745605469,5.939306064628367,10.656764488339528,0.19541742996823683,55.70763397216797,34.66376495361328,barbell biceps curl_17.mp4,57
6.65363604617516,28.8055533181535,1.637967586517334,5.763967037200928,7.788049221038818,10.727044164817736,9.657525882084188,1.2494316801422873,12.417606353759766,21.01750946044922,barbell biceps curl_17.mp4,60
13.208784163879914,27.52578125802911,0.19895999133586884,6.027453899383545,17.273962020874023,8.052958687874046,19.794301885929585,0.7029409517867997,19.236244201660156,10.251824378967285,barbell biceps curl_17.mp4,0
25.658836371336136,17.691263925780223,0.6637613773345947,6.332304954528809,10.851944923400879,9.80876734292617,13.121501956645305,0.3675918805699241,31.99113655090332,6.839311599731445,barbell biceps curl_17.mp4,3
34.74053333656802,33.05674301918033,0.9176458120346069,14.530257225036621,11.503547668457031,15.870812709723786,14.910863272193591,0.04967132628020168,49.27079772949219,21.553190231323242,barbell biceps curl_17.mp4,6
47.42529083302345,58.179634002910205,0.3807958662509918,1.7277600765228271,12.831473350524902,4.290715480248686,14.712699306899522,0.2036712432984456,49.153045654296875,45.3481559753418,barbell biceps curl_17.mp4,9
58.63617900110455,66.64809239941744,0.6612786054611206,6.099128723144531,10.214153289794922,9.44587479840371,12.37033281813286,0.12789974844806423,64.73529815673828,56.43393325805664,barbell biceps curl_17.mp4,12
88.59986930874553,93.84089428411802,0.7258975505828857,3.976813316345215,13.141949653625488,8.40069225609919,16.362907451993614,0.05745453891070545,87.4233169555664,80.69893646240234,barbell biceps curl_17.mp4,15
140.1429337696529,136.96758125685508,1.2307264804840088,5.62653112411499,9.018999099731445,9.83479335329328,10.943591062419456,0.022917589485870398,34.23052978515625,52.05141830444336,barbell biceps curl_17.mp4,18
156.1284222149078,160.34903477235673,2.6863176822662354,4.960763931274414,9.704487800598145,10.779721488474062,10.352560013806732,0.026672437257474382,18.91080093383789,29.355443954467773,barbell biceps curl_17.mp4,21
161.59299251054045,166.77365116248123,3.9671080112457275,3.661820411682129,8.755598068237305,11.054977335900979,8.370084658042359,0.03155411033222685,14.745192527770996,21.981958389282227,barbell biceps curl_17.mp4,24
165.06114524150007,168.99786518789156,2.999277114868164,3.5366671085357666,7.626851558685303,10.066205372894618,8.434845577159848,0.02356900920787213,11.40217399597168,18.62900733947754,barbell biceps curl_17.mp4,27
167.3501517442456,171.6929554061212,2.6499125957489014,2.813418388366699,6.866038799285889,8.967668373403242,7.891080234325081,0.025618002963555566,9.836431503295898,15.173089981079102,barbell biceps curl_17.mp4,30
170.7234755736999,172.96064931195662,2.733417510986328,2.6844584941864014,5.944190502166748,9.09841747478838,7.031571595731328,0.013018778443729603,6.59205436706543,12.983464241027832,barbell biceps curl_17.mp4,33
170.39835188282908,174.16662121538548,1.8872735500335693,3.5488052368164062,6.7205095291137695,8.788496510160028,8.342708467591704,0.021872619835227976,6.05283784866333,12.553961753845215,barbell biceps curl_17.mp4,36
169.71074346435273,172.34308834797963,2.0674474239349365,3.2521374225616455,6.444276809692383,8.789725781304199,8.022355098533069,0.015391407075779429,7.037169456481934,14.101218223571777,barbell biceps curl_17.mp4,39
168.5411935579942,170.30081052907045,2.6231393814086914,2.8911802768707275,7.379377841949463,9.381272672629946,8.890106829494432,0.010386061644376957,8.567641258239746,17.078571319580078,barbell biceps curl_17.mp4,42
157.59273746892558,163.37866566864088,2.1277058124542236,3.8257694244384766,7.618057727813721,9.580433748386369,9.312681819361757,0.03605260869446046,18.581493377685547,24.239381790161133,barbell biceps curl_17.mp4,45
146.97701191039084,146.80990781931598,2.1809418201446533,6.180311679840088,8.679728507995605,11.854162929099704,10.19267487230734,0.0011375870050892843,26.842674255371094,41.86982727050781,barbell biceps curl_17.mp4,48
98.52266228288241,111.26187349359718,2.2131612300872803,4.062364101409912,12.901580810546875,9.692984708151442,14.183173320290589,0.12145043163990026,77.41497039794922,81.63970184326172,barbell biceps curl_17.mp4,51
56.871200026937004,76.22485347399225,2.7822797298431396,7.290035724639893,13.446589469909668,13.618427560934485,14.33750742793291,0.29082234879218455,64.1612319946289,62.77825927734375,barbell biceps curl_17.mp4,54
52.95646319866761,43.528993235799675,0.7682958841323853,2.751175880432129,8.865226745605469,5.939306064628367,10.656764488339528,0.19541742996823683,55.70763397216797,34.66376495361328,barbell biceps curl_17.mp4,57
6.65363604617516,28.8055533181535,1.637967586517334,5.763967037200928,7.788049221038818,10.727044164817736,9.657525882084188,1.2494316801422873,12.417606353759766,21.01750946044922,barbell biceps curl_17.mp4,60
176.4978128305374,171.8604252739037,0.17158272862434387,7.540153503417969,9.034159660339355,11.93838866593436,13.726182102202074,0.02662424509819331,4.037927627563477,0.8945919275283813,barbell biceps curl_18.mp4,0
173.94472351076496,166.56558960630127,0.1949499100446701,7.520498752593994,14.083922386169434,11.902146223735869,17.999851932715014,0.043341617685023044,13.57578182220459,0.6495173573493958,barbell biceps curl_18.mp4,3
137.7387689781946,172.08941685393737,0.04701140522956848,8.494399070739746,10.39956283569336,13.273016855583956,15.207659227944042,0.22173998006982032,50.75562286376953,2.489002227783203,barbell biceps curl_18.mp4,6
5.46916505574225,46.35331863384724,0.10861436277627945,9.026315689086914,3.9917335510253906,13.634184740457146,8.909488338252828,1.5778538837696858,3.557196855545044,42.36158752441406,barbell biceps curl_18.mp4,9
7.69115541770939,17.687431362029827,0.27641525864601135,9.08890438079834,7.515780925750732,13.925850877773753,11.8784273305369,0.7877724659042782,1.3977367877960205,10.171653747558594,barbell biceps curl_18.mp4,12
6.54646307537315,16.86283948130086,0.019377581775188446,12.038837432861328,8.118936538696289,16.692711986419194,12.884971155716116,0.8813911803610315,5.4923996925354,8.74390697479248,barbell biceps curl_18.mp4,15
6.964889077489445,17.265930342079773,0.1880086064338684,11.905769348144531,7.49667501449585,16.382182966038503,12.497506614844683,0.8502429147130727,4.940899848937988,9.769242286682129,barbell biceps curl_18.mp4,18
6.979602941372922,21.098330052155447,0.12252333015203476,12.688488960266113,9.860272407531738,17.38079366031307,14.364636649411782,1.0056813736279466,5.7088518142700195,11.238033294677734,barbell biceps curl_18.mp4,21
7.400193356577104,15.227591431716693,0.23882010579109192,10.593245506286621,8.268780708312988,15.529151482850912,12.86975481739289,0.6918395369562642,3.1930696964263916,6.958821773529053,barbell biceps curl_18.mp4,24
6.339359670143118,23.404338615919745,0.4960423409938812,11.659782409667969,8.07091236114502,16.720154577610057,12.26041510931719,1.1474685347902982,5.3203935623168945,15.333430290222168,barbell biceps curl_18.mp4,27
7.610533742452837,48.10661608804573,0.3898547887802124,10.108604431152344,9.573607444763184,15.032875915834083,13.790699136615032,1.4536307929888426,2.4980857372283936,38.53300476074219,barbell biceps curl_18.mp4,30
8.367667857482719,47.30168339097153,0.2879911959171295,8.19113826751709,7.332841873168945,13.355572002912629,12.007185394302237,1.3987594487934647,0.17652589082717896,39.968833923339844,barbell biceps curl_18.mp4,33
119.34390245576024,137.59129585431398,0.07513328641653061,11.157464027404785,8.210698127746582,15.88102472416496,13.065438037053676,0.14203887609460533,49.498626708984375,50.61940383911133,barbell biceps curl_18.mp4,36
87.02578469358286,177.29498837591194,0.020619677379727364,8.634191513061523,7.948906421661377,13.567729632014567,12.894493445250765,0.6830276911954676,78.39158630371094,5.244020938873291,barbell biceps curl_18.mp4,39
172.92401581099776,172.38441382096826,0.2939380705356598,9.833623886108398,11.343135833740234,14.819851206061534,15.744405254621606,0.0031253334336761507,2.757657051086426,3.7275524139404297,barbell biceps curl_18.mp4,42
173.41485943160882,168.83037851807714,0.06666915118694305,10.658102035522461,13.204924583435059,15.036470010350026,17.370535870646286,0.02679061915365876,4.072912216186523,2.0353033542633057,barbell biceps curl_18.mp4,45
172.66484027953013,171.631323102681,0.14517228305339813,9.931846618652344,9.223703384399414,14.800144713339217,13.737389412318285,0.006003652011084418,2.5966570377349854,0.8550356030464172,barbell biceps curl_18.mp4,48
171.7257813763377,170.4715174259397,0.5842548608779907,10.72569751739502,10.128629684448242,14.731512950864303,15.277777443279057,0.007330647873539772,2.45145845413208,0.6001645922660828,barbell biceps curl_18.mp4,51
172.1929693866691,172.93305931762822,0.31818756461143494,9.900403022766113,7.655752658843994,14.470482810352836,12.933764885485955,0.0042888097066317524,2.0933492183685303,0.5887466073036194,barbell biceps curl_18.mp4,54
169.057650254809,174.9443300244251,0.2697848677635193,10.884900093078613,5.90705680847168,15.345479575136123,11.024319850928203,0.03422468536278634,0.05743543058633804,0.8513391017913818,barbell biceps curl_18.mp4,57
171.2933319237939,175.5717178506699,0.33892956376075745,9.147089958190918,5.2068772315979,13.406099860894738,10.246781713811721,0.02466887874496364,0.440386563539505,0.7785201668739319,barbell biceps curl_18.mp4,60
174.23159709853277,176.32315224020175,0.13390520215034485,7.3717827796936035,4.742280960083008,12.059522173314107,9.831973830368566,0.011932830153431731,1.6033339500427246,1.0654633045196533,barbell biceps curl_18.mp4,63
172.4527754085091,176.25728113868823,0.5466604828834534,8.49385929107666,5.055356025695801,12.682073094007771,10.402591798737218,0.021820453174479622,0.9466356635093689,1.3125967979431152,barbell biceps curl_18.mp4,66
171.63111192358375,175.80259322367925,0.43894851207733154,9.000515937805176,5.413581848144531,13.298933420263767,10.607751266715617,0.024013106605920036,0.6316250562667847,1.2161614894866943,barbell biceps curl_18.mp4,69
170.91556621000254,174.12363501123824,0.21352265775203705,9.63687515258789,6.96690559387207,14.006280238283386,11.843268730019725,0.01859538736399212,0.5524408221244812,1.0905383825302124,barbell biceps curl_18.mp4,72
170.9898623843022,170.8106362019133,0.04425232857465744,10.628928184509277,8.81215763092041,15.285215039677189,13.408559493558268,0.0010487180863119438,1.618798017501831,0.37722617387771606,barbell biceps curl_18.mp4,75
174.03520327610212,165.69748059730932,0.3946095108985901,12.461969375610352,14.121535301208496,16.245578775696643,18.560582956156395,0.04908401855088831,6.497196674346924,0.18097557127475739,barbell biceps curl_18.mp4,78
178.78179598393282,168.95325394076087,0.013802223838865757,12.713556289672852,13.258605003356934,17.186371961781326,17.595614101811528,0.056528912143313945,13.931916236877441,2.2118654251098633,barbell biceps curl_18.mp4,81
15.873197750445533,127.22008540372474,0.01091386191546917,13.683441162109375,8.619686126708984,18.120146465934198,12.907739665897806,1.5562839177197836,29.5566349029541,61.399593353271484,barbell biceps curl_18.mp4,84
7.807030613330902,14.054723514306028,0.11419245600700378,13.217092514038086,9.288240432739258,18.035657730437812,13.997303259306618,0.5715637331294466,5.410048484802246,4.766476154327393,barbell biceps curl_18.mp4,87
6.316865441427145,14.173525098468023,0.461017370223999,13.11041259765625,7.475162029266357,17.393764735211334,12.79991289832848,0.7668628513198729,6.7935943603515625,6.69838809967041,barbell biceps curl_18.mp4,90
9.166196585147132,13.539896931625945,0.5257565379142761,13.043368339538574,8.832864761352539,17.249284729751146,14.096232659618227,0.38524463428708633,3.877149820327759,4.70702600479126,barbell biceps curl_18.mp4,93
7.874197050669631,10.104624092196017,0.02913675457239151,12.102188110351562,8.062641143798828,17.046339581701822,13.063579773627184,0.24811716227695652,4.228011131286621,2.041980028152466,barbell biceps curl_18.mp4,96
10.414613929321686,12.122064964049565,0.2818506360054016,13.136396408081055,8.716959953308105,17.65828431781341,13.824812176596385,0.1515264110392144,2.721768856048584,3.4051265716552734,barbell biceps curl_18.mp4,99
7.684466930790615,11.919388153659737,0.08949948847293854,12.820433616638184,8.608997344970703,17.357399158481392,13.34561847795197,0.43204983964896104,5.135973930358887,3.310378313064575,barbell biceps curl_18.mp4,102
7.577922040625443,12.01123947500289,0.7680904269218445,12.533935546875,7.474911689758301,16.523717017450092,13.04163867043777,0.4526296269332941,4.95599365234375,4.536325931549072,barbell biceps curl_18.mp4,105
9.076016004866258,15.38840669705554,0.4874245226383209,11.630043983459473,6.319482326507568,15.907897436923134,11.647181018454717,0.5160465684476105,2.5540237426757812,9.068916320800781,barbell biceps curl_18.mp4,108
6.440863677475322,24.227729234397476,0.34719154238700867,12.085617065429688,6.965663433074951,16.26823264317707,11.89664746025294,1.159940112546623,5.644740104675293,17.26207160949707,barbell biceps curl_18.mp4,111
0.9932750885904095,96.9944379092963,0.01620296947658062,12.006567001342773,9.20765495300293,16.641344336491223,13.7579392184193,1.959453075974461,12.999894142150879,87.78677368164062,barbell biceps curl_18.mp4,114
152.56121785916392,132.34561549724484,0.13908910751342773,11.907597541809082,9.213093757629395,16.67566602531024,14.169800726024489,0.14191026676169646,15.531183242797852,38.4412841796875,barbell biceps curl_18.mp4,117
167.00924814690896,165.2092967659392,0.28438445925712585,10.973176002502441,14.173200607299805,16.12532950695881,18.62871974019044,0.010835947652723272,2.017577648162842,0.6174910068511963,barbell biceps curl_18.mp4,120
171.57936826019682,167.83070111920068,0.3137035667896271,7.927155494689941,13.775453567504883,12.839376532009204,17.92589158470556,0.022089310124773102,0.4934510588645935,1.606154441833496,barbell biceps curl_18.mp4,123
167.74515050094462,165.53912812450486,0.09690488129854202,12.6522855758667,14.371898651123047,16.978862218364924,18.75581406003786,0.013238082429438127,0.39744243025779724,0.08897107094526291,barbell biceps curl_18.mp4,126
171.3903363046977,169.8369140850747,0.5890906453132629,10.936078071594238,11.085261344909668,16.173705275534825,15.138636279810108,0.009104913032875188,2.3264691829681396,0.92216557264328,barbell biceps curl_18.mp4,129
169.23873597195524,169.98725630104377,0.11728543788194656,10.936342239379883,9.133523941040039,15.512892282666034,13.92082666433681,0.004413107168310076,0.17505747079849243,0.8791952729225159,barbell biceps curl_18.mp4,132
170.83747009104712,173.7282390184982,0.12689447402954102,8.907073020935059,7.3503289222717285,13.812587344981798,12.093963397367478,0.01677920263697524,0.2554318904876709,1.0785484313964844,barbell biceps curl_18.mp4,135
172.50139751613958,174.4477617079349,0.3252323269844055,8.185835838317871,6.535914421081543,13.23697210606358,11.033816787477718,0.011219881299889628,0.6872543692588806,0.9836794137954712,barbell biceps curl_18.mp4,138
173.41212028812078,174.80261318203765,0.09156327694654465,7.699474811553955,5.834076404571533,12.499337149416176,10.919008671473382,0.007986410454605505,1.1116234064102173,0.6366609334945679,barbell biceps curl_18.mp4,141
173.53082482508452,176.00526417203827,0.1674470603466034,8.148075103759766,5.188229560852051,12.656505423840757,10.122943874281134,0.014158419830429085,1.6788928508758545,1.193525791168213,barbell biceps curl_18.mp4,144
172.80159035496143,175.03797077572293,0.33613133430480957,8.628822326660156,5.8216681480407715,12.969541824760965,10.916123638422663,0.012858689296248721,1.4304046630859375,0.8595908880233765,barbell biceps curl_18.mp4,147
171.8236277177039,174.4030434994966,0.0027792740147560835,9.823874473571777,6.71036434173584,14.367774832975778,11.345814581158976,0.01490015643638566,1.6475155353546143,1.1133984327316284,barbell biceps curl_18.mp4,150
170.39354155886878,170.52746447119063,0.28405651450157166,11.550271987915039,8.705260276794434,15.791859288582522,13.482539133372509,0.0007856536262247333,1.9438166618347168,0.7672644853591919,barbell biceps curl_18.mp4,153
173.4128942789342,164.98981390331394,0.021672751754522324,11.281524658203125,14.371073722839355,15.720462027562162,18.664160193626913,0.049781400514584385,4.694408893585205,0.6391211748123169,barbell biceps curl_18.mp4,156
176.11385027830457,156.2138659341535,0.02997368387877941,13.371286392211914,14.260309219360352,17.982050399782633,18.84068358200174,0.11976120782793187,9.485149383544922,9.525827407836914,barbell biceps curl_18.mp4,159
161.2748310062498,178.8689229392818,0.05040900036692619,14.693198204040527,11.629171371459961,19.351982703656162,16.152579712191837,0.10345091878917403,4.031956672668457,12.760547637939453,barbell biceps curl_18.mp4,162
5.928570067710276,17.407879410462648,0.32522767782211304,13.347702980041504,12.857169151306152,17.388303170001496,17.578411691845798,0.9838094139804099,7.4191765785217285,4.550695896148682,barbell biceps curl_18.mp4,165
6.84991204637113,22.84289963390832,0.3262512683868408,13.345090866088867,9.94483470916748,18.13226517182631,14.116312286745732,1.0772295840315431,6.495204925537109,12.898079872131348,barbell biceps curl_18.mp4,168
8.715958028489588,15.085754775335918,0.02689513936638832,14.4713716506958,7.240686416625977,19.145629318536123,11.952429881043075,0.5352385182819743,5.755449295043945,7.84506368637085,barbell biceps curl_18.mp4,171
6.598646655623174,16.071039587315802,0.011909381486475468,12.740592956542969,9.402066230773926,17.06301424755971,13.773252946334583,0.8356880488050896,6.1419677734375,6.668975830078125,barbell biceps curl_18.mp4,174
6.913187715949952,13.310879339731926,0.056788235902786255,14.39425277709961,8.076004028320312,19.160077059698573,13.028238433890355,0.6326810137810105,7.481053829193115,5.234887599945068,barbell biceps curl_18.mp4,177
6.080024804524425,19.859536873310372,0.07151827216148376,15.169659614562988,8.963431358337402,19.60206013998835,13.61870313900428,1.0624321443766307,9.089651107788086,10.896090507507324,barbell biceps curl_18.mp4,180
6.855264441988059,21.54354348276282,0.1011953204870224,16.188396453857422,9.70429801940918,20.346334746294414,14.19409649205259,1.0344292675731115,9.333144187927246,11.839232444763184,barbell biceps curl_18.mp4,183
5.887162554486137,24.94604256101559,0.46897387504577637,12.57018756866455,9.105003356933594,17.660457045998598,13.302362457484904,1.2362568169695338,6.683053493499756,15.841038703918457,barbell biceps curl_18.mp4,186
6.8158684417763356,26.93728549396581,0.3535443842411041,13.986252784729004,9.40670394897461,18.75220251559519,13.510882469639826,1.1922688522972278,7.170397758483887,17.530576705932617,barbell biceps curl_18.mp4,189
5.55767137265399,32.29001160020474,0.38188260793685913,11.802338600158691,8.147640228271484,16.713612722856976,12.282684823593183,1.4126275707139588,6.244684219360352,24.142372131347656,barbell biceps curl_18.mp4,192
153.4904336995578,1.7289561830551303,0.22263669967651367,9.990090370178223,9.646430015563965,15.050982668096125,14.209895440772124,1.9554448401230629,36.49965286254883,7.917507171630859,barbell biceps curl_18.mp4,195
164.52279839003265,172.67193209615073,0.3875965178012848,11.761762619018555,12.80048656463623,16.682103369598384,16.866794717540433,0.04833488171282078,3.715444803237915,5.472414493560791,barbell biceps curl_18.mp4,198
169.13117206391726,167.19538644788372,0.781631588935852,12.39090633392334,15.109251976013184,17.75157995503086,18.807534310784558,0.011511345548202488,1.5220773220062256,2.304654598236084,barbell biceps curl_18.mp4,201
166.4022999883996,170.08880433860477,0.3388684093952179,13.782549858093262,11.729806900024414,18.584579328230745,15.862306134471506,0.021911452058017044,0.18484771251678467,1.8185960054397583,barbell biceps curl_18.mp4,204
169.33653391032072,171.1713609608949,0.40664738416671753,10.602001190185547,10.211523056030273,15.529674462332805,14.33887266677095,0.010777001521613068,0.06146566942334175,1.3828810453414917,barbell biceps curl_18.mp4,207
167.52364256879935,173.57449815111372,0.3738035261631012,11.690417289733887,8.829122543334961,16.76258657587038,13.1840262381116,0.035478678186539436,0.7859480381011963,2.4036316871643066,barbell biceps curl_18.mp4,210
169.02344797535926,173.99325205532594,0.1568043828010559,9.94395637512207,7.794554233551025,15.014642373689341,12.49564424857321,0.028977038607870084,1.0325942039489746,1.7877604961395264,barbell biceps curl_18.mp4,213
173.14656692569,176.7503187054647,0.07320557534694672,7.747130393981934,4.534639835357666,12.66164794915054,9.6676178269849,0.020598936016673335,0.8936815857887268,1.2849745750427246,barbell biceps curl_18.mp4,216
172.8246021543278,177.9742561918227,0.08883930742740631,7.8569512367248535,4.296789646148682,13.06507546946141,9.349268213248731,0.029359582649573314,0.6815423965454102,2.270991563796997,barbell biceps curl_18.mp4,219
174.94754758194284,176.45452938260573,0.01151892077177763,7.097590923309326,4.924234867095947,11.939082033633666,9.794684824850373,0.008576965814660897,2.0451302528381348,1.3787555694580078,barbell biceps curl_18.mp4,222
172.07402221804386,176.03745391104422,0.0340602770447731,7.9937028884887695,5.5830841064453125,13.142936582479638,10.749222418333854,0.022771048728830897,0.06772853434085846,1.620551347732544,barbell biceps curl_18.mp4,225
172.6157592135291,176.61973867810588,0.1370404064655304,7.574499130249023,4.160006999969482,12.990159347037954,9.312745131109107,0.022929968395247097,0.19024401903152466,0.7797907590866089,barbell biceps curl_18.mp4,228
176.4978128305374,171.8604252739037,0.17158272862434387,7.540153503417969,9.034159660339355,11.93838866593436,13.726182102202074,0.02662424509819331,4.037927627563477,0.8945919275283813,barbell biceps curl_18.mp4,0
173.94472351076496,166.56558960630127,0.1949499100446701,7.520498752593994,14.083922386169434,11.902146223735869,17.999851932715014,0.043341617685023044,13.57578182220459,0.6495173573493958,barbell biceps curl_18.mp4,3
137.7387689781946,172.08941685393737,0.04701140522956848,8.494399070739746,10.39956283569336,13.273016855583956,15.207659227944042,0.22173998006982032,50.75562286376953,2.489002227783203,barbell biceps curl_18.mp4,6
5.46916505574225,46.35331863384724,0.10861436277627945,9.026315689086914,3.9917335510253906,13.634184740457146,8.909488338252828,1.5778538837696858,3.557196855545044,42.36158752441406,barbell biceps curl_18.mp4,9
7.69115541770939,17.687431362029827,0.27641525864601135,9.08890438079834,7.515780925750732,13.925850877773753,11.8784273305369,0.7877724659042782,1.3977367877960205,10.171653747558594,barbell biceps curl_18.mp4,12
6.54646307537315,16.86283948130086,0.019377581775188446,12.038837432861328,8.118936538696289,16.692711986419194,12.884971155716116,0.8813911803610315,5.4923996925354,8.74390697479248,barbell biceps curl_18.mp4,15
6.964889077489445,17.265930342079773,0.1880086064338684,11.905769348144531,7.49667501449585,16.382182966038503,12.497506614844683,0.8502429147130727,4.940899848937988,9.769242286682129,barbell biceps curl_18.mp4,18
6.979602941372922,21.098330052155447,0.12252333015203476,12.688488960266113,9.860272407531738,17.38079366031307,14.364636649411782,1.0056813736279466,5.7088518142700195,11.238033294677734,barbell biceps curl_18.mp4,21
7.400193356577104,15.227591431716693,0.23882010579109192,10.593245506286621,8.268780708312988,15.529151482850912,12.86975481739289,0.6918395369562642,3.1930696964263916,6.958821773529053,barbell biceps curl_18.mp4,24
6.339359670143118,23.404338615919745,0.4960423409938812,11.659782409667969,8.07091236114502,16.720154577610057,12.26041510931719,1.1474685347902982,5.3203935623168945,15.333430290222168,barbell biceps curl_18.mp4,27
7.610533742452837,48.10661608804573,0.3898547887802124,10.108604431152344,9.573607444763184,15.032875915834083,13.790699136615032,1.4536307929888426,2.4980857372283936,38.53300476074219,barbell biceps curl_18.mp4,30
8.367667857482719,47.30168339097153,0.2879911959171295,8.19113826751709,7.332841873168945,13.355572002912629,12.007185394302237,1.3987594487934647,0.17652589082717896,39.968833923339844,barbell biceps curl_18.mp4,33
119.34390245576024,137.59129585431398,0.07513328641653061,11.157464027404785,8.210698127746582,15.88102472416496,13.065438037053676,0.14203887609460533,49.498626708984375,50.61940383911133,barbell biceps curl_18.mp4,36
87.02578469358286,177.29498837591194,0.020619677379727364,8.634191513061523,7.948906421661377,13.567729632014567,12.894493445250765,0.6830276911954676,78.39158630371094,5.244020938873291,barbell biceps curl_18.mp4,39
172.92401581099776,172.38441382096826,0.2939380705356598,9.833623886108398,11.343135833740234,14.819851206061534,15.744405254621606,0.0031253334336761507,2.757657051086426,3.7275524139404297,barbell biceps curl_18.mp4,42
173.41485943160882,168.83037851807714,0.06666915118694305,10.658102035522461,13.204924583435059,15.036470010350026,17.370535870646286,0.02679061915365876,4.072912216186523,2.0353033542633057,barbell biceps curl_18.mp4,45
172.66484027953013,171.631323102681,0.14517228305339813,9.931846618652344,9.223703384399414,14.800144713339217,13.737389412318285,0.006003652011084418,2.5966570377349854,0.8550356030464172,barbell biceps curl_18.mp4,48
171.7257813763377,170.4715174259397,0.5842548608779907,10.72569751739502,10.128629684448242,14.731512950864303,15.277777443279057,0.007330647873539772,2.45145845413208,0.6001645922660828,barbell biceps curl_18.mp4,51
172.1929693866691,172.93305931762822,0.31818756461143494,9.900403022766113,7.655752658843994,14.470482810352836,12.933764885485955,0.0042888097066317524,2.0933492183685303,0.5887466073036194,barbell biceps curl_18.mp4,54
169.057650254809,174.9443300244251,0.2697848677635193,10.884900093078613,5.90705680847168,15.345479575136123,11.024319850928203,0.03422468536278634,0.05743543058633804,0.8513391017913818,barbell biceps curl_18.mp4,57
171.2933319237939,175.5717178506699,0.33892956376075745,9.147089958190918,5.2068772315979,13.406099860894738,10.246781713811721,0.02466887874496364,0.440386563539505,0.7785201668739319,barbell biceps curl_18.mp4,60
174.23159709853277,176.32315224020175,0.13390520215034485,7.3717827796936035,4.742280960083008,12.059522173314107,9.831973830368566,0.011932830153431731,1.6033339500427246,1.0654633045196533,barbell biceps curl_18.mp4,63
172.4527754085091,176.25728113868823,0.5466604828834534,8.49385929107666,5.055356025695801,12.682073094007771,10.402591798737218,0.021820453174479622,0.9466356635093689,1.3125967979431152,barbell biceps curl_18.mp4,66
171.63111192358375,175.80259322367925,0.43894851207733154,9.000515937805176,5.413581848144531,13.298933420263767,10.607751266715617,0.024013106605920036,0.6316250562667847,1.2161614894866943,barbell biceps curl_18.mp4,69
170.91556621000254,174.12363501123824,0.21352265775203705,9.63687515258789,6.96690559387207,14.006280238283386,11.843268730019725,0.01859538736399212,0.5524408221244812,1.0905383825302124,barbell biceps curl_18.mp4,72
170.9898623843022,170.8106362019133,0.04425232857465744,10.628928184509277,8.81215763092041,15.285215039677189,13.408559493558268,0.0010487180863119438,1.618798017501831,0.37722617387771606,barbell biceps curl_18.mp4,75
174.03520327610212,165.69748059730932,0.3946095108985901,12.461969375610352,14.121535301208496,16.245578775696643,18.560582956156395,0.04908401855088831,6.497196674346924,0.18097557127475739,barbell biceps curl_18.mp4,78
178.78179598393282,168.95325394076087,0.013802223838865757,12.713556289672852,13.258605003356934,17.186371961781326,17.595614101811528,0.056528912143313945,13.931916236877441,2.2118654251098633,barbell biceps curl_18.mp4,81
15.873197750445533,127.22008540372474,0.01091386191546917,13.683441162109375,8.619686126708984,18.120146465934198,12.907739665897806,1.5562839177197836,29.5566349029541,61.399593353271484,barbell biceps curl_18.mp4,84
7.807030613330902,14.054723514306028,0.11419245600700378,13.217092514038086,9.288240432739258,18.035657730437812,13.997303259306618,0.5715637331294466,5.410048484802246,4.766476154327393,barbell biceps curl_18.mp4,87
6.316865441427145,14.173525098468023,0.461017370223999,13.11041259765625,7.475162029266357,17.393764735211334,12.79991289832848,0.7668628513198729,6.7935943603515625,6.69838809967041,barbell biceps curl_18.mp4,90
9.166196585147132,13.539896931625945,0.5257565379142761,13.043368339538574,8.832864761352539,17.249284729751146,14.096232659618227,0.38524463428708633,3.877149820327759,4.70702600479126,barbell biceps curl_18.mp4,93
7.874197050669631,10.104624092196017,0.02913675457239151,12.102188110351562,8.062641143798828,17.046339581701822,13.063579773627184,0.24811716227695652,4.228011131286621,2.041980028152466,barbell biceps curl_18.mp4,96
10.414613929321686,12.122064964049565,0.2818506360054016,13.136396408081055,8.716959953308105,17.65828431781341,13.824812176596385,0.1515264110392144,2.721768856048584,3.4051265716552734,barbell biceps curl_18.mp4,99
7.684466930790615,11.919388153659737,0.08949948847293854,12.820433616638184,8.608997344970703,17.357399158481392,13.34561847795197,0.43204983964896104,5.135973930358887,3.310378313064575,barbell biceps curl_18.mp4,102
7.577922040625443,12.01123947500289,0.7680904269218445,12.533935546875,7.474911689758301,16.523717017450092,13.04163867043777,0.4526296269332941,4.95599365234375,4.536325931549072,barbell biceps curl_18.mp4,105
9.076016004866258,15.38840669705554,0.4874245226383209,11.630043983459473,6.319482326507568,15.907897436923134,11.647181018454717,0.5160465684476105,2.5540237426757812,9.068916320800781,barbell biceps curl_18.mp4,108
6.440863677475322,24.227729234397476,0.34719154238700867,12.085617065429688,6.965663433074951,16.26823264317707,11.89664746025294,1.159940112546623,5.644740104675293,17.26207160949707,barbell biceps curl_18.mp4,111
0.9932750885904095,96.9944379092963,0.01620296947658062,12.006567001342773,9.20765495300293,16.641344336491223,13.7579392184193,1.959453075974461,12.999894142150879,87.78677368164062,barbell biceps curl_18.mp4,114
152.56121785916392,132.34561549724484,0.13908910751342773,11.907597541809082,9.213093757629395,16.67566602531024,14.169800726024489,0.14191026676169646,15.531183242797852,38.4412841796875,barbell biceps curl_18.mp4,117
167.00924814690896,165.2092967659392,0.28438445925712585,10.973176002502441,14.173200607299805,16.12532950695881,18.62871974019044,0.010835947652723272,2.017577648162842,0.6174910068511963,barbell biceps curl_18.mp4,120
171.57936826019682,167.83070111920068,0.3137035667896271,7.927155494689941,13.775453567504883,12.839376532009204,17.92589158470556,0.022089310124773102,0.4934510588645935,1.606154441833496,barbell biceps curl_18.mp4,123
167.74515050094462,165.53912812450486,0.09690488129854202,12.6522855758667,14.371898651123047,16.978862218364924,18.75581406003786,0.013238082429438127,0.39744243025779724,0.08897107094526291,barbell biceps curl_18.mp4,126
171.3903363046977,169.8369140850747,0.5890906453132629,10.936078071594238,11.085261344909668,16.173705275534825,15.138636279810108,0.009104913032875188,2.3264691829681396,0.92216557264328,barbell biceps curl_18.mp4,129
169.23873597195524,169.98725630104377,0.11728543788194656,10.936342239379883,9.133523941040039,15.512892282666034,13.92082666433681,0.004413107168310076,0.17505747079849243,0.8791952729225159,barbell biceps curl_18.mp4,132
170.83747009104712,173.7282390184982,0.12689447402954102,8.907073020935059,7.3503289222717285,13.812587344981798,12.093963397367478,0.01677920263697524,0.2554318904876709,1.0785484313964844,barbell biceps curl_18.mp4,135
172.50139751613958,174.4477617079349,0.3252323269844055,8.185835838317871,6.535914421081543,13.23697210606358,11.033816787477718,0.011219881299889628,0.6872543692588806,0.9836794137954712,barbell biceps curl_18.mp4,138
173.41212028812078,174.80261318203765,0.09156327694654465,7.699474811553955,5.834076404571533,12.499337149416176,10.919008671473382,0.007986410454605505,1.1116234064102173,0.6366609334945679,barbell biceps curl_18.mp4,141
173.53082482508452,176.00526417203827,0.1674470603466034,8.148075103759766,5.188229560852051,12.656505423840757,10.122943874281134,0.014158419830429085,1.6788928508758545,1.193525791168213,barbell biceps curl_18.mp4,144
172.80159035496143,175.03797077572293,0.33613133430480957,8.628822326660156,5.8216681480407715,12.969541824760965,10.916123638422663,0.012858689296248721,1.4304046630859375,0.8595908880233765,barbell biceps curl_18.mp4,147
171.8236277177039,174.4030434994966,0.0027792740147560835,9.823874473571777,6.71036434173584,14.367774832975778,11.345814581158976,0.01490015643638566,1.6475155353546143,1.1133984327316284,barbell biceps curl_18.mp4,150
170.39354155886878,170.52746447119063,0.28405651450157166,11.550271987915039,8.705260276794434,15.791859288582522,13.482539133372509,0.0007856536262247333,1.9438166618347168,0.7672644853591919,barbell biceps curl_18.mp4,153
173.4128942789342,164.98981390331394,0.021672751754522324,11.281524658203125,14.371073722839355,15.720462027562162,18.664160193626913,0.049781400514584385,4.694408893585205,0.6391211748123169,barbell biceps curl_18.mp4,156
176.11385027830457,156.2138659341535,0.02997368387877941,13.371286392211914,14.260309219360352,17.982050399782633,18.84068358200174,0.11976120782793187,9.485149383544922,9.525827407836914,barbell biceps curl_18.mp4,159
161.2748310062498,178.8689229392818,0.05040900036692619,14.693198204040527,11.629171371459961,19.351982703656162,16.152579712191837,0.10345091878917403,4.031956672668457,12.760547637939453,barbell biceps curl_18.mp4,162
5.928570067710276,17.407879410462648,0.32522767782211304,13.347702980041504,12.857169151306152,17.388303170001496,17.578411691845798,0.9838094139804099,7.4191765785217285,4.550695896148682,barbell biceps curl_18.mp4,165
6.84991204637113,22.84289963390832,0.3262512683868408,13.345090866088867,9.94483470916748,18.13226517182631,14.116312286745732,1.0772295840315431,6.495204925537109,12.898079872131348,barbell biceps curl_18.mp4,168
8.715958028489588,15.085754775335918,0.02689513936638832,14.4713716506958,7.240686416625977,19.145629318536123,11.952429881043075,0.5352385182819743,5.755449295043945,7.84506368637085,barbell biceps curl_18.mp4,171
6.598646655623174,16.071039587315802,0.011909381486475468,12.740592956542969,9.402066230773926,17.06301424755971,13.773252946334583,0.8356880488050896,6.1419677734375,6.668975830078125,barbell biceps curl_18.mp4,174
6.913187715949952,13.310879339731926,0.056788235902786255,14.39425277709961,8.076004028320312,19.160077059698573,13.028238433890355,0.6326810137810105,7.481053829193115,5.234887599945068,barbell biceps curl_18.mp4,177
6.080024804524425,19.859536873310372,0.07151827216148376,15.169659614562988,8.963431358337402,19.60206013998835,13.61870313900428,1.0624321443766307,9.089651107788086,10.896090507507324,barbell biceps curl_18.mp4,180
6.855264441988059,21.54354348276282,0.1011953204870224,16.188396453857422,9.70429801940918,20.346334746294414,14.19409649205259,1.0344292675731115,9.333144187927246,11.839232444763184,barbell biceps curl_18.mp4,183
5.887162554486137,24.94604256101559,0.46897387504577637,12.57018756866455,9.105003356933594,17.660457045998598,13.302362457484904,1.2362568169695338,6.683053493499756,15.841038703918457,barbell biceps curl_18.mp4,186
6.8158684417763356,26.93728549396581,0.3535443842411041,13.986252784729004,9.40670394897461,18.75220251559519,13.510882469639826,1.1922688522972278,7.170397758483887,17.530576705932617,barbell biceps curl_18.mp4,189
5.55767137265399,32.29001160020474,0.38188260793685913,11.802338600158691,8.147640228271484,16.713612722856976,12.282684823593183,1.4126275707139588,6.244684219360352,24.142372131347656,barbell biceps curl_18.mp4,192
153.4904336995578,1.7289561830551303,0.22263669967651367,9.990090370178223,9.646430015563965,15.050982668096125,14.209895440772124,1.9554448401230629,36.49965286254883,7.917507171630859,barbell biceps curl_18.mp4,195
164.52279839003265,172.67193209615073,0.3875965178012848,11.761762619018555,12.80048656463623,16.682103369598384,16.866794717540433,0.04833488171282078,3.715444803237915,5.472414493560791,barbell biceps curl_18.mp4,198
169.13117206391726,167.19538644788372,0.781631588935852,12.39090633392334,15.109251976013184,17.75157995503086,18.807534310784558,0.011511345548202488,1.5220773220062256,2.304654598236084,barbell biceps curl_18.mp4,201
166.4022999883996,170.08880433860477,0.3388684093952179,13.782549858093262,11.729806900024414,18.584579328230745,15.862306134471506,0.021911452058017044,0.18484771251678467,1.8185960054397583,barbell biceps curl_18.mp4,204
169.33653391032072,171.1713609608949,0.40664738416671753,10.602001190185547,10.211523056030273,15.529674462332805,14.33887266677095,0.010777001521613068,0.06146566942334175,1.3828810453414917,barbell biceps curl_18.mp4,207
167.52364256879935,173.57449815111372,0.3738035261631012,11.690417289733887,8.829122543334961,16.76258657587038,13.1840262381116,0.035478678186539436,0.7859480381011963,2.4036316871643066,barbell biceps curl_18.mp4,210
169.02344797535926,173.99325205532594,0.1568043828010559,9.94395637512207,7.794554233551025,15.014642373689341,12.49564424857321,0.028977038607870084,1.0325942039489746,1.7877604961395264,barbell biceps curl_18.mp4,213
173.14656692569,176.7503187054647,0.07320557534694672,7.747130393981934,4.534639835357666,12.66164794915054,9.6676178269849,0.020598936016673335,0.8936815857887268,1.2849745750427246,barbell biceps curl_18.mp4,216
172.8246021543278,177.9742561918227,0.08883930742740631,7.8569512367248535,4.296789646148682,13.06507546946141,9.349268213248731,0.029359582649573314,0.6815423965454102,2.270991563796997,barbell biceps curl_18.mp4,219
174.94754758194284,176.45452938260573,0.01151892077177763,7.097590923309326,4.924234867095947,11.939082033633666,9.794684824850373,0.008576965814660897,2.0451302528381348,1.3787555694580078,barbell biceps curl_18.mp4,222
172.07402221804386,176.03745391104422,0.0340602770447731,7.9937028884887695,5.5830841064453125,13.142936582479638,10.749222418333854,0.022771048728830897,0.06772853434085846,1.620551347732544,barbell biceps curl_18.mp4,225
172.6157592135291,176.61973867810588,0.1370404064655304,7.574499130249023,4.160006999969482,12.990159347037954,9.312745131109107,0.022929968395247097,0.19024401903152466,0.7797907590866089,barbell biceps curl_18.mp4,228
179.31271965971698,178.42753451017444,0.4029925465583801,3.821479558944702,7.465723991394043,8.781385740663222,11.789601648689422,0.004948758990494599,4.508854389190674,5.893314838409424,barbell biceps curl_19.mp4,0
179.78693754486721,178.55883510460086,0.24948598444461823,4.181980133056641,7.512121677398682,8.904635852702988,11.890499792545109,0.00685428730572847,4.392438888549805,6.071051120758057,barbell biceps curl_19.mp4,3
179.19643092685368,178.449340156788,0.11101800203323364,4.20316743850708,7.414087772369385,8.87705922836098,11.975477653714533,0.0041778252699706175,5.006929874420166,5.863439083099365,barbell biceps curl_19.mp4,6
179.86437907172748,178.88635790625221,0.2807154059410095,4.436267375946045,7.124937534332275,9.326073307721447,11.572905750473781,0.0054523716032689315,4.572171211242676,6.011174201965332,barbell biceps curl_19.mp4,9
179.62779682203634,178.9481672595125,0.432715505361557,3.9596474170684814,7.119925498962402,9.08060454897339,11.490925195211299,0.0037907145520176514,4.332955360412598,6.067860126495361,barbell biceps curl_19.mp4,12
179.96573597990397,178.6387186686154,0.573477029800415,4.44789981842041,7.089833736419678,9.501315369906521,11.089244884995034,0.007401008515575819,4.480698585510254,5.728599548339844,barbell biceps curl_19.mp4,15
175.8391929704979,176.37793153585523,0.43715566396713257,6.639932155609131,8.264354705810547,11.689412635218757,12.487260217801374,0.0030591276111994786,2.479050636291504,4.6422247886657715,barbell biceps curl_19.mp4,18
176.33157592332466,172.6554307372615,0.4101383090019226,7.176197528839111,10.552513122558594,12.108543202628455,14.669405809151371,0.02106751893854014,3.50768780708313,3.207937002182007,barbell biceps curl_19.mp4,21
178.90282100788318,172.57117258060032,0.3948691487312317,6.181002140045166,10.635062217712402,11.19821573747939,14.868054141636357,0.03602911477254926,5.083950996398926,3.2061970233917236,barbell biceps curl_19.mp4,24
179.96573597990397,173.12525020038626,0.2457103282213211,6.362245082855225,10.73635196685791,11.113543926813682,14.998010442895975,0.038746306460652136,6.328790664672852,3.8616039752960205,barbell biceps curl_19.mp4,27
178.6259841627242,175.45243884753972,0.3365253210067749,6.673049449920654,9.841702461242676,11.663831621481755,14.163577350119732,0.017925663406450923,8.04735279083252,5.294103622436523,barbell biceps curl_19.mp4,30
176.96455423755313,178.61308435763212,0.6001138091087341,6.871116638183594,10.60351848602295,12.124650467280363,14.698533242111836,0.009272406029760443,9.906634330749512,11.990424156188965,barbell biceps curl_19.mp4,33
157.03271274027057,176.39418528325317,0.3019348084926605,10.45655345916748,12.022941589355469,15.089297209854328,16.064080346919756,0.11613623650493018,12.510736465454102,15.62883472442627,barbell biceps curl_19.mp4,36
16.795745742733843,53.70844471126901,0.10533284395933151,9.977396011352539,9.853852272033691,14.411309842009437,14.558631093794466,1.0471065260331476,6.818325996398926,43.854591369628906,barbell biceps curl_19.mp4,39
11.757885475736252,39.286919424527824,0.17337505519390106,8.57470989227295,8.649317741394043,12.986223825042067,13.408544766537144,1.0786223594185647,3.1831865310668945,30.637598037719727,barbell biceps curl_19.mp4,42
8.754523474645593,14.20150395768128,0.3262490928173065,8.105447769165039,8.586373329162598,12.257310899512357,13.400442497432918,0.4745577604045902,0.6491117477416992,5.615116596221924,barbell biceps curl_19.mp4,45
11.035333407297532,11.712785461838271,0.4799758195877075,8.194816589355469,7.9757080078125,12.148642100498424,12.910689947675003,0.059561149512005786,2.840547561645508,3.737051248550415,barbell biceps curl_19.mp4,48
12.298375056475894,9.836132846117115,0.511961042881012,9.077159881591797,8.817817687988281,12.978790240369662,13.764916427882161,0.22247995945465163,3.2212440967559814,1.018311619758606,barbell biceps curl_19.mp4,51
11.202822100109724,11.203208808824126,0.30984821915626526,9.214061737060547,9.977744102478027,13.280481874677355,14.70065967575656,3.4518270190140305e-05,1.9887446165084839,1.2254558801651,barbell biceps curl_19.mp4,54
11.310016085148185,10.990622671109435,0.16068649291992188,10.070863723754883,10.705211639404297,14.461241116448488,15.520704898239085,0.028644328759338977,1.2391437292099,0.2853686213493347,barbell biceps curl_19.mp4,57
9.694566687862011,10.519770427690872,0.1837669163942337,9.480085372924805,10.366061210632324,13.802771207378795,15.099552569460192,0.08164539209093835,0.2144855111837387,0.15373638272285461,barbell biceps curl_19.mp4,60
9.640370031811727,10.421148510095609,0.12954474985599518,9.276387214660645,10.717813491821289,13.759604875841468,15.517820294199362,0.07783842251551208,0.36401620507240295,0.2966712415218353,barbell biceps curl_19.mp4,63
10.33989573839044,10.611739161522761,0.30709245800971985,8.869994163513184,9.43702507019043,13.166705963866066,14.43119301637768,0.025949614379109573,1.4698792695999146,1.174682855606079,barbell biceps curl_19.mp4,66
9.957793347646893,11.144471416525674,0.08862857520580292,8.191205978393555,9.815596580505371,12.908351177714469,14.43991942842731,0.11246926167787669,1.766605257987976,1.3288875818252563,barbell biceps curl_19.mp4,69
9.911989276945503,11.421701942795,0.11456242203712463,8.555912971496582,9.217411994934082,13.189774742193245,13.695622133272366,0.14153318807319465,1.356080174446106,2.2042806148529053,barbell biceps curl_19.mp4,72
11.003834664157202,12.92100308266177,0.1410871148109436,8.308110237121582,8.243361473083496,12.665994118304509,12.842726364503969,0.16026594945326,2.6957197189331055,4.6776509284973145,barbell biceps curl_19.mp4,75
12.154434026083106,13.679298990650905,0.0653785839676857,8.522605895996094,7.578659534454346,13.301427351603218,12.205793448179252,0.11805223531419601,3.6318235397338867,6.100632190704346,barbell biceps curl_19.mp4,78
26.320645340583706,42.19902753322548,0.06361177563667297,8.6210355758667,7.553082466125488,13.214118721036469,12.008991021891909,0.46346929361103517,17.69961166381836,34.64594650268555,barbell biceps curl_19.mp4,81
144.49263827870465,139.44370308637343,0.14617742598056793,9.689626693725586,9.723471641540527,14.404872913979604,14.19469535642136,0.03556385327822072,45.19697952270508,50.27976989746094,barbell biceps curl_19.mp4,84
172.14367152824138,170.21236395817647,0.4069211781024933,7.528918743133545,9.149996757507324,12.527487844168267,13.439759855136822,0.0112824508399329,15.385213851928711,18.93766212463379,barbell biceps curl_19.mp4,87
174.3329935937224,177.61492732203612,0.18157902359962463,6.013954162597656,8.79738998413086,10.531174476416979,13.72288581974441,0.018650110049090406,11.680999755859375,6.412416458129883,barbell biceps curl_19.mp4,90
178.16122725953068,175.35375082169935,0.0073341322131454945,8.369963645935059,9.689273834228516,12.631745785958364,14.025767407280709,0.015883210680743658,6.531128406524658,5.042972087860107,barbell biceps curl_19.mp4,93
179.7360704195442,174.57273859721317,0.0236301701515913,6.76946496963501,9.297219276428223,11.14643248641212,13.80314337238082,0.02914594100361093,6.506545066833496,3.870025157928467,barbell biceps curl_19.mp4,96
179.20549187010346,174.70131864798597,0.372173547744751,5.4103875160217285,9.823147773742676,10.288319634386536,13.983685875656313,0.02545400703379379,4.615477085113525,4.524521350860596,barbell biceps curl_19.mp4,99
179.46550864270543,173.3788646604674,0.31470829248428345,5.3748674392700195,10.033670425415039,10.155728610350167,14.210048474160056,0.034500445197737255,4.840151786804199,3.4125287532806396,barbell biceps curl_19.mp4,102
178.64404797699524,174.85459621092144,0.3183438777923584,5.296700954437256,9.214920997619629,10.12407077177263,13.458305125291602,0.021439696182027547,3.940670967102051,4.069441795349121,barbell biceps curl_19.mp4,105
179.409501965553,177.25825995630217,0.4184950590133667,4.8711395263671875,7.933069705963135,9.835273192381662,12.087425373247061,0.012063002261035115,4.281118869781494,5.191384315490723,barbell biceps curl_19.mp4,108
179.23766806627754,179.8506465589422,0.5241967439651489,4.332978248596191,6.356034278869629,9.51799667001509,10.509065678989094,0.0034140820945645738,3.570209503173828,6.503708362579346,barbell biceps curl_19.mp4,111
178.5958366535632,179.8051664433104,0.30562230944633484,4.923716068267822,6.374858379364014,9.736638709788298,10.617968441423383,0.0067484732425279565,3.5194714069366455,6.569775104522705,barbell biceps curl_19.mp4,114
178.94538037200198,176.48670517873845,0.5360146760940552,4.488366603851318,8.19778060913086,9.586197997632192,12.20968567438861,0.013834852244438341,3.433889627456665,4.684410095214844,barbell biceps curl_19.mp4,117
177.29549496549808,175.10054998482363,0.554711639881134,5.828988075256348,9.453527450561523,10.878857044140954,13.451069142299815,0.012457262288422546,3.124437093734741,4.554011821746826,barbell biceps curl_19.mp4,120
179.27692425559826,175.67477778450115,0.507582426071167,5.185471534729004,9.53831672668457,10.000617335248217,13.34731981943071,0.020296544292610123,5.908102035522461,5.213105201721191,barbell biceps curl_19.mp4,123
179.9072125861908,173.34568608024765,0.27922922372817993,5.720663547515869,9.898900032043457,10.365095097959408,13.981085229693116,0.037149172905380355,5.630781173706055,3.2446279525756836,barbell biceps curl_19.mp4,126
177.78335661488515,175.3453264740999,0.4153609573841095,5.43118143081665,10.448290824890137,10.52485702100632,14.697106478748474,0.013808168282783749,7.647853851318359,5.793632507324219,barbell biceps curl_19.mp4,129
174.80879957894916,177.70338996755677,0.6453456878662109,5.86668586730957,11.367191314697266,11.257043646876328,15.479197905331901,0.01642263997923814,11.057886123657227,9.070587158203125,barbell biceps curl_19.mp4,132
176.31937318378857,167.36288323467005,0.6322467923164368,9.055975914001465,10.849615097045898,14.365806664726138,14.821359867430855,0.05212075853117846,5.375321388244629,23.48674201965332,barbell biceps curl_19.mp4,135
14.971409395327887,55.10189001758233,0.6628509759902954,10.087043762207031,9.395428657531738,15.275094376566555,13.209023292967984,1.1453857876959295,4.884363174438477,45.706451416015625,barbell biceps curl_19.mp4,138
14.595267913344221,21.527662537282332,0.49187320470809937,6.5910420417785645,7.842399597167969,11.796151967011518,12.06870507823538,0.3838223830380222,8.004196166992188,13.685254096984863,barbell biceps curl_19.mp4,141
10.600810650930525,17.46365858339315,0.5399052500724792,7.033497333526611,9.465507507324219,12.181184374684337,13.530835558768594,0.48907733655401975,3.5673108100891113,7.998143196105957,barbell biceps curl_19.mp4,144
11.059909637489957,12.570240939287,0.1984841674566269,7.9811201095581055,8.883854866027832,12.570319397790332,13.142621174456064,0.1278308656468194,3.0787851810455322,3.6863715648651123,barbell biceps curl_19.mp4,147
11.277004765982017,12.169752488128836,0.10670413076877594,8.585935592651367,8.696382522583008,12.927919807139778,13.26350860161472,0.07615106110166223,2.691053628921509,3.4733922481536865,barbell biceps curl_19.mp4,150
11.174750518501968,10.164363225463857,0.13373549282550812,8.497344970703125,8.560290336608887,12.75185343454715,13.099731520270687,0.09469814961962264,2.677438735961914,1.604081630706787,barbell biceps curl_19.mp4,153
11.09824342746988,10.146679640369884,0.1985522210597992,8.667925834655762,8.892556190490723,12.927919807139778,13.561992815373486,0.08958034670791146,2.430311918258667,1.2541236877441406,barbell biceps curl_19.mp4,156
11.24703246424535,10.684061757706209,0.20335911214351654,8.632757186889648,9.316781997680664,12.820059817019004,13.99644196320385,0.05133995603152767,2.6142983436584473,1.3672655820846558,barbell biceps curl_19.mp4,159
11.176970617548303,10.821910081899158,0.14010192453861237,8.912531852722168,9.372685432434082,13.068141875238245,13.81171475853756,0.0322798728262627,2.2644431591033936,1.4492089748382568,barbell biceps curl_19.mp4,162
11.281247686104662,11.16512505296572,0.01999966986477375,8.40170955657959,9.760169982910156,12.644201773400532,14.062455889552382,0.010346672443589684,2.8795225620269775,1.4049464464187622,barbell biceps curl_19.mp4,165
11.128080508712332,10.444515190753368,0.05408002808690071,8.548469543457031,8.94953441619873,12.9372432295435,13.24570913639725,0.0633734880569698,2.579575300216675,1.4949766397476196,barbell biceps curl_19.mp4,168
11.2541567078857,10.37463829276742,0.08409451693296432,8.979494094848633,8.732361793518066,13.322696180077651,13.299453027163755,0.08132847115077114,2.274650812149048,1.6422622203826904,barbell biceps curl_19.mp4,171
11.77357835392515,12.384225937403551,0.20853614807128906,8.522263526916504,8.291070938110352,13.209068129198622,12.594446070760416,0.050554891174243846,3.251312732696533,4.0931525230407715,barbell biceps curl_19.mp4,174
14.782099136343053,22.234039234872284,0.013659777119755745,7.795201301574707,7.170327186584473,12.384958405307426,11.861857764407539,0.40263195602942986,6.986880302429199,15.063706398010254,barbell biceps curl_19.mp4,177
3.5986398418114596,74.56922362038013,0.2206352800130844,11.216289520263672,9.286332130432129,16.151180206540708,13.82128164760173,1.8158506740534333,7.617592811584473,65.28289031982422,barbell biceps curl_19.mp4,180
164.97177263809004,173.58213169154712,0.5946453213691711,5.542585849761963,10.695396423339844,10.685240625396096,14.722740655266264,0.05086551325116897,20.57082748413086,17.11325454711914,barbell biceps curl_19.mp4,183
175.55604368242803,179.30846220422885,0.0854402706027031,5.084107875823975,9.867720603942871,9.619383320539688,14.272130364541457,0.02114845784548166,9.528042793273926,9.175965309143066,barbell biceps curl_19.mp4,186
178.3962353463827,175.2382733905272,0.3907187879085541,7.623903751373291,9.306124687194824,11.512659326406627,14.053373436033711,0.01786003276170586,6.020107269287109,4.544461727142334,barbell biceps curl_19.mp4,189
179.8672959931097,175.0999902133917,0.06289443373680115,6.397749423980713,9.187228202819824,10.78629284018378,13.534031794946555,0.02686053597031838,6.266294956207275,4.287200450897217,barbell biceps curl_19.mp4,192
178.2399694050557,176.3952171517223,0.2564820945262909,6.496191024780273,8.08850383758545,10.52154727150999,12.738912476755536,0.010403661696654756,4.736348628997803,4.483824729919434,barbell biceps curl_19.mp4,195
178.33340376849094,175.84555205746835,0.1273222118616104,5.478432655334473,8.535553932189941,9.766660787359973,13.133005170159212,0.014048557488238212,3.811711549758911,4.381102561950684,barbell biceps curl_19.mp4,198
179.42189269144427,177.2151198289891,0.3637067675590515,4.797642230987549,7.512919902801514,9.695377860336674,11.707417825276163,0.01237545619205043,4.219679355621338,4.728121757507324,barbell biceps curl_19.mp4,201
178.06032980520834,179.74899003243118,0.2912420630455017,4.672018527984619,6.491494655609131,9.37108497907226,10.619284285301573,0.009438883414155289,2.732543706893921,6.241269111633301,barbell biceps curl_19.mp4,204
178.91051706948062,179.72375437504405,0.2223496288061142,4.517035484313965,6.324348449707031,9.17080467097714,10.594757142890384,0.004535190138342531,3.4274840354919434,6.600804328918457,barbell biceps curl_19.mp4,207
177.690048759902,179.45751438723528,0.048911284655332565,5.333257675170898,6.693594932556152,9.709987736067225,11.029105031460341,0.00989767709323623,3.0233895778656006,6.1505303382873535,barbell biceps curl_19.mp4,210
177.34369275684125,175.86127950672488,0.26024627685546875,5.812028884887695,8.190817832946777,9.90998527654153,12.893146660177985,0.008394067844606503,3.1557669639587402,4.052090644836426,barbell biceps curl_19.mp4,213
177.97938311602715,175.71622830279324,0.04101831838488579,5.990663528442383,9.093491554260254,10.320222389767574,13.404243796888787,0.012797189109333047,3.9698479175567627,4.809723854064941,barbell biceps curl_19.mp4,216
178.06214681105513,173.87160888966045,0.4285217225551605,6.194148540496826,10.224266052246094,10.8327998275104,14.053134346427585,0.02381435627310676,4.256452560424805,4.095836639404297,barbell biceps curl_19.mp4,219
177.63445623881196,174.32594275212324,0.18898065388202667,4.669958591461182,9.774332046508789,9.184914709932762,13.999251573606339,0.01880048719216241,7.035650253295898,4.100293159484863,barbell biceps curl_19.mp4,222
174.72199418103708,177.29629122648015,0.6278776526451111,4.456313133239746,10.080860137939453,9.73197293618423,14.09184307945197,0.014625927982479182,9.734312057495117,7.377216815948486,barbell biceps curl_19.mp4,225
173.8269854413163,176.32688187152831,0.9164662957191467,5.466434478759766,10.877707481384277,10.998609028820114,14.62096848154853,0.014278845179673394,11.6394681930542,14.550854682922363,barbell biceps curl_19.mp4,228
158.3922185231637,172.12174073014276,0.9801080822944641,6.786825656890869,11.246774673461914,12.593819572352196,15.053020976134318,0.0830798326218756,28.394601821899414,19.125019073486328,barbell biceps curl_19.mp4,231
17.503761995116196,74.03836377454236,1.024675965309143,8.488000869750977,10.591777801513672,14.258825617293084,14.321294105025776,1.2351603440295995,9.01574993133545,63.44657897949219,barbell biceps curl_19.mp4,234
13.262079553099388,24.57897006090011,0.42307615280151367,7.32581901550293,8.499112129211426,12.371082036122642,12.669046464024547,0.5981277275994997,5.936246871948242,16.079856872558594,barbell biceps curl_19.mp4,237
10.412554507456674,16.2743391740229,0.6187511086463928,7.093865394592285,7.960495471954346,12.328704938308803,11.91121702301974,0.43930063472574493,3.31868314743042,8.313848495483398,barbell biceps curl_19.mp4,240
10.306087262287715,12.59851756329331,0.34760239720344543,8.384950637817383,9.320303916931152,13.306146750654221,13.572605510632792,0.2001720019587758,1.9211206436157227,3.278170347213745,barbell biceps curl_19.mp4,243
10.7702225413627,12.649396004603389,0.5742285251617432,8.514375686645508,9.11740493774414,13.509449877007158,12.92802665955268,0.16047857137829996,2.2558677196502686,3.5319793224334717,barbell biceps curl_19.mp4,246
10.642960466422512,11.325503640475699,0.24566476047039032,8.657543182373047,9.530600547790527,13.135905724734371,13.526850171773248,0.062138451803634726,1.9854267835617065,1.7948822975158691,barbell biceps curl_19.mp4,249
9.932799233335023,12.048091109498,0.5703638792037964,8.17412281036377,11.116048812866211,12.994625276768879,14.849289715001929,0.19246644182024022,1.7586666345596313,0.9320495128631592,barbell biceps curl_19.mp4,252
10.915726887470514,11.497626162625908,0.34500643610954285,8.489906311035156,10.79748821258545,12.967183050190139,14.662310742490078,0.051924339375262744,2.4258334636688232,0.7001336216926575,barbell biceps curl_19.mp4,255
11.538246483059819,11.67792826388484,0.05971749499440193,8.562806129455566,11.081448554992676,12.939592117326718,15.440596720428111,0.012033143474112124,2.975480079650879,0.5964779853820801,barbell biceps curl_19.mp4,258
10.525380502929526,11.171824961166465,0.0699177160859108,9.090654373168945,11.1309175491333,13.285907041339348,15.285901608230661,0.059587808144846995,1.4347130060195923,0.04092053323984146,barbell biceps curl_19.mp4,261
10.894931623431612,11.649819632387509,0.3440970182418823,8.841814041137695,10.856701850891113,13.223557347664833,14.593045132696355,0.06696796078076482,2.053151845932007,0.793125569820404,barbell biceps curl_19.mp4,264
11.005176469438846,10.801975078882995,0.3669990003108978,8.440013885498047,10.280439376831055,12.933490240213734,14.092810865581095,0.01863621574835967,2.565173864364624,0.5215297341346741,barbell biceps curl_19.mp4,267
11.360456489796448,11.114093152200727,0.09858664125204086,8.474605560302734,9.575948715209961,12.682695303568584,14.023794517070224,0.021923761901359997,2.8858437538146973,1.5381317138671875,barbell biceps curl_19.mp4,270
11.45669183520299,10.322280971606839,0.18127979338169098,8.03708267211914,8.251480102539062,12.19921749278879,12.800282847367525,0.10417487304465023,3.4195809364318848,2.0708136558532715,barbell biceps curl_19.mp4,273
11.444202644519141,15.138714740787963,0.19966834783554077,7.444215774536133,7.50083065032959,12.212737229467864,11.87751477129822,0.27796137216382805,3.9999988079071045,7.637883186340332,barbell biceps curl_19.mp4,276
25.967517311539524,35.01213120394864,0.28156572580337524,8.23396110534668,8.265109062194824,13.22340805382938,12.702279559265806,0.29664368728238516,17.733549118041992,26.747024536132812,barbell biceps curl_19.mp4,279
172.59760622979593,163.35964547154947,0.29487675428390503,9.26717758178711,10.312761306762695,14.1255230123662,14.673504849979407,0.05499485849145291,16.669546127319336,26.953125,barbell biceps curl_19.mp4,282
175.02633692354746,178.12538952642367,0.12136033177375793,6.022152423858643,9.638423919677734,10.672948295055058,14.090889255494258,0.017550827991295335,10.995817184448242,11.513019561767578,barbell biceps curl_19.mp4,285
177.78273863346453,177.54409112164663,0.3911878168582916,6.208867073059082,8.85595703125,10.274485737386195,13.771459793076158,0.001343256359123663,8.426119804382324,6.400184631347656,barbell biceps curl_19.mp4,288
179.85872579230335,174.12934170489584,0.12490547448396683,6.252240180969238,9.980223655700684,10.322719320846677,14.395246581315677,0.03237049275652684,6.111366271972656,4.109571933746338,barbell biceps curl_19.mp4,291
179.15419602599275,173.16642848354397,0.13621428608894348,5.767512798309326,9.63733196258545,9.986211887095331,14.222702923747484,0.03399044578093781,4.92211389541626,2.8037102222442627,barbell biceps curl_19.mp4,294
179.46955094691685,175.75084055832332,0.020941834896802902,5.453193664550781,8.689478874206543,9.834593413498053,13.200905471547552,0.020937482630631457,4.922504425048828,4.440404891967773,barbell biceps curl_19.mp4,297
179.6488977289201,176.13694674742814,0.40682291984558105,4.875516891479492,8.3385591506958,9.704458403982786,12.430843721879045,0.019741937662870843,4.524016857147217,4.475407123565674,barbell biceps curl_19.mp4,300
179.88296607240864,178.90854314472455,0.32968267798423767,4.408567428588867,5.670145034790039,9.0394636043508,9.765996412682647,0.005431694466851989,4.290746688842773,6.7613701820373535,barbell biceps curl_19.mp4,303
179.68101892515222,177.8280427931711,0.3358163833618164,4.556097507476807,4.993243217468262,9.285015967507334,9.144088703820474,0.01036603728629986,4.237306594848633,7.165216445922852,barbell biceps curl_19.mp4,306
179.3003045725705,177.02487261397152,0.14447759091854095,4.334718704223633,4.613910675048828,8.955632380017647,9.067850500420654,0.012771659732636553,5.034468173980713,7.589024543762207,barbell biceps curl_19.mp4,309
179.3810278054981,179.2590147818971,0.09082042425870895,4.991577625274658,5.544275760650635,9.606560762525541,10.014157821949725,0.0006804205281749405,4.373196125030518,6.285336971282959,barbell biceps curl_19.mp4,312
178.16548947415416,179.44573914925897,0.24573425948619843,5.69301700592041,6.038641452789307,9.958761014753117,10.862976418698938,0.007160008258314478,3.8584654331207275,5.4842400550842285,barbell biceps curl_19.mp4,315
178.07593073728748,175.5511980823696,0.08244436234235764,5.744758605957031,8.841545104980469,9.92671926615682,13.244695573362955,0.0142790665599948,3.8206307888031006,4.39271879196167,barbell biceps curl_19.mp4,318
179.09366567186157,174.76415077298708,0.33406415581703186,5.298049449920654,9.860090255737305,10.027562532357843,13.945136437898578,0.024470364636126552,4.391938209533691,4.6242499351501465,barbell biceps curl_19.mp4,321
178.74041262214828,175.2497651978616,0.04776286706328392,5.898876190185547,9.319761276245117,10.182480061464188,13.5879932811709,0.01972171909279104,4.639034271240234,4.569515228271484,barbell biceps curl_19.mp4,324
179.49642219202332,175.4514913448956,0.3671283423900604,6.089879512786865,10.731080055236816,10.785380389038531,14.718587817552597,0.022791686852425993,6.593447685241699,6.182635307312012,barbell biceps curl_19.mp4,327
179.3896229300429,177.1188686503542,0.10489185899496078,6.941448211669922,9.514863014221191,11.741936982194959,14.153943976261061,0.012738851013744336,7.551779270172119,6.633747577667236,barbell biceps curl_19.mp4,330
175.45592907922006,176.5742872492396,0.07882362604141235,5.713670253753662,9.054526329040527,10.417843954190053,13.60654349043582,0.006353762365535521,10.257726669311523,12.480182647705078,barbell biceps curl_19.mp4,333
177.34082043776033,174.7797795779015,0.7641879916191101,8.559534072875977,10.578795433044434,13.931270494201417,14.428822156959399,0.014546384731509088,5.900585174560547,15.799057006835938,barbell biceps curl_19.mp4,336
174.847480275071,129.64293524036654,0.6124130487442017,8.083149909973145,9.698868751525879,13.295429264615313,13.683154186974143,0.2969193296819066,13.235733985900879,60.055931091308594,barbell biceps curl_19.mp4,339
49.80110011423053,80.692053421804,0.39227554202079773,8.009968757629395,8.90098762512207,12.917825971973569,13.019267094304453,0.4734494104940642,41.79113006591797,71.79106140136719,barbell biceps curl_19.mp4,342
20.217707604024163,29.640153941450194,0.5012519955635071,6.428215503692627,8.322279930114746,11.592619026127515,12.470649481823429,0.3779723415867729,13.789494514465332,21.31787872314453,barbell biceps curl_19.mp4,345
12.332239173633514,18.02059521774875,0.3124314248561859,6.628541469573975,8.08459758758545,11.552528361777894,12.36940818967235,0.37481547658891884,5.703688621520996,9.935986518859863,barbell biceps curl_19.mp4,348
10.691832547302766,13.55886131452918,0.19002670049667358,7.822369575500488,8.560693740844727,12.595150844822225,12.948876797928085,0.2364492153141083,2.86953067779541,4.998202323913574,barbell biceps curl_19.mp4,351
12.316975643907098,12.640503699284869,0.24627427756786346,7.7359938621521,9.089859008789062,12.423797742147007,13.272377229957037,0.02592634063151293,4.5810160636901855,3.5506575107574463,barbell biceps curl_19.mp4,354
11.88579164345806,11.917420309213567,0.16346235573291779,7.923253059387207,9.602032661437988,12.38105672613648,13.711551622417929,0.00265751242465891,3.9625420570373535,2.3154001235961914,barbell biceps curl_19.mp4,357
12.314638072506858,11.643848080145094,0.2632056474685669,8.8311767578125,10.88873291015625,13.356518169903769,14.892138280536061,0.05599602479787849,3.4834775924682617,0.7551366090774536,barbell biceps curl_19.mp4,360
10.979923431943083,10.25190630536797,0.09326336532831192,8.109113693237305,10.554844856262207,12.796197410348633,15.040260673108339,0.06857789795627041,2.870811700820923,0.3029332160949707,barbell biceps curl_19.mp4,363
11.610772236821992,10.206657013337065,0.25166842341423035,8.309725761413574,10.974509239196777,12.785445811866635,15.010252027362537,0.12871500188086465,3.3010332584381104,0.7678300738334656,barbell biceps curl_19.mp4,366
10.97269517172364,10.727209294306975,0.5614482164382935,8.309947967529297,12.791878700256348,12.966361184506185,16.375340323004323,0.022625526098601193,2.6627743244171143,2.064671277999878,barbell biceps curl_19.mp4,369
10.90022441312991,10.621674631537454,0.4602564871311188,8.552618980407715,13.279272079467773,12.979139971053016,16.847433725276154,0.02588524191237434,2.3476104736328125,2.6575927734375,barbell biceps curl_19.mp4,372
11.16699437385372,10.736672521181399,0.3550783395767212,8.440741539001465,13.174965858459473,12.786865470412826,16.874149533304955,0.03929222031493384,2.726259708404541,2.4382944107055664,barbell biceps curl_19.mp4,375
11.320876966619783,10.601608864700697,0.3604922294616699,8.396430969238281,12.718315124511719,12.781247653601268,16.42397779034026,0.06561921010722913,2.92443585395813,2.116722583770752,barbell biceps curl_19.mp4,378
11.323712330217232,10.897713815854232,0.5295787453651428,7.816519260406494,11.869843482971191,12.41156902854768,15.42039386102168,0.03834123980726705,3.5071983337402344,0.9721123576164246,barbell biceps curl_19.mp4,381
10.859333499522892,10.902680272076028,0.687510073184967,7.3758039474487305,10.301239013671875,12.33003239250504,13.929922876924262,0.003983709688641648,3.4835031032562256,0.6014657020568848,barbell biceps curl_19.mp4,384
12.121577072334096,10.784066325364293,0.4009995758533478,8.34947395324707,10.278525352478027,12.986938080177032,14.142990429051089,0.11678438572951845,3.7720892429351807,0.5055251121520996,barbell biceps curl_19.mp4,387
12.449978158156314,11.391154416362347,0.10158694535493851,8.116363525390625,8.61296272277832,12.515280049818449,12.81168445427566,0.08882327536114078,4.333626747131348,2.7781810760498047,barbell biceps curl_19.mp4,390
11.519621437352479,13.084805926817994,0.14375486969947815,7.282729148864746,8.236266136169434,11.79768876714259,12.47033317676927,0.12722787377240674,4.2368855476379395,4.848532199859619,barbell biceps curl_19.mp4,393
26.430312306987076,27.77252897073485,0.42452800273895264,6.744404315948486,8.07500171661377,11.739285215644975,12.270333742628447,0.049525693934404216,19.6859188079834,19.697542190551758,barbell biceps curl_19.mp4,396
148.33320157220214,127.35694334577738,0.7708220481872559,8.265852928161621,9.510441780090332,13.757307365590977,13.503454759841564,0.15217270992886162,39.932647705078125,62.15349578857422,barbell biceps curl_19.mp4,399
170.67464323388853,175.66446566527424,0.8756530284881592,5.409830093383789,10.465245246887207,10.794410297671964,14.097130044651927,0.028814663450777083,14.735198020935059,14.800726890563965,barbell biceps curl_19.mp4,402
176.73007926483655,176.0864842807402,0.06770744174718857,6.246035099029541,10.639083862304688,10.648617264775757,14.914804543036725,0.003648326357632661,9.515995979309082,6.725600242614746,barbell biceps curl_19.mp4,405
179.96043531735157,174.41538262813788,0.35731688141822815,5.877011775970459,10.34416389465332,10.529044155867863,14.31842212933041,0.0312947577594961,5.835879325866699,4.7595319747924805,barbell biceps curl_19.mp4,408
179.0246164970991,173.6852765925071,0.35685691237449646,6.638345718383789,10.54631519317627,11.182941580878833,14.474022106713328,0.030276099475528558,5.662806034088135,4.231543064117432,barbell biceps curl_19.mp4,411
179.9137707668765,173.95071570680398,0.27202627062797546,4.762657642364502,10.055776596069336,9.34542037851955,14.169368246120898,0.033702478140688115,4.848846435546875,4.006563186645508,barbell biceps curl_19.mp4,414
177.6837026784009,175.9961564835689,0.22028857469558716,5.843542575836182,8.529642105102539,10.328739995028698,12.73959390210088,0.009542789339661883,3.5272459983825684,4.525944232940674,barbell biceps curl_19.mp4,417
178.58486970116337,176.6209552125729,0.4439363181591034,6.072314262390137,8.149323463439941,10.650372856208927,11.960029443030631,0.011057895737308976,4.657004356384277,4.77030611038208,barbell biceps curl_19.mp4,420
179.31271965971698,178.42753451017444,0.4029925465583801,3.821479558944702,7.465723991394043,8.781385740663222,11.789601648689422,0.004948758990494599,4.508854389190674,5.893314838409424,barbell biceps curl_19.mp4,0
179.78693754486721,178.55883510460086,0.24948598444461823,4.181980133056641,7.512121677398682,8.904635852702988,11.890499792545109,0.00685428730572847,4.392438888549805,6.071051120758057,barbell biceps curl_19.mp4,3
179.19643092685368,178.449340156788,0.11101800203323364,4.20316743850708,7.414087772369385,8.87705922836098,11.975477653714533,0.0041778252699706175,5.006929874420166,5.863439083099365,barbell biceps curl_19.mp4,6
179.86437907172748,178.88635790625221,0.2807154059410095,4.436267375946045,7.124937534332275,9.326073307721447,11.572905750473781,0.0054523716032689315,4.572171211242676,6.011174201965332,barbell biceps curl_19.mp4,9
179.62779682203634,178.9481672595125,0.432715505361557,3.9596474170684814,7.119925498962402,9.08060454897339,11.490925195211299,0.0037907145520176514,4.332955360412598,6.067860126495361,barbell biceps curl_19.mp4,12
179.96573597990397,178.6387186686154,0.573477029800415,4.44789981842041,7.089833736419678,9.501315369906521,11.089244884995034,0.007401008515575819,4.480698585510254,5.728599548339844,barbell biceps curl_19.mp4,15
175.8391929704979,176.37793153585523,0.43715566396713257,6.639932155609131,8.264354705810547,11.689412635218757,12.487260217801374,0.0030591276111994786,2.479050636291504,4.6422247886657715,barbell biceps curl_19.mp4,18
176.33157592332466,172.6554307372615,0.4101383090019226,7.176197528839111,10.552513122558594,12.108543202628455,14.669405809151371,0.02106751893854014,3.50768780708313,3.207937002182007,barbell biceps curl_19.mp4,21
178.90282100788318,172.57117258060032,0.3948691487312317,6.181002140045166,10.635062217712402,11.19821573747939,14.868054141636357,0.03602911477254926,5.083950996398926,3.2061970233917236,barbell biceps curl_19.mp4,24
179.96573597990397,173.12525020038626,0.2457103282213211,6.362245082855225,10.73635196685791,11.113543926813682,14.998010442895975,0.038746306460652136,6.328790664672852,3.8616039752960205,barbell biceps curl_19.mp4,27
178.6259841627242,175.45243884753972,0.3365253210067749,6.673049449920654,9.841702461242676,11.663831621481755,14.163577350119732,0.017925663406450923,8.04735279083252,5.294103622436523,barbell biceps curl_19.mp4,30
176.96455423755313,178.61308435763212,0.6001138091087341,6.871116638183594,10.60351848602295,12.124650467280363,14.698533242111836,0.009272406029760443,9.906634330749512,11.990424156188965,barbell biceps curl_19.mp4,33
157.03271274027057,176.39418528325317,0.3019348084926605,10.45655345916748,12.022941589355469,15.089297209854328,16.064080346919756,0.11613623650493018,12.510736465454102,15.62883472442627,barbell biceps curl_19.mp4,36
16.795745742733843,53.70844471126901,0.10533284395933151,9.977396011352539,9.853852272033691,14.411309842009437,14.558631093794466,1.0471065260331476,6.818325996398926,43.854591369628906,barbell biceps curl_19.mp4,39
11.757885475736252,39.286919424527824,0.17337505519390106,8.57470989227295,8.649317741394043,12.986223825042067,13.408544766537144,1.0786223594185647,3.1831865310668945,30.637598037719727,barbell biceps curl_19.mp4,42
8.754523474645593,14.20150395768128,0.3262490928173065,8.105447769165039,8.586373329162598,12.257310899512357,13.400442497432918,0.4745577604045902,0.6491117477416992,5.615116596221924,barbell biceps curl_19.mp4,45
11.035333407297532,11.712785461838271,0.4799758195877075,8.194816589355469,7.9757080078125,12.148642100498424,12.910689947675003,0.059561149512005786,2.840547561645508,3.737051248550415,barbell biceps curl_19.mp4,48
12.298375056475894,9.836132846117115,0.511961042881012,9.077159881591797,8.817817687988281,12.978790240369662,13.764916427882161,0.22247995945465163,3.2212440967559814,1.018311619758606,barbell biceps curl_19.mp4,51
11.202822100109724,11.203208808824126,0.30984821915626526,9.214061737060547,9.977744102478027,13.280481874677355,14.70065967575656,3.4518270190140305e-05,1.9887446165084839,1.2254558801651,barbell biceps curl_19.mp4,54
11.310016085148185,10.990622671109435,0.16068649291992188,10.070863723754883,10.705211639404297,14.461241116448488,15.520704898239085,0.028644328759338977,1.2391437292099,0.2853686213493347,barbell biceps curl_19.mp4,57
9.694566687862011,10.519770427690872,0.1837669163942337,9.480085372924805,10.366061210632324,13.802771207378795,15.099552569460192,0.08164539209093835,0.2144855111837387,0.15373638272285461,barbell biceps curl_19.mp4,60
9.640370031811727,10.421148510095609,0.12954474985599518,9.276387214660645,10.717813491821289,13.759604875841468,15.517820294199362,0.07783842251551208,0.36401620507240295,0.2966712415218353,barbell biceps curl_19.mp4,63
10.33989573839044,10.611739161522761,0.30709245800971985,8.869994163513184,9.43702507019043,13.166705963866066,14.43119301637768,0.025949614379109573,1.4698792695999146,1.174682855606079,barbell biceps curl_19.mp4,66
9.957793347646893,11.144471416525674,0.08862857520580292,8.191205978393555,9.815596580505371,12.908351177714469,14.43991942842731,0.11246926167787669,1.766605257987976,1.3288875818252563,barbell biceps curl_19.mp4,69
9.911989276945503,11.421701942795,0.11456242203712463,8.555912971496582,9.217411994934082,13.189774742193245,13.695622133272366,0.14153318807319465,1.356080174446106,2.2042806148529053,barbell biceps curl_19.mp4,72
11.003834664157202,12.92100308266177,0.1410871148109436,8.308110237121582,8.243361473083496,12.665994118304509,12.842726364503969,0.16026594945326,2.6957197189331055,4.6776509284973145,barbell biceps curl_19.mp4,75
12.154434026083106,13.679298990650905,0.0653785839676857,8.522605895996094,7.578659534454346,13.301427351603218,12.205793448179252,0.11805223531419601,3.6318235397338867,6.100632190704346,barbell biceps curl_19.mp4,78
26.320645340583706,42.19902753322548,0.06361177563667297,8.6210355758667,7.553082466125488,13.214118721036469,12.008991021891909,0.46346929361103517,17.69961166381836,34.64594650268555,barbell biceps curl_19.mp4,81
144.49263827870465,139.44370308637343,0.14617742598056793,9.689626693725586,9.723471641540527,14.404872913979604,14.19469535642136,0.03556385327822072,45.19697952270508,50.27976989746094,barbell biceps curl_19.mp4,84
172.14367152824138,170.21236395817647,0.4069211781024933,7.528918743133545,9.149996757507324,12.527487844168267,13.439759855136822,0.0112824508399329,15.385213851928711,18.93766212463379,barbell biceps curl_19.mp4,87
174.3329935937224,177.61492732203612,0.18157902359962463,6.013954162597656,8.79738998413086,10.531174476416979,13.72288581974441,0.018650110049090406,11.680999755859375,6.412416458129883,barbell biceps curl_19.mp4,90
178.16122725953068,175.35375082169935,0.0073341322131454945,8.369963645935059,9.689273834228516,12.631745785958364,14.025767407280709,0.015883210680743658,6.531128406524658,5.042972087860107,barbell biceps curl_19.mp4,93
179.7360704195442,174.57273859721317,0.0236301701515913,6.76946496963501,9.297219276428223,11.14643248641212,13.80314337238082,0.02914594100361093,6.506545066833496,3.870025157928467,barbell biceps curl_19.mp4,96
179.20549187010346,174.70131864798597,0.372173547744751,5.4103875160217285,9.823147773742676,10.288319634386536,13.983685875656313,0.02545400703379379,4.615477085113525,4.524521350860596,barbell biceps curl_19.mp4,99
179.46550864270543,173.3788646604674,0.31470829248428345,5.3748674392700195,10.033670425415039,10.155728610350167,14.210048474160056,0.034500445197737255,4.840151786804199,3.4125287532806396,barbell biceps curl_19.mp4,102
178.64404797699524,174.85459621092144,0.3183438777923584,5.296700954437256,9.214920997619629,10.12407077177263,13.458305125291602,0.021439696182027547,3.940670967102051,4.069441795349121,barbell biceps curl_19.mp4,105
179.409501965553,177.25825995630217,0.4184950590133667,4.8711395263671875,7.933069705963135,9.835273192381662,12.087425373247061,0.012063002261035115,4.281118869781494,5.191384315490723,barbell biceps curl_19.mp4,108
179.23766806627754,179.8506465589422,0.5241967439651489,4.332978248596191,6.356034278869629,9.51799667001509,10.509065678989094,0.0034140820945645738,3.570209503173828,6.503708362579346,barbell biceps curl_19.mp4,111
178.5958366535632,179.8051664433104,0.30562230944633484,4.923716068267822,6.374858379364014,9.736638709788298,10.617968441423383,0.0067484732425279565,3.5194714069366455,6.569775104522705,barbell biceps curl_19.mp4,114
178.94538037200198,176.48670517873845,0.5360146760940552,4.488366603851318,8.19778060913086,9.586197997632192,12.20968567438861,0.013834852244438341,3.433889627456665,4.684410095214844,barbell biceps curl_19.mp4,117
177.29549496549808,175.10054998482363,0.554711639881134,5.828988075256348,9.453527450561523,10.878857044140954,13.451069142299815,0.012457262288422546,3.124437093734741,4.554011821746826,barbell biceps curl_19.mp4,120
179.27692425559826,175.67477778450115,0.507582426071167,5.185471534729004,9.53831672668457,10.000617335248217,13.34731981943071,0.020296544292610123,5.908102035522461,5.213105201721191,barbell biceps curl_19.mp4,123
179.9072125861908,173.34568608024765,0.27922922372817993,5.720663547515869,9.898900032043457,10.365095097959408,13.981085229693116,0.037149172905380355,5.630781173706055,3.2446279525756836,barbell biceps curl_19.mp4,126
177.78335661488515,175.3453264740999,0.4153609573841095,5.43118143081665,10.448290824890137,10.52485702100632,14.697106478748474,0.013808168282783749,7.647853851318359,5.793632507324219,barbell biceps curl_19.mp4,129
174.80879957894916,177.70338996755677,0.6453456878662109,5.86668586730957,11.367191314697266,11.257043646876328,15.479197905331901,0.01642263997923814,11.057886123657227,9.070587158203125,barbell biceps curl_19.mp4,132
176.31937318378857,167.36288323467005,0.6322467923164368,9.055975914001465,10.849615097045898,14.365806664726138,14.821359867430855,0.05212075853117846,5.375321388244629,23.48674201965332,barbell biceps curl_19.mp4,135
14.971409395327887,55.10189001758233,0.6628509759902954,10.087043762207031,9.395428657531738,15.275094376566555,13.209023292967984,1.1453857876959295,4.884363174438477,45.706451416015625,barbell biceps curl_19.mp4,138
14.595267913344221,21.527662537282332,0.49187320470809937,6.5910420417785645,7.842399597167969,11.796151967011518,12.06870507823538,0.3838223830380222,8.004196166992188,13.685254096984863,barbell biceps curl_19.mp4,141
10.600810650930525,17.46365858339315,0.5399052500724792,7.033497333526611,9.465507507324219,12.181184374684337,13.530835558768594,0.48907733655401975,3.5673108100891113,7.998143196105957,barbell biceps curl_19.mp4,144
11.059909637489957,12.570240939287,0.1984841674566269,7.9811201095581055,8.883854866027832,12.570319397790332,13.142621174456064,0.1278308656468194,3.0787851810455322,3.6863715648651123,barbell biceps curl_19.mp4,147
11.277004765982017,12.169752488128836,0.10670413076877594,8.585935592651367,8.696382522583008,12.927919807139778,13.26350860161472,0.07615106110166223,2.691053628921509,3.4733922481536865,barbell biceps curl_19.mp4,150
11.174750518501968,10.164363225463857,0.13373549282550812,8.497344970703125,8.560290336608887,12.75185343454715,13.099731520270687,0.09469814961962264,2.677438735961914,1.604081630706787,barbell biceps curl_19.mp4,153
11.09824342746988,10.146679640369884,0.1985522210597992,8.667925834655762,8.892556190490723,12.927919807139778,13.561992815373486,0.08958034670791146,2.430311918258667,1.2541236877441406,barbell biceps curl_19.mp4,156
11.24703246424535,10.684061757706209,0.20335911214351654,8.632757186889648,9.316781997680664,12.820059817019004,13.99644196320385,0.05133995603152767,2.6142983436584473,1.3672655820846558,barbell biceps curl_19.mp4,159
11.176970617548303,10.821910081899158,0.14010192453861237,8.912531852722168,9.372685432434082,13.068141875238245,13.81171475853756,0.0322798728262627,2.2644431591033936,1.4492089748382568,barbell biceps curl_19.mp4,162
11.281247686104662,11.16512505296572,0.01999966986477375,8.40170955657959,9.760169982910156,12.644201773400532,14.062455889552382,0.010346672443589684,2.8795225620269775,1.4049464464187622,barbell biceps curl_19.mp4,165
11.128080508712332,10.444515190753368,0.05408002808690071,8.548469543457031,8.94953441619873,12.9372432295435,13.24570913639725,0.0633734880569698,2.579575300216675,1.4949766397476196,barbell biceps curl_19.mp4,168
11.2541567078857,10.37463829276742,0.08409451693296432,8.979494094848633,8.732361793518066,13.322696180077651,13.299453027163755,0.08132847115077114,2.274650812149048,1.6422622203826904,barbell biceps curl_19.mp4,171
11.77357835392515,12.384225937403551,0.20853614807128906,8.522263526916504,8.291070938110352,13.209068129198622,12.594446070760416,0.050554891174243846,3.251312732696533,4.0931525230407715,barbell biceps curl_19.mp4,174
14.782099136343053,22.234039234872284,0.013659777119755745,7.795201301574707,7.170327186584473,12.384958405307426,11.861857764407539,0.40263195602942986,6.986880302429199,15.063706398010254,barbell biceps curl_19.mp4,177
3.5986398418114596,74.56922362038013,0.2206352800130844,11.216289520263672,9.286332130432129,16.151180206540708,13.82128164760173,1.8158506740534333,7.617592811584473,65.28289031982422,barbell biceps curl_19.mp4,180
164.97177263809004,173.58213169154712,0.5946453213691711,5.542585849761963,10.695396423339844,10.685240625396096,14.722740655266264,0.05086551325116897,20.57082748413086,17.11325454711914,barbell biceps curl_19.mp4,183
175.55604368242803,179.30846220422885,0.0854402706027031,5.084107875823975,9.867720603942871,9.619383320539688,14.272130364541457,0.02114845784548166,9.528042793273926,9.175965309143066,barbell biceps curl_19.mp4,186
178.3962353463827,175.2382733905272,0.3907187879085541,7.623903751373291,9.306124687194824,11.512659326406627,14.053373436033711,0.01786003276170586,6.020107269287109,4.544461727142334,barbell biceps curl_19.mp4,189
179.8672959931097,175.0999902133917,0.06289443373680115,6.397749423980713,9.187228202819824,10.78629284018378,13.534031794946555,0.02686053597031838,6.266294956207275,4.287200450897217,barbell biceps curl_19.mp4,192
178.2399694050557,176.3952171517223,0.2564820945262909,6.496191024780273,8.08850383758545,10.52154727150999,12.738912476755536,0.010403661696654756,4.736348628997803,4.483824729919434,barbell biceps curl_19.mp4,195
178.33340376849094,175.84555205746835,0.1273222118616104,5.478432655334473,8.535553932189941,9.766660787359973,13.133005170159212,0.014048557488238212,3.811711549758911,4.381102561950684,barbell biceps curl_19.mp4,198
179.42189269144427,177.2151198289891,0.3637067675590515,4.797642230987549,7.512919902801514,9.695377860336674,11.707417825276163,0.01237545619205043,4.219679355621338,4.728121757507324,barbell biceps curl_19.mp4,201
178.06032980520834,179.74899003243118,0.2912420630455017,4.672018527984619,6.491494655609131,9.37108497907226,10.619284285301573,0.009438883414155289,2.732543706893921,6.241269111633301,barbell biceps curl_19.mp4,204
178.91051706948062,179.72375437504405,0.2223496288061142,4.517035484313965,6.324348449707031,9.17080467097714,10.594757142890384,0.004535190138342531,3.4274840354919434,6.600804328918457,barbell biceps curl_19.mp4,207
177.690048759902,179.45751438723528,0.048911284655332565,5.333257675170898,6.693594932556152,9.709987736067225,11.029105031460341,0.00989767709323623,3.0233895778656006,6.1505303382873535,barbell biceps curl_19.mp4,210
177.34369275684125,175.86127950672488,0.26024627685546875,5.812028884887695,8.190817832946777,9.90998527654153,12.893146660177985,0.008394067844606503,3.1557669639587402,4.052090644836426,barbell biceps curl_19.mp4,213
177.97938311602715,175.71622830279324,0.04101831838488579,5.990663528442383,9.093491554260254,10.320222389767574,13.404243796888787,0.012797189109333047,3.9698479175567627,4.809723854064941,barbell biceps curl_19.mp4,216
178.06214681105513,173.87160888966045,0.4285217225551605,6.194148540496826,10.224266052246094,10.8327998275104,14.053134346427585,0.02381435627310676,4.256452560424805,4.095836639404297,barbell biceps curl_19.mp4,219
177.63445623881196,174.32594275212324,0.18898065388202667,4.669958591461182,9.774332046508789,9.184914709932762,13.999251573606339,0.01880048719216241,7.035650253295898,4.100293159484863,barbell biceps curl_19.mp4,222
174.72199418103708,177.29629122648015,0.6278776526451111,4.456313133239746,10.080860137939453,9.73197293618423,14.09184307945197,0.014625927982479182,9.734312057495117,7.377216815948486,barbell biceps curl_19.mp4,225
173.8269854413163,176.32688187152831,0.9164662957191467,5.466434478759766,10.877707481384277,10.998609028820114,14.62096848154853,0.014278845179673394,11.6394681930542,14.550854682922363,barbell biceps curl_19.mp4,228
158.3922185231637,172.12174073014276,0.9801080822944641,6.786825656890869,11.246774673461914,12.593819572352196,15.053020976134318,0.0830798326218756,28.394601821899414,19.125019073486328,barbell biceps curl_19.mp4,231
17.503761995116196,74.03836377454236,1.024675965309143,8.488000869750977,10.591777801513672,14.258825617293084,14.321294105025776,1.2351603440295995,9.01574993133545,63.44657897949219,barbell biceps curl_19.mp4,234
13.262079553099388,24.57897006090011,0.42307615280151367,7.32581901550293,8.499112129211426,12.371082036122642,12.669046464024547,0.5981277275994997,5.936246871948242,16.079856872558594,barbell biceps curl_19.mp4,237
10.412554507456674,16.2743391740229,0.6187511086463928,7.093865394592285,7.960495471954346,12.328704938308803,11.91121702301974,0.43930063472574493,3.31868314743042,8.313848495483398,barbell biceps curl_19.mp4,240
10.306087262287715,12.59851756329331,0.34760239720344543,8.384950637817383,9.320303916931152,13.306146750654221,13.572605510632792,0.2001720019587758,1.9211206436157227,3.278170347213745,barbell biceps curl_19.mp4,243
10.7702225413627,12.649396004603389,0.5742285251617432,8.514375686645508,9.11740493774414,13.509449877007158,12.92802665955268,0.16047857137829996,2.2558677196502686,3.5319793224334717,barbell biceps curl_19.mp4,246
10.642960466422512,11.325503640475699,0.24566476047039032,8.657543182373047,9.530600547790527,13.135905724734371,13.526850171773248,0.062138451803634726,1.9854267835617065,1.7948822975158691,barbell biceps curl_19.mp4,249
9.932799233335023,12.048091109498,0.5703638792037964,8.17412281036377,11.116048812866211,12.994625276768879,14.849289715001929,0.19246644182024022,1.7586666345596313,0.9320495128631592,barbell biceps curl_19.mp4,252
10.915726887470514,11.497626162625908,0.34500643610954285,8.489906311035156,10.79748821258545,12.967183050190139,14.662310742490078,0.051924339375262744,2.4258334636688232,0.7001336216926575,barbell biceps curl_19.mp4,255
11.538246483059819,11.67792826388484,0.05971749499440193,8.562806129455566,11.081448554992676,12.939592117326718,15.440596720428111,0.012033143474112124,2.975480079650879,0.5964779853820801,barbell biceps curl_19.mp4,258
10.525380502929526,11.171824961166465,0.0699177160859108,9.090654373168945,11.1309175491333,13.285907041339348,15.285901608230661,0.059587808144846995,1.4347130060195923,0.04092053323984146,barbell biceps curl_19.mp4,261
10.894931623431612,11.649819632387509,0.3440970182418823,8.841814041137695,10.856701850891113,13.223557347664833,14.593045132696355,0.06696796078076482,2.053151845932007,0.793125569820404,barbell biceps curl_19.mp4,264
11.005176469438846,10.801975078882995,0.3669990003108978,8.440013885498047,10.280439376831055,12.933490240213734,14.092810865581095,0.01863621574835967,2.565173864364624,0.5215297341346741,barbell biceps curl_19.mp4,267
11.360456489796448,11.114093152200727,0.09858664125204086,8.474605560302734,9.575948715209961,12.682695303568584,14.023794517070224,0.021923761901359997,2.8858437538146973,1.5381317138671875,barbell biceps curl_19.mp4,270
11.45669183520299,10.322280971606839,0.18127979338169098,8.03708267211914,8.251480102539062,12.19921749278879,12.800282847367525,0.10417487304465023,3.4195809364318848,2.0708136558532715,barbell biceps curl_19.mp4,273
11.444202644519141,15.138714740787963,0.19966834783554077,7.444215774536133,7.50083065032959,12.212737229467864,11.87751477129822,0.27796137216382805,3.9999988079071045,7.637883186340332,barbell biceps curl_19.mp4,276
25.967517311539524,35.01213120394864,0.28156572580337524,8.23396110534668,8.265109062194824,13.22340805382938,12.702279559265806,0.29664368728238516,17.733549118041992,26.747024536132812,barbell biceps curl_19.mp4,279
172.59760622979593,163.35964547154947,0.29487675428390503,9.26717758178711,10.312761306762695,14.1255230123662,14.673504849979407,0.05499485849145291,16.669546127319336,26.953125,barbell biceps curl_19.mp4,282
175.02633692354746,178.12538952642367,0.12136033177375793,6.022152423858643,9.638423919677734,10.672948295055058,14.090889255494258,0.017550827991295335,10.995817184448242,11.513019561767578,barbell biceps curl_19.mp4,285
177.78273863346453,177.54409112164663,0.3911878168582916,6.208867073059082,8.85595703125,10.274485737386195,13.771459793076158,0.001343256359123663,8.426119804382324,6.400184631347656,barbell biceps curl_19.mp4,288
179.85872579230335,174.12934170489584,0.12490547448396683,6.252240180969238,9.980223655700684,10.322719320846677,14.395246581315677,0.03237049275652684,6.111366271972656,4.109571933746338,barbell biceps curl_19.mp4,291
179.15419602599275,173.16642848354397,0.13621428608894348,5.767512798309326,9.63733196258545,9.986211887095331,14.222702923747484,0.03399044578093781,4.92211389541626,2.8037102222442627,barbell biceps curl_19.mp4,294
179.46955094691685,175.75084055832332,0.020941834896802902,5.453193664550781,8.689478874206543,9.834593413498053,13.200905471547552,0.020937482630631457,4.922504425048828,4.440404891967773,barbell biceps curl_19.mp4,297
179.6488977289201,176.13694674742814,0.40682291984558105,4.875516891479492,8.3385591506958,9.704458403982786,12.430843721879045,0.019741937662870843,4.524016857147217,4.475407123565674,barbell biceps curl_19.mp4,300
179.88296607240864,178.90854314472455,0.32968267798423767,4.408567428588867,5.670145034790039,9.0394636043508,9.765996412682647,0.005431694466851989,4.290746688842773,6.7613701820373535,barbell biceps curl_19.mp4,303
179.68101892515222,177.8280427931711,0.3358163833618164,4.556097507476807,4.993243217468262,9.285015967507334,9.144088703820474,0.01036603728629986,4.237306594848633,7.165216445922852,barbell biceps curl_19.mp4,306
179.3003045725705,177.02487261397152,0.14447759091854095,4.334718704223633,4.613910675048828,8.955632380017647,9.067850500420654,0.012771659732636553,5.034468173980713,7.589024543762207,barbell biceps curl_19.mp4,309
179.3810278054981,179.2590147818971,0.09082042425870895,4.991577625274658,5.544275760650635,9.606560762525541,10.014157821949725,0.0006804205281749405,4.373196125030518,6.285336971282959,barbell biceps curl_19.mp4,312
178.16548947415416,179.44573914925897,0.24573425948619843,5.69301700592041,6.038641452789307,9.958761014753117,10.862976418698938,0.007160008258314478,3.8584654331207275,5.4842400550842285,barbell biceps curl_19.mp4,315
178.07593073728748,175.5511980823696,0.08244436234235764,5.744758605957031,8.841545104980469,9.92671926615682,13.244695573362955,0.0142790665599948,3.8206307888031006,4.39271879196167,barbell biceps curl_19.mp4,318
179.09366567186157,174.76415077298708,0.33406415581703186,5.298049449920654,9.860090255737305,10.027562532357843,13.945136437898578,0.024470364636126552,4.391938209533691,4.6242499351501465,barbell biceps curl_19.mp4,321
178.74041262214828,175.2497651978616,0.04776286706328392,5.898876190185547,9.319761276245117,10.182480061464188,13.5879932811709,0.01972171909279104,4.639034271240234,4.569515228271484,barbell biceps curl_19.mp4,324
179.49642219202332,175.4514913448956,0.3671283423900604,6.089879512786865,10.731080055236816,10.785380389038531,14.718587817552597,0.022791686852425993,6.593447685241699,6.182635307312012,barbell biceps curl_19.mp4,327
179.3896229300429,177.1188686503542,0.10489185899496078,6.941448211669922,9.514863014221191,11.741936982194959,14.153943976261061,0.012738851013744336,7.551779270172119,6.633747577667236,barbell biceps curl_19.mp4,330
175.45592907922006,176.5742872492396,0.07882362604141235,5.713670253753662,9.054526329040527,10.417843954190053,13.60654349043582,0.006353762365535521,10.257726669311523,12.480182647705078,barbell biceps curl_19.mp4,333
177.34082043776033,174.7797795779015,0.7641879916191101,8.559534072875977,10.578795433044434,13.931270494201417,14.428822156959399,0.014546384731509088,5.900585174560547,15.799057006835938,barbell biceps curl_19.mp4,336
174.847480275071,129.64293524036654,0.6124130487442017,8.083149909973145,9.698868751525879,13.295429264615313,13.683154186974143,0.2969193296819066,13.235733985900879,60.055931091308594,barbell biceps curl_19.mp4,339
49.80110011423053,80.692053421804,0.39227554202079773,8.009968757629395,8.90098762512207,12.917825971973569,13.019267094304453,0.4734494104940642,41.79113006591797,71.79106140136719,barbell biceps curl_19.mp4,342
20.217707604024163,29.640153941450194,0.5012519955635071,6.428215503692627,8.322279930114746,11.592619026127515,12.470649481823429,0.3779723415867729,13.789494514465332,21.31787872314453,barbell biceps curl_19.mp4,345
12.332239173633514,18.02059521774875,0.3124314248561859,6.628541469573975,8.08459758758545,11.552528361777894,12.36940818967235,0.37481547658891884,5.703688621520996,9.935986518859863,barbell biceps curl_19.mp4,348
10.691832547302766,13.55886131452918,0.19002670049667358,7.822369575500488,8.560693740844727,12.595150844822225,12.948876797928085,0.2364492153141083,2.86953067779541,4.998202323913574,barbell biceps curl_19.mp4,351
12.316975643907098,12.640503699284869,0.24627427756786346,7.7359938621521,9.089859008789062,12.423797742147007,13.272377229957037,0.02592634063151293,4.5810160636901855,3.5506575107574463,barbell biceps curl_19.mp4,354
11.88579164345806,11.917420309213567,0.16346235573291779,7.923253059387207,9.602032661437988,12.38105672613648,13.711551622417929,0.00265751242465891,3.9625420570373535,2.3154001235961914,barbell biceps curl_19.mp4,357
12.314638072506858,11.643848080145094,0.2632056474685669,8.8311767578125,10.88873291015625,13.356518169903769,14.892138280536061,0.05599602479787849,3.4834775924682617,0.7551366090774536,barbell biceps curl_19.mp4,360
10.979923431943083,10.25190630536797,0.09326336532831192,8.109113693237305,10.554844856262207,12.796197410348633,15.040260673108339,0.06857789795627041,2.870811700820923,0.3029332160949707,barbell biceps curl_19.mp4,363
11.610772236821992,10.206657013337065,0.25166842341423035,8.309725761413574,10.974509239196777,12.785445811866635,15.010252027362537,0.12871500188086465,3.3010332584381104,0.7678300738334656,barbell biceps curl_19.mp4,366
10.97269517172364,10.727209294306975,0.5614482164382935,8.309947967529297,12.791878700256348,12.966361184506185,16.375340323004323,0.022625526098601193,2.6627743244171143,2.064671277999878,barbell biceps curl_19.mp4,369
10.90022441312991,10.621674631537454,0.4602564871311188,8.552618980407715,13.279272079467773,12.979139971053016,16.847433725276154,0.02588524191237434,2.3476104736328125,2.6575927734375,barbell biceps curl_19.mp4,372
11.16699437385372,10.736672521181399,0.3550783395767212,8.440741539001465,13.174965858459473,12.786865470412826,16.874149533304955,0.03929222031493384,2.726259708404541,2.4382944107055664,barbell biceps curl_19.mp4,375
11.320876966619783,10.601608864700697,0.3604922294616699,8.396430969238281,12.718315124511719,12.781247653601268,16.42397779034026,0.06561921010722913,2.92443585395813,2.116722583770752,barbell biceps curl_19.mp4,378
11.323712330217232,10.897713815854232,0.5295787453651428,7.816519260406494,11.869843482971191,12.41156902854768,15.42039386102168,0.03834123980726705,3.5071983337402344,0.9721123576164246,barbell biceps curl_19.mp4,381
10.859333499522892,10.902680272076028,0.687510073184967,7.3758039474487305,10.301239013671875,12.33003239250504,13.929922876924262,0.003983709688641648,3.4835031032562256,0.6014657020568848,barbell biceps curl_19.mp4,384
12.121577072334096,10.784066325364293,0.4009995758533478,8.34947395324707,10.278525352478027,12.986938080177032,14.142990429051089,0.11678438572951845,3.7720892429351807,0.5055251121520996,barbell biceps curl_19.mp4,387
12.449978158156314,11.391154416362347,0.10158694535493851,8.116363525390625,8.61296272277832,12.515280049818449,12.81168445427566,0.08882327536114078,4.333626747131348,2.7781810760498047,barbell biceps curl_19.mp4,390
11.519621437352479,13.084805926817994,0.14375486969947815,7.282729148864746,8.236266136169434,11.79768876714259,12.47033317676927,0.12722787377240674,4.2368855476379395,4.848532199859619,barbell biceps curl_19.mp4,393
26.430312306987076,27.77252897073485,0.42452800273895264,6.744404315948486,8.07500171661377,11.739285215644975,12.270333742628447,0.049525693934404216,19.6859188079834,19.697542190551758,barbell biceps curl_19.mp4,396
148.33320157220214,127.35694334577738,0.7708220481872559,8.265852928161621,9.510441780090332,13.757307365590977,13.503454759841564,0.15217270992886162,39.932647705078125,62.15349578857422,barbell biceps curl_19.mp4,399
170.67464323388853,175.66446566527424,0.8756530284881592,5.409830093383789,10.465245246887207,10.794410297671964,14.097130044651927,0.028814663450777083,14.735198020935059,14.800726890563965,barbell biceps curl_19.mp4,402
176.73007926483655,176.0864842807402,0.06770744174718857,6.246035099029541,10.639083862304688,10.648617264775757,14.914804543036725,0.003648326357632661,9.515995979309082,6.725600242614746,barbell biceps curl_19.mp4,405
179.96043531735157,174.41538262813788,0.35731688141822815,5.877011775970459,10.34416389465332,10.529044155867863,14.31842212933041,0.0312947577594961,5.835879325866699,4.7595319747924805,barbell biceps curl_19.mp4,408
179.0246164970991,173.6852765925071,0.35685691237449646,6.638345718383789,10.54631519317627,11.182941580878833,14.474022106713328,0.030276099475528558,5.662806034088135,4.231543064117432,barbell biceps curl_19.mp4,411
179.9137707668765,173.95071570680398,0.27202627062797546,4.762657642364502,10.055776596069336,9.34542037851955,14.169368246120898,0.033702478140688115,4.848846435546875,4.006563186645508,barbell biceps curl_19.mp4,414
177.6837026784009,175.9961564835689,0.22028857469558716,5.843542575836182,8.529642105102539,10.328739995028698,12.73959390210088,0.009542789339661883,3.5272459983825684,4.525944232940674,barbell biceps curl_19.mp4,417
178.58486970116337,176.6209552125729,0.4439363181591034,6.072314262390137,8.149323463439941,10.650372856208927,11.960029443030631,0.011057895737308976,4.657004356384277,4.77030611038208,barbell biceps curl_19.mp4,420
176.44763306807747,179.1681928932416,0.1807156652212143,6.380379676818848,5.4338812828063965,13.209277362965114,12.601836437816326,0.015300555411502213,2.8280153274536133,6.265606880187988,barbell biceps curl_2.mp4,0
175.6134465783777,179.97202354488172,0.03142338991165161,6.847294807434082,6.259293079376221,13.177945713740439,12.815811224684877,0.02451493287953059,2.4607994556427,6.254495620727539,barbell biceps curl_2.mp4,3
176.06293728580818,179.6596512371345,0.031862255185842514,6.491034030914307,6.293725490570068,13.023692905934666,12.984141626975733,0.020222016073035306,2.554072856903076,5.9535722732543945,barbell biceps curl_2.mp4,6
175.6336751540089,179.10561905612565,0.42835330963134766,7.0767340660095215,6.0415191650390625,13.297092366794047,13.230557369991807,0.019574622596278252,2.7104125022888184,6.936018466949463,barbell biceps curl_2.mp4,9
175.56133581250762,178.75588805992862,0.03300127014517784,7.5038018226623535,6.5301384925842285,13.910616642468037,13.077970755793183,0.01803215893659816,3.065131902694702,7.774222373962402,barbell biceps curl_2.mp4,12
175.2565332012782,177.20592707726345,0.15570016205310822,8.59856128692627,6.993038654327393,14.669837339885502,13.523126516417108,0.011061568794842502,3.855116605758667,9.787069320678711,barbell biceps curl_2.mp4,15
179.86152357977852,165.96428772982705,0.2141093760728836,9.524975776672363,6.40773868560791,14.89281596855506,12.363715443105843,0.08037130483305521,9.386269569396973,20.443466186523438,barbell biceps curl_2.mp4,18
31.87654191099488,95.11969690671503,0.09758156538009644,14.106284141540527,10.024919509887695,19.638805810010112,15.562091169404257,0.9959846934758315,45.98283004760742,85.09477233886719,barbell biceps curl_2.mp4,21
23.045274014130143,17.66535317896294,0.18179182708263397,12.89401626586914,7.773013591766357,18.45518288044397,13.192767780285875,0.2643005625852876,10.151243209838867,9.892345428466797,barbell biceps curl_2.mp4,24
20.520591799981705,17.820214808379113,0.12795446813106537,14.676505088806152,11.178290367126465,20.276354696555543,17.29907161627398,0.14086177263749752,5.844085216522217,6.641916751861572,barbell biceps curl_2.mp4,27
17.28542252844292,17.39503276887532,0.751011848449707,17.770294189453125,11.760865211486816,23.712453534426455,16.336253674303908,0.006321153485022371,0.4848688542842865,5.634158134460449,barbell biceps curl_2.mp4,30
12.026049208484332,15.630277302240493,1.0288562774658203,17.459003448486328,14.067302703857422,23.79796022055625,18.461827163977222,0.26064402243432294,5.43295431137085,1.5629856586456299,barbell biceps curl_2.mp4,33
12.346829326712049,15.836584497967266,1.1812750101089478,15.71408748626709,15.07718276977539,21.986109603756585,19.054433045877282,0.2476460227965251,3.367237091064453,0.7593770027160645,barbell biceps curl_2.mp4,36
13.332311079151127,15.678472459638407,1.38594651222229,14.296664237976074,13.249744415283203,20.649891234515025,16.882877131633443,0.16174408921774144,0.9643304347991943,2.428734540939331,barbell biceps curl_2.mp4,39
12.189646230016065,16.621895455342653,1.4547120332717896,14.497806549072266,14.731253623962402,20.940382865373245,18.331876967358408,0.30767178471250933,2.308159112930298,1.8906553983688354,barbell biceps curl_2.mp4,42
12.553989642947622,16.2344540814805,1.5435662269592285,15.123231887817383,13.819348335266113,21.73800201708693,17.427251896234562,0.25569040645360486,2.569244623184204,2.415095567703247,barbell biceps curl_2.mp4,45
12.350741649930569,15.832629486531646,1.031058669090271,14.366446495056152,13.611291885375977,20.518604284597505,17.795904964819467,0.24708810168535073,2.015693187713623,2.221325397491455,barbell biceps curl_2.mp4,48
12.197084000659329,14.57044613270559,0.9185525178909302,15.792862892150879,12.836027145385742,21.904534034980085,17.163380231880854,0.17733142506771188,3.5958118438720703,1.7344263792037964,barbell biceps curl_2.mp4,51
13.376195355016664,16.078698762884468,0.7387780547142029,14.58155632019043,11.17723560333252,20.486271541806758,15.616214207972481,0.18350114565343925,1.2053446769714355,4.901432037353516,barbell biceps curl_2.mp4,54
15.040576519542611,15.04269515519913,0.579157292842865,13.867008209228516,9.857100486755371,19.8521165691869,14.82455025853985,0.0001408514126671701,1.1735560894012451,5.185584545135498,barbell biceps curl_2.mp4,57
15.844191434157311,14.773195498994765,0.36730119585990906,14.60877513885498,7.374372959136963,19.30169888397632,12.924591683093281,0.06995998303192145,1.2354040145874023,7.398797512054443,barbell biceps curl_2.mp4,60
14.18423255982226,20.472332738353124,0.10187142342329025,17.967159271240234,9.223001480102539,23.12239459284248,14.330044631050512,0.3628807485352234,3.782940149307251,11.249334335327148,barbell biceps curl_2.mp4,63
54.22124935102811,96.8441003185929,0.3510492444038391,14.265837669372559,11.554892539978027,19.870310681320767,16.637193914955272,0.5642968564370412,39.955413818359375,85.28919982910156,barbell biceps curl_2.mp4,66
176.26954349530334,171.01005581334522,0.10537508875131607,11.462553024291992,7.786068439483643,16.799042801901933,13.04023114626475,0.030289643805328698,7.732018947601318,16.775989532470703,barbell biceps curl_2.mp4,69
174.1340848012464,179.76426603512408,0.022409746423363686,10.207852363586426,8.333998680114746,16.030043905405698,14.413326807422633,0.031818069909463245,4.341914176940918,8.570141792297363,barbell biceps curl_2.mp4,72
176.1162192993968,177.96039148237483,0.45523539185523987,8.496456146240234,8.218503952026367,15.774331582060771,14.548207060414304,0.010416797533766852,4.612664699554443,6.178886413574219,barbell biceps curl_2.mp4,75
176.44763306807747,179.1681928932416,0.1807156652212143,6.380379676818848,5.4338812828063965,13.209277362965114,12.601836437816326,0.015300555411502213,2.8280153274536133,6.265606880187988,barbell biceps curl_2.mp4,0
175.6134465783777,179.97202354488172,0.03142338991165161,6.847294807434082,6.259293079376221,13.177945713740439,12.815811224684877,0.02451493287953059,2.4607994556427,6.254495620727539,barbell biceps curl_2.mp4,3
176.06293728580818,179.6596512371345,0.031862255185842514,6.491034030914307,6.293725490570068,13.023692905934666,12.984141626975733,0.020222016073035306,2.554072856903076,5.9535722732543945,barbell biceps curl_2.mp4,6
175.6336751540089,179.10561905612565,0.42835330963134766,7.0767340660095215,6.0415191650390625,13.297092366794047,13.230557369991807,0.019574622596278252,2.7104125022888184,6.936018466949463,barbell biceps curl_2.mp4,9
175.56133581250762,178.75588805992862,0.03300127014517784,7.5038018226623535,6.5301384925842285,13.910616642468037,13.077970755793183,0.01803215893659816,3.065131902694702,7.774222373962402,barbell biceps curl_2.mp4,12
175.2565332012782,177.20592707726345,0.15570016205310822,8.59856128692627,6.993038654327393,14.669837339885502,13.523126516417108,0.011061568794842502,3.855116605758667,9.787069320678711,barbell biceps curl_2.mp4,15
179.86152357977852,165.96428772982705,0.2141093760728836,9.524975776672363,6.40773868560791,14.89281596855506,12.363715443105843,0.08037130483305521,9.386269569396973,20.443466186523438,barbell biceps curl_2.mp4,18
31.87654191099488,95.11969690671503,0.09758156538009644,14.106284141540527,10.024919509887695,19.638805810010112,15.562091169404257,0.9959846934758315,45.98283004760742,85.09477233886719,barbell biceps curl_2.mp4,21
23.045274014130143,17.66535317896294,0.18179182708263397,12.89401626586914,7.773013591766357,18.45518288044397,13.192767780285875,0.2643005625852876,10.151243209838867,9.892345428466797,barbell biceps curl_2.mp4,24
20.520591799981705,17.820214808379113,0.12795446813106537,14.676505088806152,11.178290367126465,20.276354696555543,17.29907161627398,0.14086177263749752,5.844085216522217,6.641916751861572,barbell biceps curl_2.mp4,27
17.28542252844292,17.39503276887532,0.751011848449707,17.770294189453125,11.760865211486816,23.712453534426455,16.336253674303908,0.006321153485022371,0.4848688542842865,5.634158134460449,barbell biceps curl_2.mp4,30
12.026049208484332,15.630277302240493,1.0288562774658203,17.459003448486328,14.067302703857422,23.79796022055625,18.461827163977222,0.26064402243432294,5.43295431137085,1.5629856586456299,barbell biceps curl_2.mp4,33
12.346829326712049,15.836584497967266,1.1812750101089478,15.71408748626709,15.07718276977539,21.986109603756585,19.054433045877282,0.2476460227965251,3.367237091064453,0.7593770027160645,barbell biceps curl_2.mp4,36
13.332311079151127,15.678472459638407,1.38594651222229,14.296664237976074,13.249744415283203,20.649891234515025,16.882877131633443,0.16174408921774144,0.9643304347991943,2.428734540939331,barbell biceps curl_2.mp4,39
12.189646230016065,16.621895455342653,1.4547120332717896,14.497806549072266,14.731253623962402,20.940382865373245,18.331876967358408,0.30767178471250933,2.308159112930298,1.8906553983688354,barbell biceps curl_2.mp4,42
12.553989642947622,16.2344540814805,1.5435662269592285,15.123231887817383,13.819348335266113,21.73800201708693,17.427251896234562,0.25569040645360486,2.569244623184204,2.415095567703247,barbell biceps curl_2.mp4,45
12.350741649930569,15.832629486531646,1.031058669090271,14.366446495056152,13.611291885375977,20.518604284597505,17.795904964819467,0.24708810168535073,2.015693187713623,2.221325397491455,barbell biceps curl_2.mp4,48
12.197084000659329,14.57044613270559,0.9185525178909302,15.792862892150879,12.836027145385742,21.904534034980085,17.163380231880854,0.17733142506771188,3.5958118438720703,1.7344263792037964,barbell biceps curl_2.mp4,51
13.376195355016664,16.078698762884468,0.7387780547142029,14.58155632019043,11.17723560333252,20.486271541806758,15.616214207972481,0.18350114565343925,1.2053446769714355,4.901432037353516,barbell biceps curl_2.mp4,54
15.040576519542611,15.04269515519913,0.579157292842865,13.867008209228516,9.857100486755371,19.8521165691869,14.82455025853985,0.0001408514126671701,1.1735560894012451,5.185584545135498,barbell biceps curl_2.mp4,57
15.844191434157311,14.773195498994765,0.36730119585990906,14.60877513885498,7.374372959136963,19.30169888397632,12.924591683093281,0.06995998303192145,1.2354040145874023,7.398797512054443,barbell biceps curl_2.mp4,60
14.18423255982226,20.472332738353124,0.10187142342329025,17.967159271240234,9.223001480102539,23.12239459284248,14.330044631050512,0.3628807485352234,3.782940149307251,11.249334335327148,barbell biceps curl_2.mp4,63
54.22124935102811,96.8441003185929,0.3510492444038391,14.265837669372559,11.554892539978027,19.870310681320767,16.637193914955272,0.5642968564370412,39.955413818359375,85.28919982910156,barbell biceps curl_2.mp4,66
176.26954349530334,171.01005581334522,0.10537508875131607,11.462553024291992,7.786068439483643,16.799042801901933,13.04023114626475,0.030289643805328698,7.732018947601318,16.775989532470703,barbell biceps curl_2.mp4,69
174.1340848012464,179.76426603512408,0.022409746423363686,10.207852363586426,8.333998680114746,16.030043905405698,14.413326807422633,0.031818069909463245,4.341914176940918,8.570141792297363,barbell biceps curl_2.mp4,72
176.1162192993968,177.96039148237483,0.45523539185523987,8.496456146240234,8.218503952026367,15.774331582060771,14.548207060414304,0.010416797533766852,4.612664699554443,6.178886413574219,barbell biceps curl_2.mp4,75
168.96825328477237,172.11337363614257,0.8141988515853882,2.123809337615967,3.056189775466919,5.115922277518871,7.595201359868671,0.018442039108130796,13.15557861328125,4.830403804779053,barbell biceps curl_20.mp4,0
168.76845668907507,171.5228170331606,1.1147583723068237,2.2414791584014893,3.194185495376587,4.92895102068813,8.006065763762525,0.016188251399792283,13.473016738891602,5.28302001953125,barbell biceps curl_20.mp4,3
167.38367703850165,172.7284555762612,0.561558187007904,2.1401751041412354,3.1256051063537598,5.598251936581556,7.617492865301185,0.03142950824287985,14.75648307800293,4.145932674407959,barbell biceps curl_20.mp4,6
160.3999962349917,171.06329810444532,0.5818386673927307,0.591540515422821,3.6270933151245117,4.053329065385947,8.184604498816169,0.06434077046572644,20.191556930541992,5.3096022605896,barbell biceps curl_20.mp4,9
150.59832839650008,168.8637122190066,0.34177109599113464,0.27343297004699707,3.2857391834259033,3.1055145635140367,7.324050641100914,0.11435088680529715,29.12824821472168,7.850549697875977,barbell biceps curl_20.mp4,12
135.73900672550096,168.31895079805983,0.4559534788131714,0.4875863194465637,4.414408206939697,2.571768032417185,8.343791107080568,0.21430088091040556,43.77340316772461,7.266689777374268,barbell biceps curl_20.mp4,15
67.84321543918024,42.094385953468084,0.2624015212059021,0.6239376664161682,4.967529296875,3.9599259969004392,8.865920554016698,0.4684262556129229,67.21927642822266,47.061912536621094,barbell biceps curl_20.mp4,18
29.600658501162968,0.048456642643301504,0.26438018679618835,2.563119649887085,4.303972244262695,6.115165234006115,7.364231765781193,1.9934626524389312,27.037546157836914,4.350615501403809,barbell biceps curl_20.mp4,21
17.687082907280033,28.874313380950987,0.6444351673126221,2.0378990173339844,5.321440696716309,6.013140988314962,2.710650079134054,0.4805367263652558,15.649191856384277,23.55286979675293,barbell biceps curl_20.mp4,24
12.664997277270983,26.314321158740533,0.2702675759792328,2.4109692573547363,0.457798570394516,6.116319228381525,2.7314399004224557,0.700336713371543,10.254016876220703,25.856529235839844,barbell biceps curl_20.mp4,27
9.57265374508102,30.171283209955103,0.3987012803554535,2.459200859069824,3.4707698822021484,6.630428988535516,0.08622923312351063,1.0365671366768785,7.113418102264404,26.70051383972168,barbell biceps curl_20.mp4,30
2.5225103705593583,42.53912174289733,0.05823081359267235,1.9500737190246582,5.495392799377441,5.8392896244658,1.757694012899118,1.7760835325087068,0.5723302960395813,37.04372787475586,barbell biceps curl_20.mp4,33
6.477111797085811,37.147614984122534,0.05751749873161316,2.3413684368133545,4.3641839027404785,6.034553996161538,0.5370478917511367,1.4061063736104935,4.135771751403809,32.78343200683594,barbell biceps curl_20.mp4,36
9.455192699217651,28.24594614364791,0.09129661321640015,2.5665481090545654,3.0163686275482178,6.203144247549229,0.47601234192653774,0.9968268344756466,6.888654708862305,25.229583740234375,barbell biceps curl_20.mp4,39
10.245668171406455,24.18241717815094,0.1626993715763092,3.038034677505493,3.057710886001587,6.88361712803898,0.46267126253819113,0.8096151072730888,7.207641124725342,21.124696731567383,barbell biceps curl_20.mp4,42
10.860421064485099,9.444064239011585,0.17639149725437164,3.386981725692749,0.5235181450843811,7.191047291474625,3.968471990773678,0.13951171914016455,7.473442077636719,9.967545509338379,barbell biceps curl_20.mp4,45
19.061921553243817,0.7415131808040025,0.1712936908006668,3.307236671447754,2.1836233139038086,6.335368572862088,5.558693892943761,1.8502253390359347,15.754673957824707,1.4417842626571655,barbell biceps curl_20.mp4,48
59.579383902606715,20.819363039916343,0.23979319632053375,1.2652740478515625,3.0066351890563965,4.3448754967292045,6.5515833238306,0.9641946507051868,58.314109802246094,23.826000213623047,barbell biceps curl_20.mp4,51
134.53654864454248,158.77262245973432,0.48430493474006653,0.30841293931007385,4.750553607940674,3.461927532856611,8.829262048221793,0.16525957046583772,45.77186965942383,16.476823806762695,barbell biceps curl_20.mp4,54
158.1485852300184,162.56479066952363,0.1831430345773697,0.2904302775859833,5.482288837432861,3.619851418495817,8.926275356708262,0.02753988933026937,21.560989379882812,11.952930450439453,barbell biceps curl_20.mp4,57
166.09530825333815,170.98299594031965,0.07151344418525696,1.680827021598816,4.487052917480469,5.580615346627953,8.436847583105505,0.029000310172282343,15.585517883300781,4.529971122741699,barbell biceps curl_20.mp4,60
170.4475748307499,173.3248528860931,0.06305325776338577,2.0114266872406006,3.2855324745178223,6.032572084407676,7.294254508318223,0.016739434715300493,11.563847541809082,3.3896360397338867,barbell biceps curl_20.mp4,63
173.65887761868694,174.9653391801493,0.000919442973099649,2.5717363357543945,2.7428207397460938,6.628861225248649,6.675793436252421,0.007494955878043395,8.91282844543457,2.291912317276001,barbell biceps curl_20.mp4,66
175.31708959881055,176.2458932216728,0.5887026786804199,2.6979382038116455,2.8888158798217773,6.160329683288084,7.42475866374905,0.005283853353448779,7.380852222442627,0.8653473258018494,barbell biceps curl_20.mp4,69
175.38518166304272,176.2523142662355,0.759901762008667,3.326953887939453,2.916308641433716,6.48153029617837,7.511806222290885,0.004931968935230791,7.941771984100342,0.831432580947876,barbell biceps curl_20.mp4,72
174.53420413268006,176.19008007414783,0.47919175028800964,2.7462940216064453,2.918365955352783,6.257207777374905,7.290030322896854,0.009442607860545365,8.212193489074707,0.891497790813446,barbell biceps curl_20.mp4,75
171.82778295159417,174.83483278885836,0.17197251319885254,1.629338026046753,3.185523509979248,5.506304023866768,7.3142124857051085,0.017348567170078582,9.801551818847656,1.9795942306518555,barbell biceps curl_20.mp4,78
163.40253645681418,172.30644630496806,0.24817360937595367,0.19411244988441467,4.289227485656738,3.952352606089081,8.463921460833342,0.05304540721492738,16.79155921936035,3.404315710067749,barbell biceps curl_20.mp4,81
139.22783072614618,166.03754303630467,0.2746083736419678,1.0844683647155762,5.3051533699035645,2.3204340596728055,9.191972366049617,0.17564856426213,39.68770217895508,8.657313346862793,barbell biceps curl_20.mp4,84
127.27404681170849,157.64116621206043,0.7985483407974243,2.425204038619995,3.8053500652313232,0.12354070345060089,7.933800050857421,0.21316600877902983,50.300750732421875,18.553497314453125,barbell biceps curl_20.mp4,87
25.605042846470667,1.8133730082023287,0.13950516283512115,2.437162160873413,3.8682572841644287,6.029906852557892,7.196092675189899,1.7354518192715687,23.167882919311523,2.0548903942108154,barbell biceps curl_20.mp4,90
15.879901466146112,73.58454431379025,0.6283423900604248,1.7384302616119385,3.0954627990722656,5.924501849154442,5.946331794675557,1.2900016837881134,14.141487121582031,76.68000030517578,barbell biceps curl_20.mp4,93
168.96825328477237,172.11337363614257,0.8141988515853882,2.123809337615967,3.056189775466919,5.115922277518871,7.595201359868671,0.018442039108130796,13.15557861328125,4.830403804779053,barbell biceps curl_20.mp4,0
168.76845668907507,171.5228170331606,1.1147583723068237,2.2414791584014893,3.194185495376587,4.92895102068813,8.006065763762525,0.016188251399792283,13.473016738891602,5.28302001953125,barbell biceps curl_20.mp4,3
167.38367703850165,172.7284555762612,0.561558187007904,2.1401751041412354,3.1256051063537598,5.598251936581556,7.617492865301185,0.03142950824287985,14.75648307800293,4.145932674407959,barbell biceps curl_20.mp4,6
160.3999962349917,171.06329810444532,0.5818386673927307,0.591540515422821,3.6270933151245117,4.053329065385947,8.184604498816169,0.06434077046572644,20.191556930541992,5.3096022605896,barbell biceps curl_20.mp4,9
150.59832839650008,168.8637122190066,0.34177109599113464,0.27343297004699707,3.2857391834259033,3.1055145635140367,7.324050641100914,0.11435088680529715,29.12824821472168,7.850549697875977,barbell biceps curl_20.mp4,12
135.73900672550096,168.31895079805983,0.4559534788131714,0.4875863194465637,4.414408206939697,2.571768032417185,8.343791107080568,0.21430088091040556,43.77340316772461,7.266689777374268,barbell biceps curl_20.mp4,15
67.84321543918024,42.094385953468084,0.2624015212059021,0.6239376664161682,4.967529296875,3.9599259969004392,8.865920554016698,0.4684262556129229,67.21927642822266,47.061912536621094,barbell biceps curl_20.mp4,18
29.600658501162968,0.048456642643301504,0.26438018679618835,2.563119649887085,4.303972244262695,6.115165234006115,7.364231765781193,1.9934626524389312,27.037546157836914,4.350615501403809,barbell biceps curl_20.mp4,21
17.687082907280033,28.874313380950987,0.6444351673126221,2.0378990173339844,5.321440696716309,6.013140988314962,2.710650079134054,0.4805367263652558,15.649191856384277,23.55286979675293,barbell biceps curl_20.mp4,24
12.664997277270983,26.314321158740533,0.2702675759792328,2.4109692573547363,0.457798570394516,6.116319228381525,2.7314399004224557,0.700336713371543,10.254016876220703,25.856529235839844,barbell biceps curl_20.mp4,27
9.57265374508102,30.171283209955103,0.3987012803554535,2.459200859069824,3.4707698822021484,6.630428988535516,0.08622923312351063,1.0365671366768785,7.113418102264404,26.70051383972168,barbell biceps curl_20.mp4,30
2.5225103705593583,42.53912174289733,0.05823081359267235,1.9500737190246582,5.495392799377441,5.8392896244658,1.757694012899118,1.7760835325087068,0.5723302960395813,37.04372787475586,barbell biceps curl_20.mp4,33
6.477111797085811,37.147614984122534,0.05751749873161316,2.3413684368133545,4.3641839027404785,6.034553996161538,0.5370478917511367,1.4061063736104935,4.135771751403809,32.78343200683594,barbell biceps curl_20.mp4,36
9.455192699217651,28.24594614364791,0.09129661321640015,2.5665481090545654,3.0163686275482178,6.203144247549229,0.47601234192653774,0.9968268344756466,6.888654708862305,25.229583740234375,barbell biceps curl_20.mp4,39
10.245668171406455,24.18241717815094,0.1626993715763092,3.038034677505493,3.057710886001587,6.88361712803898,0.46267126253819113,0.8096151072730888,7.207641124725342,21.124696731567383,barbell biceps curl_20.mp4,42
10.860421064485099,9.444064239011585,0.17639149725437164,3.386981725692749,0.5235181450843811,7.191047291474625,3.968471990773678,0.13951171914016455,7.473442077636719,9.967545509338379,barbell biceps curl_20.mp4,45
19.061921553243817,0.7415131808040025,0.1712936908006668,3.307236671447754,2.1836233139038086,6.335368572862088,5.558693892943761,1.8502253390359347,15.754673957824707,1.4417842626571655,barbell biceps curl_20.mp4,48
59.579383902606715,20.819363039916343,0.23979319632053375,1.2652740478515625,3.0066351890563965,4.3448754967292045,6.5515833238306,0.9641946507051868,58.314109802246094,23.826000213623047,barbell biceps curl_20.mp4,51
134.53654864454248,158.77262245973432,0.48430493474006653,0.30841293931007385,4.750553607940674,3.461927532856611,8.829262048221793,0.16525957046583772,45.77186965942383,16.476823806762695,barbell biceps curl_20.mp4,54
158.1485852300184,162.56479066952363,0.1831430345773697,0.2904302775859833,5.482288837432861,3.619851418495817,8.926275356708262,0.02753988933026937,21.560989379882812,11.952930450439453,barbell biceps curl_20.mp4,57
166.09530825333815,170.98299594031965,0.07151344418525696,1.680827021598816,4.487052917480469,5.580615346627953,8.436847583105505,0.029000310172282343,15.585517883300781,4.529971122741699,barbell biceps curl_20.mp4,60
170.4475748307499,173.3248528860931,0.06305325776338577,2.0114266872406006,3.2855324745178223,6.032572084407676,7.294254508318223,0.016739434715300493,11.563847541809082,3.3896360397338867,barbell biceps curl_20.mp4,63
173.65887761868694,174.9653391801493,0.000919442973099649,2.5717363357543945,2.7428207397460938,6.628861225248649,6.675793436252421,0.007494955878043395,8.91282844543457,2.291912317276001,barbell biceps curl_20.mp4,66
175.31708959881055,176.2458932216728,0.5887026786804199,2.6979382038116455,2.8888158798217773,6.160329683288084,7.42475866374905,0.005283853353448779,7.380852222442627,0.8653473258018494,barbell biceps curl_20.mp4,69
175.38518166304272,176.2523142662355,0.759901762008667,3.326953887939453,2.916308641433716,6.48153029617837,7.511806222290885,0.004931968935230791,7.941771984100342,0.831432580947876,barbell biceps curl_20.mp4,72
174.53420413268006,176.19008007414783,0.47919175028800964,2.7462940216064453,2.918365955352783,6.257207777374905,7.290030322896854,0.009442607860545365,8.212193489074707,0.891497790813446,barbell biceps curl_20.mp4,75
171.82778295159417,174.83483278885836,0.17197251319885254,1.629338026046753,3.185523509979248,5.506304023866768,7.3142124857051085,0.017348567170078582,9.801551818847656,1.9795942306518555,barbell biceps curl_20.mp4,78
163.40253645681418,172.30644630496806,0.24817360937595367,0.19411244988441467,4.289227485656738,3.952352606089081,8.463921460833342,0.05304540721492738,16.79155921936035,3.404315710067749,barbell biceps curl_20.mp4,81
139.22783072614618,166.03754303630467,0.2746083736419678,1.0844683647155762,5.3051533699035645,2.3204340596728055,9.191972366049617,0.17564856426213,39.68770217895508,8.657313346862793,barbell biceps curl_20.mp4,84
127.27404681170849,157.64116621206043,0.7985483407974243,2.425204038619995,3.8053500652313232,0.12354070345060089,7.933800050857421,0.21316600877902983,50.300750732421875,18.553497314453125,barbell biceps curl_20.mp4,87
25.605042846470667,1.8133730082023287,0.13950516283512115,2.437162160873413,3.8682572841644287,6.029906852557892,7.196092675189899,1.7354518192715687,23.167882919311523,2.0548903942108154,barbell biceps curl_20.mp4,90
15.879901466146112,73.58454431379025,0.6283423900604248,1.7384302616119385,3.0954627990722656,5.924501849154442,5.946331794675557,1.2900016837881134,14.141487121582031,76.68000030517578,barbell biceps curl_20.mp4,93
3.886653582722683,6.017247228494041,0.23665566742420197,2.831965446472168,2.534545660018921,6.471417798437038,6.722370298975406,0.4302534297109157,1.0546263456344604,3.4827613830566406,barbell biceps curl_21.mp4,0
5.235175563191226,6.574948138629842,0.06488262861967087,3.3433573246002197,3.3085758686065674,7.192984044200935,7.0886147442263425,0.22688544324595497,1.8917473554611206,3.266322374343872,barbell biceps curl_21.mp4,3
4.807786506244254,6.613103934210416,0.15475262701511383,3.0779306888580322,3.0671868324279785,7.105503563596767,6.806192903250576,0.3161430253409019,1.7298170328140259,3.5458993911743164,barbell biceps curl_21.mp4,6
5.8308917620385925,8.47787793202372,0.17062270641326904,3.8524010181427,2.793009042739868,7.473700913521426,6.782724723447465,0.3699809594508384,1.9785408973693848,5.6848673820495605,barbell biceps curl_21.mp4,9
10.522426231918747,9.959985276489911,0.12400688976049423,3.125807523727417,3.451589822769165,7.24196689224521,7.360180817191173,0.054919407824409336,7.396591663360596,6.508386611938477,barbell biceps curl_21.mp4,12
33.249859697396396,124.24166775184896,0.193482905626297,2.9653122425079346,2.3859565258026123,7.6436746931608255,6.776099772605104,1.155513690522513,30.284547805786133,58.144283294677734,barbell biceps curl_21.mp4,15
174.34913282181603,171.44656913053043,0.06907329708337784,2.2797815799713135,1.9361649751663208,6.980052592159649,6.454001979425316,0.016787737238478404,7.930705547332764,10.489632606506348,barbell biceps curl_21.mp4,18
179.97202354488172,176.47080256742356,0.2619478106498718,3.204958200454712,2.3378312587738037,8.153648984102604,6.816789208771139,0.019645344055009947,3.22340726852417,5.867105484008789,barbell biceps curl_21.mp4,21
179.41986540676928,176.60702022115356,0.07230985164642334,2.193260431289673,2.5011439323425293,7.5948137801554445,7.950187109271986,0.015801307705482482,2.7733750343322754,5.894102096557617,barbell biceps curl_21.mp4,24
179.13069338434457,178.68255024257527,0.22474408149719238,2.2676889896392822,3.2489125728607178,7.735277046144356,8.460440377953583,0.0025048996913963157,1.3988364934921265,4.566491603851318,barbell biceps curl_21.mp4,27
179.54759264701156,178.45769189002505,0.3743702173233032,2.5548322200775146,3.0218513011932373,7.968881216004375,7.865991497415706,0.006088741167024623,2.1024532318115234,4.564186096191406,barbell biceps curl_21.mp4,30
179.76178889912194,179.18147253650838,0.1698780208826065,2.684222459793091,3.1425273418426514,7.847729189746074,8.16264963239091,0.0032334712750562516,2.445780038833618,3.961322546005249,barbell biceps curl_21.mp4,33
178.81139084526552,178.27716690533362,0.20007774233818054,2.549142599105835,2.49617338180542,7.053437226511982,7.553514295801394,0.0029921089787761992,3.737898826599121,4.2187299728393555,barbell biceps curl_21.mp4,36
179.36696187037577,179.2616602579989,0.017260858789086342,2.840258836746216,3.125767946243286,7.638615033559385,8.062947574538615,0.0005872460025746819,3.472822666168213,3.8643672466278076,barbell biceps curl_21.mp4,39
179.38738298536165,178.4097144979327,0.11105851829051971,2.3224477767944336,2.894178628921509,7.104620033940925,8.046276320936242,0.005464932467623524,2.9350059032440186,4.484466552734375,barbell biceps curl_21.mp4,42
176.45088646088692,178.2452032074464,0.3959440588951111,0.998089611530304,2.7898757457733154,6.728348375618061,7.873673545839843,0.010117488175509861,4.547111988067627,4.544678688049316,barbell biceps curl_21.mp4,45
175.27938444125755,175.57260255028328,0.5892817378044128,1.272132158279419,1.8810102939605713,6.610197196625623,6.10775526831696,0.0016714632944792177,5.992668628692627,6.308439254760742,barbell biceps curl_21.mp4,48
173.27246783037904,165.00750673678198,0.2559329569339752,2.500828266143799,2.1033334732055664,7.497320098527468,6.564172368914489,0.04886461933889123,9.228381156921387,17.095813751220703,barbell biceps curl_21.mp4,51
42.963177430227184,76.30650454917907,0.49094611406326294,2.3126862049102783,2.2740681171417236,7.166616022617565,6.250404732128316,0.5591249438345802,40.65049362182617,74.03243255615234,barbell biceps curl_21.mp4,54
10.116549294666536,11.633962161128881,0.7234448790550232,1.568888545036316,3.2267062664031982,6.41334498889923,6.655168531944382,0.13952893655363044,8.547646522521973,8.407248497009277,barbell biceps curl_21.mp4,57
6.712414539235814,9.362796764657798,0.4633629024028778,2.8014650344848633,3.0291662216186523,7.363832099678635,6.715948909744051,0.32974773087804193,3.9109463691711426,6.333614349365234,barbell biceps curl_21.mp4,60
6.476960425470136,6.968887103434025,0.013496115803718567,3.8237109184265137,2.7401607036590576,7.809091912718238,6.859297456882526,0.07317153893146695,2.6532440185546875,4.228704452514648,barbell biceps curl_21.mp4,63
5.915462427883852,7.5298097587251,0.19492900371551514,3.11030650138855,2.2678029537200928,6.897906373583272,6.556759407089083,0.24013605800395546,2.8051977157592773,5.2620038986206055,barbell biceps curl_21.mp4,66
5.880866375284299,7.462271037556099,0.3727959990501404,3.5168604850769043,3.055015802383423,7.870980688760084,6.71951061640964,0.2370364050586752,2.363994598388672,4.407227993011475,barbell biceps curl_21.mp4,69
7.006279191310629,8.82806049158359,0.07182417064905167,2.310370683670044,3.4837794303894043,6.439615368455995,7.527724586195294,0.23010511795967414,4.695958614349365,5.3442888259887695,barbell biceps curl_21.mp4,72
10.308530327597072,11.531039206132812,0.29866233468055725,2.04058837890625,2.382704734802246,6.465021246264509,6.2715734124295945,0.11195356910745416,8.267935752868652,9.148357391357422,barbell biceps curl_21.mp4,75
44.52530557289435,76.62952075891292,0.25645872950553894,2.0965099334716797,2.136247396469116,6.792751148755448,6.287902254811691,0.5299700582805444,42.42879104614258,74.49327087402344,barbell biceps curl_21.mp4,78
179.50861533923322,169.6852119301772,0.06610097736120224,2.6963350772857666,2.225943088531494,7.467922460632569,6.933614431553641,0.05626332793951174,3.1878459453582764,12.540745735168457,barbell biceps curl_21.mp4,81
178.6988412932766,171.71442215555373,0.4355403780937195,2.361260175704956,1.0558842420578003,7.472335498373578,5.389979382078696,0.03986389709670772,3.6621952056884766,9.34139633178711,barbell biceps curl_21.mp4,84
179.7360704195442,175.79075856227956,0.10940568894147873,2.9318604469299316,2.0600361824035645,8.21745145638784,7.662676465109885,0.022194172341724147,2.6682233810424805,6.269241809844971,barbell biceps curl_21.mp4,87
179.5480253680098,177.38947951468043,0.30576401948928833,2.273210048675537,2.9835150241851807,7.508331041505055,7.806200913366655,0.012094811129689447,1.8200700283050537,5.59401798248291,barbell biceps curl_21.mp4,90
179.15628075420614,178.5872224909245,0.3921810984611511,2.939016342163086,3.4174468517303467,8.08871570710796,7.972870878052143,0.0031813758076367966,2.0953400135040283,4.830408573150635,barbell biceps curl_21.mp4,93
179.1106653801959,178.54021676794528,0.16968809068202972,2.8551077842712402,2.9159910678863525,8.247954902809116,8.131755969666917,0.0031899745854078237,1.9657163619995117,4.375762462615967,barbell biceps curl_21.mp4,96
179.24437124640622,179.31016203349344,0.05308852344751358,2.548370838165283,3.2263505458831787,7.659935514014885,8.392342957743578,0.00036697785681524294,1.793015956878662,3.916104555130005,barbell biceps curl_21.mp4,99
179.20771155076287,177.19725329690414,0.17428787052631378,2.2978086471557617,2.5438337326049805,8.007757465978615,8.080556531596702,0.011281875687214574,1.5053212642669678,5.346549034118652,barbell biceps curl_21.mp4,102
178.11414824445268,173.66686010552024,0.5744161009788513,1.939509630203247,2.015699625015259,7.43714297989121,6.544305988018172,0.025284412935152007,3.825307846069336,8.348840713500977,barbell biceps curl_21.mp4,105
175.8396166077672,171.8509032275092,0.14832249283790588,2.2704520225524902,2.0581016540527344,7.077259341008344,6.609544488782964,0.022944044503414727,6.430813789367676,10.207189559936523,barbell biceps curl_21.mp4,108
100.3049857080622,91.95523232736069,0.2960752844810486,1.5587867498397827,1.4496699571609497,6.675176493546807,6.032084629676559,0.08685887768173776,81.25379943847656,89.49443054199219,barbell biceps curl_21.mp4,111
10.002996585955703,12.46226472834635,0.660077691078186,1.441291332244873,3.143319845199585,6.4166461027786355,6.845758926334629,0.21893964267622415,8.561685562133789,9.31894588470459,barbell biceps curl_21.mp4,114
5.962364327009008,6.790238702895072,0.37557512521743774,2.8885326385498047,3.106600761413574,7.212187107011758,6.773291626163892,0.12983613995428994,3.073866605758667,3.68363618850708,barbell biceps curl_21.mp4,117
3.886653582722683,6.017247228494041,0.23665566742420197,2.831965446472168,2.534545660018921,6.471417798437038,6.722370298975406,0.4302534297109157,1.0546263456344604,3.4827613830566406,barbell biceps curl_21.mp4,0
5.235175563191226,6.574948138629842,0.06488262861967087,3.3433573246002197,3.3085758686065674,7.192984044200935,7.0886147442263425,0.22688544324595497,1.8917473554611206,3.266322374343872,barbell biceps curl_21.mp4,3
4.807786506244254,6.613103934210416,0.15475262701511383,3.0779306888580322,3.0671868324279785,7.105503563596767,6.806192903250576,0.3161430253409019,1.7298170328140259,3.5458993911743164,barbell biceps curl_21.mp4,6
5.8308917620385925,8.47787793202372,0.17062270641326904,3.8524010181427,2.793009042739868,7.473700913521426,6.782724723447465,0.3699809594508384,1.9785408973693848,5.6848673820495605,barbell biceps curl_21.mp4,9
10.522426231918747,9.959985276489911,0.12400688976049423,3.125807523727417,3.451589822769165,7.24196689224521,7.360180817191173,0.054919407824409336,7.396591663360596,6.508386611938477,barbell biceps curl_21.mp4,12
33.249859697396396,124.24166775184896,0.193482905626297,2.9653122425079346,2.3859565258026123,7.6436746931608255,6.776099772605104,1.155513690522513,30.284547805786133,58.144283294677734,barbell biceps curl_21.mp4,15
174.34913282181603,171.44656913053043,0.06907329708337784,2.2797815799713135,1.9361649751663208,6.980052592159649,6.454001979425316,0.016787737238478404,7.930705547332764,10.489632606506348,barbell biceps curl_21.mp4,18
179.97202354488172,176.47080256742356,0.2619478106498718,3.204958200454712,2.3378312587738037,8.153648984102604,6.816789208771139,0.019645344055009947,3.22340726852417,5.867105484008789,barbell biceps curl_21.mp4,21
179.41986540676928,176.60702022115356,0.07230985164642334,2.193260431289673,2.5011439323425293,7.5948137801554445,7.950187109271986,0.015801307705482482,2.7733750343322754,5.894102096557617,barbell biceps curl_21.mp4,24
179.13069338434457,178.68255024257527,0.22474408149719238,2.2676889896392822,3.2489125728607178,7.735277046144356,8.460440377953583,0.0025048996913963157,1.3988364934921265,4.566491603851318,barbell biceps curl_21.mp4,27
179.54759264701156,178.45769189002505,0.3743702173233032,2.5548322200775146,3.0218513011932373,7.968881216004375,7.865991497415706,0.006088741167024623,2.1024532318115234,4.564186096191406,barbell biceps curl_21.mp4,30
179.76178889912194,179.18147253650838,0.1698780208826065,2.684222459793091,3.1425273418426514,7.847729189746074,8.16264963239091,0.0032334712750562516,2.445780038833618,3.961322546005249,barbell biceps curl_21.mp4,33
178.81139084526552,178.27716690533362,0.20007774233818054,2.549142599105835,2.49617338180542,7.053437226511982,7.553514295801394,0.0029921089787761992,3.737898826599121,4.2187299728393555,barbell biceps curl_21.mp4,36
179.36696187037577,179.2616602579989,0.017260858789086342,2.840258836746216,3.125767946243286,7.638615033559385,8.062947574538615,0.0005872460025746819,3.472822666168213,3.8643672466278076,barbell biceps curl_21.mp4,39
179.38738298536165,178.4097144979327,0.11105851829051971,2.3224477767944336,2.894178628921509,7.104620033940925,8.046276320936242,0.005464932467623524,2.9350059032440186,4.484466552734375,barbell biceps curl_21.mp4,42
176.45088646088692,178.2452032074464,0.3959440588951111,0.998089611530304,2.7898757457733154,6.728348375618061,7.873673545839843,0.010117488175509861,4.547111988067627,4.544678688049316,barbell biceps curl_21.mp4,45
175.27938444125755,175.57260255028328,0.5892817378044128,1.272132158279419,1.8810102939605713,6.610197196625623,6.10775526831696,0.0016714632944792177,5.992668628692627,6.308439254760742,barbell biceps curl_21.mp4,48
173.27246783037904,165.00750673678198,0.2559329569339752,2.500828266143799,2.1033334732055664,7.497320098527468,6.564172368914489,0.04886461933889123,9.228381156921387,17.095813751220703,barbell biceps curl_21.mp4,51
42.963177430227184,76.30650454917907,0.49094611406326294,2.3126862049102783,2.2740681171417236,7.166616022617565,6.250404732128316,0.5591249438345802,40.65049362182617,74.03243255615234,barbell biceps curl_21.mp4,54
10.116549294666536,11.633962161128881,0.7234448790550232,1.568888545036316,3.2267062664031982,6.41334498889923,6.655168531944382,0.13952893655363044,8.547646522521973,8.407248497009277,barbell biceps curl_21.mp4,57
6.712414539235814,9.362796764657798,0.4633629024028778,2.8014650344848633,3.0291662216186523,7.363832099678635,6.715948909744051,0.32974773087804193,3.9109463691711426,6.333614349365234,barbell biceps curl_21.mp4,60
6.476960425470136,6.968887103434025,0.013496115803718567,3.8237109184265137,2.7401607036590576,7.809091912718238,6.859297456882526,0.07317153893146695,2.6532440185546875,4.228704452514648,barbell biceps curl_21.mp4,63
5.915462427883852,7.5298097587251,0.19492900371551514,3.11030650138855,2.2678029537200928,6.897906373583272,6.556759407089083,0.24013605800395546,2.8051977157592773,5.2620038986206055,barbell biceps curl_21.mp4,66
5.880866375284299,7.462271037556099,0.3727959990501404,3.5168604850769043,3.055015802383423,7.870980688760084,6.71951061640964,0.2370364050586752,2.363994598388672,4.407227993011475,barbell biceps curl_21.mp4,69
7.006279191310629,8.82806049158359,0.07182417064905167,2.310370683670044,3.4837794303894043,6.439615368455995,7.527724586195294,0.23010511795967414,4.695958614349365,5.3442888259887695,barbell biceps curl_21.mp4,72
10.308530327597072,11.531039206132812,0.29866233468055725,2.04058837890625,2.382704734802246,6.465021246264509,6.2715734124295945,0.11195356910745416,8.267935752868652,9.148357391357422,barbell biceps curl_21.mp4,75
44.52530557289435,76.62952075891292,0.25645872950553894,2.0965099334716797,2.136247396469116,6.792751148755448,6.287902254811691,0.5299700582805444,42.42879104614258,74.49327087402344,barbell biceps curl_21.mp4,78
179.50861533923322,169.6852119301772,0.06610097736120224,2.6963350772857666,2.225943088531494,7.467922460632569,6.933614431553641,0.05626332793951174,3.1878459453582764,12.540745735168457,barbell biceps curl_21.mp4,81
178.6988412932766,171.71442215555373,0.4355403780937195,2.361260175704956,1.0558842420578003,7.472335498373578,5.389979382078696,0.03986389709670772,3.6621952056884766,9.34139633178711,barbell biceps curl_21.mp4,84
179.7360704195442,175.79075856227956,0.10940568894147873,2.9318604469299316,2.0600361824035645,8.21745145638784,7.662676465109885,0.022194172341724147,2.6682233810424805,6.269241809844971,barbell biceps curl_21.mp4,87
179.5480253680098,177.38947951468043,0.30576401948928833,2.273210048675537,2.9835150241851807,7.508331041505055,7.806200913366655,0.012094811129689447,1.8200700283050537,5.59401798248291,barbell biceps curl_21.mp4,90
179.15628075420614,178.5872224909245,0.3921810984611511,2.939016342163086,3.4174468517303467,8.08871570710796,7.972870878052143,0.0031813758076367966,2.0953400135040283,4.830408573150635,barbell biceps curl_21.mp4,93
179.1106653801959,178.54021676794528,0.16968809068202972,2.8551077842712402,2.9159910678863525,8.247954902809116,8.131755969666917,0.0031899745854078237,1.9657163619995117,4.375762462615967,barbell biceps curl_21.mp4,96
179.24437124640622,179.31016203349344,0.05308852344751358,2.548370838165283,3.2263505458831787,7.659935514014885,8.392342957743578,0.00036697785681524294,1.793015956878662,3.916104555130005,barbell biceps curl_21.mp4,99
179.20771155076287,177.19725329690414,0.17428787052631378,2.2978086471557617,2.5438337326049805,8.007757465978615,8.080556531596702,0.011281875687214574,1.5053212642669678,5.346549034118652,barbell biceps curl_21.mp4,102
178.11414824445268,173.66686010552024,0.5744161009788513,1.939509630203247,2.015699625015259,7.43714297989121,6.544305988018172,0.025284412935152007,3.825307846069336,8.348840713500977,barbell biceps curl_21.mp4,105
175.8396166077672,171.8509032275092,0.14832249283790588,2.2704520225524902,2.0581016540527344,7.077259341008344,6.609544488782964,0.022944044503414727,6.430813789367676,10.207189559936523,barbell biceps curl_21.mp4,108
100.3049857080622,91.95523232736069,0.2960752844810486,1.5587867498397827,1.4496699571609497,6.675176493546807,6.032084629676559,0.08685887768173776,81.25379943847656,89.49443054199219,barbell biceps curl_21.mp4,111
10.002996585955703,12.46226472834635,0.660077691078186,1.441291332244873,3.143319845199585,6.4166461027786355,6.845758926334629,0.21893964267622415,8.561685562133789,9.31894588470459,barbell biceps curl_21.mp4,114
5.962364327009008,6.790238702895072,0.37557512521743774,2.8885326385498047,3.106600761413574,7.212187107011758,6.773291626163892,0.12983613995428994,3.073866605758667,3.68363618850708,barbell biceps curl_21.mp4,117
179.57204153771528,178.43627034764376,0.23780828714370728,2.3059728145599365,2.8604135513305664,7.936719060393553,8.195560026515365,0.006344943133248918,1.8776458501815796,4.423806667327881,barbell biceps curl_22.mp4,0
174.24670324807664,175.4518789358055,0.6164708137512207,2.4304559230804443,3.105090856552124,5.96824640274874,7.795960731708641,0.006892654126319197,8.183804512023926,1.443027138710022,barbell biceps curl_22.mp4,3
170.6446373375022,173.32770332325273,0.13617444038391113,1.8865082263946533,3.743788242340088,5.782893564949692,7.775793548676132,0.015600475204468474,11.241877555847168,2.928584337234497,barbell biceps curl_22.mp4,6
159.7977633601768,173.11527169389194,0.026287002488970757,1.5849062204360962,3.4198215007781982,2.1652787251871515,7.195083879994653,0.08000592906524219,18.61733055114746,3.4648776054382324,barbell biceps curl_22.mp4,9
139.19441550194043,169.43090610090164,0.27909496426582336,1.1946007013320923,3.8100898265838623,2.0966718380726737,7.713349368382533,0.19594303177670805,39.610984802246094,6.758995532989502,barbell biceps curl_22.mp4,12
36.431514397337395,1.6111908632937684,0.09404628723859787,2.1771461963653564,4.40033483505249,5.609932377975894,7.7152829142094355,1.8305913470395465,34.25436782836914,2.789325475692749,barbell biceps curl_22.mp4,15
17.714736296996087,159.1416036023143,0.22721119225025177,2.809901475906372,2.6366281509399414,6.546732661536188,5.875964699217437,1.5993417865125648,14.904828071594238,23.495018005371094,barbell biceps curl_22.mp4,18
10.300951139899691,81.5717623747706,0.47444555163383484,1.6384031772613525,0.786989688873291,6.0967360405789615,2.6084952258204113,1.551512054196382,8.662544250488281,80.7847671508789,barbell biceps curl_22.mp4,21
10.398865174457127,22.877324630851493,0.012461354024708271,1.6189013719558716,0.8616772294044495,5.701004954791434,3.1881315818750013,0.7499932852530883,8.779922485351562,22.01563835144043,barbell biceps curl_22.mp4,24
13.042168345177052,33.864043359648434,0.1806974709033966,2.315018653869629,0.7949269413948059,5.9490343317692185,3.209612915350565,0.8878088533561675,10.727128982543945,33.06910705566406,barbell biceps curl_22.mp4,27
21.723806579006702,40.8439486143638,0.07445167005062103,1.3469315767288208,10.970969200134277,4.814545679847979,7.709684486071147,0.61118197308709,20.376869201660156,29.872970581054688,barbell biceps curl_22.mp4,30
76.97750148659793,34.85854327516029,0.08840877562761307,0.8011605739593506,3.2527921199798584,4.002082352979128,6.645348641471961,0.7532268921198475,76.17633819580078,38.11133575439453,barbell biceps curl_22.mp4,33
153.5972145484976,171.36323165090155,0.03850457817316055,0.40270236134529114,3.816330909729004,2.856087477874028,7.180344879385002,0.10934264345207446,26.00007438659668,4.820446491241455,barbell biceps curl_22.mp4,36
167.8316407873628,172.08897021371212,0.6506399512290955,1.8109303712844849,5.749344825744629,4.840638424754342,10.081278095307894,0.02504896313178169,13.97931957244873,2.1616621017456055,barbell biceps curl_22.mp4,39
176.70330621153568,175.10783282778408,0.781340479850769,3.2352967262268066,3.6194541454315186,6.121381418595759,7.991536828266053,0.00907005609946466,6.532015323638916,1.2726821899414062,barbell biceps curl_22.mp4,42
177.97725338194502,177.14802778633583,0.8247950673103333,4.1299214363098145,2.796665906906128,7.1987094339842335,7.532467521364771,0.0046700454154163604,6.152585029602051,0.05533572658896446,barbell biceps curl_22.mp4,45
178.0799017303296,176.69938903902883,0.7811723351478577,4.026348114013672,3.363029718399048,7.134598976236941,8.023089181185316,0.00778237471700813,5.9464192390441895,0.06246720626950264,barbell biceps curl_22.mp4,48
177.4726058805068,177.01692162883475,0.5362994074821472,3.7651922702789307,3.165865182876587,7.213329514280407,7.674985918354642,0.002570932094235315,6.29257345199585,0.18281982839107513,barbell biceps curl_22.mp4,51
177.26083136377326,177.21209902161343,0.5648854970932007,3.4731686115264893,3.1069276332855225,6.9803898113356455,7.726493076174616,0.000274956635514341,6.212340354919434,0.3189316391944885,barbell biceps curl_22.mp4,54
177.59327872873436,176.52937389840724,0.6783973574638367,3.378908395767212,3.2741169929504395,6.8556077692237025,8.102126578984318,0.006008679887797584,5.785639762878418,0.1965528428554535,barbell biceps curl_22.mp4,57
177.97957683949048,176.5499127035691,0.7497776746749878,3.6799685955047607,3.2151288986206055,6.942435191154912,7.9777690460430515,0.008065135217744589,5.700388431549072,0.23495347797870636,barbell biceps curl_22.mp4,60
177.57617973192708,176.76468863625803,0.606874942779541,3.460583448410034,3.1487550735473633,6.90736886700246,7.822050629521411,0.0045802850763793845,5.884363651275635,0.08652284741401672,barbell biceps curl_22.mp4,63
177.5326413180881,176.55542174398306,1.0059396028518677,3.6425905227661133,3.3199996948242188,6.582310914061782,8.233253804069694,0.005519641445431863,6.109960079193115,0.12458684295415878,barbell biceps curl_22.mp4,66
177.030866295573,177.06108449130235,0.7378023266792297,3.0351109504699707,2.9212138652801514,6.385401147619436,7.746331766057697,0.00017067993588789195,6.004314422607422,0.0176598709076643,barbell biceps curl_22.mp4,69
179.57204153771528,178.43627034764376,0.23780828714370728,2.3059728145599365,2.8604135513305664,7.936719060393553,8.195560026515365,0.006344943133248918,1.8776458501815796,4.423806667327881,barbell biceps curl_22.mp4,0
174.24670324807664,175.4518789358055,0.6164708137512207,2.4304559230804443,3.105090856552124,5.96824640274874,7.795960731708641,0.006892654126319197,8.183804512023926,1.443027138710022,barbell biceps curl_22.mp4,3
170.6446373375022,173.32770332325273,0.13617444038391113,1.8865082263946533,3.743788242340088,5.782893564949692,7.775793548676132,0.015600475204468474,11.241877555847168,2.928584337234497,barbell biceps curl_22.mp4,6
159.7977633601768,173.11527169389194,0.026287002488970757,1.5849062204360962,3.4198215007781982,2.1652787251871515,7.195083879994653,0.08000592906524219,18.61733055114746,3.4648776054382324,barbell biceps curl_22.mp4,9
139.19441550194043,169.43090610090164,0.27909496426582336,1.1946007013320923,3.8100898265838623,2.0966718380726737,7.713349368382533,0.19594303177670805,39.610984802246094,6.758995532989502,barbell biceps curl_22.mp4,12
36.431514397337395,1.6111908632937684,0.09404628723859787,2.1771461963653564,4.40033483505249,5.609932377975894,7.7152829142094355,1.8305913470395465,34.25436782836914,2.789325475692749,barbell biceps curl_22.mp4,15
17.714736296996087,159.1416036023143,0.22721119225025177,2.809901475906372,2.6366281509399414,6.546732661536188,5.875964699217437,1.5993417865125648,14.904828071594238,23.495018005371094,barbell biceps curl_22.mp4,18
10.300951139899691,81.5717623747706,0.47444555163383484,1.6384031772613525,0.786989688873291,6.0967360405789615,2.6084952258204113,1.551512054196382,8.662544250488281,80.7847671508789,barbell biceps curl_22.mp4,21
10.398865174457127,22.877324630851493,0.012461354024708271,1.6189013719558716,0.8616772294044495,5.701004954791434,3.1881315818750013,0.7499932852530883,8.779922485351562,22.01563835144043,barbell biceps curl_22.mp4,24
13.042168345177052,33.864043359648434,0.1806974709033966,2.315018653869629,0.7949269413948059,5.9490343317692185,3.209612915350565,0.8878088533561675,10.727128982543945,33.06910705566406,barbell biceps curl_22.mp4,27
21.723806579006702,40.8439486143638,0.07445167005062103,1.3469315767288208,10.970969200134277,4.814545679847979,7.709684486071147,0.61118197308709,20.376869201660156,29.872970581054688,barbell biceps curl_22.mp4,30
76.97750148659793,34.85854327516029,0.08840877562761307,0.8011605739593506,3.2527921199798584,4.002082352979128,6.645348641471961,0.7532268921198475,76.17633819580078,38.11133575439453,barbell biceps curl_22.mp4,33
153.5972145484976,171.36323165090155,0.03850457817316055,0.40270236134529114,3.816330909729004,2.856087477874028,7.180344879385002,0.10934264345207446,26.00007438659668,4.820446491241455,barbell biceps curl_22.mp4,36
167.8316407873628,172.08897021371212,0.6506399512290955,1.8109303712844849,5.749344825744629,4.840638424754342,10.081278095307894,0.02504896313178169,13.97931957244873,2.1616621017456055,barbell biceps curl_22.mp4,39
176.70330621153568,175.10783282778408,0.781340479850769,3.2352967262268066,3.6194541454315186,6.121381418595759,7.991536828266053,0.00907005609946466,6.532015323638916,1.2726821899414062,barbell biceps curl_22.mp4,42
177.97725338194502,177.14802778633583,0.8247950673103333,4.1299214363098145,2.796665906906128,7.1987094339842335,7.532467521364771,0.0046700454154163604,6.152585029602051,0.05533572658896446,barbell biceps curl_22.mp4,45
178.0799017303296,176.69938903902883,0.7811723351478577,4.026348114013672,3.363029718399048,7.134598976236941,8.023089181185316,0.00778237471700813,5.9464192390441895,0.06246720626950264,barbell biceps curl_22.mp4,48
177.4726058805068,177.01692162883475,0.5362994074821472,3.7651922702789307,3.165865182876587,7.213329514280407,7.674985918354642,0.002570932094235315,6.29257345199585,0.18281982839107513,barbell biceps curl_22.mp4,51
177.26083136377326,177.21209902161343,0.5648854970932007,3.4731686115264893,3.1069276332855225,6.9803898113356455,7.726493076174616,0.000274956635514341,6.212340354919434,0.3189316391944885,barbell biceps curl_22.mp4,54
177.59327872873436,176.52937389840724,0.6783973574638367,3.378908395767212,3.2741169929504395,6.8556077692237025,8.102126578984318,0.006008679887797584,5.785639762878418,0.1965528428554535,barbell biceps curl_22.mp4,57
177.97957683949048,176.5499127035691,0.7497776746749878,3.6799685955047607,3.2151288986206055,6.942435191154912,7.9777690460430515,0.008065135217744589,5.700388431549072,0.23495347797870636,barbell biceps curl_22.mp4,60
177.57617973192708,176.76468863625803,0.606874942779541,3.460583448410034,3.1487550735473633,6.90736886700246,7.822050629521411,0.0045802850763793845,5.884363651275635,0.08652284741401672,barbell biceps curl_22.mp4,63
177.5326413180881,176.55542174398306,1.0059396028518677,3.6425905227661133,3.3199996948242188,6.582310914061782,8.233253804069694,0.005519641445431863,6.109960079193115,0.12458684295415878,barbell biceps curl_22.mp4,66
177.030866295573,177.06108449130235,0.7378023266792297,3.0351109504699707,2.9212138652801514,6.385401147619436,7.746331766057697,0.00017067993588789195,6.004314422607422,0.0176598709076643,barbell biceps curl_22.mp4,69
179.24644575865509,178.26246268051185,0.0923084244132042,7.289460182189941,7.405827522277832,14.143982737889779,14.012642573757157,0.005504663268052088,6.5364203453063965,5.668555736541748,barbell biceps curl_23.mp4,0
178.91105603351787,179.7474357737851,0.7564582824707031,7.315778732299805,8.578751564025879,13.861095376920264,13.513893351902666,0.004663933850012375,6.227315425872803,8.832969665527344,barbell biceps curl_23.mp4,3
177.52812374672766,178.65622539004693,0.6815735101699829,9.165952682495117,8.272747039794922,14.55345396683568,12.038368753381906,0.006334369525518252,6.694085121154785,9.616540908813477,barbell biceps curl_23.mp4,6
179.26219049142355,173.8911535254127,0.599910318851471,10.123727798461914,7.93242073059082,13.98033604262923,12.96374304876616,0.030417590868145872,10.86135196685791,14.041275024414062,barbell biceps curl_23.mp4,9
171.80566186047724,135.41289151225487,3.4683573246002197,13.283507347106934,9.632335662841797,15.595128138810306,18.732954420893453,0.23691778994915672,5.0891828536987305,34.954769134521484,barbell biceps curl_23.mp4,12
152.35009459843215,146.21699690456225,4.612823486328125,8.474392890930176,10.749924659729004,10.905604920458547,21.635780438516175,0.04108354784176466,36.124290466308594,44.532928466796875,barbell biceps curl_23.mp4,15
174.81616493748035,60.10502851220086,3.184023141860962,13.955172538757324,8.585905075073242,19.180190668692173,19.661635586662015,0.9765924882366986,19.138980865478516,51.51912307739258,barbell biceps curl_23.mp4,18
30.326392661984993,25.050259812480203,2.817737340927124,19.721206665039062,12.324419021606445,23.15743387889023,20.943325756489262,0.19055441648220522,10.60518741607666,12.72584342956543,barbell biceps curl_23.mp4,24
16.993731650718676,11.654520317333231,1.907002568244934,20.86587905883789,9.048381805419922,25.164339170326105,17.285008756609123,0.372742556114045,3.872142791748047,2.606160879135132,barbell biceps curl_23.mp4,27
18.172735851441637,11.715308590652741,2.795307159423828,19.946693420410156,9.06427001953125,23.086921851517296,18.063885111015423,0.43210771272102655,1.7739486694335938,2.65102219581604,barbell biceps curl_23.mp4,30
14.479746048266568,11.240569531049877,2.8680057525634766,20.621013641357422,8.063051223754883,23.43417135171514,16.672226232578748,0.2518768875310026,6.141268253326416,3.1775405406951904,barbell biceps curl_23.mp4,33
15.973353992844144,13.307808537587142,1.6781538724899292,12.93712043762207,9.091635704040527,17.070601108069333,16.70597543362101,0.18206554828461863,3.0362472534179688,4.216197967529297,barbell biceps curl_23.mp4,36
18.92677617317938,16.645553363131274,0.697330117225647,13.637752532958984,11.892956733703613,18.608246182434165,18.345770244188895,0.12825827488860608,5.289005756378174,4.752589702606201,barbell biceps curl_23.mp4,39
20.805406970697987,23.091188962767596,0.3334830105304718,12.741922378540039,12.9179105758667,17.780578954564316,18.7587240522135,0.10414392931671451,8.063475608825684,10.173286437988281,barbell biceps curl_23.mp4,42
12.656084580803928,165.1134969990191,0.30248454213142395,13.763057708740234,7.947230339050293,20.43860973687466,15.021890951233026,1.7152249677738927,1.1069839000701904,6.93925666809082,barbell biceps curl_23.mp4,48
164.9962764827324,121.61529902775032,3.4829390048980713,9.359007835388184,4.56511116027832,12.857390976107755,14.38748325107248,0.3027161577665968,24.362754821777344,62.94981384277344,barbell biceps curl_23.mp4,51
177.6794815938447,108.3024144888832,2.295517921447754,14.603619575500488,5.999270915985107,17.087194687821828,12.927935071823343,0.48518502783051926,12.28326416015625,65.69831085205078,barbell biceps curl_23.mp4,54
178.05549275376947,176.51484956596445,0.11795181035995483,11.574783325195312,8.370171546936035,15.703109011120736,12.700835069940128,0.008690197706472256,9.630117416381836,11.855376243591309,barbell biceps curl_23.mp4,57
176.94206525552087,179.5515021654011,0.8702520728111267,9.136308670043945,8.64221477508545,14.920469166277714,12.612319685035382,0.014639461400430796,6.0784196853637695,9.091118812561035,barbell biceps curl_23.mp4,60
176.7557452372184,177.58459255468983,0.6414454579353333,8.651286125183105,8.747300148010254,15.141316804906856,14.046466359987475,0.004678255502246439,5.407049179077148,6.331873416900635,barbell biceps curl_23.mp4,63
176.72666833666008,176.73517234878224,0.4260375499725342,7.159641742706299,8.099141120910645,13.455193973927939,13.49578890290089,4.811841700178082e-05,3.8863039016723633,4.834211826324463,barbell biceps curl_23.mp4,66
177.14981291124255,178.33140875722816,0.5831718444824219,7.1428542137146,7.320274353027344,13.459288219730688,12.602165147445996,0.006647866463605176,4.2927680015563965,5.651525497436523,barbell biceps curl_23.mp4,69
179.24644575865509,178.26246268051185,0.0923084244132042,7.289460182189941,7.405827522277832,14.143982737889779,14.012642573757157,0.005504663268052088,6.5364203453063965,5.668555736541748,barbell biceps curl_23.mp4,0
178.91105603351787,179.7474357737851,0.7564582824707031,7.315778732299805,8.578751564025879,13.861095376920264,13.513893351902666,0.004663933850012375,6.227315425872803,8.832969665527344,barbell biceps curl_23.mp4,3
177.52812374672766,178.65622539004693,0.6815735101699829,9.165952682495117,8.272747039794922,14.55345396683568,12.038368753381906,0.006334369525518252,6.694085121154785,9.616540908813477,barbell biceps curl_23.mp4,6
179.26219049142355,173.8911535254127,0.599910318851471,10.123727798461914,7.93242073059082,13.98033604262923,12.96374304876616,0.030417590868145872,10.86135196685791,14.041275024414062,barbell biceps curl_23.mp4,9
171.80566186047724,135.41289151225487,3.4683573246002197,13.283507347106934,9.632335662841797,15.595128138810306,18.732954420893453,0.23691778994915672,5.0891828536987305,34.954769134521484,barbell biceps curl_23.mp4,12
152.35009459843215,146.21699690456225,4.612823486328125,8.474392890930176,10.749924659729004,10.905604920458547,21.635780438516175,0.04108354784176466,36.124290466308594,44.532928466796875,barbell biceps curl_23.mp4,15
174.81616493748035,60.10502851220086,3.184023141860962,13.955172538757324,8.585905075073242,19.180190668692173,19.661635586662015,0.9765924882366986,19.138980865478516,51.51912307739258,barbell biceps curl_23.mp4,18
30.326392661984993,25.050259812480203,2.817737340927124,19.721206665039062,12.324419021606445,23.15743387889023,20.943325756489262,0.19055441648220522,10.60518741607666,12.72584342956543,barbell biceps curl_23.mp4,24
16.993731650718676,11.654520317333231,1.907002568244934,20.86587905883789,9.048381805419922,25.164339170326105,17.285008756609123,0.372742556114045,3.872142791748047,2.606160879135132,barbell biceps curl_23.mp4,27
18.172735851441637,11.715308590652741,2.795307159423828,19.946693420410156,9.06427001953125,23.086921851517296,18.063885111015423,0.43210771272102655,1.7739486694335938,2.65102219581604,barbell biceps curl_23.mp4,30
14.479746048266568,11.240569531049877,2.8680057525634766,20.621013641357422,8.063051223754883,23.43417135171514,16.672226232578748,0.2518768875310026,6.141268253326416,3.1775405406951904,barbell biceps curl_23.mp4,33
15.973353992844144,13.307808537587142,1.6781538724899292,12.93712043762207,9.091635704040527,17.070601108069333,16.70597543362101,0.18206554828461863,3.0362472534179688,4.216197967529297,barbell biceps curl_23.mp4,36
18.92677617317938,16.645553363131274,0.697330117225647,13.637752532958984,11.892956733703613,18.608246182434165,18.345770244188895,0.12825827488860608,5.289005756378174,4.752589702606201,barbell biceps curl_23.mp4,39
20.805406970697987,23.091188962767596,0.3334830105304718,12.741922378540039,12.9179105758667,17.780578954564316,18.7587240522135,0.10414392931671451,8.063475608825684,10.173286437988281,barbell biceps curl_23.mp4,42
12.656084580803928,165.1134969990191,0.30248454213142395,13.763057708740234,7.947230339050293,20.43860973687466,15.021890951233026,1.7152249677738927,1.1069839000701904,6.93925666809082,barbell biceps curl_23.mp4,48
164.9962764827324,121.61529902775032,3.4829390048980713,9.359007835388184,4.56511116027832,12.857390976107755,14.38748325107248,0.3027161577665968,24.362754821777344,62.94981384277344,barbell biceps curl_23.mp4,51
177.6794815938447,108.3024144888832,2.295517921447754,14.603619575500488,5.999270915985107,17.087194687821828,12.927935071823343,0.48518502783051926,12.28326416015625,65.69831085205078,barbell biceps curl_23.mp4,54
178.05549275376947,176.51484956596445,0.11795181035995483,11.574783325195312,8.370171546936035,15.703109011120736,12.700835069940128,0.008690197706472256,9.630117416381836,11.855376243591309,barbell biceps curl_23.mp4,57
176.94206525552087,179.5515021654011,0.8702520728111267,9.136308670043945,8.64221477508545,14.920469166277714,12.612319685035382,0.014639461400430796,6.0784196853637695,9.091118812561035,barbell biceps curl_23.mp4,60
176.7557452372184,177.58459255468983,0.6414454579353333,8.651286125183105,8.747300148010254,15.141316804906856,14.046466359987475,0.004678255502246439,5.407049179077148,6.331873416900635,barbell biceps curl_23.mp4,63
176.72666833666008,176.73517234878224,0.4260375499725342,7.159641742706299,8.099141120910645,13.455193973927939,13.49578890290089,4.811841700178082e-05,3.8863039016723633,4.834211826324463,barbell biceps curl_23.mp4,66
177.14981291124255,178.33140875722816,0.5831718444824219,7.1428542137146,7.320274353027344,13.459288219730688,12.602165147445996,0.006647866463605176,4.2927680015563965,5.651525497436523,barbell biceps curl_23.mp4,69
175.6872938035043,179.04920113331565,0.025249222293496132,7.20206880569458,6.643847465515137,11.838442188002169,11.264913404923783,0.01895439221955505,2.889415740966797,5.693092346191406,barbell biceps curl_24.mp4,0
176.06129624855623,179.35169086693463,0.22131255269050598,7.256476879119873,5.847059726715088,11.750106752943232,10.813758415035192,0.018515894115648576,3.3178532123565674,6.495302200317383,barbell biceps curl_24.mp4,3
177.01377337844374,179.44186927211,0.5140838623046875,7.785482883453369,5.934671878814697,12.280083922344145,11.508774476860532,0.013623551450111938,4.7992844581604,5.376368522644043,barbell biceps curl_24.mp4,6
178.16580953938342,179.78785790640129,0.27761727571487427,6.701986789703369,6.7282304763793945,11.544101260330903,11.064679617161271,0.009062895645641299,4.867698669433594,6.515602111816406,barbell biceps curl_24.mp4,9
178.21392079761677,178.51892318874167,0.13843469321727753,7.56058931350708,7.054149150848389,13.307393109957744,12.78768324682498,0.0017099765063211547,5.774466514587402,8.53515911102295,barbell biceps curl_24.mp4,12
177.85615912247468,177.49102743166674,0.6920768022537231,9.450615882873535,7.416168689727783,15.274718451251223,11.761957222820698,0.0020550701095944095,7.3066935539245605,9.925093650817871,barbell biceps curl_24.mp4,15
179.22116246241055,170.66215371889896,0.6221827268600464,10.196928024291992,8.45344352722168,13.694396035154854,13.06135858145571,0.04892493209979927,9.418180465698242,17.791263580322266,barbell biceps curl_24.mp4,18
175.84739093679974,147.08467585675848,2.5146775245666504,8.420689582824707,7.904953956604004,11.716670857446868,15.998043597910593,0.1781347722177649,4.268125057220459,40.82028579711914,barbell biceps curl_24.mp4,21
149.7441037255026,70.60799624954164,1.4753565788269043,5.3213911056518555,8.480192184448242,10.750430840796799,16.404242157985188,0.7182696011058977,24.93450927734375,62.12779998779297,barbell biceps curl_24.mp4,24
45.18193117926965,29.096750854966032,0.1521843671798706,15.438127517700195,9.934592247009277,21.227962325172257,16.22626762709608,0.43310354690703357,29.743799209594727,19.16216468811035,barbell biceps curl_24.mp4,27
22.729793801084526,26.590905315029612,0.6333891153335571,15.825443267822266,12.8103666305542,21.979686854609124,20.046290056919986,0.1565716457041696,6.9043426513671875,13.780526161193848,barbell biceps curl_24.mp4,30
44.55082932538738,20.94100396293994,0.14321479201316833,21.31881332397461,12.345717430114746,27.359844241995745,18.14997908323067,0.7210005943338111,23.232013702392578,8.595298767089844,barbell biceps curl_24.mp4,33
18.256208096391102,14.367059165969911,0.6971381306648254,14.212584495544434,13.124326705932617,18.4670891792356,18.974781194079387,0.23842792318403278,4.043621063232422,1.2427244186401367,barbell biceps curl_24.mp4,36
15.045813361878807,13.053634404994357,1.3525731563568115,11.822690963745117,10.232627868652344,14.893639783987972,16.076392750521606,0.1417948831886339,3.2231287956237793,2.8210182189941406,barbell biceps curl_24.mp4,39
14.36130503595479,14.603153402447438,2.148226022720337,10.60646915435791,8.423605918884277,12.639145911326713,14.677481467229128,0.01669966431493824,3.754824161529541,6.179564476013184,barbell biceps curl_24.mp4,42
15.318834501380744,14.594671590067724,0.7814024090766907,11.020194053649902,8.580015182495117,15.06436482322678,14.210521476245237,0.04841712028668146,4.298622131347656,6.014672756195068,barbell biceps curl_24.mp4,45
16.56851819595422,19.256394495106584,0.2677588164806366,11.446993827819824,12.063355445861816,16.59397212455808,17.94065402526214,0.1500562651656123,5.121540069580078,7.193030834197998,barbell biceps curl_24.mp4,48
38.849228891298296,21.202594945094845,0.9170995950698853,16.144550323486328,9.923314094543457,21.49651017892522,17.13862032828824,0.5877135053976189,22.704681396484375,11.279260635375977,barbell biceps curl_24.mp4,51
132.2743547199133,36.560615253056824,1.7726870775222778,16.150619506835938,9.393326759338379,21.17206475900798,17.811151225328267,1.1338141557069594,63.876258850097656,27.167285919189453,barbell biceps curl_24.mp4,54
101.19828919409515,94.0710498708967,0.5750767588615417,10.941527366638184,7.45563268661499,17.00077619327809,14.391152450772067,0.07299906229340265,67.86017608642578,86.61540985107422,barbell biceps curl_24.mp4,57
38.713994412776124,145.30693446634035,0.027850953862071037,12.075185775756836,9.731795310974121,17.154536426127155,14.7009153658704,1.1584871427704317,26.63880729675293,24.961267471313477,barbell biceps curl_24.mp4,60
104.214105454451,115.49060298506535,0.2702820301055908,10.692870140075684,9.581604957580566,15.955424239906074,15.265148758784601,0.10265139614628437,86.478759765625,74.09099578857422,barbell biceps curl_24.mp4,63
179.87179575127197,177.72927294538235,0.6733310222625732,9.075901985168457,9.887105941772461,14.09028606945961,13.454959141394934,0.011982753931348481,9.205361366271973,12.157764434814453,barbell biceps curl_24.mp4,66
178.89766097455666,179.58930705063864,0.9987552165985107,8.700017929077148,8.8993501663208,14.883445255191964,12.934451473587597,0.0038586957840730752,9.802350997924805,9.310003280639648,barbell biceps curl_24.mp4,69
178.2298798456606,178.8064620664883,0.7539536952972412,7.318024635314941,8.496502876281738,13.589039842700506,13.126465341819907,0.0032298237078038105,5.5478291511535645,7.303256988525391,barbell biceps curl_24.mp4,72
178.9321045351063,176.9763792913104,0.4812543988227844,6.630669593811035,8.00610065460205,11.579525889935276,12.028736977666354,0.010990045658758473,5.562558650970459,4.982442378997803,barbell biceps curl_24.mp4,75
178.34518779993897,179.19254416975872,0.2713380455970764,6.532366752624512,6.7448015213012695,11.110389791168007,10.87587099082533,0.004739954942107007,4.87773323059082,5.937896728515625,barbell biceps curl_24.mp4,78
179.33529784205876,178.93247107926138,0.7591273784637451,6.126412868499756,6.4363322257995605,11.496700938655453,10.401362347861822,0.002248746874496849,5.4615631103515625,7.503897190093994,barbell biceps curl_24.mp4,81
175.6872938035043,179.04920113331565,0.025249222293496132,7.20206880569458,6.643847465515137,11.838442188002169,11.264913404923783,0.01895439221955505,2.889415740966797,5.693092346191406,barbell biceps curl_24.mp4,0
176.06129624855623,179.35169086693463,0.22131255269050598,7.256476879119873,5.847059726715088,11.750106752943232,10.813758415035192,0.018515894115648576,3.3178532123565674,6.495302200317383,barbell biceps curl_24.mp4,3
177.01377337844374,179.44186927211,0.5140838623046875,7.785482883453369,5.934671878814697,12.280083922344145,11.508774476860532,0.013623551450111938,4.7992844581604,5.376368522644043,barbell biceps curl_24.mp4,6
178.16580953938342,179.78785790640129,0.27761727571487427,6.701986789703369,6.7282304763793945,11.544101260330903,11.064679617161271,0.009062895645641299,4.867698669433594,6.515602111816406,barbell biceps curl_24.mp4,9
178.21392079761677,178.51892318874167,0.13843469321727753,7.56058931350708,7.054149150848389,13.307393109957744,12.78768324682498,0.0017099765063211547,5.774466514587402,8.53515911102295,barbell biceps curl_24.mp4,12
177.85615912247468,177.49102743166674,0.6920768022537231,9.450615882873535,7.416168689727783,15.274718451251223,11.761957222820698,0.0020550701095944095,7.3066935539245605,9.925093650817871,barbell biceps curl_24.mp4,15
179.22116246241055,170.66215371889896,0.6221827268600464,10.196928024291992,8.45344352722168,13.694396035154854,13.06135858145571,0.04892493209979927,9.418180465698242,17.791263580322266,barbell biceps curl_24.mp4,18
175.84739093679974,147.08467585675848,2.5146775245666504,8.420689582824707,7.904953956604004,11.716670857446868,15.998043597910593,0.1781347722177649,4.268125057220459,40.82028579711914,barbell biceps curl_24.mp4,21
149.7441037255026,70.60799624954164,1.4753565788269043,5.3213911056518555,8.480192184448242,10.750430840796799,16.404242157985188,0.7182696011058977,24.93450927734375,62.12779998779297,barbell biceps curl_24.mp4,24
45.18193117926965,29.096750854966032,0.1521843671798706,15.438127517700195,9.934592247009277,21.227962325172257,16.22626762709608,0.43310354690703357,29.743799209594727,19.16216468811035,barbell biceps curl_24.mp4,27
22.729793801084526,26.590905315029612,0.6333891153335571,15.825443267822266,12.8103666305542,21.979686854609124,20.046290056919986,0.1565716457041696,6.9043426513671875,13.780526161193848,barbell biceps curl_24.mp4,30
44.55082932538738,20.94100396293994,0.14321479201316833,21.31881332397461,12.345717430114746,27.359844241995745,18.14997908323067,0.7210005943338111,23.232013702392578,8.595298767089844,barbell biceps curl_24.mp4,33
18.256208096391102,14.367059165969911,0.6971381306648254,14.212584495544434,13.124326705932617,18.4670891792356,18.974781194079387,0.23842792318403278,4.043621063232422,1.2427244186401367,barbell biceps curl_24.mp4,36
15.045813361878807,13.053634404994357,1.3525731563568115,11.822690963745117,10.232627868652344,14.893639783987972,16.076392750521606,0.1417948831886339,3.2231287956237793,2.8210182189941406,barbell biceps curl_24.mp4,39
14.36130503595479,14.603153402447438,2.148226022720337,10.60646915435791,8.423605918884277,12.639145911326713,14.677481467229128,0.01669966431493824,3.754824161529541,6.179564476013184,barbell biceps curl_24.mp4,42
15.318834501380744,14.594671590067724,0.7814024090766907,11.020194053649902,8.580015182495117,15.06436482322678,14.210521476245237,0.04841712028668146,4.298622131347656,6.014672756195068,barbell biceps curl_24.mp4,45
16.56851819595422,19.256394495106584,0.2677588164806366,11.446993827819824,12.063355445861816,16.59397212455808,17.94065402526214,0.1500562651656123,5.121540069580078,7.193030834197998,barbell biceps curl_24.mp4,48
38.849228891298296,21.202594945094845,0.9170995950698853,16.144550323486328,9.923314094543457,21.49651017892522,17.13862032828824,0.5877135053976189,22.704681396484375,11.279260635375977,barbell biceps curl_24.mp4,51
132.2743547199133,36.560615253056824,1.7726870775222778,16.150619506835938,9.393326759338379,21.17206475900798,17.811151225328267,1.1338141557069594,63.876258850097656,27.167285919189453,barbell biceps curl_24.mp4,54
101.19828919409515,94.0710498708967,0.5750767588615417,10.941527366638184,7.45563268661499,17.00077619327809,14.391152450772067,0.07299906229340265,67.86017608642578,86.61540985107422,barbell biceps curl_24.mp4,57
38.713994412776124,145.30693446634035,0.027850953862071037,12.075185775756836,9.731795310974121,17.154536426127155,14.7009153658704,1.1584871427704317,26.63880729675293,24.961267471313477,barbell biceps curl_24.mp4,60
104.214105454451,115.49060298506535,0.2702820301055908,10.692870140075684,9.581604957580566,15.955424239906074,15.265148758784601,0.10265139614628437,86.478759765625,74.09099578857422,barbell biceps curl_24.mp4,63
179.87179575127197,177.72927294538235,0.6733310222625732,9.075901985168457,9.887105941772461,14.09028606945961,13.454959141394934,0.011982753931348481,9.205361366271973,12.157764434814453,barbell biceps curl_24.mp4,66
178.89766097455666,179.58930705063864,0.9987552165985107,8.700017929077148,8.8993501663208,14.883445255191964,12.934451473587597,0.0038586957840730752,9.802350997924805,9.310003280639648,barbell biceps curl_24.mp4,69
178.2298798456606,178.8064620664883,0.7539536952972412,7.318024635314941,8.496502876281738,13.589039842700506,13.126465341819907,0.0032298237078038105,5.5478291511535645,7.303256988525391,barbell biceps curl_24.mp4,72
178.9321045351063,176.9763792913104,0.4812543988227844,6.630669593811035,8.00610065460205,11.579525889935276,12.028736977666354,0.010990045658758473,5.562558650970459,4.982442378997803,barbell biceps curl_24.mp4,75
178.34518779993897,179.19254416975872,0.2713380455970764,6.532366752624512,6.7448015213012695,11.110389791168007,10.87587099082533,0.004739954942107007,4.87773323059082,5.937896728515625,barbell biceps curl_24.mp4,78
179.33529784205876,178.93247107926138,0.7591273784637451,6.126412868499756,6.4363322257995605,11.496700938655453,10.401362347861822,0.002248746874496849,5.4615631103515625,7.503897190093994,barbell biceps curl_24.mp4,81
179.012850960454,178.67278311371152,0.23798896372318268,5.832569599151611,5.547061443328857,10.554840959429692,9.843347007333232,0.0019014901038600766,4.8455681800842285,6.87429141998291,barbell biceps curl_25.mp4,0
178.81419291222468,178.7246645924961,0.464859277009964,5.670565128326416,5.797708034515381,10.77822412698837,10.063020063031773,0.0005008032992743454,4.484731197357178,7.072993278503418,barbell biceps curl_25.mp4,3
178.61125130793044,179.22949804474354,0.23406141996383667,6.045482635498047,7.4097208976745605,10.715662523798395,11.740560822632148,0.003455429477674,4.656670093536377,6.6391777992248535,barbell biceps curl_25.mp4,6
178.7059291441223,179.67554505130207,0.40377530455589294,7.165252208709717,7.312656402587891,12.227935383339448,11.558904363076902,0.005411082753965286,5.871425151824951,6.9876203536987305,barbell biceps curl_25.mp4,9
179.56704129864522,177.9544508834837,0.6113872528076172,7.615433216094971,7.306520938873291,14.142710893122322,12.619043225263098,0.009020942519114533,8.048645973205566,9.352103233337402,barbell biceps curl_25.mp4,12
177.30383112543933,175.2574005318196,0.3990722596645355,7.847514629364014,9.014139175415039,12.433254956047431,12.797523390850337,0.011608937170999912,10.543672561645508,13.75669002532959,barbell biceps curl_25.mp4,15
115.83280187432624,155.03609299711894,0.79121333360672,9.580157279968262,9.75355339050293,15.279228959122813,13.75416203829141,0.2894632190336853,73.74736022949219,34.71746063232422,barbell biceps curl_25.mp4,18
89.37555344136194,31.52085181036769,0.39530184864997864,9.684781074523926,11.287044525146484,15.459620804615051,16.12347270075706,0.9570954820456342,79.6907730102539,20.23381233215332,barbell biceps curl_25.mp4,21
64.87378665225303,26.070141475956092,0.44462332129478455,10.417238235473633,8.265054702758789,17.21884261852454,13.845834108848948,0.8533531809092985,54.45654296875,17.805082321166992,barbell biceps curl_25.mp4,24
5.011687756655819,25.153952522251394,0.6391975283622742,14.697507858276367,14.789491653442383,20.941787476312,21.639188746483317,1.3354442060147285,9.68579387664795,10.364459037780762,barbell biceps curl_25.mp4,27
27.039427676398603,19.66770434623562,0.6065762042999268,18.751127243041992,12.495484352111816,23.620630101661412,18.40577450523082,0.3156572887665487,8.288300514221191,7.172208786010742,barbell biceps curl_25.mp4,30
18.274720774047967,15.773967266562746,0.8333583474159241,12.005241394042969,11.764802932739258,16.336581492250524,17.837380974062818,0.14689279683860423,6.269470691680908,4.0091657638549805,barbell biceps curl_25.mp4,33
15.22439254698468,14.010837143238826,0.3845860958099365,11.49417781829834,10.247442245483398,15.286018192353676,14.989786744218472,0.08302006973125829,3.730198860168457,3.7633798122406006,barbell biceps curl_25.mp4,36
12.587897647681142,10.600068073146767,1.7117613554000854,12.71252155303955,9.973908424377441,16.001587123516735,16.542894268439383,0.17145355469875181,0.12462157011032104,0.6261392831802368,barbell biceps curl_25.mp4,39
20.516509399861306,21.417603443622895,0.3687230050563812,14.053744316101074,13.400155067443848,18.459594683341518,18.73899342323141,0.042976659462183056,6.46276330947876,8.017444610595703,barbell biceps curl_25.mp4,42
24.563283487988965,16.120963837250876,0.6591701507568359,11.878768920898438,11.029111862182617,18.035790094204764,15.718634283274145,0.4150166320270407,12.684521675109863,5.091844081878662,barbell biceps curl_25.mp4,45
24.349883047096185,26.633606354513642,0.48216137290000916,12.149500846862793,9.106120109558105,17.47428420755369,15.168305442868554,0.08958677933665903,12.200384140014648,17.52747344970703,barbell biceps curl_25.mp4,48
67.08620102315447,137.27193822927535,0.49568772315979004,9.582625389099121,9.629551887512207,15.826244367008062,14.73043851848963,0.6868895700740861,57.503570556640625,52.35761260986328,barbell biceps curl_25.mp4,51
140.8420676383254,140.40842241192132,0.1895836740732193,9.11341667175293,10.543152809143066,15.99146250677114,17.268196901185696,0.0030836940147312007,48.27134704589844,50.13473129272461,barbell biceps curl_25.mp4,54
174.58528226147575,146.43818458276138,0.4536629617214203,12.158995628356934,8.02502155303955,17.199069384212102,13.847874653512559,0.17535850544142023,17.573740005493164,41.586830139160156,barbell biceps curl_25.mp4,57
180.0,170.2017424975373,0.9658089876174927,10.813372611999512,9.497124671936035,16.14952274454463,12.775133203770789,0.05595778840267531,10.83486270904541,19.2954044342041,barbell biceps curl_25.mp4,60
177.0823427666659,178.64852924984112,0.9644423723220825,10.11117935180664,8.832145690917969,16.16063071529592,12.952092131733766,0.008805457194631898,7.193540096282959,10.183723449707031,barbell biceps curl_25.mp4,63
176.79771493602587,179.4131583673516,0.8268605470657349,7.774536609649658,7.261080741882324,14.72421873528717,12.444337540774486,0.014684804015503539,4.572251796722412,7.84786319732666,barbell biceps curl_25.mp4,66
176.97029946044358,178.4616303197123,0.7831650376319885,7.19536828994751,7.598501205444336,14.180273952637458,12.895258602439226,0.00839165384039156,4.165613651275635,6.059976100921631,barbell biceps curl_25.mp4,69
178.05841369863197,178.53446372408632,0.7948068380355835,6.5442352294921875,7.94936990737915,11.949791175689912,11.679986488345815,0.002669991778271155,4.602572441101074,6.483719825744629,barbell biceps curl_25.mp4,72
176.3852366899246,179.46918219272155,0.9557311534881592,5.976053237915039,7.164351463317871,11.634571806691444,10.990891363728364,0.017332624461881285,2.361311197280884,6.633535861968994,barbell biceps curl_25.mp4,75
179.012850960454,178.67278311371152,0.23798896372318268,5.832569599151611,5.547061443328857,10.554840959429692,9.843347007333232,0.0019014901038600766,4.8455681800842285,6.87429141998291,barbell biceps curl_25.mp4,0
178.81419291222468,178.7246645924961,0.464859277009964,5.670565128326416,5.797708034515381,10.77822412698837,10.063020063031773,0.0005008032992743454,4.484731197357178,7.072993278503418,barbell biceps curl_25.mp4,3
178.61125130793044,179.22949804474354,0.23406141996383667,6.045482635498047,7.4097208976745605,10.715662523798395,11.740560822632148,0.003455429477674,4.656670093536377,6.6391777992248535,barbell biceps curl_25.mp4,6
178.7059291441223,179.67554505130207,0.40377530455589294,7.165252208709717,7.312656402587891,12.227935383339448,11.558904363076902,0.005411082753965286,5.871425151824951,6.9876203536987305,barbell biceps curl_25.mp4,9
179.56704129864522,177.9544508834837,0.6113872528076172,7.615433216094971,7.306520938873291,14.142710893122322,12.619043225263098,0.009020942519114533,8.048645973205566,9.352103233337402,barbell biceps curl_25.mp4,12
177.30383112543933,175.2574005318196,0.3990722596645355,7.847514629364014,9.014139175415039,12.433254956047431,12.797523390850337,0.011608937170999912,10.543672561645508,13.75669002532959,barbell biceps curl_25.mp4,15
115.83280187432624,155.03609299711894,0.79121333360672,9.580157279968262,9.75355339050293,15.279228959122813,13.75416203829141,0.2894632190336853,73.74736022949219,34.71746063232422,barbell biceps curl_25.mp4,18
89.37555344136194,31.52085181036769,0.39530184864997864,9.684781074523926,11.287044525146484,15.459620804615051,16.12347270075706,0.9570954820456342,79.6907730102539,20.23381233215332,barbell biceps curl_25.mp4,21
64.87378665225303,26.070141475956092,0.44462332129478455,10.417238235473633,8.265054702758789,17.21884261852454,13.845834108848948,0.8533531809092985,54.45654296875,17.805082321166992,barbell biceps curl_25.mp4,24
5.011687756655819,25.153952522251394,0.6391975283622742,14.697507858276367,14.789491653442383,20.941787476312,21.639188746483317,1.3354442060147285,9.68579387664795,10.364459037780762,barbell biceps curl_25.mp4,27
27.039427676398603,19.66770434623562,0.6065762042999268,18.751127243041992,12.495484352111816,23.620630101661412,18.40577450523082,0.3156572887665487,8.288300514221191,7.172208786010742,barbell biceps curl_25.mp4,30
18.274720774047967,15.773967266562746,0.8333583474159241,12.005241394042969,11.764802932739258,16.336581492250524,17.837380974062818,0.14689279683860423,6.269470691680908,4.0091657638549805,barbell biceps curl_25.mp4,33
15.22439254698468,14.010837143238826,0.3845860958099365,11.49417781829834,10.247442245483398,15.286018192353676,14.989786744218472,0.08302006973125829,3.730198860168457,3.7633798122406006,barbell biceps curl_25.mp4,36
12.587897647681142,10.600068073146767,1.7117613554000854,12.71252155303955,9.973908424377441,16.001587123516735,16.542894268439383,0.17145355469875181,0.12462157011032104,0.6261392831802368,barbell biceps curl_25.mp4,39
20.516509399861306,21.417603443622895,0.3687230050563812,14.053744316101074,13.400155067443848,18.459594683341518,18.73899342323141,0.042976659462183056,6.46276330947876,8.017444610595703,barbell biceps curl_25.mp4,42
24.563283487988965,16.120963837250876,0.6591701507568359,11.878768920898438,11.029111862182617,18.035790094204764,15.718634283274145,0.4150166320270407,12.684521675109863,5.091844081878662,barbell biceps curl_25.mp4,45
24.349883047096185,26.633606354513642,0.48216137290000916,12.149500846862793,9.106120109558105,17.47428420755369,15.168305442868554,0.08958677933665903,12.200384140014648,17.52747344970703,barbell biceps curl_25.mp4,48
67.08620102315447,137.27193822927535,0.49568772315979004,9.582625389099121,9.629551887512207,15.826244367008062,14.73043851848963,0.6868895700740861,57.503570556640625,52.35761260986328,barbell biceps curl_25.mp4,51
140.8420676383254,140.40842241192132,0.1895836740732193,9.11341667175293,10.543152809143066,15.99146250677114,17.268196901185696,0.0030836940147312007,48.27134704589844,50.13473129272461,barbell biceps curl_25.mp4,54
174.58528226147575,146.43818458276138,0.4536629617214203,12.158995628356934,8.02502155303955,17.199069384212102,13.847874653512559,0.17535850544142023,17.573740005493164,41.586830139160156,barbell biceps curl_25.mp4,57
180.0,170.2017424975373,0.9658089876174927,10.813372611999512,9.497124671936035,16.14952274454463,12.775133203770789,0.05595778840267531,10.83486270904541,19.2954044342041,barbell biceps curl_25.mp4,60
177.0823427666659,178.64852924984112,0.9644423723220825,10.11117935180664,8.832145690917969,16.16063071529592,12.952092131733766,0.008805457194631898,7.193540096282959,10.183723449707031,barbell biceps curl_25.mp4,63
176.79771493602587,179.4131583673516,0.8268605470657349,7.774536609649658,7.261080741882324,14.72421873528717,12.444337540774486,0.014684804015503539,4.572251796722412,7.84786319732666,barbell biceps curl_25.mp4,66
176.97029946044358,178.4616303197123,0.7831650376319885,7.19536828994751,7.598501205444336,14.180273952637458,12.895258602439226,0.00839165384039156,4.165613651275635,6.059976100921631,barbell biceps curl_25.mp4,69
178.05841369863197,178.53446372408632,0.7948068380355835,6.5442352294921875,7.94936990737915,11.949791175689912,11.679986488345815,0.002669991778271155,4.602572441101074,6.483719825744629,barbell biceps curl_25.mp4,72
176.3852366899246,179.46918219272155,0.9557311534881592,5.976053237915039,7.164351463317871,11.634571806691444,10.990891363728364,0.017332624461881285,2.361311197280884,6.633535861968994,barbell biceps curl_25.mp4,75
177.25127219167615,174.71909919979404,1.020247220993042,7.850490093231201,8.056939125061035,14.352297631684456,12.676378481571092,0.014388557661097904,5.101649284362793,13.337851524353027,barbell biceps curl_3.mp4,0
178.67278311371152,165.6329133077307,0.31841281056404114,9.021909713745117,7.453456401824951,14.336376527670778,12.35741373744961,0.07574588478501135,10.34920883178711,21.820510864257812,barbell biceps curl_3.mp4,3
131.30198861786712,142.28797189083352,0.8266351222991943,11.532256126403809,8.290582656860352,17.326155044171582,12.708630289126809,0.08030984216335686,60.230262756347656,46.00261306762695,barbell biceps curl_3.mp4,6
41.847120583076354,79.18379665004178,0.40360763669013977,12.142212867736816,6.605212688446045,17.38768606857951,11.286867566531049,0.6169774950156101,29.704904556274414,72.57857513427734,barbell biceps curl_3.mp4,9
24.387824008082454,27.410242665667788,0.037968821823596954,13.387632369995117,7.036078929901123,18.468382895757358,12.404051220875406,0.11670005664968218,11.000190734863281,20.37415313720703,barbell biceps curl_3.mp4,12
17.392508036890522,23.03297002618986,0.6111936569213867,14.3727388381958,9.53895092010498,20.112607920207214,14.426135635789942,0.2790548069956228,3.019757032394409,13.4940185546875,barbell biceps curl_3.mp4,15
15.644568688012017,20.436223364813873,0.10059689730405807,15.957974433898926,11.459700584411621,20.71901089261423,16.685279506009383,0.2656069561769262,0.313405841588974,8.976520538330078,barbell biceps curl_3.mp4,18
13.11187073619062,19.0435299011296,0.250230997800827,16.944255828857422,11.626960754394531,21.514964641175727,16.864675952992563,0.368937039960533,3.8323915004730225,7.416570663452148,barbell biceps curl_3.mp4,21
14.489180936489127,19.429447878076513,0.34372785687446594,17.3773250579834,11.599665641784668,21.913338738574037,16.957037852472748,0.2913010999705208,2.888143301010132,7.8297648429870605,barbell biceps curl_3.mp4,24
13.536162207605466,19.690958040212035,0.18359389901161194,15.946268081665039,11.353631973266602,20.7285556245422,16.719739107254824,0.37046820709723355,2.410128116607666,8.33733081817627,barbell biceps curl_3.mp4,27
14.943517231729697,17.790372977460475,0.2883160412311554,17.784093856811523,11.29550552368164,22.591691551013003,16.83852323987126,0.17393934711319536,2.8405814170837402,6.494863986968994,barbell biceps curl_3.mp4,30
15.579877059000118,20.188674147162146,0.30139341950416565,13.761515617370605,10.996077537536621,19.26977925811592,16.113521099048455,0.25770107721712904,1.8183186054229736,9.192604064941406,barbell biceps curl_3.mp4,33
19.640827801600338,21.29858005603144,0.30819588899612427,12.793816566467285,9.5924072265625,18.23240591242533,14.748411749695551,0.0809856488494408,6.847021102905273,11.706174850463867,barbell biceps curl_3.mp4,36
26.93041702712796,26.047674515437194,0.08179488778114319,13.172115325927734,8.244731903076172,18.123769725762003,13.400722474197767,0.03332481355926258,13.75830364227295,17.80295181274414,barbell biceps curl_3.mp4,39
79.38387858325393,96.72736614997679,0.25634390115737915,13.006819725036621,8.619709968566895,18.125021234664008,13.44573878452916,0.19696059264125212,66.3770523071289,88.10765075683594,barbell biceps curl_3.mp4,42
177.96885311911365,155.40717443416753,0.21981243789196014,13.31875228881836,7.55075216293335,18.579821031316545,12.643842935189182,0.13535273577126203,11.287728309631348,32.14356994628906,barbell biceps curl_3.mp4,45
176.76112040542094,171.44730392831863,0.3991411626338959,9.567298889160156,6.494575500488281,15.069081301581555,11.40439180383452,0.03052089556575054,6.328439712524414,15.047285079956055,barbell biceps curl_3.mp4,48
175.957217152187,175.45920629881795,0.7260479927062988,7.7143354415893555,6.7162933349609375,13.855805719607085,11.607310175203473,0.002834306083241441,3.67146635055542,11.257091522216797,barbell biceps curl_3.mp4,51
179.51705008071337,174.71969291306954,0.5826316475868225,5.633016109466553,5.46850061416626,11.679041773987448,10.505919578007587,0.02708559889693902,6.116172790527344,10.748887062072754,barbell biceps curl_3.mp4,54
178.50119196941145,176.49496279544297,0.20505665242671967,6.576528072357178,5.965591907501221,12.165766654008099,11.37146035269321,0.01130282199984607,5.077825546264648,9.470685005187988,barbell biceps curl_3.mp4,57
170.59915832071405,177.07932512970874,0.3903506398200989,10.78477954864502,6.7173662185668945,16.63286352355626,11.914277708693929,0.03727677792818445,1.383945345878601,9.637916564941406,barbell biceps curl_3.mp4,60
165.13231852429527,178.22061716789455,1.2016440629959106,13.461867332458496,7.981516361236572,20.543717225762478,12.591046948778091,0.0762381636097774,1.4057807922363281,9.760939598083496,barbell biceps curl_3.mp4,63
165.09127366724402,178.49845259385683,1.2990951538085938,12.844286918640137,8.346334457397461,20.06591783148471,12.817858726454963,0.07804179171774427,2.0644407272338867,9.847759246826172,barbell biceps curl_3.mp4,66
172.49281899446993,178.2822861471233,1.4764690399169922,9.20822811126709,8.40365219116211,16.500346260490375,12.63218304268384,0.033009566915054626,1.7010667324066162,10.121326446533203,barbell biceps curl_3.mp4,69
179.1672524500452,177.17049190615694,0.9048956632614136,5.481851577758789,7.088665962219238,12.271394263578893,12.130811207355904,0.01120712344124992,4.648857593536377,9.91809368133545,barbell biceps curl_3.mp4,72
177.25127219167615,174.71909919979404,1.020247220993042,7.850490093231201,8.056939125061035,14.352297631684456,12.676378481571092,0.014388557661097904,5.101649284362793,13.337851524353027,barbell biceps curl_3.mp4,0
178.67278311371152,165.6329133077307,0.31841281056404114,9.021909713745117,7.453456401824951,14.336376527670778,12.35741373744961,0.07574588478501135,10.34920883178711,21.820510864257812,barbell biceps curl_3.mp4,3
131.30198861786712,142.28797189083352,0.8266351222991943,11.532256126403809,8.290582656860352,17.326155044171582,12.708630289126809,0.08030984216335686,60.230262756347656,46.00261306762695,barbell biceps curl_3.mp4,6
41.847120583076354,79.18379665004178,0.40360763669013977,12.142212867736816,6.605212688446045,17.38768606857951,11.286867566531049,0.6169774950156101,29.704904556274414,72.57857513427734,barbell biceps curl_3.mp4,9
24.387824008082454,27.410242665667788,0.037968821823596954,13.387632369995117,7.036078929901123,18.468382895757358,12.404051220875406,0.11670005664968218,11.000190734863281,20.37415313720703,barbell biceps curl_3.mp4,12
17.392508036890522,23.03297002618986,0.6111936569213867,14.3727388381958,9.53895092010498,20.112607920207214,14.426135635789942,0.2790548069956228,3.019757032394409,13.4940185546875,barbell biceps curl_3.mp4,15
15.644568688012017,20.436223364813873,0.10059689730405807,15.957974433898926,11.459700584411621,20.71901089261423,16.685279506009383,0.2656069561769262,0.313405841588974,8.976520538330078,barbell biceps curl_3.mp4,18
13.11187073619062,19.0435299011296,0.250230997800827,16.944255828857422,11.626960754394531,21.514964641175727,16.864675952992563,0.368937039960533,3.8323915004730225,7.416570663452148,barbell biceps curl_3.mp4,21
14.489180936489127,19.429447878076513,0.34372785687446594,17.3773250579834,11.599665641784668,21.913338738574037,16.957037852472748,0.2913010999705208,2.888143301010132,7.8297648429870605,barbell biceps curl_3.mp4,24
13.536162207605466,19.690958040212035,0.18359389901161194,15.946268081665039,11.353631973266602,20.7285556245422,16.719739107254824,0.37046820709723355,2.410128116607666,8.33733081817627,barbell biceps curl_3.mp4,27
14.943517231729697,17.790372977460475,0.2883160412311554,17.784093856811523,11.29550552368164,22.591691551013003,16.83852323987126,0.17393934711319536,2.8405814170837402,6.494863986968994,barbell biceps curl_3.mp4,30
15.579877059000118,20.188674147162146,0.30139341950416565,13.761515617370605,10.996077537536621,19.26977925811592,16.113521099048455,0.25770107721712904,1.8183186054229736,9.192604064941406,barbell biceps curl_3.mp4,33
19.640827801600338,21.29858005603144,0.30819588899612427,12.793816566467285,9.5924072265625,18.23240591242533,14.748411749695551,0.0809856488494408,6.847021102905273,11.706174850463867,barbell biceps curl_3.mp4,36
26.93041702712796,26.047674515437194,0.08179488778114319,13.172115325927734,8.244731903076172,18.123769725762003,13.400722474197767,0.03332481355926258,13.75830364227295,17.80295181274414,barbell biceps curl_3.mp4,39
79.38387858325393,96.72736614997679,0.25634390115737915,13.006819725036621,8.619709968566895,18.125021234664008,13.44573878452916,0.19696059264125212,66.3770523071289,88.10765075683594,barbell biceps curl_3.mp4,42
177.96885311911365,155.40717443416753,0.21981243789196014,13.31875228881836,7.55075216293335,18.579821031316545,12.643842935189182,0.13535273577126203,11.287728309631348,32.14356994628906,barbell biceps curl_3.mp4,45
176.76112040542094,171.44730392831863,0.3991411626338959,9.567298889160156,6.494575500488281,15.069081301581555,11.40439180383452,0.03052089556575054,6.328439712524414,15.047285079956055,barbell biceps curl_3.mp4,48
175.957217152187,175.45920629881795,0.7260479927062988,7.7143354415893555,6.7162933349609375,13.855805719607085,11.607310175203473,0.002834306083241441,3.67146635055542,11.257091522216797,barbell biceps curl_3.mp4,51
179.51705008071337,174.71969291306954,0.5826316475868225,5.633016109466553,5.46850061416626,11.679041773987448,10.505919578007587,0.02708559889693902,6.116172790527344,10.748887062072754,barbell biceps curl_3.mp4,54
178.50119196941145,176.49496279544297,0.20505665242671967,6.576528072357178,5.965591907501221,12.165766654008099,11.37146035269321,0.01130282199984607,5.077825546264648,9.470685005187988,barbell biceps curl_3.mp4,57
170.59915832071405,177.07932512970874,0.3903506398200989,10.78477954864502,6.7173662185668945,16.63286352355626,11.914277708693929,0.03727677792818445,1.383945345878601,9.637916564941406,barbell biceps curl_3.mp4,60
165.13231852429527,178.22061716789455,1.2016440629959106,13.461867332458496,7.981516361236572,20.543717225762478,12.591046948778091,0.0762381636097774,1.4057807922363281,9.760939598083496,barbell biceps curl_3.mp4,63
165.09127366724402,178.49845259385683,1.2990951538085938,12.844286918640137,8.346334457397461,20.06591783148471,12.817858726454963,0.07804179171774427,2.0644407272338867,9.847759246826172,barbell biceps curl_3.mp4,66
172.49281899446993,178.2822861471233,1.4764690399169922,9.20822811126709,8.40365219116211,16.500346260490375,12.63218304268384,0.033009566915054626,1.7010667324066162,10.121326446533203,barbell biceps curl_3.mp4,69
179.1672524500452,177.17049190615694,0.9048956632614136,5.481851577758789,7.088665962219238,12.271394263578893,12.130811207355904,0.01120712344124992,4.648857593536377,9.91809368133545,barbell biceps curl_3.mp4,72
36.57986861325578,34.9774027370979,1.7430336475372314,7.517812252044678,4.3836822509765625,9.802069611958064,3.194082449447616,0.04478834494155053,29.06204605102539,39.361087799072266,barbell biceps curl_4.mp4,0
60.90885900212081,76.42527478209794,2.039306640625,7.076519966125488,10.312477111816406,9.980834094405273,11.483208309575252,0.22596590304864386,53.83233642578125,66.11279296875,barbell biceps curl_4.mp4,3
97.02942297281824,92.33532282466079,0.2397385537624359,6.299776077270508,2.689195394515991,7.806754056413261,3.690084079871375,0.049577339524197094,89.27034759521484,84.97547912597656,barbell biceps curl_4.mp4,6
137.09906465005113,136.91095088309189,0.5788260102272034,8.897555351257324,6.9863152503967285,11.119814132862565,8.088594350731418,0.00137304300058692,51.79848098754883,36.102725982666016,barbell biceps curl_4.mp4,9
166.70121504251225,165.0437079884244,2.233686685562134,13.649130821228027,7.269435882568359,17.967420489802898,7.048568568406291,0.009992659655160954,26.947917938232422,7.68683385848999,barbell biceps curl_4.mp4,12
165.94498117301077,138.26143449393487,1.6168570518493652,11.184517860412598,9.257768630981445,14.25058721322122,8.975508358113595,0.18200501536683358,25.239530563354492,32.48079299926758,barbell biceps curl_4.mp4,15
176.5416938846094,144.16960073861466,0.10513263940811157,12.510817527770996,8.023763656616211,15.163945502028877,10.736379211629755,0.20187685116625476,15.969114303588867,27.806629180908203,barbell biceps curl_4.mp4,18
163.77082388861896,148.6927477667596,0.12062428146600723,4.714644908905029,8.227450370788574,7.079171640541505,10.750430840796799,0.09651093752771434,20.943824768066406,23.079797744750977,barbell biceps curl_4.mp4,21
161.6251193921478,151.18154274695416,0.5784927606582642,4.001123428344727,7.8757524490356445,6.0381262972310115,10.935511011349274,0.06677336456823603,22.37598419189453,20.94268798828125,barbell biceps curl_4.mp4,24
177.88483400278514,149.11414589081048,1.1001375913619995,10.531339645385742,6.109536647796631,12.138138312161198,9.818204658165191,0.17596806033668086,12.646475791931152,24.77631950378418,barbell biceps curl_4.mp4,27
171.88600876819572,148.13919546235425,0.11782343685626984,11.040350914001465,7.060410976409912,13.632431605204179,9.33226701075628,0.14840589423534267,19.154348373413086,24.800384521484375,barbell biceps curl_4.mp4,30
168.21887564401564,159.14650533635054,0.8976992964744568,13.137483596801758,5.62016487121582,16.443304323624318,7.023923570629251,0.055426571255005205,24.918609619140625,15.233328819274902,barbell biceps curl_4.mp4,33
98.47457824511201,88.74901293317745,1.1365209817886353,5.028358459472656,3.1332578659057617,5.50573454675929,0.41590081405098006,0.10389251964164162,86.55377960205078,85.6157455444336,barbell biceps curl_4.mp4,36
89.72730180020179,96.26014920967036,0.24341487884521484,8.292214393615723,8.739437103271484,9.617134973912222,6.944610394109262,0.07025041070240608,81.4350814819336,87.52070617675781,barbell biceps curl_4.mp4,39
26.513781804039613,34.66914822032552,0.18079978227615356,10.69619369506836,3.032709836959839,11.353120516682763,4.033568738550222,0.26658959984551767,15.81760025024414,37.70185470581055,barbell biceps curl_4.mp4,42
30.66042600773759,29.04691313175991,0.8117415308952332,9.628870964050293,5.814939498901367,11.628287559020338,6.1903625208655075,0.0540473884527978,21.03154754638672,34.86185836791992,barbell biceps curl_4.mp4,45
17.325444055321018,14.075043718103315,1.260239601135254,15.575221061706543,2.888892412185669,19.419856731143206,4.255193147651233,0.20702865259110184,1.7502031326293945,16.96393394470215,barbell biceps curl_4.mp4,48
24.84930834913023,19.864231003233556,1.140802025794983,13.624495506286621,3.703524351119995,15.875520020033818,3.659981032512171,0.22297842747861726,11.22481632232666,23.56775665283203,barbell biceps curl_4.mp4,51
36.57986861325578,34.9774027370979,1.7430336475372314,7.517812252044678,4.3836822509765625,9.802069611958064,3.194082449447616,0.04478834494155053,29.06204605102539,39.361087799072266,barbell biceps curl_4.mp4,0
60.90885900212081,76.42527478209794,2.039306640625,7.076519966125488,10.312477111816406,9.980834094405273,11.483208309575252,0.22596590304864386,53.83233642578125,66.11279296875,barbell biceps curl_4.mp4,3
97.02942297281824,92.33532282466079,0.2397385537624359,6.299776077270508,2.689195394515991,7.806754056413261,3.690084079871375,0.049577339524197094,89.27034759521484,84.97547912597656,barbell biceps curl_4.mp4,6
137.09906465005113,136.91095088309189,0.5788260102272034,8.897555351257324,6.9863152503967285,11.119814132862565,8.088594350731418,0.00137304300058692,51.79848098754883,36.102725982666016,barbell biceps curl_4.mp4,9
166.70121504251225,165.0437079884244,2.233686685562134,13.649130821228027,7.269435882568359,17.967420489802898,7.048568568406291,0.009992659655160954,26.947917938232422,7.68683385848999,barbell biceps curl_4.mp4,12
165.94498117301077,138.26143449393487,1.6168570518493652,11.184517860412598,9.257768630981445,14.25058721322122,8.975508358113595,0.18200501536683358,25.239530563354492,32.48079299926758,barbell biceps curl_4.mp4,15
176.5416938846094,144.16960073861466,0.10513263940811157,12.510817527770996,8.023763656616211,15.163945502028877,10.736379211629755,0.20187685116625476,15.969114303588867,27.806629180908203,barbell biceps curl_4.mp4,18
163.77082388861896,148.6927477667596,0.12062428146600723,4.714644908905029,8.227450370788574,7.079171640541505,10.750430840796799,0.09651093752771434,20.943824768066406,23.079797744750977,barbell biceps curl_4.mp4,21
161.6251193921478,151.18154274695416,0.5784927606582642,4.001123428344727,7.8757524490356445,6.0381262972310115,10.935511011349274,0.06677336456823603,22.37598419189453,20.94268798828125,barbell biceps curl_4.mp4,24
177.88483400278514,149.11414589081048,1.1001375913619995,10.531339645385742,6.109536647796631,12.138138312161198,9.818204658165191,0.17596806033668086,12.646475791931152,24.77631950378418,barbell biceps curl_4.mp4,27
171.88600876819572,148.13919546235425,0.11782343685626984,11.040350914001465,7.060410976409912,13.632431605204179,9.33226701075628,0.14840589423534267,19.154348373413086,24.800384521484375,barbell biceps curl_4.mp4,30
168.21887564401564,159.14650533635054,0.8976992964744568,13.137483596801758,5.62016487121582,16.443304323624318,7.023923570629251,0.055426571255005205,24.918609619140625,15.233328819274902,barbell biceps curl_4.mp4,33
98.47457824511201,88.74901293317745,1.1365209817886353,5.028358459472656,3.1332578659057617,5.50573454675929,0.41590081405098006,0.10389251964164162,86.55377960205078,85.6157455444336,barbell biceps curl_4.mp4,36
89.72730180020179,96.26014920967036,0.24341487884521484,8.292214393615723,8.739437103271484,9.617134973912222,6.944610394109262,0.07025041070240608,81.4350814819336,87.52070617675781,barbell biceps curl_4.mp4,39
26.513781804039613,34.66914822032552,0.18079978227615356,10.69619369506836,3.032709836959839,11.353120516682763,4.033568738550222,0.26658959984551767,15.81760025024414,37.70185470581055,barbell biceps curl_4.mp4,42
30.66042600773759,29.04691313175991,0.8117415308952332,9.628870964050293,5.814939498901367,11.628287559020338,6.1903625208655075,0.0540473884527978,21.03154754638672,34.86185836791992,barbell biceps curl_4.mp4,45
17.325444055321018,14.075043718103315,1.260239601135254,15.575221061706543,2.888892412185669,19.419856731143206,4.255193147651233,0.20702865259110184,1.7502031326293945,16.96393394470215,barbell biceps curl_4.mp4,48
24.84930834913023,19.864231003233556,1.140802025794983,13.624495506286621,3.703524351119995,15.875520020033818,3.659981032512171,0.22297842747861726,11.22481632232666,23.56775665283203,barbell biceps curl_4.mp4,51
139.8202741874118,98.79767195465503,2.4722509384155273,13.029326438903809,6.393506050109863,17.321728105020554,5.797686215458749,0.3438350123785995,53.20905303955078,74.8088150024414,barbell biceps curl_5.mp4,0
105.86665939336442,104.18081954761661,2.983590602874756,13.168975830078125,8.32358169555664,19.462755619795985,8.205208973566972,0.016051988381364894,87.30231475830078,84.14275360107422,barbell biceps curl_5.mp4,3
55.277962884366154,101.5442274741147,3.6185054779052734,12.885141372680664,5.373287200927734,19.578878289449786,4.812592193346844,0.5900474222938501,42.392818450927734,73.08248138427734,barbell biceps curl_5.mp4,6
28.50439792402566,51.52099751069886,1.1137394905090332,7.773402214050293,11.516434669494629,11.743866694218594,9.914944941436785,0.5752323862103871,20.73099136352539,40.004554748535156,barbell biceps curl_5.mp4,9
30.826006181326207,4.5346209463853615,1.0180929899215698,14.172941207885742,3.143022060394287,17.967531198016683,4.806237891628208,1.4870429271508425,16.653066635131836,7.677652835845947,barbell biceps curl_5.mp4,12
27.07554679932077,0.7467722796189925,0.720227062702179,12.053390502929688,7.645436763763428,16.834266749652503,11.021980079541557,1.8926369469776854,15.022141456604004,6.898620128631592,barbell biceps curl_5.mp4,15
41.63973612051572,8.2958092396591,1.5497864484786987,14.672900199890137,7.691105842590332,18.72403069854848,8.626369247728324,1.3354786311175229,26.966833114624023,0.6047148108482361,barbell biceps curl_5.mp4,18
37.49013866677348,0.3471792054751945,0.051133640110492706,13.350297927856445,4.450784683227539,16.265501656279,7.526160329859748,1.9632976939171656,24.139829635620117,4.796788692474365,barbell biceps curl_5.mp4,21
44.80860943851415,8.06199794127044,0.5727002620697021,15.763374328613281,4.584107875823975,18.829227408454425,8.904371096233161,1.390058231534295,29.04523468017578,3.477879762649536,barbell biceps curl_5.mp4,24
140.30666459240786,55.52246013520275,1.289111852645874,11.111812591552734,3.3259613513946533,17.034674213002067,6.713466281040888,0.8658998458491409,50.805145263671875,58.84841537475586,barbell biceps curl_5.mp4,27
118.09809500197241,120.57617427516146,2.2223691940307617,5.890351295471191,0.5750342607498169,12.71406242164131,2.880723662230925,0.02076536595833596,67.79225158691406,58.848785400390625,barbell biceps curl_5.mp4,30
151.87049745365712,173.53337144432103,1.0425482988357544,5.722637176513672,6.081925868988037,11.143923669472288,9.456959577717475,0.13314453859462708,33.85213088989258,12.54855728149414,barbell biceps curl_5.mp4,33
159.11437153858947,173.27888431057832,0.8513624668121338,8.898889541625977,7.084843158721924,13.703870253916948,10.093211107865447,0.08522743781791034,29.784523010253906,0.36372610926628113,barbell biceps curl_5.mp4,36
177.00801018200912,170.5136335487107,1.161191463470459,6.9702301025390625,14.213441848754883,12.977604128208768,17.992280070039044,0.037375379349498326,9.962169647216797,4.727049827575684,barbell biceps curl_5.mp4,39
162.8615882746848,174.04408302043524,0.714586079120636,4.066714286804199,9.448990821838379,9.52844131339104,15.998254248421786,0.06638353520594123,21.205135345458984,3.493046998977661,barbell biceps curl_5.mp4,42
161.13483984259767,178.1224686595808,0.18402528762817383,1.757442593574524,6.682393550872803,7.380253932630952,12.133589846529333,0.10014598590069304,20.622604370117188,4.804856300354004,barbell biceps curl_5.mp4,45
169.4305151117037,175.35649201819388,0.009545533917844296,2.741255283355713,6.457637310028076,8.116579792849903,11.961957425203945,0.03437471125040151,13.310783386230469,1.8140994310379028,barbell biceps curl_5.mp4,48
170.70165873195143,176.92063019980677,0.2653859555721283,3.7638442516326904,6.34429407119751,9.240248060136903,11.449588751051552,0.03578005016287197,13.062198638916016,3.264949321746826,barbell biceps curl_5.mp4,51
172.55270609579355,178.95469888840316,0.16920123994350433,4.741028785705566,5.58624267578125,9.798036756410859,11.002564272902514,0.0364259341443884,12.188331604003906,4.540767192840576,barbell biceps curl_5.mp4,54
175.53546419443083,175.91941650770897,0.6041329503059387,7.735448360443115,4.327067852020264,13.349242818653163,11.011024853406411,0.0021849308936104698,12.200037956237793,8.407604217529297,barbell biceps curl_5.mp4,57
153.41956426852664,170.60338264310437,0.3452356159687042,3.163658618927002,4.715600967407227,8.908584210175897,9.90011815693094,0.10606544097177273,29.744098663330078,14.112194061279297,barbell biceps curl_5.mp4,60
142.21338967956305,159.39677754261817,1.4009101390838623,5.775879859924316,7.110792636871338,13.005328253565446,12.210541477248722,0.11394435420605016,43.56248474121094,27.71401596069336,barbell biceps curl_5.mp4,63
80.90862936191525,59.496043298836305,0.6004855036735535,9.498224258422852,11.328542709350586,15.923452163362963,16.649379937335663,0.30501244235391567,71.410400390625,48.16749954223633,barbell biceps curl_5.mp4,66
111.54366621722386,64.7587668047465,0.0847763866186142,16.374841690063477,13.625466346740723,23.51748221417265,20.989004587491692,0.5307345861375281,84.83116912841797,51.13330078125,barbell biceps curl_5.mp4,69
14.963277224670762,19.485537840205897,0.29156824946403503,10.911290168762207,11.814262390136719,15.861131603156938,16.106899785615315,0.262549559804508,4.051976680755615,7.671264171600342,barbell biceps curl_5.mp4,72
35.196874464697245,62.807255479215726,1.8428820371627808,29.174840927124023,35.85906982421875,37.99497756528332,41.04725700670323,0.5634534183471593,6.022036552429199,26.94818115234375,barbell biceps curl_5.mp4,75
15.792034971851464,23.613776455900915,1.6968152523040771,9.579660415649414,16.247859954833984,14.584991555737043,17.81638677011527,0.3969841604906439,6.212347984313965,7.365908622741699,barbell biceps curl_5.mp4,78
14.076658544778283,21.388367993111256,0.9534071683883667,8.86379337310791,11.15975284576416,13.588109569690959,13.894228333178912,0.4123335106218747,5.212851047515869,10.228604316711426,barbell biceps curl_5.mp4,81
139.8202741874118,98.79767195465503,2.4722509384155273,13.029326438903809,6.393506050109863,17.321728105020554,5.797686215458749,0.3438350123785995,53.20905303955078,74.8088150024414,barbell biceps curl_5.mp4,0
105.86665939336442,104.18081954761661,2.983590602874756,13.168975830078125,8.32358169555664,19.462755619795985,8.205208973566972,0.016051988381364894,87.30231475830078,84.14275360107422,barbell biceps curl_5.mp4,3
55.277962884366154,101.5442274741147,3.6185054779052734,12.885141372680664,5.373287200927734,19.578878289449786,4.812592193346844,0.5900474222938501,42.392818450927734,73.08248138427734,barbell biceps curl_5.mp4,6
28.50439792402566,51.52099751069886,1.1137394905090332,7.773402214050293,11.516434669494629,11.743866694218594,9.914944941436785,0.5752323862103871,20.73099136352539,40.004554748535156,barbell biceps curl_5.mp4,9
30.826006181326207,4.5346209463853615,1.0180929899215698,14.172941207885742,3.143022060394287,17.967531198016683,4.806237891628208,1.4870429271508425,16.653066635131836,7.677652835845947,barbell biceps curl_5.mp4,12
27.07554679932077,0.7467722796189925,0.720227062702179,12.053390502929688,7.645436763763428,16.834266749652503,11.021980079541557,1.8926369469776854,15.022141456604004,6.898620128631592,barbell biceps curl_5.mp4,15
41.63973612051572,8.2958092396591,1.5497864484786987,14.672900199890137,7.691105842590332,18.72403069854848,8.626369247728324,1.3354786311175229,26.966833114624023,0.6047148108482361,barbell biceps curl_5.mp4,18
37.49013866677348,0.3471792054751945,0.051133640110492706,13.350297927856445,4.450784683227539,16.265501656279,7.526160329859748,1.9632976939171656,24.139829635620117,4.796788692474365,barbell biceps curl_5.mp4,21
44.80860943851415,8.06199794127044,0.5727002620697021,15.763374328613281,4.584107875823975,18.829227408454425,8.904371096233161,1.390058231534295,29.04523468017578,3.477879762649536,barbell biceps curl_5.mp4,24
140.30666459240786,55.52246013520275,1.289111852645874,11.111812591552734,3.3259613513946533,17.034674213002067,6.713466281040888,0.8658998458491409,50.805145263671875,58.84841537475586,barbell biceps curl_5.mp4,27
118.09809500197241,120.57617427516146,2.2223691940307617,5.890351295471191,0.5750342607498169,12.71406242164131,2.880723662230925,0.02076536595833596,67.79225158691406,58.848785400390625,barbell biceps curl_5.mp4,30
151.87049745365712,173.53337144432103,1.0425482988357544,5.722637176513672,6.081925868988037,11.143923669472288,9.456959577717475,0.13314453859462708,33.85213088989258,12.54855728149414,barbell biceps curl_5.mp4,33
159.11437153858947,173.27888431057832,0.8513624668121338,8.898889541625977,7.084843158721924,13.703870253916948,10.093211107865447,0.08522743781791034,29.784523010253906,0.36372610926628113,barbell biceps curl_5.mp4,36
177.00801018200912,170.5136335487107,1.161191463470459,6.9702301025390625,14.213441848754883,12.977604128208768,17.992280070039044,0.037375379349498326,9.962169647216797,4.727049827575684,barbell biceps curl_5.mp4,39
162.8615882746848,174.04408302043524,0.714586079120636,4.066714286804199,9.448990821838379,9.52844131339104,15.998254248421786,0.06638353520594123,21.205135345458984,3.493046998977661,barbell biceps curl_5.mp4,42
161.13483984259767,178.1224686595808,0.18402528762817383,1.757442593574524,6.682393550872803,7.380253932630952,12.133589846529333,0.10014598590069304,20.622604370117188,4.804856300354004,barbell biceps curl_5.mp4,45
169.4305151117037,175.35649201819388,0.009545533917844296,2.741255283355713,6.457637310028076,8.116579792849903,11.961957425203945,0.03437471125040151,13.310783386230469,1.8140994310379028,barbell biceps curl_5.mp4,48
170.70165873195143,176.92063019980677,0.2653859555721283,3.7638442516326904,6.34429407119751,9.240248060136903,11.449588751051552,0.03578005016287197,13.062198638916016,3.264949321746826,barbell biceps curl_5.mp4,51
172.55270609579355,178.95469888840316,0.16920123994350433,4.741028785705566,5.58624267578125,9.798036756410859,11.002564272902514,0.0364259341443884,12.188331604003906,4.540767192840576,barbell biceps curl_5.mp4,54
175.53546419443083,175.91941650770897,0.6041329503059387,7.735448360443115,4.327067852020264,13.349242818653163,11.011024853406411,0.0021849308936104698,12.200037956237793,8.407604217529297,barbell biceps curl_5.mp4,57
153.41956426852664,170.60338264310437,0.3452356159687042,3.163658618927002,4.715600967407227,8.908584210175897,9.90011815693094,0.10606544097177273,29.744098663330078,14.112194061279297,barbell biceps curl_5.mp4,60
142.21338967956305,159.39677754261817,1.4009101390838623,5.775879859924316,7.110792636871338,13.005328253565446,12.210541477248722,0.11394435420605016,43.56248474121094,27.71401596069336,barbell biceps curl_5.mp4,63
80.90862936191525,59.496043298836305,0.6004855036735535,9.498224258422852,11.328542709350586,15.923452163362963,16.649379937335663,0.30501244235391567,71.410400390625,48.16749954223633,barbell biceps curl_5.mp4,66
111.54366621722386,64.7587668047465,0.0847763866186142,16.374841690063477,13.625466346740723,23.51748221417265,20.989004587491692,0.5307345861375281,84.83116912841797,51.13330078125,barbell biceps curl_5.mp4,69
14.963277224670762,19.485537840205897,0.29156824946403503,10.911290168762207,11.814262390136719,15.861131603156938,16.106899785615315,0.262549559804508,4.051976680755615,7.671264171600342,barbell biceps curl_5.mp4,72
35.196874464697245,62.807255479215726,1.8428820371627808,29.174840927124023,35.85906982421875,37.99497756528332,41.04725700670323,0.5634534183471593,6.022036552429199,26.94818115234375,barbell biceps curl_5.mp4,75
15.792034971851464,23.613776455900915,1.6968152523040771,9.579660415649414,16.247859954833984,14.584991555737043,17.81638677011527,0.3969841604906439,6.212347984313965,7.365908622741699,barbell biceps curl_5.mp4,78
14.076658544778283,21.388367993111256,0.9534071683883667,8.86379337310791,11.15975284576416,13.588109569690959,13.894228333178912,0.4123335106218747,5.212851047515869,10.228604316711426,barbell biceps curl_5.mp4,81
177.08328222324508,178.76805888272017,0.48898303508758545,5.3162150382995605,6.3853960037231445,10.500074346219742,10.667857718476382,0.009468991485258439,2.3994390964508057,7.617542266845703,barbell biceps curl_6.mp4,0
178.34909498375157,180.0,0.7776421308517456,5.027864456176758,7.360701560974121,10.193041542975045,11.001723229976891,0.009213948294320576,3.377023458480835,7.353863716125488,barbell biceps curl_6.mp4,3
175.1661248767094,178.77442908163198,0.6632530689239502,6.8771209716796875,8.034700393676758,12.52448030082604,12.27895990828811,0.02038932337404473,2.0432982444763184,6.809123516082764,barbell biceps curl_6.mp4,6
179.3902644255785,176.77274673060265,1.3094284534454346,5.5054545402526855,10.159008026123047,13.266753171198683,15.156763289815547,0.014698425232192553,6.115203380584717,6.931718826293945,barbell biceps curl_6.mp4,9
179.720935463584,178.56714203388873,1.1944571733474731,6.638792991638184,8.183514595031738,13.906567520923964,13.068927244749938,0.0064405906987145475,6.9185686111450195,9.616180419921875,barbell biceps curl_6.mp4,12
179.50861533923322,175.18191563988714,1.7222410440444946,7.86166524887085,9.098896026611328,14.609315274859556,12.368722645339016,0.024397040921291357,8.352250099182129,13.916999816894531,barbell biceps curl_6.mp4,15
25.96246278717848,72.59411791836129,0.7869970798492432,10.42011833190918,9.65353012084961,16.39036626512027,13.776279269762066,0.9462920648699349,36.3825798034668,62.94058609008789,barbell biceps curl_6.mp4,18
155.90807073363828,158.89371164083707,0.895651638507843,6.9427103996276855,6.525396347045898,13.48814805351073,11.14514281213753,0.018968386294885644,31.034643173217773,27.631702423095703,barbell biceps curl_6.mp4,21
22.315909180111756,48.1457287399596,0.35082605481147766,13.771825790405273,12.776897430419922,19.140818015906923,17.30885393105493,0.733159782324336,8.544083595275879,35.36882400512695,barbell biceps curl_6.mp4,24
43.46796823408763,28.43790362508862,0.4777590036392212,9.595060348510742,10.358458518981934,16.401170363825155,16.058513309539805,0.4180483240210084,33.872901916503906,18.079439163208008,barbell biceps curl_6.mp4,27
13.88990423356311,15.033297245069688,0.4171552360057831,10.520590782165527,12.109997749328613,15.833468129496783,16.6713691526953,0.07906406988529727,3.369319438934326,2.9233105182647705,barbell biceps curl_6.mp4,30
14.159375754755207,11.726723257945098,0.34692472219467163,14.389976501464844,11.786526679992676,19.67583041982673,16.65346782474952,0.1879504899997944,0.23057343065738678,0.05981491133570671,barbell biceps curl_6.mp4,33
14.327243375961631,13.315580621220889,0.5062215328216553,13.568649291992188,10.352620124816895,18.34145139205774,16.178314486820252,0.07319532583529494,0.7586017847061157,2.9629733562469482,barbell biceps curl_6.mp4,36
14.395878459651396,13.389858110720903,0.5493241548538208,12.50920295715332,11.779382705688477,17.06011594774628,17.40202248179384,0.07241271768215092,1.8866599798202515,1.6104882955551147,barbell biceps curl_6.mp4,39
16.458028838656006,12.284049277112205,0.5292572379112244,12.276202201843262,12.029374122619629,16.791561472370216,17.590970378571686,0.29044382558085885,4.181819438934326,0.25468340516090393,barbell biceps curl_6.mp4,42
17.8020384961661,27.241381162085055,0.07197824120521545,8.81545352935791,12.750017166137695,14.290044860080487,18.385786874458656,0.4191219377896338,8.986570358276367,14.49136734008789,barbell biceps curl_6.mp4,45
16.152886605546414,19.124021402528143,0.38270992040634155,13.87649154663086,9.68609619140625,19.14866962831143,14.03369850015222,0.16844644073123782,2.276381015777588,9.437923431396484,barbell biceps curl_6.mp4,48
102.67189757136919,31.792606499355767,0.2205173373222351,12.14319133758545,13.17636489868164,18.651157951824015,20.031320336207454,1.0542453796539895,89.47128295898438,18.616249084472656,barbell biceps curl_6.mp4,51
130.82849725214177,117.79950620127067,0.30402448773384094,8.073785781860352,7.799715518951416,13.473806334421244,12.464400994339623,0.1048071083699343,57.24528503417969,70.00019836425781,barbell biceps curl_6.mp4,54
176.79404891886114,139.07506403125697,0.28494569659233093,11.298846244812012,9.252005577087402,16.79397287043418,14.178879819171518,0.2388266743482496,8.092874526977539,50.176937103271484,barbell biceps curl_6.mp4,57
175.40986642798865,173.88114915500256,1.0911680459976196,10.220292091369629,9.867548942565918,16.119352552906946,13.44297734300394,0.00875325848524646,14.810416221618652,15.986405372619629,barbell biceps curl_6.mp4,60
178.87290910242157,178.84174153218433,0.9512208700180054,8.147191047668457,9.851752281188965,13.922160950820134,13.675962735960667,0.0001742594002339631,7.01999568939209,8.69336223602295,barbell biceps curl_6.mp4,63
177.7203264443889,177.40112746581016,1.402604103088379,7.760313510894775,9.15270709991455,14.071939932761625,12.700415671804837,0.0017976890726486086,5.480709075927734,6.553832530975342,barbell biceps curl_6.mp4,66
177.2728632988824,178.2117307230836,0.4300418496131897,7.189145088195801,7.1834821701049805,12.487276012142926,11.55621118157497,0.005282183475682084,4.461986064910889,5.39520263671875,barbell biceps curl_6.mp4,69
178.7219056674759,179.28317543849215,0.3433341979980469,6.389471530914307,6.079220294952393,11.474954155188094,10.515111817735383,0.0031355408101043604,5.111350059509277,6.796107769012451,barbell biceps curl_6.mp4,72
179.23357216966093,179.02541930137536,0.8656074404716492,5.294635772705078,5.465847015380859,10.819963695196531,9.33245654964114,0.001162024531085046,4.528287410736084,6.440525054931641,barbell biceps curl_6.mp4,75
178.79309275050798,179.32943609092717,0.7768186330795288,4.9658966064453125,5.6322808265686035,10.26895084790613,9.455920277043182,0.0029953063391701274,3.758943557739258,6.303079605102539,barbell biceps curl_6.mp4,78
177.08328222324508,178.76805888272017,0.48898303508758545,5.3162150382995605,6.3853960037231445,10.500074346219742,10.667857718476382,0.009468991485258439,2.3994390964508057,7.617542266845703,barbell biceps curl_6.mp4,0
178.34909498375157,180.0,0.7776421308517456,5.027864456176758,7.360701560974121,10.193041542975045,11.001723229976891,0.009213948294320576,3.377023458480835,7.353863716125488,barbell biceps curl_6.mp4,3
175.1661248767094,178.77442908163198,0.6632530689239502,6.8771209716796875,8.034700393676758,12.52448030082604,12.27895990828811,0.02038932337404473,2.0432982444763184,6.809123516082764,barbell biceps curl_6.mp4,6
179.3902644255785,176.77274673060265,1.3094284534454346,5.5054545402526855,10.159008026123047,13.266753171198683,15.156763289815547,0.014698425232192553,6.115203380584717,6.931718826293945,barbell biceps curl_6.mp4,9
179.720935463584,178.56714203388873,1.1944571733474731,6.638792991638184,8.183514595031738,13.906567520923964,13.068927244749938,0.0064405906987145475,6.9185686111450195,9.616180419921875,barbell biceps curl_6.mp4,12
179.50861533923322,175.18191563988714,1.7222410440444946,7.86166524887085,9.098896026611328,14.609315274859556,12.368722645339016,0.024397040921291357,8.352250099182129,13.916999816894531,barbell biceps curl_6.mp4,15
25.96246278717848,72.59411791836129,0.7869970798492432,10.42011833190918,9.65353012084961,16.39036626512027,13.776279269762066,0.9462920648699349,36.3825798034668,62.94058609008789,barbell biceps curl_6.mp4,18
155.90807073363828,158.89371164083707,0.895651638507843,6.9427103996276855,6.525396347045898,13.48814805351073,11.14514281213753,0.018968386294885644,31.034643173217773,27.631702423095703,barbell biceps curl_6.mp4,21
22.315909180111756,48.1457287399596,0.35082605481147766,13.771825790405273,12.776897430419922,19.140818015906923,17.30885393105493,0.733159782324336,8.544083595275879,35.36882400512695,barbell biceps curl_6.mp4,24
43.46796823408763,28.43790362508862,0.4777590036392212,9.595060348510742,10.358458518981934,16.401170363825155,16.058513309539805,0.4180483240210084,33.872901916503906,18.079439163208008,barbell biceps curl_6.mp4,27
13.88990423356311,15.033297245069688,0.4171552360057831,10.520590782165527,12.109997749328613,15.833468129496783,16.6713691526953,0.07906406988529727,3.369319438934326,2.9233105182647705,barbell biceps curl_6.mp4,30
14.159375754755207,11.726723257945098,0.34692472219467163,14.389976501464844,11.786526679992676,19.67583041982673,16.65346782474952,0.1879504899997944,0.23057343065738678,0.05981491133570671,barbell biceps curl_6.mp4,33
14.327243375961631,13.315580621220889,0.5062215328216553,13.568649291992188,10.352620124816895,18.34145139205774,16.178314486820252,0.07319532583529494,0.7586017847061157,2.9629733562469482,barbell biceps curl_6.mp4,36
14.395878459651396,13.389858110720903,0.5493241548538208,12.50920295715332,11.779382705688477,17.06011594774628,17.40202248179384,0.07241271768215092,1.8866599798202515,1.6104882955551147,barbell biceps curl_6.mp4,39
16.458028838656006,12.284049277112205,0.5292572379112244,12.276202201843262,12.029374122619629,16.791561472370216,17.590970378571686,0.29044382558085885,4.181819438934326,0.25468340516090393,barbell biceps curl_6.mp4,42
17.8020384961661,27.241381162085055,0.07197824120521545,8.81545352935791,12.750017166137695,14.290044860080487,18.385786874458656,0.4191219377896338,8.986570358276367,14.49136734008789,barbell biceps curl_6.mp4,45
16.152886605546414,19.124021402528143,0.38270992040634155,13.87649154663086,9.68609619140625,19.14866962831143,14.03369850015222,0.16844644073123782,2.276381015777588,9.437923431396484,barbell biceps curl_6.mp4,48
102.67189757136919,31.792606499355767,0.2205173373222351,12.14319133758545,13.17636489868164,18.651157951824015,20.031320336207454,1.0542453796539895,89.47128295898438,18.616249084472656,barbell biceps curl_6.mp4,51
130.82849725214177,117.79950620127067,0.30402448773384094,8.073785781860352,7.799715518951416,13.473806334421244,12.464400994339623,0.1048071083699343,57.24528503417969,70.00019836425781,barbell biceps curl_6.mp4,54
176.79404891886114,139.07506403125697,0.28494569659233093,11.298846244812012,9.252005577087402,16.79397287043418,14.178879819171518,0.2388266743482496,8.092874526977539,50.176937103271484,barbell biceps curl_6.mp4,57
175.40986642798865,173.88114915500256,1.0911680459976196,10.220292091369629,9.867548942565918,16.119352552906946,13.44297734300394,0.00875325848524646,14.810416221618652,15.986405372619629,barbell biceps curl_6.mp4,60
178.87290910242157,178.84174153218433,0.9512208700180054,8.147191047668457,9.851752281188965,13.922160950820134,13.675962735960667,0.0001742594002339631,7.01999568939209,8.69336223602295,barbell biceps curl_6.mp4,63
177.7203264443889,177.40112746581016,1.402604103088379,7.760313510894775,9.15270709991455,14.071939932761625,12.700415671804837,0.0017976890726486086,5.480709075927734,6.553832530975342,barbell biceps curl_6.mp4,66
177.2728632988824,178.2117307230836,0.4300418496131897,7.189145088195801,7.1834821701049805,12.487276012142926,11.55621118157497,0.005282183475682084,4.461986064910889,5.39520263671875,barbell biceps curl_6.mp4,69
178.7219056674759,179.28317543849215,0.3433341979980469,6.389471530914307,6.079220294952393,11.474954155188094,10.515111817735383,0.0031355408101043604,5.111350059509277,6.796107769012451,barbell biceps curl_6.mp4,72
179.23357216966093,179.02541930137536,0.8656074404716492,5.294635772705078,5.465847015380859,10.819963695196531,9.33245654964114,0.001162024531085046,4.528287410736084,6.440525054931641,barbell biceps curl_6.mp4,75
178.79309275050798,179.32943609092717,0.7768186330795288,4.9658966064453125,5.6322808265686035,10.26895084790613,9.455920277043182,0.0029953063391701274,3.758943557739258,6.303079605102539,barbell biceps curl_6.mp4,78
102.97368228374614,138.87493082629808,0.18349938094615936,6.041652679443359,7.7144951820373535,10.925569318044966,12.139064044152462,0.2968902577598525,83.06796264648438,48.83956527709961,barbell biceps curl_7.mp4,0
26.991858987471893,25.448001761611877,0.4015255570411682,5.352258682250977,7.48442268371582,10.134323722278337,11.466591066247085,0.05888105741726213,21.639598846435547,17.96356964111328,barbell biceps curl_7.mp4,3
17.870062913898266,17.025567275429697,0.029833538457751274,10.481677055358887,9.488615036010742,14.82660563618169,13.856689843243743,0.0484012258203515,7.388373851776123,7.5369553565979,barbell biceps curl_7.mp4,6
12.992331739402271,15.33042543152355,0.12114270776510239,9.583498001098633,10.149847030639648,13.705354975115712,14.603058584544092,0.16510353691987328,3.4088549613952637,5.180568218231201,barbell biceps curl_7.mp4,9
13.472091357402528,14.294831255228786,0.4567538797855377,11.432476997375488,12.052371978759766,15.527939635100948,15.278814254046292,0.059260430786952936,2.0396077632904053,2.2424426078796387,barbell biceps curl_7.mp4,12
14.817968506514585,14.627068917742857,0.07836659252643585,11.273550033569336,14.258305549621582,15.226967310608309,18.138672627242705,0.012966503388748359,3.5444419384002686,0.3687593936920166,barbell biceps curl_7.mp4,15
14.874933511959437,15.054546243188758,0.33318936824798584,12.424219131469727,14.537158966064453,16.761958978259763,18.361203745024397,0.012002395811669654,2.450700283050537,0.5173748135566711,barbell biceps curl_7.mp4,18
17.9422393737647,14.766939732186628,0.13685829937458038,14.549888610839844,13.463827133178711,18.505453838137992,17.294408203639048,0.19415342899879356,3.3923263549804688,1.3031160831451416,barbell biceps curl_7.mp4,21
12.684779486861727,13.832441960174684,0.42585134506225586,15.233648300170898,13.694941520690918,18.503936651347107,18.066010632329395,0.08655978346790334,2.548858404159546,0.1375129520893097,barbell biceps curl_7.mp4,24
13.548981511925446,11.64834817039425,0.14662468433380127,14.24407958984375,13.493907928466797,17.905908629591693,17.59445045780068,0.15085990186212625,0.6951172947883606,1.8455581665039062,barbell biceps curl_7.mp4,27
11.991267882373355,12.603652061819293,0.4804154634475708,15.648066520690918,15.908801078796387,18.773034032053573,20.09589654987833,0.04979761518520689,3.656789541244507,3.3051578998565674,barbell biceps curl_7.mp4,30
11.587638552594195,12.546147076698075,0.22897204756736755,14.193445205688477,15.3009614944458,17.717003323264642,19.382629931972055,0.07943291937925355,2.605794668197632,2.7548110485076904,barbell biceps curl_7.mp4,33
13.936971629287006,12.351332384545726,0.6828237771987915,15.334458351135254,14.338300704956055,18.426011319573632,18.98309787219592,0.12063457908177927,1.3974977731704712,1.986975073814392,barbell biceps curl_7.mp4,36
13.64768082379688,12.792912713985478,0.6424883604049683,14.524665832519531,13.952836036682129,17.836745475187318,18.662260575288563,0.0646557429650722,0.8769945502281189,1.1599372625350952,barbell biceps curl_7.mp4,39
16.36877361552627,11.763984200088814,0.3457064926624298,14.805912971496582,14.193540573120117,18.48094895718768,18.76768494430121,0.32736139454352164,1.5628573894500732,2.4295547008514404,barbell biceps curl_7.mp4,42
12.273097335661584,15.837360368287282,0.14377520978450775,13.022656440734863,13.897061347961426,16.814621473468435,18.12532861004056,0.25358982554915865,0.7495341300964355,1.940293550491333,barbell biceps curl_7.mp4,45
12.666990882172634,15.771718379007883,0.4157636761665344,11.967735290527344,13.113418579101562,16.11865141076379,16.580095047751715,0.21834517652130384,0.6992443799972534,2.6583051681518555,barbell biceps curl_7.mp4,48
12.899496764976275,15.743675265529653,0.4762776494026184,11.21771240234375,9.683714866638184,15.395020292754104,12.981876673980757,0.19859382176835952,1.6817734241485596,6.059933662414551,barbell biceps curl_7.mp4,51
12.458576843433091,13.807050511006656,0.41721493005752563,9.73630428314209,10.064714431762695,14.455496323301347,14.053907857212371,0.1026797227704998,2.722291946411133,3.7423224449157715,barbell biceps curl_7.mp4,54
20.47667738708331,16.89074233137923,0.4489518404006958,7.543173313140869,6.933142185211182,12.519959775953946,11.05670477898744,0.19192842763678097,12.933497428894043,9.957602500915527,barbell biceps curl_7.mp4,57
35.182284492728236,36.70262951704204,0.263996422290802,5.552672863006592,10.066341400146484,10.426188322512191,14.451391531245614,0.04229941832043275,29.629621505737305,26.636289596557617,barbell biceps curl_7.mp4,60
130.54975256909324,158.48795017933443,0.5554583072662354,11.155945777893066,11.558526992797852,16.482854225353254,15.803976969096865,0.19331870786807356,60.60618591308594,33.070579528808594,barbell biceps curl_7.mp4,63
163.40814459665475,174.26981311925914,0.7932648062705994,8.65446662902832,9.799081802368164,14.116858375348365,13.688668009197244,0.0643315222354089,25.246315002441406,15.529260635375977,barbell biceps curl_7.mp4,66
179.3928371851233,178.32637316433454,1.2508277893066406,9.469291687011719,10.573134422302246,15.425864273176018,14.012670781800235,0.005962576176699803,10.077168464660645,8.899404525756836,barbell biceps curl_7.mp4,69
178.18608746111033,175.20269673852422,1.5064177513122559,8.338294982910156,9.932290077209473,14.570839805908694,13.264714243694339,0.016884467509872905,6.524353981018066,5.134954929351807,barbell biceps curl_7.mp4,72
177.91024711540862,176.72302197364237,0.6123582720756531,7.859991073608398,8.74420166015625,12.970120040625133,12.83539556788616,0.006695509108978309,5.770378589630127,5.467151641845703,barbell biceps curl_7.mp4,75
177.56932547845025,175.73698956077058,0.44067737460136414,7.391805171966553,7.780299663543701,12.527015502197527,12.168796653258655,0.01037250589464421,4.961177825927734,3.5172863006591797,barbell biceps curl_7.mp4,78
178.15973781579572,175.38225379116096,0.33147022128105164,5.784396171569824,8.08040714263916,11.44136231617671,13.197271045761623,0.01571232889202351,3.944232225418091,3.462674379348755,barbell biceps curl_7.mp4,81
178.08122722024922,176.36282681657036,0.33080172538757324,5.2215657234191895,7.1741485595703125,10.902337206977318,12.434412819396025,0.009696313898386624,3.3028736114501953,3.536923408508301,barbell biceps curl_7.mp4,84
177.45170466064906,174.567577708503,0.26424551010131836,5.817960262298584,7.850617408752441,11.098278910412422,12.787127781656809,0.016386187328917765,3.269758701324463,2.4182050228118896,barbell biceps curl_7.mp4,87
177.1525614407432,174.63852635843463,0.5694164633750916,5.188802242279053,7.419539451599121,10.963217771468065,12.209717969908704,0.014292773009324897,2.3413290977478027,2.0580286979675293,barbell biceps curl_7.mp4,90
177.5321653950662,174.29311928702774,0.615344226360321,4.943988800048828,7.547949314117432,10.7192435209674,12.256249178621335,0.01841281027294683,2.4761481285095215,1.8410491943359375,barbell biceps curl_7.mp4,93
176.6230996955364,174.60253641222673,0.44784751534461975,5.451218605041504,7.342822551727295,11.387003807867512,12.550705467594288,0.011505784746815774,2.074263095855713,1.945312738418579,barbell biceps curl_7.mp4,96
176.18114761970523,173.38944680795757,0.5705289244651794,5.5574541091918945,7.835941791534424,11.55847826798549,12.82989092291665,0.015972171894597677,1.7385525703430176,1.2253597974777222,barbell biceps curl_7.mp4,99
177.4976673367817,173.57721465586363,0.6512362957000732,5.756831645965576,8.439895629882812,11.402388160750082,12.841297412604517,0.022333997001814505,3.254450798034668,2.017061948776245,barbell biceps curl_7.mp4,102
179.23536142490568,175.21123890365743,0.42971059679985046,5.840240955352783,8.216344833374023,11.466127228156576,13.069908891429593,0.022706509344527406,5.075822353363037,3.427539110183716,barbell biceps curl_7.mp4,105
177.89299231294575,175.76450556477502,0.9406306743621826,6.863728046417236,9.352250099182129,12.416255456062569,13.268122205291894,0.012036994894459536,4.756659030914307,5.116754531860352,barbell biceps curl_7.mp4,108
178.57110816297293,176.39983702172674,1.0177582502365112,8.503348350524902,10.252908706665039,14.295356833050114,14.097550674620797,0.012233514718318319,7.074490547180176,6.652670383453369,barbell biceps curl_7.mp4,111
178.11508245828082,179.94065297455344,0.47779592871665955,10.007599830627441,9.751900672912598,15.25187375924224,14.093329796541564,0.010197130421976269,8.122605323791504,9.704133987426758,barbell biceps curl_7.mp4,114
169.01310386886215,171.40709694586013,0.48666515946388245,9.086202621459961,10.986824989318848,14.376745236105332,15.360609565672947,0.01406492958566196,20.073108673095703,19.579750061035156,barbell biceps curl_7.mp4,117
99.56962547614972,115.67584060883942,0.24670666456222534,8.597954750061035,12.338014602661133,13.809153905886678,16.95668656748301,0.14965439621692378,89.02832794189453,76.66217041015625,barbell biceps curl_7.mp4,120
20.832148254492044,26.237385867943622,0.0933750718832016,6.958520412445068,6.509570598602295,12.020409525097493,11.43233750528307,0.2296703255822188,13.873642921447754,19.727815628051758,barbell biceps curl_7.mp4,123
18.24972055704056,20.719590065889435,0.06834166496992111,8.508437156677246,9.765861511230469,12.882398032139001,14.441056084793432,0.12675972293929025,9.741278648376465,10.953726768493652,barbell biceps curl_7.mp4,126
14.777534166982216,16.56681752045829,0.2596571445465088,9.779702186584473,10.37047290802002,14.241316900572743,14.443822039299313,0.11416942812015661,4.997835159301758,6.196345806121826,barbell biceps curl_7.mp4,129
14.209700668671104,18.09093718169493,0.5389297604560852,10.712549209594727,12.595224380493164,15.051061575359968,15.947558262190975,0.24031949653773438,3.49714994430542,5.495709419250488,barbell biceps curl_7.mp4,132
12.670961597332749,17.22210718097364,0.289803147315979,12.051271438598633,11.797182083129883,15.327092461891448,15.709492452497228,0.304495039796228,0.6196764707565308,5.424915313720703,barbell biceps curl_7.mp4,135
102.97368228374614,138.87493082629808,0.18349938094615936,6.041652679443359,7.7144951820373535,10.925569318044966,12.139064044152462,0.2968902577598525,83.06796264648438,48.83956527709961,barbell biceps curl_7.mp4,0
26.991858987471893,25.448001761611877,0.4015255570411682,5.352258682250977,7.48442268371582,10.134323722278337,11.466591066247085,0.05888105741726213,21.639598846435547,17.96356964111328,barbell biceps curl_7.mp4,3
17.870062913898266,17.025567275429697,0.029833538457751274,10.481677055358887,9.488615036010742,14.82660563618169,13.856689843243743,0.0484012258203515,7.388373851776123,7.5369553565979,barbell biceps curl_7.mp4,6
12.992331739402271,15.33042543152355,0.12114270776510239,9.583498001098633,10.149847030639648,13.705354975115712,14.603058584544092,0.16510353691987328,3.4088549613952637,5.180568218231201,barbell biceps curl_7.mp4,9
13.472091357402528,14.294831255228786,0.4567538797855377,11.432476997375488,12.052371978759766,15.527939635100948,15.278814254046292,0.059260430786952936,2.0396077632904053,2.2424426078796387,barbell biceps curl_7.mp4,12
14.817968506514585,14.627068917742857,0.07836659252643585,11.273550033569336,14.258305549621582,15.226967310608309,18.138672627242705,0.012966503388748359,3.5444419384002686,0.3687593936920166,barbell biceps curl_7.mp4,15
14.874933511959437,15.054546243188758,0.33318936824798584,12.424219131469727,14.537158966064453,16.761958978259763,18.361203745024397,0.012002395811669654,2.450700283050537,0.5173748135566711,barbell biceps curl_7.mp4,18
17.9422393737647,14.766939732186628,0.13685829937458038,14.549888610839844,13.463827133178711,18.505453838137992,17.294408203639048,0.19415342899879356,3.3923263549804688,1.3031160831451416,barbell biceps curl_7.mp4,21
12.684779486861727,13.832441960174684,0.42585134506225586,15.233648300170898,13.694941520690918,18.503936651347107,18.066010632329395,0.08655978346790334,2.548858404159546,0.1375129520893097,barbell biceps curl_7.mp4,24
13.548981511925446,11.64834817039425,0.14662468433380127,14.24407958984375,13.493907928466797,17.905908629591693,17.59445045780068,0.15085990186212625,0.6951172947883606,1.8455581665039062,barbell biceps curl_7.mp4,27
11.991267882373355,12.603652061819293,0.4804154634475708,15.648066520690918,15.908801078796387,18.773034032053573,20.09589654987833,0.04979761518520689,3.656789541244507,3.3051578998565674,barbell biceps curl_7.mp4,30
11.587638552594195,12.546147076698075,0.22897204756736755,14.193445205688477,15.3009614944458,17.717003323264642,19.382629931972055,0.07943291937925355,2.605794668197632,2.7548110485076904,barbell biceps curl_7.mp4,33
13.936971629287006,12.351332384545726,0.6828237771987915,15.334458351135254,14.338300704956055,18.426011319573632,18.98309787219592,0.12063457908177927,1.3974977731704712,1.986975073814392,barbell biceps curl_7.mp4,36
13.64768082379688,12.792912713985478,0.6424883604049683,14.524665832519531,13.952836036682129,17.836745475187318,18.662260575288563,0.0646557429650722,0.8769945502281189,1.1599372625350952,barbell biceps curl_7.mp4,39
16.36877361552627,11.763984200088814,0.3457064926624298,14.805912971496582,14.193540573120117,18.48094895718768,18.76768494430121,0.32736139454352164,1.5628573894500732,2.4295547008514404,barbell biceps curl_7.mp4,42
12.273097335661584,15.837360368287282,0.14377520978450775,13.022656440734863,13.897061347961426,16.814621473468435,18.12532861004056,0.25358982554915865,0.7495341300964355,1.940293550491333,barbell biceps curl_7.mp4,45
12.666990882172634,15.771718379007883,0.4157636761665344,11.967735290527344,13.113418579101562,16.11865141076379,16.580095047751715,0.21834517652130384,0.6992443799972534,2.6583051681518555,barbell biceps curl_7.mp4,48
12.899496764976275,15.743675265529653,0.4762776494026184,11.21771240234375,9.683714866638184,15.395020292754104,12.981876673980757,0.19859382176835952,1.6817734241485596,6.059933662414551,barbell biceps curl_7.mp4,51
12.458576843433091,13.807050511006656,0.41721493005752563,9.73630428314209,10.064714431762695,14.455496323301347,14.053907857212371,0.1026797227704998,2.722291946411133,3.7423224449157715,barbell biceps curl_7.mp4,54
20.47667738708331,16.89074233137923,0.4489518404006958,7.543173313140869,6.933142185211182,12.519959775953946,11.05670477898744,0.19192842763678097,12.933497428894043,9.957602500915527,barbell biceps curl_7.mp4,57
35.182284492728236,36.70262951704204,0.263996422290802,5.552672863006592,10.066341400146484,10.426188322512191,14.451391531245614,0.04229941832043275,29.629621505737305,26.636289596557617,barbell biceps curl_7.mp4,60
130.54975256909324,158.48795017933443,0.5554583072662354,11.155945777893066,11.558526992797852,16.482854225353254,15.803976969096865,0.19331870786807356,60.60618591308594,33.070579528808594,barbell biceps curl_7.mp4,63
163.40814459665475,174.26981311925914,0.7932648062705994,8.65446662902832,9.799081802368164,14.116858375348365,13.688668009197244,0.0643315222354089,25.246315002441406,15.529260635375977,barbell biceps curl_7.mp4,66
179.3928371851233,178.32637316433454,1.2508277893066406,9.469291687011719,10.573134422302246,15.425864273176018,14.012670781800235,0.005962576176699803,10.077168464660645,8.899404525756836,barbell biceps curl_7.mp4,69
178.18608746111033,175.20269673852422,1.5064177513122559,8.338294982910156,9.932290077209473,14.570839805908694,13.264714243694339,0.016884467509872905,6.524353981018066,5.134954929351807,barbell biceps curl_7.mp4,72
177.91024711540862,176.72302197364237,0.6123582720756531,7.859991073608398,8.74420166015625,12.970120040625133,12.83539556788616,0.006695509108978309,5.770378589630127,5.467151641845703,barbell biceps curl_7.mp4,75
177.56932547845025,175.73698956077058,0.44067737460136414,7.391805171966553,7.780299663543701,12.527015502197527,12.168796653258655,0.01037250589464421,4.961177825927734,3.5172863006591797,barbell biceps curl_7.mp4,78
178.15973781579572,175.38225379116096,0.33147022128105164,5.784396171569824,8.08040714263916,11.44136231617671,13.197271045761623,0.01571232889202351,3.944232225418091,3.462674379348755,barbell biceps curl_7.mp4,81
178.08122722024922,176.36282681657036,0.33080172538757324,5.2215657234191895,7.1741485595703125,10.902337206977318,12.434412819396025,0.009696313898386624,3.3028736114501953,3.536923408508301,barbell biceps curl_7.mp4,84
177.45170466064906,174.567577708503,0.26424551010131836,5.817960262298584,7.850617408752441,11.098278910412422,12.787127781656809,0.016386187328917765,3.269758701324463,2.4182050228118896,barbell biceps curl_7.mp4,87
177.1525614407432,174.63852635843463,0.5694164633750916,5.188802242279053,7.419539451599121,10.963217771468065,12.209717969908704,0.014292773009324897,2.3413290977478027,2.0580286979675293,barbell biceps curl_7.mp4,90
177.5321653950662,174.29311928702774,0.615344226360321,4.943988800048828,7.547949314117432,10.7192435209674,12.256249178621335,0.01841281027294683,2.4761481285095215,1.8410491943359375,barbell biceps curl_7.mp4,93
176.6230996955364,174.60253641222673,0.44784751534461975,5.451218605041504,7.342822551727295,11.387003807867512,12.550705467594288,0.011505784746815774,2.074263095855713,1.945312738418579,barbell biceps curl_7.mp4,96
176.18114761970523,173.38944680795757,0.5705289244651794,5.5574541091918945,7.835941791534424,11.55847826798549,12.82989092291665,0.015972171894597677,1.7385525703430176,1.2253597974777222,barbell biceps curl_7.mp4,99
177.4976673367817,173.57721465586363,0.6512362957000732,5.756831645965576,8.439895629882812,11.402388160750082,12.841297412604517,0.022333997001814505,3.254450798034668,2.017061948776245,barbell biceps curl_7.mp4,102
179.23536142490568,175.21123890365743,0.42971059679985046,5.840240955352783,8.216344833374023,11.466127228156576,13.069908891429593,0.022706509344527406,5.075822353363037,3.427539110183716,barbell biceps curl_7.mp4,105
177.89299231294575,175.76450556477502,0.9406306743621826,6.863728046417236,9.352250099182129,12.416255456062569,13.268122205291894,0.012036994894459536,4.756659030914307,5.116754531860352,barbell biceps curl_7.mp4,108
178.57110816297293,176.39983702172674,1.0177582502365112,8.503348350524902,10.252908706665039,14.295356833050114,14.097550674620797,0.012233514718318319,7.074490547180176,6.652670383453369,barbell biceps curl_7.mp4,111
178.11508245828082,179.94065297455344,0.47779592871665955,10.007599830627441,9.751900672912598,15.25187375924224,14.093329796541564,0.010197130421976269,8.122605323791504,9.704133987426758,barbell biceps curl_7.mp4,114
169.01310386886215,171.40709694586013,0.48666515946388245,9.086202621459961,10.986824989318848,14.376745236105332,15.360609565672947,0.01406492958566196,20.073108673095703,19.579750061035156,barbell biceps curl_7.mp4,117
99.56962547614972,115.67584060883942,0.24670666456222534,8.597954750061035,12.338014602661133,13.809153905886678,16.95668656748301,0.14965439621692378,89.02832794189453,76.66217041015625,barbell biceps curl_7.mp4,120
20.832148254492044,26.237385867943622,0.0933750718832016,6.958520412445068,6.509570598602295,12.020409525097493,11.43233750528307,0.2296703255822188,13.873642921447754,19.727815628051758,barbell biceps curl_7.mp4,123
18.24972055704056,20.719590065889435,0.06834166496992111,8.508437156677246,9.765861511230469,12.882398032139001,14.441056084793432,0.12675972293929025,9.741278648376465,10.953726768493652,barbell biceps curl_7.mp4,126
14.777534166982216,16.56681752045829,0.2596571445465088,9.779702186584473,10.37047290802002,14.241316900572743,14.443822039299313,0.11416942812015661,4.997835159301758,6.196345806121826,barbell biceps curl_7.mp4,129
14.209700668671104,18.09093718169493,0.5389297604560852,10.712549209594727,12.595224380493164,15.051061575359968,15.947558262190975,0.24031949653773438,3.49714994430542,5.495709419250488,barbell biceps curl_7.mp4,132
12.670961597332749,17.22210718097364,0.289803147315979,12.051271438598633,11.797182083129883,15.327092461891448,15.709492452497228,0.304495039796228,0.6196764707565308,5.424915313720703,barbell biceps curl_7.mp4,135
28.485120483945632,64.5670987078615,0.6313896775245667,8.029683113098145,7.476934432983398,12.41125124160148,10.879237029204523,0.7755210684345019,36.514808654785156,57.09016036987305,barbell biceps curl_8.mp4,0
6.887405796950906,41.087841086686474,0.6883722543716431,8.361763000488281,9.358753204345703,13.08715894859795,13.030995294796694,1.4257533837267273,15.249155044555664,31.72909164428711,barbell biceps curl_8.mp4,3
6.8773170774395656,37.519234149805754,0.6998119950294495,8.88378620147705,12.41943645477295,13.417804928836514,15.941317468727568,1.3803737554083628,15.76107406616211,25.099796295166016,barbell biceps curl_8.mp4,6
2.4328477161446482,33.74365750232583,1.7028224468231201,3.7029714584350586,13.727928161621094,9.719398656582136,16.583290167939424,1.7310024612435453,6.135858058929443,20.01572608947754,barbell biceps curl_8.mp4,9
1.1925538071587922,29.516935047441105,1.625412940979004,1.9419987201690674,14.166218757629395,8.312928260811892,17.477604853001708,1.8446664074670638,0.7494264841079712,15.35072135925293,barbell biceps curl_8.mp4,12
2.133316441633566,30.41759027088651,1.3734617233276367,2.839980125427246,16.017627716064453,8.68258567803764,19.383566327406843,1.7378485999822517,0.7066314220428467,14.399955749511719,barbell biceps curl_8.mp4,15
0.8266155454726094,28.29054570703746,1.464379906654358,3.248945713043213,17.259628295898438,8.942020499613587,20.49933336993287,1.8864428385303047,2.4222524166107178,11.030913352966309,barbell biceps curl_8.mp4,18
3.191875173413594,23.503348099461306,0.8884983062744141,4.252899646759033,16.47779083251953,9.467242554506436,20.41530184841949,1.5217308893375143,1.0609904527664185,7.0255513191223145,barbell biceps curl_8.mp4,21
7.7092007958913,19.26906521594046,0.1502624750137329,5.597405910491943,13.941951751708984,9.94154633673967,18.283061356809686,0.8569760869715938,2.1117970943450928,5.327105522155762,barbell biceps curl_8.mp4,24
3.2008174826624614,19.158589052163585,0.45714709162712097,4.88182258605957,13.693178176879883,9.723463810405066,17.987746531912915,1.4273877568839752,1.6809297800064087,5.465421676635742,barbell biceps curl_8.mp4,27
4.373182584803931,18.98118702696043,0.031909916549921036,7.988091945648193,13.77640438079834,11.868169505729393,17.969014624445705,1.2509868332988932,3.6149213314056396,5.204777717590332,barbell biceps curl_8.mp4,30
5.2278345093332685,18.763024521202727,0.3016194999217987,7.585968017578125,13.484158515930176,11.741399963237633,18.600538904334876,1.128362264530972,2.3581180572509766,5.278879642486572,barbell biceps curl_8.mp4,33
5.084035640179249,20.626084745131994,0.003254068549722433,7.169510841369629,14.68750286102295,11.482625048101667,19.421109794761737,1.2090218849253045,2.085458278656006,5.93858528137207,barbell biceps curl_8.mp4,36
5.199912075614349,21.28399268987872,0.5371472835540771,6.627725124359131,15.357839584350586,11.269842355146029,19.25465475050298,1.2146306035068481,1.427783727645874,5.926161766052246,barbell biceps curl_8.mp4,39
2.028833039498789,25.41635123596372,0.6490676403045654,4.559648036956787,16.185619354248047,9.240801010855813,20.003165750679948,1.7043076090674785,2.530705690383911,9.230732917785645,barbell biceps curl_8.mp4,42
5.176232138596647,19.62028359656578,0.1748398393392563,5.594908714294434,11.461362838745117,10.001915177809451,15.861681394321465,1.16500653658263,0.41867077350616455,8.158933639526367,barbell biceps curl_8.mp4,45
2.495988798372236,25.411043389334115,0.7109954357147217,6.5364484786987305,11.443244934082031,11.577484085782702,15.357063771950953,1.6422423163331898,4.040473937988281,13.967791557312012,barbell biceps curl_8.mp4,48
4.741112247521667,28.8710529275762,0.40330901741981506,8.405153274536133,12.205972671508789,13.132043189265536,16.539667570876688,1.4357861538733363,13.146239280700684,16.665075302124023,barbell biceps curl_8.mp4,51
4.480695432250798,35.884403436365,0.7854799032211304,12.5562744140625,12.010248184204102,17.257977845546908,15.545801859906016,1.5559832074897182,17.036863327026367,23.874160766601562,barbell biceps curl_8.mp4,54
8.500294973979377,49.5903513064595,0.5902009606361389,7.597763538360596,10.221394538879395,12.22614548507785,14.023287158481603,1.414687525909539,16.098031997680664,39.368953704833984,barbell biceps curl_8.mp4,57
27.184392962103505,83.46234553360098,1.3040183782577515,9.69866943359375,9.546396255493164,14.681524404394919,12.210509183873647,1.0172546129533189,36.883056640625,73.91594696044922,barbell biceps curl_8.mp4,60
88.82497729001015,123.46411527888698,1.4931899309158325,8.281553268432617,12.627104759216309,13.858400893185381,15.502341715044299,0.3263393099448565,82.89346313476562,69.1629867553711,barbell biceps curl_8.mp4,63
144.21296351227562,141.49945090809857,1.9602375030517578,6.831606388092041,13.353744506835938,13.11581435708393,16.118171664821812,0.018994712635654755,28.95543098449707,51.85429763793945,barbell biceps curl_8.mp4,66
156.04366075676748,151.00717360250968,1.1257355213165283,6.927763938903809,10.657805442810059,12.620981452042445,14.504910584290291,0.03280555914962703,17.028587341308594,39.6506233215332,barbell biceps curl_8.mp4,69
156.4704959701472,160.46322404305465,1.5553213357925415,7.478479385375977,10.798385620117188,13.670097080078364,14.216460513639282,0.02519598149885179,16.051021575927734,30.33517074584961,barbell biceps curl_8.mp4,72
161.40664662494277,165.1274745791271,1.3983694314956665,5.371975421905518,10.012181282043457,10.945066070174294,13.094667738154039,0.02278982631563316,13.221367835998535,24.884721755981445,barbell biceps curl_8.mp4,75
166.4758950139418,167.03456728091345,1.5999729633331299,5.2696757316589355,8.96600341796875,11.24006144857477,12.086006439230017,0.0033502533211550957,8.254435539245605,21.931446075439453,barbell biceps curl_8.mp4,78
168.63138058310344,169.53570412753115,2.039341688156128,4.043403625488281,7.842793941497803,10.642775553582222,10.756507537129007,0.005348383005410063,7.3252177238464355,18.307126998901367,barbell biceps curl_8.mp4,81
168.68001031564478,171.29236188173996,1.8405874967575073,4.922258377075195,7.563541889190674,10.8957085399928,10.255781653911086,0.015368022696729478,6.397722244262695,16.271160125732422,barbell biceps curl_8.mp4,84
170.93873919928757,174.0654484201255,1.7970715761184692,4.604792594909668,7.255837440490723,10.756361150600702,10.189702428322065,0.018125630546184136,4.4564690589904785,13.190398216247559,barbell biceps curl_8.mp4,87
170.63231335886934,176.53117960003746,1.3002132177352905,5.6730756759643555,6.442476749420166,11.23620629117539,9.84420596295786,0.033983217479992125,3.6945972442626953,9.911369323730469,barbell biceps curl_8.mp4,90
173.04810619998804,177.36804801257273,1.4852795600891113,4.5289154052734375,6.3084893226623535,10.523660394216636,9.70190535188725,0.024656065427647103,2.4229915142059326,8.940497398376465,barbell biceps curl_8.mp4,93
172.32204841758522,176.87224940814107,1.2019675970077515,5.154603004455566,5.721521377563477,10.688886933547439,9.210169159230626,0.026061141426924086,2.5233190059661865,8.849211692810059,barbell biceps curl_8.mp4,96
28.485120483945632,64.5670987078615,0.6313896775245667,8.029683113098145,7.476934432983398,12.41125124160148,10.879237029204523,0.7755210684345019,36.514808654785156,57.09016036987305,barbell biceps curl_8.mp4,0
6.887405796950906,41.087841086686474,0.6883722543716431,8.361763000488281,9.358753204345703,13.08715894859795,13.030995294796694,1.4257533837267273,15.249155044555664,31.72909164428711,barbell biceps curl_8.mp4,3
6.8773170774395656,37.519234149805754,0.6998119950294495,8.88378620147705,12.41943645477295,13.417804928836514,15.941317468727568,1.3803737554083628,15.76107406616211,25.099796295166016,barbell biceps curl_8.mp4,6
2.4328477161446482,33.74365750232583,1.7028224468231201,3.7029714584350586,13.727928161621094,9.719398656582136,16.583290167939424,1.7310024612435453,6.135858058929443,20.01572608947754,barbell biceps curl_8.mp4,9
1.1925538071587922,29.516935047441105,1.625412940979004,1.9419987201690674,14.166218757629395,8.312928260811892,17.477604853001708,1.8446664074670638,0.7494264841079712,15.35072135925293,barbell biceps curl_8.mp4,12
2.133316441633566,30.41759027088651,1.3734617233276367,2.839980125427246,16.017627716064453,8.68258567803764,19.383566327406843,1.7378485999822517,0.7066314220428467,14.399955749511719,barbell biceps curl_8.mp4,15
0.8266155454726094,28.29054570703746,1.464379906654358,3.248945713043213,17.259628295898438,8.942020499613587,20.49933336993287,1.8864428385303047,2.4222524166107178,11.030913352966309,barbell biceps curl_8.mp4,18
3.191875173413594,23.503348099461306,0.8884983062744141,4.252899646759033,16.47779083251953,9.467242554506436,20.41530184841949,1.5217308893375143,1.0609904527664185,7.0255513191223145,barbell biceps curl_8.mp4,21
7.7092007958913,19.26906521594046,0.1502624750137329,5.597405910491943,13.941951751708984,9.94154633673967,18.283061356809686,0.8569760869715938,2.1117970943450928,5.327105522155762,barbell biceps curl_8.mp4,24
3.2008174826624614,19.158589052163585,0.45714709162712097,4.88182258605957,13.693178176879883,9.723463810405066,17.987746531912915,1.4273877568839752,1.6809297800064087,5.465421676635742,barbell biceps curl_8.mp4,27
4.373182584803931,18.98118702696043,0.031909916549921036,7.988091945648193,13.77640438079834,11.868169505729393,17.969014624445705,1.2509868332988932,3.6149213314056396,5.204777717590332,barbell biceps curl_8.mp4,30
5.2278345093332685,18.763024521202727,0.3016194999217987,7.585968017578125,13.484158515930176,11.741399963237633,18.600538904334876,1.128362264530972,2.3581180572509766,5.278879642486572,barbell biceps curl_8.mp4,33
5.084035640179249,20.626084745131994,0.003254068549722433,7.169510841369629,14.68750286102295,11.482625048101667,19.421109794761737,1.2090218849253045,2.085458278656006,5.93858528137207,barbell biceps curl_8.mp4,36
5.199912075614349,21.28399268987872,0.5371472835540771,6.627725124359131,15.357839584350586,11.269842355146029,19.25465475050298,1.2146306035068481,1.427783727645874,5.926161766052246,barbell biceps curl_8.mp4,39
2.028833039498789,25.41635123596372,0.6490676403045654,4.559648036956787,16.185619354248047,9.240801010855813,20.003165750679948,1.7043076090674785,2.530705690383911,9.230732917785645,barbell biceps curl_8.mp4,42
5.176232138596647,19.62028359656578,0.1748398393392563,5.594908714294434,11.461362838745117,10.001915177809451,15.861681394321465,1.16500653658263,0.41867077350616455,8.158933639526367,barbell biceps curl_8.mp4,45
2.495988798372236,25.411043389334115,0.7109954357147217,6.5364484786987305,11.443244934082031,11.577484085782702,15.357063771950953,1.6422423163331898,4.040473937988281,13.967791557312012,barbell biceps curl_8.mp4,48
4.741112247521667,28.8710529275762,0.40330901741981506,8.405153274536133,12.205972671508789,13.132043189265536,16.539667570876688,1.4357861538733363,13.146239280700684,16.665075302124023,barbell biceps curl_8.mp4,51
4.480695432250798,35.884403436365,0.7854799032211304,12.5562744140625,12.010248184204102,17.257977845546908,15.545801859906016,1.5559832074897182,17.036863327026367,23.874160766601562,barbell biceps curl_8.mp4,54
8.500294973979377,49.5903513064595,0.5902009606361389,7.597763538360596,10.221394538879395,12.22614548507785,14.023287158481603,1.414687525909539,16.098031997680664,39.368953704833984,barbell biceps curl_8.mp4,57
27.184392962103505,83.46234553360098,1.3040183782577515,9.69866943359375,9.546396255493164,14.681524404394919,12.210509183873647,1.0172546129533189,36.883056640625,73.91594696044922,barbell biceps curl_8.mp4,60
88.82497729001015,123.46411527888698,1.4931899309158325,8.281553268432617,12.627104759216309,13.858400893185381,15.502341715044299,0.3263393099448565,82.89346313476562,69.1629867553711,barbell biceps curl_8.mp4,63
144.21296351227562,141.49945090809857,1.9602375030517578,6.831606388092041,13.353744506835938,13.11581435708393,16.118171664821812,0.018994712635654755,28.95543098449707,51.85429763793945,barbell biceps curl_8.mp4,66
156.04366075676748,151.00717360250968,1.1257355213165283,6.927763938903809,10.657805442810059,12.620981452042445,14.504910584290291,0.03280555914962703,17.028587341308594,39.6506233215332,barbell biceps curl_8.mp4,69
156.4704959701472,160.46322404305465,1.5553213357925415,7.478479385375977,10.798385620117188,13.670097080078364,14.216460513639282,0.02519598149885179,16.051021575927734,30.33517074584961,barbell biceps curl_8.mp4,72
161.40664662494277,165.1274745791271,1.3983694314956665,5.371975421905518,10.012181282043457,10.945066070174294,13.094667738154039,0.02278982631563316,13.221367835998535,24.884721755981445,barbell biceps curl_8.mp4,75
166.4758950139418,167.03456728091345,1.5999729633331299,5.2696757316589355,8.96600341796875,11.24006144857477,12.086006439230017,0.0033502533211550957,8.254435539245605,21.931446075439453,barbell biceps curl_8.mp4,78
168.63138058310344,169.53570412753115,2.039341688156128,4.043403625488281,7.842793941497803,10.642775553582222,10.756507537129007,0.005348383005410063,7.3252177238464355,18.307126998901367,barbell biceps curl_8.mp4,81
168.68001031564478,171.29236188173996,1.8405874967575073,4.922258377075195,7.563541889190674,10.8957085399928,10.255781653911086,0.015368022696729478,6.397722244262695,16.271160125732422,barbell biceps curl_8.mp4,84
170.93873919928757,174.0654484201255,1.7970715761184692,4.604792594909668,7.255837440490723,10.756361150600702,10.189702428322065,0.018125630546184136,4.4564690589904785,13.190398216247559,barbell biceps curl_8.mp4,87
170.63231335886934,176.53117960003746,1.3002132177352905,5.6730756759643555,6.442476749420166,11.23620629117539,9.84420596295786,0.033983217479992125,3.6945972442626953,9.911369323730469,barbell biceps curl_8.mp4,90
173.04810619998804,177.36804801257273,1.4852795600891113,4.5289154052734375,6.3084893226623535,10.523660394216636,9.70190535188725,0.024656065427647103,2.4229915142059326,8.940497398376465,barbell biceps curl_8.mp4,93
172.32204841758522,176.87224940814107,1.2019675970077515,5.154603004455566,5.721521377563477,10.688886933547439,9.210169159230626,0.026061141426924086,2.5233190059661865,8.849211692810059,barbell biceps curl_8.mp4,96
159.31591290499944,154.00931223669306,0.5690954923629761,6.378954887390137,1.2122492790222168,6.933727588877327,0.6286957838839439,0.033872795692760534,27.063039779663086,24.7784366607666,barbell biceps curl_9.mp4,0
146.34312809432402,153.39136920663998,0.3926650881767273,9.395529747009277,1.499988317489624,9.502142883591132,2.1899052981426887,0.047029895963151755,43.05239486694336,28.108631134033203,barbell biceps curl_9.mp4,3
112.52392894608602,117.64419589469065,1.8652225732803345,14.612786293029785,7.494095325469971,12.474254801536786,5.921887459590893,0.04449153810630106,82.08885955810547,69.84989929199219,barbell biceps curl_9.mp4,6
74.6924731392944,53.32503351880066,1.8042105436325073,15.316959381103516,8.597888946533203,12.663112413769536,7.691410588926587,0.3338205871726779,59.37550735473633,44.727142333984375,barbell biceps curl_9.mp4,9
62.29909320766441,53.04612424090497,1.809887170791626,17.432043075561523,12.310383796691895,15.041866158573292,11.109290952009543,0.1604395773216205,44.867042541503906,40.735740661621094,barbell biceps curl_9.mp4,12
51.75176516069053,47.63158673507503,0.6081535220146179,19.901466369628906,14.222782135009766,19.51151560146286,13.388707780178763,0.08291486143346807,31.850299835205078,33.408809661865234,barbell biceps curl_9.mp4,15
54.09144404975949,32.416981303688516,0.2726140022277832,23.51785659790039,18.101037979125977,23.42735216548353,18.765370796210256,0.5010948392024358,30.573585510253906,14.315938949584961,barbell biceps curl_9.mp4,18
34.94261434379399,23.99711543507194,0.15623533725738525,14.713881492614746,15.057271003723145,13.732887424811814,15.771065012306618,0.37141327080351794,20.228727340698242,8.939839363098145,barbell biceps curl_9.mp4,21
52.96870760128964,7.213030329772628,0.28235143423080444,12.357227325439453,10.009446144104004,11.57321216325419,11.46049097513435,1.5205834475544657,40.61147689819336,2.796428680419922,barbell biceps curl_9.mp4,39
37.958742251425235,35.10756902658659,0.1259109377861023,19.64512825012207,14.363022804260254,19.379202971185784,14.909748384615394,0.07804344231885874,18.31361961364746,20.74454689025879,barbell biceps curl_9.mp4,42
47.86834482309664,44.259172977695975,0.10428714752197266,18.964784622192383,12.287059783935547,18.322362892818084,13.169928988931668,0.07835165717163424,28.903562545776367,31.97211456298828,barbell biceps curl_9.mp4,45
50.644578150359415,49.412757453334024,1.4130859375,17.45696258544922,15.167682647705078,16.36650738568337,13.416259551053026,0.024622296598110105,33.18760681152344,34.24507141113281,barbell biceps curl_9.mp4,48
66.53112586802447,53.513234186257904,2.2123937606811523,17.556928634643555,10.816991806030273,14.363549139759378,9.679182242150679,0.21688468622565962,48.97419357299805,42.69623565673828,barbell biceps curl_9.mp4,51
78.59900412392811,62.304919323185246,2.9349427223205566,18.350040435791016,12.258406639099121,15.426904207807928,9.310761160242306,0.2312793625914705,60.248958587646484,50.0465087890625,barbell biceps curl_9.mp4,54
111.02573486378442,118.66350035477441,4.533996105194092,14.476123809814453,7.456329345703125,10.230565928900509,2.5898943898909734,0.06650521069237172,83.45038604736328,68.7928237915039,barbell biceps curl_9.mp4,57
120.25738592433287,159.63092937196976,3.929722547531128,15.044170379638672,6.423475742340088,11.095794833840442,2.5138826004847674,0.2813518199640042,74.78678131103516,26.792543411254883,barbell biceps curl_9.mp4,60
134.24919776076942,141.95754858061952,2.5497148036956787,13.084798812866211,4.712604522705078,9.743502057003829,2.9932326892557635,0.05581580408121276,58.835601806640625,42.75505065917969,barbell biceps curl_9.mp4,63
156.0592506066366,155.76186191697258,2.6537444591522217,13.717233657836914,5.400015830993652,10.381463085129402,3.4649236576102345,0.0019074313939631121,37.65799331665039,29.63816261291504,barbell biceps curl_9.mp4,66
164.51518566216657,156.33870428392538,0.44332075119018555,11.767401695251465,3.5764191150665283,11.030943566673455,3.4438961134410873,0.050967007940062425,27.252220153808594,27.237722396850586,barbell biceps curl_9.mp4,69
159.31591290499944,154.00931223669306,0.5690954923629761,6.378954887390137,1.2122492790222168,6.933727588877327,0.6286957838839439,0.033872795692760534,27.063039779663086,24.7784366607666,barbell biceps curl_9.mp4,0
146.34312809432402,153.39136920663998,0.3926650881767273,9.395529747009277,1.499988317489624,9.502142883591132,2.1899052981426887,0.047029895963151755,43.05239486694336,28.108631134033203,barbell biceps curl_9.mp4,3
112.52392894608602,117.64419589469065,1.8652225732803345,14.612786293029785,7.494095325469971,12.474254801536786,5.921887459590893,0.04449153810630106,82.08885955810547,69.84989929199219,barbell biceps curl_9.mp4,6
74.6924731392944,53.32503351880066,1.8042105436325073,15.316959381103516,8.597888946533203,12.663112413769536,7.691410588926587,0.3338205871726779,59.37550735473633,44.727142333984375,barbell biceps curl_9.mp4,9
62.29909320766441,53.04612424090497,1.809887170791626,17.432043075561523,12.310383796691895,15.041866158573292,11.109290952009543,0.1604395773216205,44.867042541503906,40.735740661621094,barbell biceps curl_9.mp4,12
51.75176516069053,47.63158673507503,0.6081535220146179,19.901466369628906,14.222782135009766,19.51151560146286,13.388707780178763,0.08291486143346807,31.850299835205078,33.408809661865234,barbell biceps curl_9.mp4,15
54.09144404975949,32.416981303688516,0.2726140022277832,23.51785659790039,18.101037979125977,23.42735216548353,18.765370796210256,0.5010948392024358,30.573585510253906,14.315938949584961,barbell biceps curl_9.mp4,18
34.94261434379399,23.99711543507194,0.15623533725738525,14.713881492614746,15.057271003723145,13.732887424811814,15.771065012306618,0.37141327080351794,20.228727340698242,8.939839363098145,barbell biceps curl_9.mp4,21
52.96870760128964,7.213030329772628,0.28235143423080444,12.357227325439453,10.009446144104004,11.57321216325419,11.46049097513435,1.5205834475544657,40.61147689819336,2.796428680419922,barbell biceps curl_9.mp4,39
37.958742251425235,35.10756902658659,0.1259109377861023,19.64512825012207,14.363022804260254,19.379202971185784,14.909748384615394,0.07804344231885874,18.31361961364746,20.74454689025879,barbell biceps curl_9.mp4,42
47.86834482309664,44.259172977695975,0.10428714752197266,18.964784622192383,12.287059783935547,18.322362892818084,13.169928988931668,0.07835165717163424,28.903562545776367,31.97211456298828,barbell biceps curl_9.mp4,45
50.644578150359415,49.412757453334024,1.4130859375,17.45696258544922,15.167682647705078,16.36650738568337,13.416259551053026,0.024622296598110105,33.18760681152344,34.24507141113281,barbell biceps curl_9.mp4,48
66.53112586802447,53.513234186257904,2.2123937606811523,17.556928634643555,10.816991806030273,14.363549139759378,9.679182242150679,0.21688468622565962,48.97419357299805,42.69623565673828,barbell biceps curl_9.mp4,51
78.59900412392811,62.304919323185246,2.9349427223205566,18.350040435791016,12.258406639099121,15.426904207807928,9.310761160242306,0.2312793625914705,60.248958587646484,50.0465087890625,barbell biceps curl_9.mp4,54
111.02573486378442,118.66350035477441,4.533996105194092,14.476123809814453,7.456329345703125,10.230565928900509,2.5898943898909734,0.06650521069237172,83.45038604736328,68.7928237915039,barbell biceps curl_9.mp4,57
120.25738592433287,159.63092937196976,3.929722547531128,15.044170379638672,6.423475742340088,11.095794833840442,2.5138826004847674,0.2813518199640042,74.78678131103516,26.792543411254883,barbell biceps curl_9.mp4,60
134.24919776076942,141.95754858061952,2.5497148036956787,13.084798812866211,4.712604522705078,9.743502057003829,2.9932326892557635,0.05581580408121276,58.835601806640625,42.75505065917969,barbell biceps curl_9.mp4,63
156.0592506066366,155.76186191697258,2.6537444591522217,13.717233657836914,5.400015830993652,10.381463085129402,3.4649236576102345,0.0019074313939631121,37.65799331665039,29.63816261291504,barbell biceps curl_9.mp4,66
164.51518566216657,156.33870428392538,0.44332075119018555,11.767401695251465,3.5764191150665283,11.030943566673455,3.4438961134410873,0.050967007940062425,27.252220153808594,27.237722396850586,barbell biceps curl_9.mp4,69
