left_elbow_angle,right_elbow_angle,trunk_lean_angle,left_upper_arm_vertical,right_upper_arm_vertical,left_shoulder_angle,right_shoulder_angle,elbow_symmetry_ratio,left_forearm_neutral,right_forearm_neutral,_video,_frame_idx
57.56117369803528,87.28350579002749,3.6723172664642334,13.432893753051758,15.103297233581543,8.450732249767867,12.717041364984665,0.41040281489168184,50.32685541167477,76.31819912716982,hammer curl_10.mp4,51
69.24256537800777,96.46248526807072,2.09578013420105,12.957254409790039,20.497758865356445,10.161343871790722,19.177571017862387,0.3285345833930033,65.62855781688181,72.8963223227026,hammer curl_10.mp4,54
67.77987580033725,95.53557418497273,5.4200758934021,10.488656044006348,13.666017532348633,3.9765564646726848,9.357526296009079,0.3399029104366068,60.08470727245435,80.15719237719101,hammer curl_10.mp4,57
71.70687827123622,87.4816781963894,3.539461135864258,8.329025268554688,10.74525260925293,3.8464928138079486,8.139550605608923,0.19819012465712402,52.43957606169871,82.34549545843122,hammer curl_10.mp4,60
77.0938641006,91.62590333516954,2.5949528217315674,8.790071487426758,7.630106449127197,5.602906038629309,5.608674574157684,0.17226243795175672,59.13112446435934,75.4468026432802,hammer curl_10.mp4,63
92.20083752122427,112.2378050942052,2.129089117050171,7.176289081573486,9.32206916809082,3.8762608437260946,8.366611756173679,0.19601937595205585,58.775996815501536,73.41954222242825,hammer curl_10.mp4,66
106.28827637361944,130.8084972284492,0.764397382736206,5.775352954864502,9.006081581115723,3.148399978474535,10.067025965961115,0.20683723765877363,45.159354847341184,66.61188996070689,hammer curl_10.mp4,69
112.42995810089094,140.07580064123104,1.0697593688964844,6.16754150390625,7.841074466705322,3.30973302086442,8.678920072124878,0.21897197654469439,59.790678284067944,61.606275660393166,hammer curl_10.mp4,72
122.91813009425489,146.30940601659563,1.7408238649368286,5.0566792488098145,7.679021835327148,2.1429277601233885,7.174933032838214,0.17376585070191128,55.71600682019276,65.47546442211754,hammer curl_10.mp4,75
129.50819850968682,146.54500619010383,0.6783252358436584,4.449427604675293,9.385992050170898,1.9662263139383926,10.576483038369558,0.12343133418026887,44.93445468624297,57.64152977186056,hammer curl_10.mp4,78
137.1524198834001,139.25162513730083,1.173595905303955,3.760999917984009,8.720101356506348,1.3119424435458678,8.93131415823929,0.01518939604334302,32.49192695806358,56.6250783660167,hammer curl_10.mp4,81
57.56117369803528,87.28350579002749,3.6723172664642334,13.432893753051758,15.103297233581543,8.450732249767867,12.717041364984665,0.41040281489168184,50.32685541167477,76.31819912716982,hammer curl_10.mp4,51
69.24256537800777,96.46248526807072,2.09578013420105,12.957254409790039,20.497758865356445,10.161343871790722,19.177571017862387,0.3285345833930033,65.62855781688181,72.8963223227026,hammer curl_10.mp4,54
67.77987580033725,95.53557418497273,5.4200758934021,10.488656044006348,13.666017532348633,3.9765564646726848,9.357526296009079,0.3399029104366068,60.08470727245435,80.15719237719101,hammer curl_10.mp4,57
71.70687827123622,87.4816781963894,3.539461135864258,8.329025268554688,10.74525260925293,3.8464928138079486,8.139550605608923,0.19819012465712402,52.43957606169871,82.34549545843122,hammer curl_10.mp4,60
77.0938641006,91.62590333516954,2.5949528217315674,8.790071487426758,7.630106449127197,5.602906038629309,5.608674574157684,0.17226243795175672,59.13112446435934,75.4468026432802,hammer curl_10.mp4,63
92.20083752122427,112.2378050942052,2.129089117050171,7.176289081573486,9.32206916809082,3.8762608437260946,8.366611756173679,0.19601937595205585,58.775996815501536,73.41954222242825,hammer curl_10.mp4,66
106.28827637361944,130.8084972284492,0.764397382736206,5.775352954864502,9.006081581115723,3.148399978474535,10.067025965961115,0.20683723765877363,45.159354847341184,66.61188996070689,hammer curl_10.mp4,69
112.42995810089094,140.07580064123104,1.0697593688964844,6.16754150390625,7.841074466705322,3.30973302086442,8.678920072124878,0.21897197654469439,59.790678284067944,61.606275660393166,hammer curl_10.mp4,72
122.91813009425489,146.30940601659563,1.7408238649368286,5.0566792488098145,7.679021835327148,2.1429277601233885,7.174933032838214,0.17376585070191128,55.71600682019276,65.47546442211754,hammer curl_10.mp4,75
129.50819850968682,146.54500619010383,0.6783252358436584,4.449427604675293,9.385992050170898,1.9662263139383926,10.576483038369558,0.12343133418026887,44.93445468624297,57.64152977186056,hammer curl_10.mp4,78
137.1524198834001,139.25162513730083,1.173595905303955,3.760999917984009,8.720101356506348,1.3119424435458678,8.93131415823929,0.01518939604334302,32.49192695806358,56.6250783660167,hammer curl_10.mp4,81
170.39763530031158,166.42016388795173,0.8842353820800781,1.4528813362121582,7.2373151779174805,5.508794796158625,12.852049127511451,0.02361794074983936,77.76474922500077,54.71132319075351,hammer curl_11.mp4,0
158.48054745698215,155.51934519223028,0.6312063932418823,4.5019097328186035,8.178792953491211,8.582153702374809,13.285966483169556,0.018861167370270455,82.74828461089045,73.56292639632659,hammer curl_11.mp4,3
141.3479570155087,133.5828365069029,0.9908806681632996,4.439986705780029,8.743432998657227,7.893940342036897,13.970776919750833,0.05648781941898271,87.81320116319044,82.54491416734335,hammer curl_11.mp4,6
55.383635886829396,92.4339794279154,0.8836234211921692,6.615861892700195,6.091031551361084,10.512622647586078,11.554608615261953,0.501298082264357,89.12415407674992,86.08523941844449,hammer curl_11.mp4,9
22.799006043111905,59.03174463921994,0.4906231462955475,6.3750834465026855,8.124794960021973,10.782350504063265,13.388560294886878,0.8855531274976091,87.27373598829057,87.23862246434122,hammer curl_11.mp4,12
15.787755287421307,39.0211951868328,0.5074841976165771,6.866454601287842,6.958138465881348,11.148958407761855,12.068803079229152,0.8477972921712903,84.53430800611659,85.25542120116624,hammer curl_11.mp4,15
30.86607618283564,43.9082127317542,0.34877410531044006,5.853214263916016,9.659836769104004,10.182634603645075,14.567758016850323,0.3488401357802493,87.6496722649762,85.37680385318203,hammer curl_11.mp4,18
29.58765792187767,53.84127637251533,0.5317441821098328,6.080800533294678,9.7659330368042,10.221928914157871,14.830382000190696,0.5814198312795101,87.10861448485322,87.02262644567554,hammer curl_11.mp4,21
79.37920525514012,97.77501707809081,0.04537558928132057,5.03230094909668,10.453008651733398,9.66723143259832,14.964203055379352,0.2076813251263949,88.9859502484378,86.31942127377131,hammer curl_11.mp4,24
154.64479548969499,122.96381220329151,0.12122524529695511,2.4717180728912354,10.694411277770996,7.289411288724336,15.04401093122096,0.22824208189855683,86.68993590059718,85.31699944895912,hammer curl_11.mp4,27
152.5287966163199,137.87763261775254,0.435950368642807,3.8677639961242676,10.344740867614746,7.937090044514441,15.081253399398545,0.10090109945023487,86.10863120109269,77.61764077740696,hammer curl_11.mp4,30
160.53354462455593,150.66139402296088,0.5007109642028809,1.9628276824951172,11.485342025756836,6.595257848360929,14.855178565697527,0.0634467298504299,85.22397165310858,69.94595251111863,hammer curl_11.mp4,33
164.7357851833228,165.05231158952557,0.38846728205680847,0.4695812463760376,8.129709243774414,3.62260900143405,12.821060189902825,0.0019195744740343743,80.02306483572552,59.24247321099541,hammer curl_11.mp4,36
170.38975638602648,168.0228601171106,0.2861241400241852,1.4919228553771973,8.271586418151855,2.4187275308354965,12.549668183897785,0.01398822711383117,75.33660451246091,47.3924105396733,hammer curl_11.mp4,39
34.049994229733876,170.8026204004158,0.2787206768989563,26.169109344482422,9.641191482543945,30.578698717076076,13.457043139563341,1.335131859728336,78.9256558992421,37.457899907291036,hammer curl_11.mp4,42
27.389530866804414,171.37094445404412,0.7297483682632446,20.809282302856445,10.879277229309082,25.92353254129776,14.545297355815636,1.448793210569839,78.4201173476942,29.50356771185848,hammer curl_11.mp4,45
34.385099144376106,174.4874711490747,0.842166543006897,29.600194931030273,10.347296714782715,34.85401985161066,13.910616642468037,1.341510489461253,77.00408577175364,32.00826637303432,hammer curl_11.mp4,48
35.15789289289886,171.81635510278517,1.1204415559768677,29.41091537475586,11.300867080688477,34.774234850575,14.47445933550924,1.32053589790297,73.35436298262798,34.39110106490554,hammer curl_11.mp4,51
5.674540808960879,171.6275930505744,0.9200741648674011,17.267162322998047,8.950579643249512,22.668508498027666,12.528715851284662,1.871980315511455,89.57940072779061,37.88456343409578,hammer curl_11.mp4,54
145.876834528389,168.517117627057,0.34225526452064514,4.683167934417725,7.212028980255127,9.696006472773803,11.3970664562346,0.14402492760085886,89.3423346788855,53.72508768918236,hammer curl_11.mp4,57
163.95656786491432,162.86033669378682,0.029313739389181137,1.7069361209869385,6.812871932983398,6.104962179333443,11.000649465869424,0.006708534080314686,81.73618352286088,58.346912079678866,hammer curl_11.mp4,60
154.51028047708965,145.17725180924407,0.21814027428627014,3.4954771995544434,8.08043098449707,7.571756164716827,12.27876720999152,0.06228506469150291,83.72698280420965,74.12869298531972,hammer curl_11.mp4,63
133.9914288052569,118.52093180288342,0.06800812482833862,3.8833465576171875,9.565828323364258,8.03186853236664,13.620225971794104,0.12253259179166494,87.4563178292076,82.88559301103892,hammer curl_11.mp4,66
39.80073424494021,80.70804303623682,0.26490598917007446,6.853015422821045,9.31792163848877,11.449554342971346,13.304707359773028,0.6789100298619686,85.72898390174926,83.60221206596431,hammer curl_11.mp4,69
17.61195373566923,43.51601999222262,0.12122072279453278,5.385705471038818,7.144718170166016,9.959452148561299,11.904596673060457,0.8475355774710956,77.39657233678588,83.36115407752877,hammer curl_11.mp4,72
23.44164969145765,28.820632190178188,0.31760939955711365,7.41898250579834,7.382923603057861,12.5471532065388,11.780371642968793,0.20584568086418098,80.75290174402147,82.5221125284685,hammer curl_11.mp4,75
29.639698179009095,26.329285851066437,0.3411242663860321,4.0799055099487305,7.921605110168457,9.277265890138493,12.357158411817359,0.11829452991906274,85.68617740744692,82.3806291985715,hammer curl_11.mp4,78
23.09600380749879,47.33508026538779,0.42922329902648926,1.268371343612671,7.1880388259887695,6.660823900331057,11.660283713343144,0.6883062152729286,88.830370600832,86.14146297565622,hammer curl_11.mp4,81
91.09078808293214,99.29601875146754,0.24353814125061035,4.978020191192627,7.021913528442383,9.361327208557796,11.6781138561727,0.0861953704142157,89.61161539146003,86.65526128706642,hammer curl_11.mp4,84
146.44224335535066,128.6442634151167,0.4229933023452759,5.320266246795654,7.394763469696045,9.197806914463852,11.96513710285721,0.1293991490108572,87.13141123827654,81.63762332153047,hammer curl_11.mp4,87
153.56095773663148,151.94811644588736,0.09308498352766037,2.407808780670166,8.59371280670166,6.773523269713442,12.822645239019412,0.010558385508252121,81.37284197791922,73.8326977276096,hammer curl_11.mp4,90
155.2395756262904,163.23345890002605,0.15933051705360413,2.815903663635254,6.294168949127197,7.407295967526667,10.986000142122558,0.05020131946571509,84.99528073469722,64.25981882944473,hammer curl_11.mp4,93
172.1971942267736,168.6887824458628,0.6205068230628967,0.9526088833808899,7.048032760620117,3.162545382493064,12.19823160649331,0.020584078084737584,65.11275542285945,37.01405275217788,hammer curl_11.mp4,96
172.1192496009533,173.0065273580063,0.2558673322200775,1.4039267301559448,6.252481460571289,3.299721102371558,11.231823844956688,0.005141764633584637,65.41620909835193,37.30324667224442,hammer curl_11.mp4,99
47.776348304281626,175.74872087864276,0.14563614130020142,6.705361366271973,7.81710147857666,11.442223095197951,12.158926168885122,1.1450382101851264,89.04304580472566,31.38325391877935,hammer curl_11.mp4,102
10.785252639790977,176.47446604208434,0.0919828936457634,13.782843589782715,8.217927932739258,18.35939315374829,12.520306353863045,1.7696193774996873,89.65447325264572,24.363407277092307,hammer curl_11.mp4,105
175.02937093664676,176.32277948483707,0.036099873483181,8.460307121276855,8.25820541381836,13.084458971771742,12.850006982286029,0.007362462683884157,85.88090131861136,33.643620555462704,hammer curl_11.mp4,108
171.5371691255499,175.69961845901,0.1117311343550682,0.7463013529777527,7.661827564239502,3.8058060252272115,12.315150454304044,0.023974702464072607,73.4359189262608,21.279681830684694,hammer curl_11.mp4,111
179.11751259999156,173.26419373432802,0.06140632554888725,0.7071284651756287,7.137660503387451,5.769558053851048,11.942614291117488,0.033221468427252834,70.12613452545244,29.541652962945253,hammer curl_11.mp4,114
174.85897719912262,169.05640893758056,0.2671211361885071,0.864591658115387,7.406646251678467,5.327227847131819,12.262762857585745,0.03374416205523062,67.19562019925876,30.725286409289268,hammer curl_11.mp4,117
166.4039851004382,160.3947844400279,0.08019759505987167,0.2890550494194031,7.828009605407715,4.83598207313782,12.556974523499061,0.03677615230228832,73.09253282075116,49.48117012442946,hammer curl_11.mp4,120
127.08389913255265,147.65140691519014,0.9659709930419922,2.873116970062256,7.894511699676514,6.746832371742848,13.443197691225452,0.14972598956075434,87.0304680294376,60.626734718617556,hammer curl_11.mp4,123
150.76870189752663,129.79824557846084,0.3897531032562256,2.7211453914642334,6.642050743103027,6.838850601391912,11.29724486780433,0.14948629200779653,85.92185163693844,79.81364466566642,hammer curl_11.mp4,126
119.2386902075161,92.18058849965287,0.8243916034698486,4.432741641998291,6.778210639953613,7.883888108169632,11.599992370509518,0.2559662664003377,87.96379287265147,80.55465262869896,hammer curl_11.mp4,129
29.360491337222744,45.49418758233632,0.7512418031692505,3.5400571823120117,6.0040082931518555,7.445818261346793,11.297994459513463,0.4310671417734969,87.52770116997628,84.25182148701984,hammer curl_11.mp4,132
0.09278741380920028,23.260808367738573,0.28909483551979065,3.5577728748321533,6.252110958099365,8.210615117013647,11.287111846506923,1.9841073872003017,84.7599943945781,79.8702410893427,hammer curl_11.mp4,135
20.5541957935355,20.893616229815613,0.25477859377861023,3.6941275596618652,6.8806352615356445,8.819689595089404,11.19760024204791,0.016378207664563334,83.29227382769366,80.26232527502277,hammer curl_11.mp4,138
22.776707246575118,16.398944777595535,0.01597556471824646,4.620444297790527,6.193874359130859,9.489329101269144,10.815178114943611,0.32559828053631995,83.1267332350838,78.49334435576193,hammer curl_11.mp4,141
21.988043377748312,26.12505141618989,0.03418179601430893,4.361027240753174,7.270841121673584,8.887719875768084,11.538570876837005,0.17197014892348195,80.99243204213263,80.7911392674322,hammer curl_11.mp4,144
32.63077298886719,51.55944237813305,0.07216823101043701,3.372443199157715,9.331344604492188,8.116990984070252,14.125467037888649,0.44966435367227403,83.86911815149384,85.80966501014403,hammer curl_11.mp4,147
36.131697825100105,82.71315856252915,0.39001744985580444,4.0496063232421875,7.326330184936523,8.481421375153996,12.406578848924624,0.7839036901268498,87.91651575215013,85.44725779369003,hammer curl_11.mp4,150
138.9508968372114,103.52520162608411,0.042942605912685394,5.307019233703613,8.21367073059082,9.651355700208933,12.329840480117205,0.2921994822222842,86.89008359485622,80.44515615379824,hammer curl_11.mp4,153
144.47605442374416,137.5939442841692,0.1945294886827469,3.327556848526001,9.908007621765137,7.115408181101818,13.802198626622555,0.04879717921863406,86.65699124388209,75.72396019541755,hammer curl_11.mp4,156
158.69728341838237,151.24817422354948,0.0595877543091774,1.2490577697753906,9.327959060668945,5.051288942498067,13.01576480514311,0.04806722609523484,74.05307384013012,41.89887944071849,hammer curl_11.mp4,159
166.35404165931948,160.86788069115454,0.6974878311157227,1.5375698804855347,7.553830146789551,6.662619657687789,11.020961857902552,0.033531744626137464,70.74954657111411,57.99324188994656,hammer curl_11.mp4,162
169.58128731926422,165.45244553407136,0.30475929379463196,0.007033939007669687,8.363197326660156,4.735613752461071,12.263663246339402,0.02464731983868803,61.94652072783865,25.956994966701902,hammer curl_11.mp4,165
177.55191395360498,170.98881573392455,0.2390184849500656,3.2444708347320557,7.61415958404541,7.329513582369494,11.867322595844545,0.03766043770875395,64.86325992012209,20.00454533932958,hammer curl_11.mp4,168
178.624702967311,170.80698013698193,0.1330500692129135,2.2027931213378906,9.36400032043457,6.5211927129211,13.196283747984833,0.04474535772416357,50.87003489603905,6.035529674356426,hammer curl_11.mp4,171
167.12607540417412,173.0605038223599,0.20110192894935608,14.794793128967285,9.61977767944336,19.259832117209946,13.576504976379509,0.03488925654667859,62.84865750066171,0.14815147554245683,hammer curl_11.mp4,174
21.51345605899525,173.73815658026479,0.13835351169109344,19.462125778198242,10.42253303527832,23.714984070650484,14.34561425333577,1.5592670243652687,81.15335657352091,3.0182991907374905,hammer curl_11.mp4,177
152.0714561125937,175.90523542777422,0.21478748321533203,18.429981231689453,9.1749267578125,22.68525029814372,13.897484760916,0.1453382507350954,88.59609754868478,3.765946821913639,hammer curl_11.mp4,180
166.79205282141635,173.50326997912092,0.6096282601356506,12.75849437713623,8.845029830932617,17.590574872836573,12.406213248553657,0.03944348751239417,64.9154955558676,3.1680689577200236,hammer curl_11.mp4,183
25.415030339375964,170.68187492876706,0.22471678256988525,20.266691207885742,9.034475326538086,24.159422465766713,13.206841082386683,1.4815822247755837,88.99659867776796,16.4609912969739,hammer curl_11.mp4,186
164.8730850208859,166.27833788884945,0.059849128127098083,2.021606206893921,6.993483543395996,6.7608581707167765,11.657934750400736,0.008487071295759437,81.26896173141118,35.69561627658387,hammer curl_11.mp4,189
154.23321508448555,153.25328086565767,0.05688861012458801,0.10870897769927979,8.471564292907715,4.370315294837913,12.58841475029999,0.006373835805698395,80.68260705966561,52.837679687891104,hammer curl_11.mp4,192
152.45359405312172,140.5822530625348,0.11260627955198288,3.013122320175171,9.1980562210083,7.153765978853075,13.32500793337121,0.0810231315208443,77.78483360329884,56.647579781031226,hammer curl_11.mp4,195
109.80347634303436,112.04852569581008,0.8236342668533325,5.96851921081543,6.962432861328125,9.385001225585054,11.787829772789562,0.02023916243390613,87.999605180816,78.10595076241624,hammer curl_11.mp4,198
86.88702317073789,86.02696441380903,0.1237659826874733,4.293560981750488,10.010721206665039,8.406674359465041,14.152966318604369,0.009947821676466006,87.02065345248872,85.86396168404738,hammer curl_11.mp4,201
69.3565009225807,36.10313450868745,0.38471564650535583,6.022037506103516,7.276710033416748,9.42022434460076,11.264528787373424,0.630636855094491,87.6158345174812,81.53418382014016,hammer curl_11.mp4,204
57.86329370430101,20.483480603675467,0.00961495004594326,6.963693141937256,7.773157596588135,10.966790696132687,11.542309292707419,0.9542144761107263,87.01248692501085,74.82598395562378,hammer curl_11.mp4,207
30.452276542236515,15.663743230350967,0.45792943239212036,5.804419040679932,7.709622383117676,10.836378900208814,11.4682229420252,0.6413620856618777,81.35800887227214,77.99391889836247,hammer curl_11.mp4,210
31.403310607232598,12.504401305857224,0.6750599145889282,7.624019145965576,8.558343887329102,12.927385532052885,12.18311023859921,0.8608469208681863,85.15794326521679,78.9705773857742,hammer curl_11.mp4,213
24.790243001873346,16.111010726951918,0.4112541675567627,4.244001865386963,8.50777816772461,9.068175527143474,12.279554042625465,0.42439932685020443,84.17851165150013,77.10832702473917,hammer curl_11.mp4,216
24.389122487880638,29.054368096807178,0.34106922149658203,1.860767126083374,8.056228637695312,6.881308726098091,12.17961433096449,0.17458611171865288,88.19574127765219,82.66202130101469,hammer curl_11.mp4,219
77.8005005375036,63.134436233348886,0.633352518081665,1.7340363264083862,11.269164085388184,6.843810392278479,14.938126118595772,0.20812531853617544,89.03964820244859,86.73617162571017,hammer curl_11.mp4,222
130.82529738464325,105.29254311534966,0.2841450572013855,1.7418289184570312,8.300034523010254,6.774623468913174,12.530195599941411,0.21627128399299722,88.09891490024033,72.91458549740605,hammer curl_11.mp4,225
138.96493453916204,119.89059507810924,0.5080279111862183,1.2768305540084839,8.4041166305542,6.454670347015494,12.34305956712441,0.147374402155944,86.4690858881391,72.28007030772665,hammer curl_11.mp4,228
150.74415773238687,137.30387821032258,0.6771459579467773,2.3038783073425293,11.159926414489746,7.396321169791345,14.643234533297424,0.09331970952745851,81.80337284334398,59.42894305167795,hammer curl_11.mp4,231
150.94997807620433,150.6039496486561,1.1952534914016724,0.6070226430892944,10.893655776977539,6.185451657286535,13.765964145353967,0.0022949687981775376,84.86262558046181,52.33169871122859,hammer curl_11.mp4,234
163.3741891279534,162.4303427020357,0.491570383310318,2.0561022758483887,9.935593605041504,7.1600157739576495,13.916780454812034,0.005793942893404744,77.86957849926287,46.96786068114307,hammer curl_11.mp4,237
165.12428161251657,166.18162062341085,0.7819278836250305,1.551554799079895,9.559066772460938,6.928010845258775,13.083810292436162,0.006382856470461165,75.08097436241404,30.861297093338457,hammer curl_11.mp4,240
169.17143479766096,167.88973117235625,0.7612333297729492,1.9878671169281006,10.80097484588623,7.158673074149212,14.244898050943375,0.0076051693562273325,68.46632013695059,18.945281942385687,hammer curl_11.mp4,243
172.71093862328524,170.58102764977272,0.18506471812725067,1.1744368076324463,10.448446273803711,3.933927926964737,14.961914829125286,0.012408743476498193,57.156484254677665,17.04882276780082,hammer curl_11.mp4,246
176.5358110013564,171.58361372592475,0.47576069831848145,2.9835386276245117,10.793425559997559,8.091700504683216,14.799101893100374,0.028451140175882024,54.508711638442676,4.307769233290927,hammer curl_11.mp4,249
169.95640652095886,172.39746417091757,0.7680725455284119,12.115602493286133,11.368318557739258,17.621285693741974,15.320217592601127,0.014260435525530812,74.00523914113037,9.614639339432571,hammer curl_11.mp4,252
167.15400146355597,174.43859204881,0.6576473116874695,13.459842681884766,10.223177909851074,18.650645369165872,14.043328238411723,0.04265075252570026,78.85723524572491,2.4045002467972214,hammer curl_11.mp4,255
174.70087489641674,173.78656087884212,0.7542939782142639,15.498956680297852,10.046123504638672,20.722775242282456,13.801239501670656,0.005247328446953,89.56139116634996,4.75047242032433,hammer curl_11.mp4,258
37.45755938791904,171.0672781218113,1.2176672220230103,30.32954216003418,10.580525398254395,35.76844935148508,13.63853040320176,1.2814753420216203,77.96475786563992,8.68810983119644,hammer curl_11.mp4,261
160.59429184811927,167.57644036639329,0.4769209623336792,3.0456631183624268,10.085469245910645,7.969841871551136,13.984844706500159,0.042551926987261346,71.06562205622366,6.474153781219604,hammer curl_11.mp4,264
168.3195917884997,163.64390665264486,0.7549630999565125,1.1962217092514038,9.30966567993164,6.570353424894829,12.867470074125075,0.028169875048378694,71.55638389434962,29.229864139460695,hammer curl_11.mp4,267
150.09856814579746,151.06803710685398,0.03459126874804497,2.90749454498291,9.426616668701172,7.8311792311508635,14.017803719287272,0.006438090705596154,82.8131425613813,45.60023919212353,hammer curl_11.mp4,270
147.99274360026064,127.93639173145492,0.3691783845424652,3.587740182876587,8.302528381347656,8.698858714784608,12.374413124264976,0.14537320855729458,81.93976174702823,68.7487976617297,hammer curl_11.mp4,273
84.67307726276411,94.91578680186292,0.42453113198280334,3.458061933517456,8.186259269714355,8.413982678033214,12.033422769723824,0.11406842615155535,88.66028052125708,79.69453684844082,hammer curl_11.mp4,276
79.80103642843744,58.80323004740169,0.2701777517795563,3.8517770767211914,7.877479553222656,8.49153410637333,11.71249947342726,0.30298932226153363,87.93503888856299,84.41126010603544,hammer curl_11.mp4,279
42.78043604878315,23.055182498296958,0.1815817654132843,5.386653900146484,7.038326740264893,9.751147031747601,10.763166042784302,0.5992274086824397,87.5853336063722,80.1690311486123,hammer curl_11.mp4,282
18.396145833130447,13.61791990279933,0.3837437629699707,4.248245716094971,6.695093154907227,8.933117759779524,10.28378689969966,0.29850791022575157,84.67670999631576,76.94381894399572,hammer curl_11.mp4,285
21.971309055100235,13.155906929513492,0.18787924945354462,5.283376216888428,6.316214084625244,10.29932767481498,10.617820167219548,0.5019129400660746,85.2553497818729,76.3613396340201,hammer curl_11.mp4,288
33.243773847711054,9.433818733795944,0.5685563087463379,7.710255146026611,5.661160945892334,11.546148887401197,10.40769721104179,1.1158059147053392,85.23278695324855,73.50104026582211,hammer curl_11.mp4,291
40.048488512279256,18.789676853724053,0.07843723148107529,6.10577917098999,7.23775053024292,10.480998761641578,11.16995643842609,0.7226198004752385,85.10281599444441,77.510784056051,hammer curl_11.mp4,294
10.641037217628426,31.080376799961034,0.20604898035526276,4.00091028213501,8.001591682434082,8.723999879139587,12.049874338991188,0.9798009038579336,87.58471001882704,79.15105178137895,hammer curl_11.mp4,297
121.50048352346334,63.298038525600674,0.5659211874008179,4.742912769317627,8.656057357788086,8.775209495307687,13.630997057282014,0.6299016285683272,88.55105391988246,85.04926619692372,hammer curl_11.mp4,300
88.08434558506974,103.53067505210186,0.3898821771144867,5.402544975280762,6.1951823234558105,9.947063778147413,11.282190343356922,0.16122253271866585,87.53750708591618,70.89727862295155,hammer curl_11.mp4,303
144.3912297657387,139.01271002002073,0.14895465970039368,5.621219158172607,8.182565689086914,10.825747270490766,13.241952609015135,0.03795656298768382,84.46779526063148,55.419105214478364,hammer curl_11.mp4,306
146.12376846229395,151.11538410031181,1.2615803480148315,5.682249546051025,8.350296974182129,11.802064225766909,11.592653015281778,0.033586528524141894,86.43818940057496,51.54354640320353,hammer curl_11.mp4,309
162.71474987532088,163.89026921714822,1.2201385498046875,4.658462047576904,9.560782432556152,11.128611332029234,13.250552319861672,0.007198415658728893,81.99851288593312,46.127503654557636,hammer curl_11.mp4,312
166.04739743180022,165.79529473801085,0.916842520236969,3.0885653495788574,9.344039916992188,8.538239960400928,12.755117592485048,0.0015194108518162674,79.88692575080762,30.912093161845277,hammer curl_11.mp4,315
169.47013356465314,170.45772565064433,0.505591094493866,2.6382482051849365,9.0387544631958,7.703164860543477,12.763575828474945,0.005810598097319774,67.07364720880858,22.117499730177283,hammer curl_11.mp4,318
173.53428119323752,171.94187479105352,0.04762418568134308,1.785534143447876,8.901278495788574,7.447346600359943,14.307882116481093,0.009218618272784095,58.56614203681871,20.661339213667052,hammer curl_11.mp4,321
157.96955455902514,175.21201621805992,0.11704795807600021,3.0349960327148438,8.105124473571777,8.082305615143209,12.817920300474203,0.10350189308982417,82.42348327702196,21.264394410839742,hammer curl_11.mp4,324
36.82539184877637,174.87302145029872,0.6580426692962646,6.173524379730225,8.613636016845703,11.630185043279937,12.552685502268949,1.3041914433859905,88.64252922431456,26.62187699084966,hammer curl_11.mp4,327
161.15834353439527,176.21410627290126,0.615551769733429,4.181621551513672,8.012789726257324,9.753606684524037,12.164502584358399,0.08925306584521454,85.95996126367638,22.111185416187638,hammer curl_11.mp4,330
165.10710430542423,174.33593402640358,0.29849475622177124,1.6870006322860718,7.919313430786133,6.690758942978363,12.205454233641566,0.05437630871049159,74.27079702745804,19.172160566605942,hammer curl_11.mp4,333
173.77256690686482,171.50518240706606,0.29775282740592957,1.904595136642456,8.036600112915039,6.073379128827535,12.678027999727357,0.01313368442828461,73.98683313122035,31.52127562743754,hammer curl_11.mp4,336
166.09390139938847,164.55104217425142,0.04134361818432808,2.145873785018921,8.608464241027832,7.0384310264197065,13.276601173997078,0.009332422921467909,76.702642130748,32.574660954536334,hammer curl_11.mp4,339
156.70431452075624,152.94325420683992,0.26555949449539185,2.745360851287842,7.949272632598877,7.311932016186859,12.747892025587975,0.02429252281470361,81.06555656248311,54.91939403880621,hammer curl_11.mp4,342
160.21516973372366,133.65553584831875,0.19403904676437378,4.899774551391602,8.44074821472168,9.816482166999865,12.670136412202567,0.1807572744129137,84.01480658725445,63.44666426179712,hammer curl_11.mp4,345
100.83296056337235,102.84346949842711,0.22398574650287628,4.981135845184326,7.135267734527588,9.250557322745033,11.546524246843495,0.019742185528730354,87.22228829029216,76.62154629692245,hammer curl_11.mp4,348
75.8902344075386,54.92642369141023,0.09018214046955109,4.114092826843262,7.520885467529297,8.61639080456881,11.969600426659685,0.3205067461709882,88.94229649236337,85.29944668189196,hammer curl_11.mp4,351
37.96126285725749,29.681098228942847,0.4842933714389801,8.430298805236816,6.141822338104248,12.175404982805926,10.63215622845569,0.2448218688807381,87.60459513476275,81.48260691601335,hammer curl_11.mp4,354
29.47560990454967,15.51078528328821,0.538923978805542,7.144054889678955,6.087123394012451,10.586990276401957,10.39142689428381,0.6208465720781676,84.10822907791888,78.67897427732086,hammer curl_11.mp4,357
21.23423364892323,9.216077580022263,0.21153809130191803,7.054509162902832,5.950840950012207,11.282626732425602,9.490033372709028,0.7893617886885,83.03412295313215,70.93691190305998,hammer curl_11.mp4,360
9.87217137237512,8.942415972896113,0.5203008055686951,3.2916011810302734,5.7887091636657715,8.554831404227473,9.685740842562002,0.09883346176207136,83.57841250940878,76.75357389821158,hammer curl_11.mp4,363
11.82651730733007,9.521651521923703,0.24511504173278809,4.668652534484863,6.415682315826416,9.275147266149682,10.258466689294268,0.2159310059650614,84.30258557460739,77.65633213107239,hammer curl_11.mp4,366
20.0520080121959,18.083248160634334,0.4337890148162842,5.535094261169434,6.3537163734436035,9.523468106219122,10.967311277612893,0.1032514292097098,85.88626210875618,80.62790933938123,hammer curl_11.mp4,369
18.93534469290156,31.673029867700482,0.06678345799446106,4.086478233337402,7.024333953857422,8.593360177335985,11.172212729109898,0.5033825047886459,87.9890294813725,83.47286612998516,hammer curl_11.mp4,372
67.83289221585763,70.70258665475751,0.5204864740371704,3.6118555068969727,8.026290893554688,8.883740205797745,12.082107603153558,0.04142901821677072,89.17979050624548,85.36495887038328,hammer curl_11.mp4,375
82.02901226300517,110.13152898490637,0.25505128502845764,3.19753360748291,6.440415859222412,8.386795588511383,10.896178276945758,0.2924899830048394,88.38065072408403,75.550806496039,hammer curl_11.mp4,378
129.2940702182347,127.97869997832467,0.08703053742647171,2.905778408050537,7.291236877441406,7.885132886982018,11.799375679194938,0.010225491325063903,86.26529136624247,70.98590803402493,hammer curl_11.mp4,381
147.19636594009776,147.1397014432817,0.630375862121582,2.8746156692504883,8.633404731750488,8.159137183793655,12.457706155909886,0.00038503264190359635,83.3347376979314,58.69979290481812,hammer curl_11.mp4,384
151.03044732767796,154.5617519056782,0.6258639693260193,2.4144790172576904,9.395212173461914,7.689956000252581,13.123893636083578,0.0231112219936194,83.51414109295791,57.937887249128245,hammer curl_11.mp4,387
156.88658186439562,163.48947239248952,0.8985622525215149,2.7800958156585693,7.782278060913086,8.53379942817655,11.362380758175696,0.04121962575142735,81.79949090965665,53.27535236324983,hammer curl_11.mp4,390
166.99647774083877,165.7953364896056,0.43477243185043335,3.342346668243408,8.43375301361084,8.635517473960414,12.61638550277742,0.0072185744953535864,73.79836135413557,36.3322615874045,hammer curl_11.mp4,393
170.33502622988374,168.59997865837445,1.1512327194213867,1.320874810218811,9.751964569091797,6.858067780506238,12.715195121602116,0.010238231793622517,64.44272043305482,22.1558296176321,hammer curl_11.mp4,396
175.18952497679638,173.15693478137928,0.673393726348877,1.1201497316360474,8.153843879699707,6.537590517815985,11.96838182206537,0.01166993456358441,67.03237184328336,27.353275556597325,hammer curl_11.mp4,399
174.87489436845817,173.8252071851933,0.45903095602989197,0.33478817343711853,9.225008010864258,4.9032472127685836,13.281284639239354,0.006020572856663528,57.26604611125262,12.536980345384862,hammer curl_11.mp4,402
178.88846847742641,175.17829829161926,0.7659915685653687,0.9799931645393372,9.663874626159668,6.341802595465723,13.439921482150938,0.020957460761784886,56.135498826710375,7.303331245303102,hammer curl_11.mp4,405
176.7839280230484,175.73033316021568,1.0953925848007202,2.0617494583129883,9.9489107131958,7.8259641830874385,13.532689174095097,0.005977601356019867,60.750449066615985,5.409896152571359,hammer curl_11.mp4,408
0.4973219006472363,173.5054435130235,1.6048848628997803,9.756855010986328,11.114842414855957,15.665476037670787,13.905274400073221,1.9885674943276923,88.38854835188911,8.772001687110698,hammer curl_11.mp4,411
164.5230031524783,170.66872286541596,1.5248290300369263,8.339051246643066,11.19629955291748,14.039091387875661,13.786185560111518,0.0366698771831233,88.51818677080973,14.494969184912506,hammer curl_11.mp4,414
169.21467436045592,169.12707966342379,0.6829730868339539,2.7026708126068115,10.963379859924316,7.118853646239292,14.011373154218449,0.0005177882776238639,79.73002709595633,9.733310020878914,hammer curl_11.mp4,417
168.77513895037168,161.14659872723695,0.7497029900550842,4.5560832023620605,9.630441665649414,9.177252137168688,12.713596899730621,0.0462445443991275,78.07409799663114,28.849588696877493,hammer curl_11.mp4,420
151.6895945485163,149.98873715418068,0.7608730792999268,4.176238536834717,10.631455421447754,8.651832958330589,13.415082003063656,0.011275966588225618,81.76944909389526,26.22787402225429,hammer curl_11.mp4,423
87.37160732336324,118.86475386242851,0.49255260825157166,6.593848705291748,9.985419273376465,10.729667591845185,12.918467565827305,0.30540828356348,89.3133306353927,60.162272811871844,hammer curl_11.mp4,426
50.64946282418391,92.4449178568725,0.5483454465866089,5.930339336395264,8.367912292480469,10.641166677851487,11.735709430758854,0.5841662661211922,89.39734472718257,69.63967292870319,hammer curl_11.mp4,429
31.271171887255875,55.208902933657235,0.2065850794315338,10.574884414672852,7.080555438995361,14.314720867368726,10.368662954856267,0.5536010715988096,87.43001818419359,77.9007504324065,hammer curl_11.mp4,432
15.068831719090495,24.32724433942787,2.5014121532440186,3.058056592941284,9.713862419128418,9.608566043947114,11.017281194264292,0.4700169939049291,81.39011929763053,67.64563114493619,hammer curl_11.mp4,435
15.78781804755972,16.201439317968177,1.921652913093567,6.554347515106201,10.527467727661133,11.82608405791267,11.93318714266356,0.02586001079563553,87.76607421929927,65.63834243741002,hammer curl_11.mp4,438
12.64487261796848,13.223646923171474,0.8696393370628357,11.094491004943848,8.67710018157959,14.923201230735122,10.613927237035082,0.04474738527518298,84.70531622277562,60.19715376166519,hammer curl_11.mp4,441
12.654136053996238,22.606070810795163,3.5478789806365967,6.850785732269287,11.0286283493042,14.696743036245593,11.323033994110173,0.5644853301604589,86.501363883284,73.13710135169174,hammer curl_11.mp4,444
15.688086590447822,20.692400493029805,1.2853397130966187,6.694730758666992,8.181452751159668,12.07551428216766,10.614576156744256,0.2751097802016354,83.59178052215792,68.64089601454486,hammer curl_11.mp4,447
7.580640694948683,47.846287623712044,1.64947509765625,0.4862648844718933,7.556438446044922,5.435631846694204,9.848379830346017,1.4529272377234377,81.5101144364814,56.374286498532314,hammer curl_11.mp4,450
23.702507250391793,86.1494748073575,1.1962971687316895,2.2447609901428223,7.9945292472839355,7.4443159690253635,10.566431068527852,1.136929282243397,87.27912253746338,59.62672896106402,hammer curl_11.mp4,453
36.39644959658623,109.20166793722126,0.812673807144165,5.1129961013793945,11.120402336120605,9.21381703955218,13.34122359314873,1.000084610623209,88.54079943489553,54.444278093866714,hammer curl_11.mp4,456
89.55948373007462,131.12833749585872,1.2129863500595093,5.8634443283081055,11.417378425598145,10.99490306859213,13.773353356147844,0.37672086782919656,88.36183824404873,29.649957025799594,hammer curl_11.mp4,459
144.366362280576,141.569059816711,1.848060131072998,4.279139518737793,12.675521850585938,9.408261057755832,13.803358078483143,0.019565973626822993,69.11999325213321,5.8537043492510525,hammer curl_11.mp4,462
162.43458569146046,149.08634167439476,0.7303216457366943,2.5063588619232178,10.492958068847656,6.377596834899397,12.806970946024293,0.08569725398505446,65.77172687370415,3.4738258513114886,hammer curl_11.mp4,465
158.97912613750174,154.26214832441713,0.25865593552589417,1.8800479173660278,10.89734935760498,5.622355558772781,13.995340558081235,0.030117217606060148,57.23382260423927,1.0873652888842866,hammer curl_11.mp4,468
158.58805538100938,159.82928411260554,1.2783461809158325,3.1284573078155518,11.610618591308594,2.6074444723942234,14.811851456975416,0.007796238317737982,48.31187491773302,1.863791934203836,hammer curl_11.mp4,471
170.261766144072,160.11067797759372,0.7319427728652954,1.3191578388214111,13.25856876373291,5.478330244053694,15.944848409088706,0.061452390156001936,51.735416319682656,0.6289048853434813,hammer curl_11.mp4,474
172.7748489779077,165.871846432252,1.0547525882720947,0.48411044478416443,12.209273338317871,4.86111381107152,14.287194410929601,0.040768167173726465,51.26522064007789,4.471175944683521,hammer curl_11.mp4,477
177.82732202418705,169.1410109184834,1.7264328002929688,1.0506826639175415,12.260786056518555,5.758915134683475,13.465449296286046,0.05006976303591884,55.98003425450251,8.009274191121659,hammer curl_11.mp4,480
179.16279977043183,172.68007602983528,1.4447880983352661,5.015268325805664,11.019086837768555,9.667292443255285,12.74840274392891,0.03685010660427096,65.13395020591658,12.852549032301663,hammer curl_11.mp4,483
177.82759228454537,170.21228360184853,1.033075213432312,4.026501178741455,12.980826377868652,7.813614821090861,14.76216914100978,0.0437611274472619,46.755864400377675,2.182065756380558,hammer curl_11.mp4,486
177.40859450518124,170.91904923911832,1.1380873918533325,5.6180419921875,12.809636116027832,9.5268732767659,14.440508309524493,0.03726115559652088,46.56936120501019,2.462298836242082,hammer curl_11.mp4,489
176.112036683732,169.708296446883,1.3947895765304565,8.505706787109375,12.875351905822754,12.549888220822071,14.18479002319361,0.03703507066156415,33.36944761410132,5.51815984607521,hammer curl_11.mp4,492
169.95337172533965,168.02216896001266,1.3824373483657837,10.228506088256836,11.07776165008545,14.784053218006825,12.953798530494389,0.011428062287648758,70.47837316614056,2.790644947985495,hammer curl_11.mp4,495
175.70805225741077,164.12341883791038,1.6644366979599,1.4998215436935425,12.410935401916504,6.732224008956811,14.20917198835867,0.0681786968238204,50.73746797758488,7.010141155365985,hammer curl_11.mp4,498
163.89588244880986,158.76163672969827,0.8724976181983948,0.7433145046234131,10.550092697143555,5.324689200246723,13.352540868650255,0.03182473932226016,56.48639723909068,7.33504677790605,hammer curl_11.mp4,501
160.38918731458028,146.11859164685274,1.195343017578125,3.769568920135498,10.927045822143555,7.754207556650806,12.504606353781982,0.09311734740359184,58.07023665886884,1.5098818713621447,hammer curl_11.mp4,504
76.49777081495733,138.74815173550402,0.7957834005355835,3.252859592437744,9.666868209838867,7.741338801270292,12.451498792988245,0.5784117086441252,87.37291686142177,25.40339408023462,hammer curl_11.mp4,507
50.26511071369867,114.35352406401957,0.9141837358474731,7.308818340301514,7.264056205749512,11.973206121491096,9.774891295196293,0.7786289011187392,88.1331671724879,58.319000006462296,hammer curl_11.mp4,510
94.59986748950324,79.18911968126042,1.362595796585083,4.787436008453369,6.226687908172607,10.423734782275634,8.814565212261693,0.17735010784199276,89.00394191071172,58.89108098036671,hammer curl_11.mp4,513
7.631623627123002,37.38353184044191,1.1490200757980347,5.498284816741943,5.028923511505127,10.91291315378033,7.91881714993678,1.3218618442740362,83.16219306509778,63.28514813474548,hammer curl_11.mp4,516
4.951871747930644,23.983844282627288,1.6635589599609375,6.4027557373046875,6.664867401123047,12.308840290965056,9.05347276065303,1.315465808041362,83.92979892956998,65.22129928327622,hammer curl_11.mp4,519
11.12034534579784,22.966412039859314,1.0983744859695435,14.049530982971191,5.345253944396973,19.119976424498052,8.105324468876166,0.6950538920458301,85.60472955466379,60.017045382860786,hammer curl_11.mp4,522
18.092234873649808,24.268674755970224,2.453491687774658,17.479772567749023,0.36197322607040405,23.59950906159435,1.4034663525101618,0.2916103519175453,84.9884402084872,43.29409979439032,hammer curl_11.mp4,525
170.39763530031158,166.42016388795173,0.8842353820800781,1.4528813362121582,7.2373151779174805,5.508794796158625,12.852049127511451,0.02361794074983936,77.76474922500077,54.71132319075351,hammer curl_11.mp4,0
158.48054745698215,155.51934519223028,0.6312063932418823,4.5019097328186035,8.178792953491211,8.582153702374809,13.285966483169556,0.018861167370270455,82.74828461089045,73.56292639632659,hammer curl_11.mp4,3
141.3479570155087,133.5828365069029,0.9908806681632996,4.439986705780029,8.743432998657227,7.893940342036897,13.970776919750833,0.05648781941898271,87.81320116319044,82.54491416734335,hammer curl_11.mp4,6
55.383635886829396,92.4339794279154,0.8836234211921692,6.615861892700195,6.091031551361084,10.512622647586078,11.554608615261953,0.501298082264357,89.12415407674992,86.08523941844449,hammer curl_11.mp4,9
22.799006043111905,59.03174463921994,0.4906231462955475,6.3750834465026855,8.124794960021973,10.782350504063265,13.388560294886878,0.8855531274976091,87.27373598829057,87.23862246434122,hammer curl_11.mp4,12
15.787755287421307,39.0211951868328,0.5074841976165771,6.866454601287842,6.958138465881348,11.148958407761855,12.068803079229152,0.8477972921712903,84.53430800611659,85.25542120116624,hammer curl_11.mp4,15
30.86607618283564,43.9082127317542,0.34877410531044006,5.853214263916016,9.659836769104004,10.182634603645075,14.567758016850323,0.3488401357802493,87.6496722649762,85.37680385318203,hammer curl_11.mp4,18
29.58765792187767,53.84127637251533,0.5317441821098328,6.080800533294678,9.7659330368042,10.221928914157871,14.830382000190696,0.5814198312795101,87.10861448485322,87.02262644567554,hammer curl_11.mp4,21
79.37920525514012,97.77501707809081,0.04537558928132057,5.03230094909668,10.453008651733398,9.66723143259832,14.964203055379352,0.2076813251263949,88.9859502484378,86.31942127377131,hammer curl_11.mp4,24
154.64479548969499,122.96381220329151,0.12122524529695511,2.4717180728912354,10.694411277770996,7.289411288724336,15.04401093122096,0.22824208189855683,86.68993590059718,85.31699944895912,hammer curl_11.mp4,27
152.5287966163199,137.87763261775254,0.435950368642807,3.8677639961242676,10.344740867614746,7.937090044514441,15.081253399398545,0.10090109945023487,86.10863120109269,77.61764077740696,hammer curl_11.mp4,30
160.53354462455593,150.66139402296088,0.5007109642028809,1.9628276824951172,11.485342025756836,6.595257848360929,14.855178565697527,0.0634467298504299,85.22397165310858,69.94595251111863,hammer curl_11.mp4,33
164.7357851833228,165.05231158952557,0.38846728205680847,0.4695812463760376,8.129709243774414,3.62260900143405,12.821060189902825,0.0019195744740343743,80.02306483572552,59.24247321099541,hammer curl_11.mp4,36
170.38975638602648,168.0228601171106,0.2861241400241852,1.4919228553771973,8.271586418151855,2.4187275308354965,12.549668183897785,0.01398822711383117,75.33660451246091,47.3924105396733,hammer curl_11.mp4,39
34.049994229733876,170.8026204004158,0.2787206768989563,26.169109344482422,9.641191482543945,30.578698717076076,13.457043139563341,1.335131859728336,78.9256558992421,37.457899907291036,hammer curl_11.mp4,42
27.389530866804414,171.37094445404412,0.7297483682632446,20.809282302856445,10.879277229309082,25.92353254129776,14.545297355815636,1.448793210569839,78.4201173476942,29.50356771185848,hammer curl_11.mp4,45
34.385099144376106,174.4874711490747,0.842166543006897,29.600194931030273,10.347296714782715,34.85401985161066,13.910616642468037,1.341510489461253,77.00408577175364,32.00826637303432,hammer curl_11.mp4,48
35.15789289289886,171.81635510278517,1.1204415559768677,29.41091537475586,11.300867080688477,34.774234850575,14.47445933550924,1.32053589790297,73.35436298262798,34.39110106490554,hammer curl_11.mp4,51
5.674540808960879,171.6275930505744,0.9200741648674011,17.267162322998047,8.950579643249512,22.668508498027666,12.528715851284662,1.871980315511455,89.57940072779061,37.88456343409578,hammer curl_11.mp4,54
145.876834528389,168.517117627057,0.34225526452064514,4.683167934417725,7.212028980255127,9.696006472773803,11.3970664562346,0.14402492760085886,89.3423346788855,53.72508768918236,hammer curl_11.mp4,57
163.95656786491432,162.86033669378682,0.029313739389181137,1.7069361209869385,6.812871932983398,6.104962179333443,11.000649465869424,0.006708534080314686,81.73618352286088,58.346912079678866,hammer curl_11.mp4,60
154.51028047708965,145.17725180924407,0.21814027428627014,3.4954771995544434,8.08043098449707,7.571756164716827,12.27876720999152,0.06228506469150291,83.72698280420965,74.12869298531972,hammer curl_11.mp4,63
133.9914288052569,118.52093180288342,0.06800812482833862,3.8833465576171875,9.565828323364258,8.03186853236664,13.620225971794104,0.12253259179166494,87.4563178292076,82.88559301103892,hammer curl_11.mp4,66
39.80073424494021,80.70804303623682,0.26490598917007446,6.853015422821045,9.31792163848877,11.449554342971346,13.304707359773028,0.6789100298619686,85.72898390174926,83.60221206596431,hammer curl_11.mp4,69
17.61195373566923,43.51601999222262,0.12122072279453278,5.385705471038818,7.144718170166016,9.959452148561299,11.904596673060457,0.8475355774710956,77.39657233678588,83.36115407752877,hammer curl_11.mp4,72
23.44164969145765,28.820632190178188,0.31760939955711365,7.41898250579834,7.382923603057861,12.5471532065388,11.780371642968793,0.20584568086418098,80.75290174402147,82.5221125284685,hammer curl_11.mp4,75
29.639698179009095,26.329285851066437,0.3411242663860321,4.0799055099487305,7.921605110168457,9.277265890138493,12.357158411817359,0.11829452991906274,85.68617740744692,82.3806291985715,hammer curl_11.mp4,78
23.09600380749879,47.33508026538779,0.42922329902648926,1.268371343612671,7.1880388259887695,6.660823900331057,11.660283713343144,0.6883062152729286,88.830370600832,86.14146297565622,hammer curl_11.mp4,81
91.09078808293214,99.29601875146754,0.24353814125061035,4.978020191192627,7.021913528442383,9.361327208557796,11.6781138561727,0.0861953704142157,89.61161539146003,86.65526128706642,hammer curl_11.mp4,84
146.44224335535066,128.6442634151167,0.4229933023452759,5.320266246795654,7.394763469696045,9.197806914463852,11.96513710285721,0.1293991490108572,87.13141123827654,81.63762332153047,hammer curl_11.mp4,87
153.56095773663148,151.94811644588736,0.09308498352766037,2.407808780670166,8.59371280670166,6.773523269713442,12.822645239019412,0.010558385508252121,81.37284197791922,73.8326977276096,hammer curl_11.mp4,90
155.2395756262904,163.23345890002605,0.15933051705360413,2.815903663635254,6.294168949127197,7.407295967526667,10.986000142122558,0.05020131946571509,84.99528073469722,64.25981882944473,hammer curl_11.mp4,93
172.1971942267736,168.6887824458628,0.6205068230628967,0.9526088833808899,7.048032760620117,3.162545382493064,12.19823160649331,0.020584078084737584,65.11275542285945,37.01405275217788,hammer curl_11.mp4,96
172.1192496009533,173.0065273580063,0.2558673322200775,1.4039267301559448,6.252481460571289,3.299721102371558,11.231823844956688,0.005141764633584637,65.41620909835193,37.30324667224442,hammer curl_11.mp4,99
47.776348304281626,175.74872087864276,0.14563614130020142,6.705361366271973,7.81710147857666,11.442223095197951,12.158926168885122,1.1450382101851264,89.04304580472566,31.38325391877935,hammer curl_11.mp4,102
10.785252639790977,176.47446604208434,0.0919828936457634,13.782843589782715,8.217927932739258,18.35939315374829,12.520306353863045,1.7696193774996873,89.65447325264572,24.363407277092307,hammer curl_11.mp4,105
175.02937093664676,176.32277948483707,0.036099873483181,8.460307121276855,8.25820541381836,13.084458971771742,12.850006982286029,0.007362462683884157,85.88090131861136,33.643620555462704,hammer curl_11.mp4,108
171.5371691255499,175.69961845901,0.1117311343550682,0.7463013529777527,7.661827564239502,3.8058060252272115,12.315150454304044,0.023974702464072607,73.4359189262608,21.279681830684694,hammer curl_11.mp4,111
179.11751259999156,173.26419373432802,0.06140632554888725,0.7071284651756287,7.137660503387451,5.769558053851048,11.942614291117488,0.033221468427252834,70.12613452545244,29.541652962945253,hammer curl_11.mp4,114
174.85897719912262,169.05640893758056,0.2671211361885071,0.864591658115387,7.406646251678467,5.327227847131819,12.262762857585745,0.03374416205523062,67.19562019925876,30.725286409289268,hammer curl_11.mp4,117
166.4039851004382,160.3947844400279,0.08019759505987167,0.2890550494194031,7.828009605407715,4.83598207313782,12.556974523499061,0.03677615230228832,73.09253282075116,49.48117012442946,hammer curl_11.mp4,120
127.08389913255265,147.65140691519014,0.9659709930419922,2.873116970062256,7.894511699676514,6.746832371742848,13.443197691225452,0.14972598956075434,87.0304680294376,60.626734718617556,hammer curl_11.mp4,123
150.76870189752663,129.79824557846084,0.3897531032562256,2.7211453914642334,6.642050743103027,6.838850601391912,11.29724486780433,0.14948629200779653,85.92185163693844,79.81364466566642,hammer curl_11.mp4,126
119.2386902075161,92.18058849965287,0.8243916034698486,4.432741641998291,6.778210639953613,7.883888108169632,11.599992370509518,0.2559662664003377,87.96379287265147,80.55465262869896,hammer curl_11.mp4,129
29.360491337222744,45.49418758233632,0.7512418031692505,3.5400571823120117,6.0040082931518555,7.445818261346793,11.297994459513463,0.4310671417734969,87.52770116997628,84.25182148701984,hammer curl_11.mp4,132
0.09278741380920028,23.260808367738573,0.28909483551979065,3.5577728748321533,6.252110958099365,8.210615117013647,11.287111846506923,1.9841073872003017,84.7599943945781,79.8702410893427,hammer curl_11.mp4,135
20.5541957935355,20.893616229815613,0.25477859377861023,3.6941275596618652,6.8806352615356445,8.819689595089404,11.19760024204791,0.016378207664563334,83.29227382769366,80.26232527502277,hammer curl_11.mp4,138
22.776707246575118,16.398944777595535,0.01597556471824646,4.620444297790527,6.193874359130859,9.489329101269144,10.815178114943611,0.32559828053631995,83.1267332350838,78.49334435576193,hammer curl_11.mp4,141
21.988043377748312,26.12505141618989,0.03418179601430893,4.361027240753174,7.270841121673584,8.887719875768084,11.538570876837005,0.17197014892348195,80.99243204213263,80.7911392674322,hammer curl_11.mp4,144
32.63077298886719,51.55944237813305,0.07216823101043701,3.372443199157715,9.331344604492188,8.116990984070252,14.125467037888649,0.44966435367227403,83.86911815149384,85.80966501014403,hammer curl_11.mp4,147
36.131697825100105,82.71315856252915,0.39001744985580444,4.0496063232421875,7.326330184936523,8.481421375153996,12.406578848924624,0.7839036901268498,87.91651575215013,85.44725779369003,hammer curl_11.mp4,150
138.9508968372114,103.52520162608411,0.042942605912685394,5.307019233703613,8.21367073059082,9.651355700208933,12.329840480117205,0.2921994822222842,86.89008359485622,80.44515615379824,hammer curl_11.mp4,153
144.47605442374416,137.5939442841692,0.1945294886827469,3.327556848526001,9.908007621765137,7.115408181101818,13.802198626622555,0.04879717921863406,86.65699124388209,75.72396019541755,hammer curl_11.mp4,156
158.69728341838237,151.24817422354948,0.0595877543091774,1.2490577697753906,9.327959060668945,5.051288942498067,13.01576480514311,0.04806722609523484,74.05307384013012,41.89887944071849,hammer curl_11.mp4,159
166.35404165931948,160.86788069115454,0.6974878311157227,1.5375698804855347,7.553830146789551,6.662619657687789,11.020961857902552,0.033531744626137464,70.74954657111411,57.99324188994656,hammer curl_11.mp4,162
169.58128731926422,165.45244553407136,0.30475929379463196,0.007033939007669687,8.363197326660156,4.735613752461071,12.263663246339402,0.02464731983868803,61.94652072783865,25.956994966701902,hammer curl_11.mp4,165
177.55191395360498,170.98881573392455,0.2390184849500656,3.2444708347320557,7.61415958404541,7.329513582369494,11.867322595844545,0.03766043770875395,64.86325992012209,20.00454533932958,hammer curl_11.mp4,168
178.624702967311,170.80698013698193,0.1330500692129135,2.2027931213378906,9.36400032043457,6.5211927129211,13.196283747984833,0.04474535772416357,50.87003489603905,6.035529674356426,hammer curl_11.mp4,171
167.12607540417412,173.0605038223599,0.20110192894935608,14.794793128967285,9.61977767944336,19.259832117209946,13.576504976379509,0.03488925654667859,62.84865750066171,0.14815147554245683,hammer curl_11.mp4,174
21.51345605899525,173.73815658026479,0.13835351169109344,19.462125778198242,10.42253303527832,23.714984070650484,14.34561425333577,1.5592670243652687,81.15335657352091,3.0182991907374905,hammer curl_11.mp4,177
152.0714561125937,175.90523542777422,0.21478748321533203,18.429981231689453,9.1749267578125,22.68525029814372,13.897484760916,0.1453382507350954,88.59609754868478,3.765946821913639,hammer curl_11.mp4,180
166.79205282141635,173.50326997912092,0.6096282601356506,12.75849437713623,8.845029830932617,17.590574872836573,12.406213248553657,0.03944348751239417,64.9154955558676,3.1680689577200236,hammer curl_11.mp4,183
25.415030339375964,170.68187492876706,0.22471678256988525,20.266691207885742,9.034475326538086,24.159422465766713,13.206841082386683,1.4815822247755837,88.99659867776796,16.4609912969739,hammer curl_11.mp4,186
164.8730850208859,166.27833788884945,0.059849128127098083,2.021606206893921,6.993483543395996,6.7608581707167765,11.657934750400736,0.008487071295759437,81.26896173141118,35.69561627658387,hammer curl_11.mp4,189
154.23321508448555,153.25328086565767,0.05688861012458801,0.10870897769927979,8.471564292907715,4.370315294837913,12.58841475029999,0.006373835805698395,80.68260705966561,52.837679687891104,hammer curl_11.mp4,192
152.45359405312172,140.5822530625348,0.11260627955198288,3.013122320175171,9.1980562210083,7.153765978853075,13.32500793337121,0.0810231315208443,77.78483360329884,56.647579781031226,hammer curl_11.mp4,195
109.80347634303436,112.04852569581008,0.8236342668533325,5.96851921081543,6.962432861328125,9.385001225585054,11.787829772789562,0.02023916243390613,87.999605180816,78.10595076241624,hammer curl_11.mp4,198
86.88702317073789,86.02696441380903,0.1237659826874733,4.293560981750488,10.010721206665039,8.406674359465041,14.152966318604369,0.009947821676466006,87.02065345248872,85.86396168404738,hammer curl_11.mp4,201
69.3565009225807,36.10313450868745,0.38471564650535583,6.022037506103516,7.276710033416748,9.42022434460076,11.264528787373424,0.630636855094491,87.6158345174812,81.53418382014016,hammer curl_11.mp4,204
57.86329370430101,20.483480603675467,0.00961495004594326,6.963693141937256,7.773157596588135,10.966790696132687,11.542309292707419,0.9542144761107263,87.01248692501085,74.82598395562378,hammer curl_11.mp4,207
30.452276542236515,15.663743230350967,0.45792943239212036,5.804419040679932,7.709622383117676,10.836378900208814,11.4682229420252,0.6413620856618777,81.35800887227214,77.99391889836247,hammer curl_11.mp4,210
31.403310607232598,12.504401305857224,0.6750599145889282,7.624019145965576,8.558343887329102,12.927385532052885,12.18311023859921,0.8608469208681863,85.15794326521679,78.9705773857742,hammer curl_11.mp4,213
24.790243001873346,16.111010726951918,0.4112541675567627,4.244001865386963,8.50777816772461,9.068175527143474,12.279554042625465,0.42439932685020443,84.17851165150013,77.10832702473917,hammer curl_11.mp4,216
24.389122487880638,29.054368096807178,0.34106922149658203,1.860767126083374,8.056228637695312,6.881308726098091,12.17961433096449,0.17458611171865288,88.19574127765219,82.66202130101469,hammer curl_11.mp4,219
77.8005005375036,63.134436233348886,0.633352518081665,1.7340363264083862,11.269164085388184,6.843810392278479,14.938126118595772,0.20812531853617544,89.03964820244859,86.73617162571017,hammer curl_11.mp4,222
130.82529738464325,105.29254311534966,0.2841450572013855,1.7418289184570312,8.300034523010254,6.774623468913174,12.530195599941411,0.21627128399299722,88.09891490024033,72.91458549740605,hammer curl_11.mp4,225
138.96493453916204,119.89059507810924,0.5080279111862183,1.2768305540084839,8.4041166305542,6.454670347015494,12.34305956712441,0.147374402155944,86.4690858881391,72.28007030772665,hammer curl_11.mp4,228
150.74415773238687,137.30387821032258,0.6771459579467773,2.3038783073425293,11.159926414489746,7.396321169791345,14.643234533297424,0.09331970952745851,81.80337284334398,59.42894305167795,hammer curl_11.mp4,231
150.94997807620433,150.6039496486561,1.1952534914016724,0.6070226430892944,10.893655776977539,6.185451657286535,13.765964145353967,0.0022949687981775376,84.86262558046181,52.33169871122859,hammer curl_11.mp4,234
163.3741891279534,162.4303427020357,0.491570383310318,2.0561022758483887,9.935593605041504,7.1600157739576495,13.916780454812034,0.005793942893404744,77.86957849926287,46.96786068114307,hammer curl_11.mp4,237
165.12428161251657,166.18162062341085,0.7819278836250305,1.551554799079895,9.559066772460938,6.928010845258775,13.083810292436162,0.006382856470461165,75.08097436241404,30.861297093338457,hammer curl_11.mp4,240
169.17143479766096,167.88973117235625,0.7612333297729492,1.9878671169281006,10.80097484588623,7.158673074149212,14.244898050943375,0.0076051693562273325,68.46632013695059,18.945281942385687,hammer curl_11.mp4,243
172.71093862328524,170.58102764977272,0.18506471812725067,1.1744368076324463,10.448446273803711,3.933927926964737,14.961914829125286,0.012408743476498193,57.156484254677665,17.04882276780082,hammer curl_11.mp4,246
176.5358110013564,171.58361372592475,0.47576069831848145,2.9835386276245117,10.793425559997559,8.091700504683216,14.799101893100374,0.028451140175882024,54.508711638442676,4.307769233290927,hammer curl_11.mp4,249
169.95640652095886,172.39746417091757,0.7680725455284119,12.115602493286133,11.368318557739258,17.621285693741974,15.320217592601127,0.014260435525530812,74.00523914113037,9.614639339432571,hammer curl_11.mp4,252
167.15400146355597,174.43859204881,0.6576473116874695,13.459842681884766,10.223177909851074,18.650645369165872,14.043328238411723,0.04265075252570026,78.85723524572491,2.4045002467972214,hammer curl_11.mp4,255
174.70087489641674,173.78656087884212,0.7542939782142639,15.498956680297852,10.046123504638672,20.722775242282456,13.801239501670656,0.005247328446953,89.56139116634996,4.75047242032433,hammer curl_11.mp4,258
37.45755938791904,171.0672781218113,1.2176672220230103,30.32954216003418,10.580525398254395,35.76844935148508,13.63853040320176,1.2814753420216203,77.96475786563992,8.68810983119644,hammer curl_11.mp4,261
160.59429184811927,167.57644036639329,0.4769209623336792,3.0456631183624268,10.085469245910645,7.969841871551136,13.984844706500159,0.042551926987261346,71.06562205622366,6.474153781219604,hammer curl_11.mp4,264
168.3195917884997,163.64390665264486,0.7549630999565125,1.1962217092514038,9.30966567993164,6.570353424894829,12.867470074125075,0.028169875048378694,71.55638389434962,29.229864139460695,hammer curl_11.mp4,267
150.09856814579746,151.06803710685398,0.03459126874804497,2.90749454498291,9.426616668701172,7.8311792311508635,14.017803719287272,0.006438090705596154,82.8131425613813,45.60023919212353,hammer curl_11.mp4,270
147.99274360026064,127.93639173145492,0.3691783845424652,3.587740182876587,8.302528381347656,8.698858714784608,12.374413124264976,0.14537320855729458,81.93976174702823,68.7487976617297,hammer curl_11.mp4,273
84.67307726276411,94.91578680186292,0.42453113198280334,3.458061933517456,8.186259269714355,8.413982678033214,12.033422769723824,0.11406842615155535,88.66028052125708,79.69453684844082,hammer curl_11.mp4,276
79.80103642843744,58.80323004740169,0.2701777517795563,3.8517770767211914,7.877479553222656,8.49153410637333,11.71249947342726,0.30298932226153363,87.93503888856299,84.41126010603544,hammer curl_11.mp4,279
42.78043604878315,23.055182498296958,0.1815817654132843,5.386653900146484,7.038326740264893,9.751147031747601,10.763166042784302,0.5992274086824397,87.5853336063722,80.1690311486123,hammer curl_11.mp4,282
18.396145833130447,13.61791990279933,0.3837437629699707,4.248245716094971,6.695093154907227,8.933117759779524,10.28378689969966,0.29850791022575157,84.67670999631576,76.94381894399572,hammer curl_11.mp4,285
21.971309055100235,13.155906929513492,0.18787924945354462,5.283376216888428,6.316214084625244,10.29932767481498,10.617820167219548,0.5019129400660746,85.2553497818729,76.3613396340201,hammer curl_11.mp4,288
33.243773847711054,9.433818733795944,0.5685563087463379,7.710255146026611,5.661160945892334,11.546148887401197,10.40769721104179,1.1158059147053392,85.23278695324855,73.50104026582211,hammer curl_11.mp4,291
40.048488512279256,18.789676853724053,0.07843723148107529,6.10577917098999,7.23775053024292,10.480998761641578,11.16995643842609,0.7226198004752385,85.10281599444441,77.510784056051,hammer curl_11.mp4,294
10.641037217628426,31.080376799961034,0.20604898035526276,4.00091028213501,8.001591682434082,8.723999879139587,12.049874338991188,0.9798009038579336,87.58471001882704,79.15105178137895,hammer curl_11.mp4,297
121.50048352346334,63.298038525600674,0.5659211874008179,4.742912769317627,8.656057357788086,8.775209495307687,13.630997057282014,0.6299016285683272,88.55105391988246,85.04926619692372,hammer curl_11.mp4,300
88.08434558506974,103.53067505210186,0.3898821771144867,5.402544975280762,6.1951823234558105,9.947063778147413,11.282190343356922,0.16122253271866585,87.53750708591618,70.89727862295155,hammer curl_11.mp4,303
144.3912297657387,139.01271002002073,0.14895465970039368,5.621219158172607,8.182565689086914,10.825747270490766,13.241952609015135,0.03795656298768382,84.46779526063148,55.419105214478364,hammer curl_11.mp4,306
146.12376846229395,151.11538410031181,1.2615803480148315,5.682249546051025,8.350296974182129,11.802064225766909,11.592653015281778,0.033586528524141894,86.43818940057496,51.54354640320353,hammer curl_11.mp4,309
162.71474987532088,163.89026921714822,1.2201385498046875,4.658462047576904,9.560782432556152,11.128611332029234,13.250552319861672,0.007198415658728893,81.99851288593312,46.127503654557636,hammer curl_11.mp4,312
166.04739743180022,165.79529473801085,0.916842520236969,3.0885653495788574,9.344039916992188,8.538239960400928,12.755117592485048,0.0015194108518162674,79.88692575080762,30.912093161845277,hammer curl_11.mp4,315
169.47013356465314,170.45772565064433,0.505591094493866,2.6382482051849365,9.0387544631958,7.703164860543477,12.763575828474945,0.005810598097319774,67.07364720880858,22.117499730177283,hammer curl_11.mp4,318
173.53428119323752,171.94187479105352,0.04762418568134308,1.785534143447876,8.901278495788574,7.447346600359943,14.307882116481093,0.009218618272784095,58.56614203681871,20.661339213667052,hammer curl_11.mp4,321
157.96955455902514,175.21201621805992,0.11704795807600021,3.0349960327148438,8.105124473571777,8.082305615143209,12.817920300474203,0.10350189308982417,82.42348327702196,21.264394410839742,hammer curl_11.mp4,324
36.82539184877637,174.87302145029872,0.6580426692962646,6.173524379730225,8.613636016845703,11.630185043279937,12.552685502268949,1.3041914433859905,88.64252922431456,26.62187699084966,hammer curl_11.mp4,327
161.15834353439527,176.21410627290126,0.615551769733429,4.181621551513672,8.012789726257324,9.753606684524037,12.164502584358399,0.08925306584521454,85.95996126367638,22.111185416187638,hammer curl_11.mp4,330
165.10710430542423,174.33593402640358,0.29849475622177124,1.6870006322860718,7.919313430786133,6.690758942978363,12.205454233641566,0.05437630871049159,74.27079702745804,19.172160566605942,hammer curl_11.mp4,333
173.77256690686482,171.50518240706606,0.29775282740592957,1.904595136642456,8.036600112915039,6.073379128827535,12.678027999727357,0.01313368442828461,73.98683313122035,31.52127562743754,hammer curl_11.mp4,336
166.09390139938847,164.55104217425142,0.04134361818432808,2.145873785018921,8.608464241027832,7.0384310264197065,13.276601173997078,0.009332422921467909,76.702642130748,32.574660954536334,hammer curl_11.mp4,339
156.70431452075624,152.94325420683992,0.26555949449539185,2.745360851287842,7.949272632598877,7.311932016186859,12.747892025587975,0.02429252281470361,81.06555656248311,54.91939403880621,hammer curl_11.mp4,342
160.21516973372366,133.65553584831875,0.19403904676437378,4.899774551391602,8.44074821472168,9.816482166999865,12.670136412202567,0.1807572744129137,84.01480658725445,63.44666426179712,hammer curl_11.mp4,345
100.83296056337235,102.84346949842711,0.22398574650287628,4.981135845184326,7.135267734527588,9.250557322745033,11.546524246843495,0.019742185528730354,87.22228829029216,76.62154629692245,hammer curl_11.mp4,348
75.8902344075386,54.92642369141023,0.09018214046955109,4.114092826843262,7.520885467529297,8.61639080456881,11.969600426659685,0.3205067461709882,88.94229649236337,85.29944668189196,hammer curl_11.mp4,351
37.96126285725749,29.681098228942847,0.4842933714389801,8.430298805236816,6.141822338104248,12.175404982805926,10.63215622845569,0.2448218688807381,87.60459513476275,81.48260691601335,hammer curl_11.mp4,354
29.47560990454967,15.51078528328821,0.538923978805542,7.144054889678955,6.087123394012451,10.586990276401957,10.39142689428381,0.6208465720781676,84.10822907791888,78.67897427732086,hammer curl_11.mp4,357
21.23423364892323,9.216077580022263,0.21153809130191803,7.054509162902832,5.950840950012207,11.282626732425602,9.490033372709028,0.7893617886885,83.03412295313215,70.93691190305998,hammer curl_11.mp4,360
9.87217137237512,8.942415972896113,0.5203008055686951,3.2916011810302734,5.7887091636657715,8.554831404227473,9.685740842562002,0.09883346176207136,83.57841250940878,76.75357389821158,hammer curl_11.mp4,363
11.82651730733007,9.521651521923703,0.24511504173278809,4.668652534484863,6.415682315826416,9.275147266149682,10.258466689294268,0.2159310059650614,84.30258557460739,77.65633213107239,hammer curl_11.mp4,366
20.0520080121959,18.083248160634334,0.4337890148162842,5.535094261169434,6.3537163734436035,9.523468106219122,10.967311277612893,0.1032514292097098,85.88626210875618,80.62790933938123,hammer curl_11.mp4,369
18.93534469290156,31.673029867700482,0.06678345799446106,4.086478233337402,7.024333953857422,8.593360177335985,11.172212729109898,0.5033825047886459,87.9890294813725,83.47286612998516,hammer curl_11.mp4,372
67.83289221585763,70.70258665475751,0.5204864740371704,3.6118555068969727,8.026290893554688,8.883740205797745,12.082107603153558,0.04142901821677072,89.17979050624548,85.36495887038328,hammer curl_11.mp4,375
82.02901226300517,110.13152898490637,0.25505128502845764,3.19753360748291,6.440415859222412,8.386795588511383,10.896178276945758,0.2924899830048394,88.38065072408403,75.550806496039,hammer curl_11.mp4,378
129.2940702182347,127.97869997832467,0.08703053742647171,2.905778408050537,7.291236877441406,7.885132886982018,11.799375679194938,0.010225491325063903,86.26529136624247,70.98590803402493,hammer curl_11.mp4,381
147.19636594009776,147.1397014432817,0.630375862121582,2.8746156692504883,8.633404731750488,8.159137183793655,12.457706155909886,0.00038503264190359635,83.3347376979314,58.69979290481812,hammer curl_11.mp4,384
151.03044732767796,154.5617519056782,0.6258639693260193,2.4144790172576904,9.395212173461914,7.689956000252581,13.123893636083578,0.0231112219936194,83.51414109295791,57.937887249128245,hammer curl_11.mp4,387
156.88658186439562,163.48947239248952,0.8985622525215149,2.7800958156585693,7.782278060913086,8.53379942817655,11.362380758175696,0.04121962575142735,81.79949090965665,53.27535236324983,hammer curl_11.mp4,390
166.99647774083877,165.7953364896056,0.43477243185043335,3.342346668243408,8.43375301361084,8.635517473960414,12.61638550277742,0.0072185744953535864,73.79836135413557,36.3322615874045,hammer curl_11.mp4,393
170.33502622988374,168.59997865837445,1.1512327194213867,1.320874810218811,9.751964569091797,6.858067780506238,12.715195121602116,0.010238231793622517,64.44272043305482,22.1558296176321,hammer curl_11.mp4,396
175.18952497679638,173.15693478137928,0.673393726348877,1.1201497316360474,8.153843879699707,6.537590517815985,11.96838182206537,0.01166993456358441,67.03237184328336,27.353275556597325,hammer curl_11.mp4,399
174.87489436845817,173.8252071851933,0.45903095602989197,0.33478817343711853,9.225008010864258,4.9032472127685836,13.281284639239354,0.006020572856663528,57.26604611125262,12.536980345384862,hammer curl_11.mp4,402
178.88846847742641,175.17829829161926,0.7659915685653687,0.9799931645393372,9.663874626159668,6.341802595465723,13.439921482150938,0.020957460761784886,56.135498826710375,7.303331245303102,hammer curl_11.mp4,405
176.7839280230484,175.73033316021568,1.0953925848007202,2.0617494583129883,9.9489107131958,7.8259641830874385,13.532689174095097,0.005977601356019867,60.750449066615985,5.409896152571359,hammer curl_11.mp4,408
0.4973219006472363,173.5054435130235,1.6048848628997803,9.756855010986328,11.114842414855957,15.665476037670787,13.905274400073221,1.9885674943276923,88.38854835188911,8.772001687110698,hammer curl_11.mp4,411
164.5230031524783,170.66872286541596,1.5248290300369263,8.339051246643066,11.19629955291748,14.039091387875661,13.786185560111518,0.0366698771831233,88.51818677080973,14.494969184912506,hammer curl_11.mp4,414
169.21467436045592,169.12707966342379,0.6829730868339539,2.7026708126068115,10.963379859924316,7.118853646239292,14.011373154218449,0.0005177882776238639,79.73002709595633,9.733310020878914,hammer curl_11.mp4,417
168.77513895037168,161.14659872723695,0.7497029900550842,4.5560832023620605,9.630441665649414,9.177252137168688,12.713596899730621,0.0462445443991275,78.07409799663114,28.849588696877493,hammer curl_11.mp4,420
151.6895945485163,149.98873715418068,0.7608730792999268,4.176238536834717,10.631455421447754,8.651832958330589,13.415082003063656,0.011275966588225618,81.76944909389526,26.22787402225429,hammer curl_11.mp4,423
87.37160732336324,118.86475386242851,0.49255260825157166,6.593848705291748,9.985419273376465,10.729667591845185,12.918467565827305,0.30540828356348,89.3133306353927,60.162272811871844,hammer curl_11.mp4,426
50.64946282418391,92.4449178568725,0.5483454465866089,5.930339336395264,8.367912292480469,10.641166677851487,11.735709430758854,0.5841662661211922,89.39734472718257,69.63967292870319,hammer curl_11.mp4,429
31.271171887255875,55.208902933657235,0.2065850794315338,10.574884414672852,7.080555438995361,14.314720867368726,10.368662954856267,0.5536010715988096,87.43001818419359,77.9007504324065,hammer curl_11.mp4,432
15.068831719090495,24.32724433942787,2.5014121532440186,3.058056592941284,9.713862419128418,9.608566043947114,11.017281194264292,0.4700169939049291,81.39011929763053,67.64563114493619,hammer curl_11.mp4,435
15.78781804755972,16.201439317968177,1.921652913093567,6.554347515106201,10.527467727661133,11.82608405791267,11.93318714266356,0.02586001079563553,87.76607421929927,65.63834243741002,hammer curl_11.mp4,438
12.64487261796848,13.223646923171474,0.8696393370628357,11.094491004943848,8.67710018157959,14.923201230735122,10.613927237035082,0.04474738527518298,84.70531622277562,60.19715376166519,hammer curl_11.mp4,441
12.654136053996238,22.606070810795163,3.5478789806365967,6.850785732269287,11.0286283493042,14.696743036245593,11.323033994110173,0.5644853301604589,86.501363883284,73.13710135169174,hammer curl_11.mp4,444
15.688086590447822,20.692400493029805,1.2853397130966187,6.694730758666992,8.181452751159668,12.07551428216766,10.614576156744256,0.2751097802016354,83.59178052215792,68.64089601454486,hammer curl_11.mp4,447
7.580640694948683,47.846287623712044,1.64947509765625,0.4862648844718933,7.556438446044922,5.435631846694204,9.848379830346017,1.4529272377234377,81.5101144364814,56.374286498532314,hammer curl_11.mp4,450
23.702507250391793,86.1494748073575,1.1962971687316895,2.2447609901428223,7.9945292472839355,7.4443159690253635,10.566431068527852,1.136929282243397,87.27912253746338,59.62672896106402,hammer curl_11.mp4,453
36.39644959658623,109.20166793722126,0.812673807144165,5.1129961013793945,11.120402336120605,9.21381703955218,13.34122359314873,1.000084610623209,88.54079943489553,54.444278093866714,hammer curl_11.mp4,456
89.55948373007462,131.12833749585872,1.2129863500595093,5.8634443283081055,11.417378425598145,10.99490306859213,13.773353356147844,0.37672086782919656,88.36183824404873,29.649957025799594,hammer curl_11.mp4,459
144.366362280576,141.569059816711,1.848060131072998,4.279139518737793,12.675521850585938,9.408261057755832,13.803358078483143,0.019565973626822993,69.11999325213321,5.8537043492510525,hammer curl_11.mp4,462
162.43458569146046,149.08634167439476,0.7303216457366943,2.5063588619232178,10.492958068847656,6.377596834899397,12.806970946024293,0.08569725398505446,65.77172687370415,3.4738258513114886,hammer curl_11.mp4,465
158.97912613750174,154.26214832441713,0.25865593552589417,1.8800479173660278,10.89734935760498,5.622355558772781,13.995340558081235,0.030117217606060148,57.23382260423927,1.0873652888842866,hammer curl_11.mp4,468
158.58805538100938,159.82928411260554,1.2783461809158325,3.1284573078155518,11.610618591308594,2.6074444723942234,14.811851456975416,0.007796238317737982,48.31187491773302,1.863791934203836,hammer curl_11.mp4,471
170.261766144072,160.11067797759372,0.7319427728652954,1.3191578388214111,13.25856876373291,5.478330244053694,15.944848409088706,0.061452390156001936,51.735416319682656,0.6289048853434813,hammer curl_11.mp4,474
172.7748489779077,165.871846432252,1.0547525882720947,0.48411044478416443,12.209273338317871,4.86111381107152,14.287194410929601,0.040768167173726465,51.26522064007789,4.471175944683521,hammer curl_11.mp4,477
177.82732202418705,169.1410109184834,1.7264328002929688,1.0506826639175415,12.260786056518555,5.758915134683475,13.465449296286046,0.05006976303591884,55.98003425450251,8.009274191121659,hammer curl_11.mp4,480
179.16279977043183,172.68007602983528,1.4447880983352661,5.015268325805664,11.019086837768555,9.667292443255285,12.74840274392891,0.03685010660427096,65.13395020591658,12.852549032301663,hammer curl_11.mp4,483
177.82759228454537,170.21228360184853,1.033075213432312,4.026501178741455,12.980826377868652,7.813614821090861,14.76216914100978,0.0437611274472619,46.755864400377675,2.182065756380558,hammer curl_11.mp4,486
177.40859450518124,170.91904923911832,1.1380873918533325,5.6180419921875,12.809636116027832,9.5268732767659,14.440508309524493,0.03726115559652088,46.56936120501019,2.462298836242082,hammer curl_11.mp4,489
176.112036683732,169.708296446883,1.3947895765304565,8.505706787109375,12.875351905822754,12.549888220822071,14.18479002319361,0.03703507066156415,33.36944761410132,5.51815984607521,hammer curl_11.mp4,492
169.95337172533965,168.02216896001266,1.3824373483657837,10.228506088256836,11.07776165008545,14.784053218006825,12.953798530494389,0.011428062287648758,70.47837316614056,2.790644947985495,hammer curl_11.mp4,495
175.70805225741077,164.12341883791038,1.6644366979599,1.4998215436935425,12.410935401916504,6.732224008956811,14.20917198835867,0.0681786968238204,50.73746797758488,7.010141155365985,hammer curl_11.mp4,498
163.89588244880986,158.76163672969827,0.8724976181983948,0.7433145046234131,10.550092697143555,5.324689200246723,13.352540868650255,0.03182473932226016,56.48639723909068,7.33504677790605,hammer curl_11.mp4,501
160.38918731458028,146.11859164685274,1.195343017578125,3.769568920135498,10.927045822143555,7.754207556650806,12.504606353781982,0.09311734740359184,58.07023665886884,1.5098818713621447,hammer curl_11.mp4,504
76.49777081495733,138.74815173550402,0.7957834005355835,3.252859592437744,9.666868209838867,7.741338801270292,12.451498792988245,0.5784117086441252,87.37291686142177,25.40339408023462,hammer curl_11.mp4,507
50.26511071369867,114.35352406401957,0.9141837358474731,7.308818340301514,7.264056205749512,11.973206121491096,9.774891295196293,0.7786289011187392,88.1331671724879,58.319000006462296,hammer curl_11.mp4,510
94.59986748950324,79.18911968126042,1.362595796585083,4.787436008453369,6.226687908172607,10.423734782275634,8.814565212261693,0.17735010784199276,89.00394191071172,58.89108098036671,hammer curl_11.mp4,513
7.631623627123002,37.38353184044191,1.1490200757980347,5.498284816741943,5.028923511505127,10.91291315378033,7.91881714993678,1.3218618442740362,83.16219306509778,63.28514813474548,hammer curl_11.mp4,516
4.951871747930644,23.983844282627288,1.6635589599609375,6.4027557373046875,6.664867401123047,12.308840290965056,9.05347276065303,1.315465808041362,83.92979892956998,65.22129928327622,hammer curl_11.mp4,519
11.12034534579784,22.966412039859314,1.0983744859695435,14.049530982971191,5.345253944396973,19.119976424498052,8.105324468876166,0.6950538920458301,85.60472955466379,60.017045382860786,hammer curl_11.mp4,522
18.092234873649808,24.268674755970224,2.453491687774658,17.479772567749023,0.36197322607040405,23.59950906159435,1.4034663525101618,0.2916103519175453,84.9884402084872,43.29409979439032,hammer curl_11.mp4,525
8.598661043782714,29.38728258330151,0.8330271244049072,7.342437744140625,8.08033275604248,12.716079489564502,11.86356890549076,1.09454285214578,87.4386665009855,88.50418944954657,hammer curl_12.mp4,0
59.11827244904821,51.957111069572676,1.2223098278045654,8.077616691589355,8.388434410095215,13.751059106533482,11.798674219893616,0.12894236603333495,88.91580631676884,88.93185014730945,hammer curl_12.mp4,3
89.48849880165976,67.61983253843594,1.1839268207550049,7.892471790313721,8.597452163696289,13.481894619899931,11.95805170721736,0.27838964460623356,88.03297840138603,88.93543469092668,hammer curl_12.mp4,6
107.36916724921404,118.3428844621266,1.149688959121704,7.552735805511475,8.09581184387207,13.081999857357905,11.54019271079681,0.0972364313709457,86.76578177769515,88.42093064959967,hammer curl_12.mp4,9
142.9427836798702,152.14831041623245,1.114609718322754,8.387969970703125,7.732104301452637,13.702529544848192,10.928559969519924,0.06239108479068016,80.85656360402245,85.57392942533573,hammer curl_12.mp4,12
159.33785241454916,160.85648459533206,0.36340755224227905,9.356280326843262,6.036338806152344,14.099331205299707,10.136089765942504,0.009485690440153141,74.58296369152727,83.16255652025481,hammer curl_12.mp4,15
161.3692918233356,166.61239839839092,0.7822598814964294,7.881255149841309,5.1263580322265625,13.130885714241677,8.925637053926318,0.03197194679685203,70.32489350613676,78.98150517614754,hammer curl_12.mp4,18
165.8172866367914,169.8043728343893,0.07659522444009781,8.395398139953613,3.50896954536438,12.842081050746263,8.219840452487105,0.023759409353258792,63.64572982980976,71.38522910588257,hammer curl_12.mp4,21
169.52356420481547,170.7560520480548,0.4258689284324646,8.098501205444336,2.77917742729187,13.255527811487736,7.138502428742862,0.00724397104247025,56.43015148353697,66.21426790142702,hammer curl_12.mp4,24
171.18567994097486,176.501672451489,0.625252902507782,8.495216369628906,2.4709811210632324,13.839967684402323,6.617995059663518,0.030579153793972438,46.9585653998476,61.56025069136204,hammer curl_12.mp4,27
172.49606094777508,176.34157075366957,0.9073150157928467,8.720690727233887,1.7825312614440918,14.503819733973167,5.9214240300731324,0.022047562856897865,47.5113563435588,63.42197928992948,hammer curl_12.mp4,30
173.7004156336666,176.05637722759764,0.6516414880752563,8.84183406829834,0.09023771435022354,14.316613047438528,4.409444167702734,0.013471999069167767,50.15551758448314,63.01413040086873,hammer curl_12.mp4,33
174.514770157054,175.68425216468478,0.4456494152545929,8.867908477783203,0.2711757719516754,13.92438921366274,4.0389542669434,0.0066789564395548255,49.33646212477581,61.92602641638081,hammer curl_12.mp4,36
171.18347380531,174.3529492180551,0.7202348113059998,9.171891212463379,0.42886146903038025,14.449051289108807,4.396588327614533,0.018345246414331152,46.44737995007927,62.520534942094926,hammer curl_12.mp4,39
170.1572922636263,170.87761994180804,0.20821534097194672,8.875442504882812,1.5671089887619019,13.600982486389116,5.92876844624312,0.004224363268402455,52.249883721466205,65.29372366252785,hammer curl_12.mp4,42
160.75439850472463,169.60675563528204,0.9688423275947571,10.429996490478516,2.9565999507904053,13.64801371610883,8.200565478502888,0.05359199784612564,55.58021046566835,68.4125105436317,hammer curl_12.mp4,45
157.6588675108085,163.09569884315277,0.5645443201065063,10.419402122497559,5.371796607971191,14.363480307322245,10.564326404390743,0.033900258344846626,66.55584465848725,81.60193621159054,hammer curl_12.mp4,48
137.8818385434935,147.22755714528986,0.5384313464164734,9.822575569152832,7.215583801269531,14.667315406414723,11.1949092555103,0.06555882579189261,82.12460791162881,83.12113809564718,hammer curl_12.mp4,51
105.83569551825343,103.37924183468047,0.5292060375213623,8.20075798034668,9.377134323120117,12.923171630681521,13.241863155130495,0.023482584127624308,88.62626430932772,87.8619612354713,hammer curl_12.mp4,54
49.14711278744556,65.18605592748771,0.3932235836982727,8.797050476074219,6.991485595703125,13.812000858409718,11.393090856350907,0.28056500699341297,87.11823374410746,88.5927181649174,hammer curl_12.mp4,57
13.110485676808759,35.969415185397,0.1054021492600441,8.255888938903809,7.396313190460205,12.448694980316922,11.625305180921327,0.9314986015463158,86.78924055185666,88.08255455087117,hammer curl_12.mp4,60
4.5530711371866825,37.6667545995114,0.08210788667201996,8.947640419006348,6.911009788513184,12.918864727278379,10.880774930059326,1.5686319346193711,86.12979216530401,87.59395031313174,hammer curl_12.mp4,63
17.189677171098804,46.1148957454678,0.44006699323654175,7.954685688018799,6.694953441619873,12.48339001148463,10.580389588012244,0.9138429418832509,88.24104751212845,88.1122312819557,hammer curl_12.mp4,66
64.63991923371611,71.16929389222602,0.40242406725883484,9.993294715881348,6.477045059204102,14.79123831952302,10.650372856208927,0.09615510624385872,86.91872186709702,88.89377008288719,hammer curl_12.mp4,69
86.22051465323575,94.33179103787604,1.0785597562789917,7.080203533172607,7.568522930145264,12.578115770279668,11.04555184299988,0.08984960179369886,87.89804082361849,88.46231366302843,hammer curl_12.mp4,72
131.3763980577704,138.59271684624127,0.6870872378349304,8.371612548828125,8.357732772827148,13.141780050036084,11.937513645291409,0.05346032853451899,84.77611893717302,86.91407900708673,hammer curl_12.mp4,75
163.1266387539918,161.91041559298478,0.7830658555030823,6.473765850067139,8.196661949157715,11.746920034510568,11.941673556781677,0.0074835969914292914,76.87063780644861,81.31264218150677,hammer curl_12.mp4,78
158.91592427976522,164.79180700623164,1.1401915550231934,8.197845458984375,6.828397750854492,14.003316765109055,10.391161820244623,0.03630362922209636,71.81046136657368,79.13847441665739,hammer curl_12.mp4,81
166.38548913993588,164.88017966901856,0.38548651337623596,8.472603797912598,3.118246555328369,12.411696141083668,7.993501731071174,0.009088231064387527,59.4556772872624,73.61842760348874,hammer curl_12.mp4,84
167.78058103425164,167.51310305748066,0.17948447167873383,8.8698091506958,2.662306785583496,13.828213226719548,7.357514509766482,0.0015954847315155377,58.93707228567839,69.08152115573388,hammer curl_12.mp4,87
166.88563049853565,170.8985594929397,0.23528575897216797,10.28433609008789,1.717908501625061,15.319765192998151,6.421044959011121,0.02376031272810807,59.80267669633174,68.04592529161575,hammer curl_12.mp4,90
8.598661043782714,29.38728258330151,0.8330271244049072,7.342437744140625,8.08033275604248,12.716079489564502,11.86356890549076,1.09454285214578,87.4386665009855,88.50418944954657,hammer curl_12.mp4,0
59.11827244904821,51.957111069572676,1.2223098278045654,8.077616691589355,8.388434410095215,13.751059106533482,11.798674219893616,0.12894236603333495,88.91580631676884,88.93185014730945,hammer curl_12.mp4,3
89.48849880165976,67.61983253843594,1.1839268207550049,7.892471790313721,8.597452163696289,13.481894619899931,11.95805170721736,0.27838964460623356,88.03297840138603,88.93543469092668,hammer curl_12.mp4,6
107.36916724921404,118.3428844621266,1.149688959121704,7.552735805511475,8.09581184387207,13.081999857357905,11.54019271079681,0.0972364313709457,86.76578177769515,88.42093064959967,hammer curl_12.mp4,9
142.9427836798702,152.14831041623245,1.114609718322754,8.387969970703125,7.732104301452637,13.702529544848192,10.928559969519924,0.06239108479068016,80.85656360402245,85.57392942533573,hammer curl_12.mp4,12
159.33785241454916,160.85648459533206,0.36340755224227905,9.356280326843262,6.036338806152344,14.099331205299707,10.136089765942504,0.009485690440153141,74.58296369152727,83.16255652025481,hammer curl_12.mp4,15
161.3692918233356,166.61239839839092,0.7822598814964294,7.881255149841309,5.1263580322265625,13.130885714241677,8.925637053926318,0.03197194679685203,70.32489350613676,78.98150517614754,hammer curl_12.mp4,18
165.8172866367914,169.8043728343893,0.07659522444009781,8.395398139953613,3.50896954536438,12.842081050746263,8.219840452487105,0.023759409353258792,63.64572982980976,71.38522910588257,hammer curl_12.mp4,21
169.52356420481547,170.7560520480548,0.4258689284324646,8.098501205444336,2.77917742729187,13.255527811487736,7.138502428742862,0.00724397104247025,56.43015148353697,66.21426790142702,hammer curl_12.mp4,24
171.18567994097486,176.501672451489,0.625252902507782,8.495216369628906,2.4709811210632324,13.839967684402323,6.617995059663518,0.030579153793972438,46.9585653998476,61.56025069136204,hammer curl_12.mp4,27
172.49606094777508,176.34157075366957,0.9073150157928467,8.720690727233887,1.7825312614440918,14.503819733973167,5.9214240300731324,0.022047562856897865,47.5113563435588,63.42197928992948,hammer curl_12.mp4,30
173.7004156336666,176.05637722759764,0.6516414880752563,8.84183406829834,0.09023771435022354,14.316613047438528,4.409444167702734,0.013471999069167767,50.15551758448314,63.01413040086873,hammer curl_12.mp4,33
174.514770157054,175.68425216468478,0.4456494152545929,8.867908477783203,0.2711757719516754,13.92438921366274,4.0389542669434,0.0066789564395548255,49.33646212477581,61.92602641638081,hammer curl_12.mp4,36
171.18347380531,174.3529492180551,0.7202348113059998,9.171891212463379,0.42886146903038025,14.449051289108807,4.396588327614533,0.018345246414331152,46.44737995007927,62.520534942094926,hammer curl_12.mp4,39
170.1572922636263,170.87761994180804,0.20821534097194672,8.875442504882812,1.5671089887619019,13.600982486389116,5.92876844624312,0.004224363268402455,52.249883721466205,65.29372366252785,hammer curl_12.mp4,42
160.75439850472463,169.60675563528204,0.9688423275947571,10.429996490478516,2.9565999507904053,13.64801371610883,8.200565478502888,0.05359199784612564,55.58021046566835,68.4125105436317,hammer curl_12.mp4,45
157.6588675108085,163.09569884315277,0.5645443201065063,10.419402122497559,5.371796607971191,14.363480307322245,10.564326404390743,0.033900258344846626,66.55584465848725,81.60193621159054,hammer curl_12.mp4,48
137.8818385434935,147.22755714528986,0.5384313464164734,9.822575569152832,7.215583801269531,14.667315406414723,11.1949092555103,0.06555882579189261,82.12460791162881,83.12113809564718,hammer curl_12.mp4,51
105.83569551825343,103.37924183468047,0.5292060375213623,8.20075798034668,9.377134323120117,12.923171630681521,13.241863155130495,0.023482584127624308,88.62626430932772,87.8619612354713,hammer curl_12.mp4,54
49.14711278744556,65.18605592748771,0.3932235836982727,8.797050476074219,6.991485595703125,13.812000858409718,11.393090856350907,0.28056500699341297,87.11823374410746,88.5927181649174,hammer curl_12.mp4,57
13.110485676808759,35.969415185397,0.1054021492600441,8.255888938903809,7.396313190460205,12.448694980316922,11.625305180921327,0.9314986015463158,86.78924055185666,88.08255455087117,hammer curl_12.mp4,60
4.5530711371866825,37.6667545995114,0.08210788667201996,8.947640419006348,6.911009788513184,12.918864727278379,10.880774930059326,1.5686319346193711,86.12979216530401,87.59395031313174,hammer curl_12.mp4,63
17.189677171098804,46.1148957454678,0.44006699323654175,7.954685688018799,6.694953441619873,12.48339001148463,10.580389588012244,0.9138429418832509,88.24104751212845,88.1122312819557,hammer curl_12.mp4,66
64.63991923371611,71.16929389222602,0.40242406725883484,9.993294715881348,6.477045059204102,14.79123831952302,10.650372856208927,0.09615510624385872,86.91872186709702,88.89377008288719,hammer curl_12.mp4,69
86.22051465323575,94.33179103787604,1.0785597562789917,7.080203533172607,7.568522930145264,12.578115770279668,11.04555184299988,0.08984960179369886,87.89804082361849,88.46231366302843,hammer curl_12.mp4,72
131.3763980577704,138.59271684624127,0.6870872378349304,8.371612548828125,8.357732772827148,13.141780050036084,11.937513645291409,0.05346032853451899,84.77611893717302,86.91407900708673,hammer curl_12.mp4,75
163.1266387539918,161.91041559298478,0.7830658555030823,6.473765850067139,8.196661949157715,11.746920034510568,11.941673556781677,0.0074835969914292914,76.87063780644861,81.31264218150677,hammer curl_12.mp4,78
158.91592427976522,164.79180700623164,1.1401915550231934,8.197845458984375,6.828397750854492,14.003316765109055,10.391161820244623,0.03630362922209636,71.81046136657368,79.13847441665739,hammer curl_12.mp4,81
166.38548913993588,164.88017966901856,0.38548651337623596,8.472603797912598,3.118246555328369,12.411696141083668,7.993501731071174,0.009088231064387527,59.4556772872624,73.61842760348874,hammer curl_12.mp4,84
167.78058103425164,167.51310305748066,0.17948447167873383,8.8698091506958,2.662306785583496,13.828213226719548,7.357514509766482,0.0015954847315155377,58.93707228567839,69.08152115573388,hammer curl_12.mp4,87
166.88563049853565,170.8985594929397,0.23528575897216797,10.28433609008789,1.717908501625061,15.319765192998151,6.421044959011121,0.02376031272810807,59.80267669633174,68.04592529161575,hammer curl_12.mp4,90
4.171430952144778,27.989694027291,0.6256297826766968,6.424892425537109,8.487581253051758,10.87482115542347,11.894394231362826,1.481183453027586,82.42791498002944,83.04418243177027,hammer curl_13.mp4,0
3.7762093957280727,33.74621499587905,1.0584498643875122,8.156301498413086,9.877060890197754,12.914006312594443,12.787575241567138,1.5974450524499988,82.10592051587216,83.43341456696442,hammer curl_13.mp4,3
25.15751158556098,24.1857766714627,0.6504715085029602,9.654402732849121,7.1577348709106445,14.429644463527444,10.855906966288181,0.03938671087490639,87.19360403297526,86.39287483257432,hammer curl_13.mp4,6
65.63264638923759,63.00386412155173,0.8711123466491699,5.260238170623779,7.159504413604736,10.328263802328982,10.60658244000237,0.040871479757146806,79.57437647942758,87.6173809040915,hammer curl_13.mp4,9
85.40708880509635,91.28468042142946,0.3348924219608307,5.965742588043213,9.322301864624023,11.038829769828642,13.813445574003227,0.06652931986659551,87.11559141896801,87.82446937117865,hammer curl_13.mp4,12
100.23663876223682,114.47161127934189,0.013516134582459927,6.2123637199401855,7.018439769744873,10.349956152264985,11.240516971845137,0.1325982817553441,79.98675427863992,87.17012412046346,hammer curl_13.mp4,15
150.5385032099508,144.02189903995148,0.3156335949897766,8.994757652282715,6.593640327453613,13.499519958540713,10.505825929774828,0.04424630140524242,43.25981753671306,79.89855360966448,hammer curl_13.mp4,18
158.70646001942666,156.0037159090318,0.26022109389305115,9.913376808166504,6.176961421966553,14.779006888373651,10.572016662736647,0.017176083375259287,38.74160436317707,71.68547774868135,hammer curl_13.mp4,21
158.70923442692748,161.12891553394772,0.5835391879081726,10.580175399780273,5.59254789352417,15.677335060141287,9.60498489332588,0.015130659724715334,40.96004677749093,68.08505881121016,hammer curl_13.mp4,24
161.18112383091824,164.79028392139753,1.1686869859695435,9.622099876403809,4.1147260665893555,15.228150519002046,7.502396020881246,0.022144028615059735,33.145195475221506,64.89225038152938,hammer curl_13.mp4,27
164.9049972425308,165.00955308517123,0.9350258708000183,9.710830688476562,2.4904074668884277,14.923877540139877,5.897807481809076,0.0006338358980321908,36.459479351297766,57.988413100721,hammer curl_13.mp4,30
168.43446759228314,169.34037343688445,1.30321204662323,9.504742622375488,1.9336377382278442,15.2778163249224,5.230195254359608,0.005363962821156831,37.545776740053476,56.55409997965854,hammer curl_13.mp4,33
170.4090044991603,169.53463239773527,0.843503475189209,10.16348648071289,0.4372044801712036,16.03256662019475,3.7390548446643566,0.005144218079247178,35.71556896289274,60.24655746429915,hammer curl_13.mp4,36
172.95343550841469,165.55521958255628,0.8551741242408752,10.387290954589844,3.0436697006225586,16.06986758034225,0.8223435283852543,0.04371064558966866,36.90504534453699,64.43547712598696,hammer curl_13.mp4,39
172.9612624064218,164.19547130245977,1.0712581872940063,10.24760913848877,3.7089247703552246,16.060858853657095,0.0,0.051998315486890906,40.880165606139336,66.48292581318962,hammer curl_13.mp4,42
171.7963944126319,166.95413965240516,1.3342111110687256,10.39521312713623,2.149073839187622,16.22459318546668,0.9791878356721055,0.028588912921371702,33.00129947711758,63.56102435082053,hammer curl_13.mp4,45
170.46464999114298,170.18562128039096,0.6992312073707581,9.527514457702637,0.15476347506046295,14.712591732761208,3.65976703210432,0.0016382121740898343,28.16283764700093,56.32949362096781,hammer curl_13.mp4,48
165.90134172527968,169.71699744481595,0.9345923662185669,10.19333267211914,3.469651699066162,15.239198133834446,6.771814713132075,0.02273806448700912,28.981185770131084,53.67648235673431,hammer curl_13.mp4,51
158.99459292843153,166.70416979027942,0.752967894077301,10.558077812194824,7.26876974105835,15.425735881440561,10.762178499669465,0.04734176327532599,26.735866125961667,59.62812584418188,hammer curl_13.mp4,54
154.86492722333247,154.86784596592153,0.4198836088180542,10.828697204589844,9.303845405578613,15.116559891370711,12.860981682233614,1.8846843742146428e-05,29.972047326713113,66.864757398155,hammer curl_13.mp4,57
124.33459947198706,137.72696369268024,0.18381761014461517,7.584897518157959,12.51673698425293,11.73083926359576,17.234721440215278,0.10220777178435773,76.63063060584514,84.12603102673327,hammer curl_13.mp4,60
108.58576493646359,109.10033838318029,1.3539609909057617,4.496952056884766,11.909149169921875,10.33601352037524,15.126221365370958,0.004727664640687803,82.8048463276853,87.00642793883658,hammer curl_13.mp4,63
34.972159889518736,27.931117658621833,0.875923752784729,6.735904216766357,7.760149002075195,12.079252020658869,11.393246449038076,0.22386885088804206,86.0365180360935,86.5500325518602,hammer curl_13.mp4,66
4.332099683893836,39.281493395965086,1.646060824394226,5.1840972900390625,11.754876136779785,10.92551526268729,14.477464933665313,1.6026835325434874,80.5474968178013,83.4201300130184,hammer curl_13.mp4,69
3.609885005462228,28.486917735185116,0.641129732131958,5.497889518737793,8.170397758483887,10.479891061483176,12.19752042667553,1.550125283863159,80.82235993980201,82.93584117505968,hammer curl_13.mp4,72
2.962599346357289,35.41878487816152,1.2671654224395752,5.426787853240967,10.90543270111084,10.388188746085808,13.720639872510127,1.6912462219677091,80.12841331415962,82.69890311084283,hammer curl_13.mp4,75
5.547577144085806,32.43396117433914,1.2069382667541504,5.569913864135742,10.542886734008789,10.624249680886944,13.412491040254839,1.4157606679775092,82.17455442430847,84.0014162033466,hammer curl_13.mp4,78
4.823001666433106,20.362986548374817,1.1251614093780518,7.4439520835876465,7.637938022613525,13.026374955957039,11.296425490477146,1.234018276305322,79.66410042151092,84.20580595137123,hammer curl_13.mp4,81
34.092184483441436,39.76510923251842,1.6075413227081299,5.472641944885254,7.833682060241699,11.62549160165882,10.944940162543807,0.1536185382284355,87.92840066730346,86.5230145920724,hammer curl_13.mp4,84
94.00130414995313,77.4110246350312,1.349526047706604,6.773904800415039,8.233585357666016,12.646557375532819,11.422943549280424,0.19357160167554105,88.14730357824513,87.93874255311526,hammer curl_13.mp4,87
113.76838165234176,122.39119954858025,0.8088632225990295,6.895262241363525,8.982041358947754,12.10030244452028,12.580514903837683,0.07302534881193144,82.92583207349469,85.94013177519096,hammer curl_13.mp4,90
129.04999905382905,135.37016503875412,0.36902254819869995,7.660181522369385,9.071293830871582,11.312558175186998,13.6029864472484,0.047803963866478415,71.82560231936847,83.96216737632353,hammer curl_13.mp4,93
154.92432131123996,153.4128410136385,0.44123604893684387,7.844793796539307,7.5357184410095215,13.503557137418547,12.336747474388966,0.009804074774541028,54.15242764508218,80.13302885625743,hammer curl_13.mp4,96
156.35114819981462,161.33759000977113,1.2244412899017334,9.879521369934082,7.880661487579346,15.649228372885837,11.28552393337469,0.031391996065449825,46.423530904326014,72.25852197311383,hammer curl_13.mp4,99
158.91935162554228,165.61541702674356,0.8605784177780151,10.160270690917969,6.159723281860352,15.707663463967515,10.001167955482527,0.04126562727937235,34.38324102524342,63.45430187516831,hammer curl_13.mp4,102
160.87637471873393,167.88864057203432,0.4274706542491913,10.63459587097168,3.626605272293091,15.304337024320683,7.552423067707872,0.04265822412459892,29.24775508101616,54.4381148205341,hammer curl_13.mp4,105
164.89500777051535,172.01040398438502,0.897110104560852,9.80463981628418,3.6384403705596924,15.030887612825445,7.060025455242446,0.042239726437200385,33.77674156250878,54.85138642865423,hammer curl_13.mp4,108
166.11701137883668,172.15734978265328,0.8364661931991577,10.436882019042969,2.199854612350464,15.919431023321874,6.041891171462213,0.035712658701514695,32.817333270896505,51.77943204557686,hammer curl_13.mp4,111
168.49444391121426,170.70267332672407,0.4348811209201813,10.665058135986328,0.9150820374488831,14.77749399984315,4.093760098302973,0.013020331266322571,34.653040826403426,57.960208426956754,hammer curl_13.mp4,114
170.48549428897385,165.80465009920195,0.10847516357898712,10.04151439666748,3.1207375526428223,14.821199662728873,1.496194439615809,0.02783812887700247,34.34951909157013,62.02904236494932,hammer curl_13.mp4,117
171.05038066076216,166.31462270106326,0.2099899798631668,10.205260276794434,4.407249927520752,15.070591846272766,0.0625572578997782,0.028074980584869857,31.4148964985054,58.14205632280925,hammer curl_13.mp4,120
169.77824428467363,165.44070321219644,0.004865400027483702,10.485601425170898,3.3147101402282715,15.005504295240819,1.1715292349491178,0.025878853834881713,28.3395751824525,59.146523018790226,hammer curl_13.mp4,123
168.55386977126255,172.73909400533788,0.0676267072558403,9.853056907653809,1.1166309118270874,14.14026472283049,5.369763867887448,0.02452569890550006,27.63432643563336,52.88532070656418,hammer curl_13.mp4,126
164.2341628713232,165.34895924030025,0.023045141249895096,10.585723876953125,2.206190347671509,14.845358102892963,6.591837557379474,0.006764887484738853,27.255851890746786,54.763739487546644,hammer curl_13.mp4,129
160.44406469217262,166.30821519144055,0.09001994132995605,10.872721672058105,5.973898887634277,15.274122137397661,10.633581380873787,0.035893555211652724,30.981583998613893,62.198436594574254,hammer curl_13.mp4,132
153.36212779330302,150.91110864175545,0.3170219659805298,12.438630104064941,8.34128189086914,16.552894344037625,13.093130137855377,0.016110645683230798,39.97990324140431,67.62466769383202,hammer curl_13.mp4,135
145.27697565220373,135.4539707119501,0.6753965616226196,11.153804779052734,10.224926948547363,15.772999906306353,13.70679630108634,0.06998163235991517,56.255187061724556,78.63972927109036,hammer curl_13.mp4,138
142.26781619245503,111.32669680453361,0.7759109139442444,11.564376831054688,11.770686149597168,16.560432484623668,15.341801291580662,0.2440204168635844,85.05323379250176,86.58526902122328,hammer curl_13.mp4,141
85.67227171294464,74.60158106597913,1.4795689582824707,8.638471603393555,12.527783393859863,14.530985284984265,15.566125901924847,0.13814718314953137,82.67949814908116,86.56710770598255,hammer curl_13.mp4,144
3.104947167068433,44.56975287653133,1.1145925521850586,8.575870513916016,11.326884269714355,14.264204415876822,14.92180873469304,1.739488897530231,82.80320414771683,84.98477434368486,hammer curl_13.mp4,147
1.5169771190099133,34.42363629690933,1.3940030336380005,6.480346202850342,11.266029357910156,12.402349953045935,14.675702229788497,1.8311684776823538,82.03574297686517,83.16493836997667,hammer curl_13.mp4,150
3.0194742509836217,32.5578288078726,1.4977091550827026,5.921904563903809,9.443735122680664,11.868285743613514,12.738788577386735,1.6605167911700958,80.40245378021368,83.305930973952,hammer curl_13.mp4,153
1.8769058229010784,27.76155528331534,1.4911407232284546,4.19083833694458,8.951817512512207,10.013254377284126,12.195030975654825,1.7466932151200774,80.40936092892682,82.63776307572552,hammer curl_13.mp4,156
2.713609188237336,27.916291787698782,1.390399694442749,4.77323579788208,8.911128997802734,10.523492107784623,12.295087837103543,1.6456261232618103,80.15784071299024,82.62674409146948,hammer curl_13.mp4,159
2.6439725626283312,34.733089512814985,1.7164746522903442,5.032850742340088,10.503679275512695,10.78543513825833,13.034099863994616,1.7170486479336833,80.0930451420161,83.37850156773715,hammer curl_13.mp4,162
6.804002489537727,47.07352388958326,1.5182361602783203,7.241644382476807,11.852519989013672,12.46797645553665,14.157309406103378,1.4948541295931161,80.42861425713086,85.55500198355534,hammer curl_13.mp4,165
23.95967808269241,35.026931686217715,0.6024419665336609,7.593400955200195,7.49705171585083,12.637350913917903,11.34947680596761,0.3752463024026339,84.84287526930966,86.39577795822106,hammer curl_13.mp4,168
67.13522225871337,38.83180368232168,0.6402744650840759,7.974618434906006,6.773748397827148,12.787143211565201,10.42290422389673,0.5341929402103069,83.95882924100334,87.47723147043575,hammer curl_13.mp4,171
87.44204705737268,93.47554990358682,1.5739843845367432,5.734285354614258,8.918079376220703,11.430355928498008,11.541831388323976,0.06669890544164289,81.371316097903,85.3966047058238,hammer curl_13.mp4,174
119.95157488493874,123.22401578720803,1.7934582233428955,5.4998979568481445,8.125130653381348,11.180845937587506,10.302975341805785,0.026914221885709348,69.34547465476791,83.65033479218242,hammer curl_13.mp4,177
146.35196543383913,136.6923829880574,1.2389634847640991,8.979787826538086,7.510115146636963,14.00158073108294,10.178499800702163,0.06825490422005155,54.47250473525206,78.34214314562362,hammer curl_13.mp4,180
147.47355284952462,152.32539309471755,1.2948822975158691,7.705627918243408,7.321285247802734,13.157557345476402,10.30417821883793,0.03236729355342895,38.16660586082664,73.98544131081337,hammer curl_13.mp4,183
154.77293611665553,159.39267276626276,0.8319471478462219,8.158758163452148,7.008598327636719,13.47433397655632,10.996729348084006,0.02940956310293591,29.131187797916464,74.79746221442142,hammer curl_13.mp4,186
158.34834934731384,157.0605864861498,0.8033581376075745,9.473575592041016,3.180666208267212,14.192661902335962,6.605597205772089,0.008165671386330002,16.95053700802166,67.10422437854719,hammer curl_13.mp4,189
163.13905605531656,165.9555318263099,1.1061551570892334,8.043925285339355,2.2824742794036865,13.07107167145473,5.273511750499447,0.017116512241194443,17.491551417559048,58.95877611635559,hammer curl_13.mp4,192
166.15759124434706,169.3751575893578,0.7695252299308777,9.898679733276367,0.8826470375061035,15.065678750426427,4.5473027084560185,0.019178851281699556,28.73012584793969,60.67477797225875,hammer curl_13.mp4,195
168.5289261195515,165.00540786292333,0.4650377333164215,10.07629108428955,0.83423912525177,15.072128509545069,3.24256465827095,0.021128369092060575,31.73634796799747,71.11829585816375,hammer curl_13.mp4,198
170.8871241643315,153.51320511010337,0.20447784662246704,9.5901460647583,4.014071941375732,13.94481050237334,0.13847642022149,0.10711406547020008,27.644807253839552,74.70801116463826,hammer curl_13.mp4,201
170.14696907024367,31.132314346616326,0.020776301622390747,11.182944297790527,0.8884812593460083,15.512189980558336,3.3259602549394334,1.3813111052837037,24.884767042533056,87.80753867692626,hammer curl_13.mp4,204
170.39657076123544,154.5647176488858,0.2656869888305664,11.45004940032959,1.8327513933181763,16.373959346329865,2.3911376582530695,0.09743839452266616,33.07850898728472,83.21235703159856,hammer curl_13.mp4,207
171.12652666347847,26.62474506959701,0.7646307349205017,10.572372436523438,0.5254212617874146,15.96660159599874,3.1700885176537974,1.4614498336974524,29.509195006762905,87.4766943854163,hammer curl_13.mp4,210
169.18542250485083,163.2536317149763,0.5908567309379578,10.635252952575684,2.0324513912200928,15.560092517125412,1.763474178547952,0.03568648577583846,27.704836496810564,66.12020208492991,hammer curl_13.mp4,213
167.13217722135383,162.63138597352844,0.4404667317867279,10.520853996276855,0.8883857131004333,14.968897478237079,2.639749338122624,0.027297080394328047,36.97182823182536,74.97784910440802,hammer curl_13.mp4,216
161.66767785600166,161.4783272955243,0.25753042101860046,10.67333984375,0.05117024481296539,14.847930425239046,3.7014221044282074,0.0011719195500409342,22.98459607816371,56.83433661619437,hammer curl_13.mp4,219
154.33847434653248,158.27444964617646,0.35119447112083435,10.544782638549805,2.8969664573669434,14.335935177046178,7.484064730055302,0.025181142541219975,21.40303902838086,68.0276803941401,hammer curl_13.mp4,222
143.76370560431423,148.94161291949032,0.42333129048347473,10.997973442077637,6.046308517456055,15.031796207006494,9.247221344659122,0.035379659934365024,28.603629051515362,73.45609320254731,hammer curl_13.mp4,225
131.58763192694232,131.3443659688139,1.1573914289474487,8.36522388458252,8.289460182189941,13.15809743744199,10.815997088825473,0.0018504096882485904,50.74596381842129,79.38445621194032,hammer curl_13.mp4,228
101.65199443867796,84.67866670072786,0.8311699628829956,7.379569053649902,8.71965503692627,12.012896828185669,11.71857104284952,0.1821850213395773,70.83511648686147,84.41765291275507,hammer curl_13.mp4,231
58.913325065328216,63.212674635234734,0.23056617379188538,5.849487781524658,10.320323944091797,9.780521917628729,13.77359720556294,0.07040842376640459,71.77954098406494,84.95033234603966,hammer curl_13.mp4,234
21.059065712978025,25.766557089248916,0.3389430344104767,4.317386150360107,9.123397827148438,7.8187878478451704,13.193875035345945,0.2010647630317054,65.02686472988113,82.30613347499161,hammer curl_13.mp4,237
13.70265929651048,35.01333353761262,0.2772834599018097,3.727663516998291,10.725346565246582,7.703190338500952,14.129566593537351,0.8748943827816265,67.41102095581978,81.00757625512774,hammer curl_13.mp4,240
15.002879224439832,33.347925852188474,0.19892534613609314,3.6738271713256836,9.588850975036621,7.022527051474952,13.589185192213847,0.758831072147596,70.06016356895644,82.01776407423026,hammer curl_13.mp4,243
16.3391795266987,32.43947506248455,0.36094915866851807,4.176005840301514,8.397514343261719,7.600263929006981,12.587396194878856,0.6601369255213577,72.57512471230211,82.2459003576473,hammer curl_13.mp4,246
18.30029707781121,34.94344909453934,0.8763228058815002,5.693976879119873,7.439002990722656,8.329116534036123,11.925504617213756,0.6251683329288694,77.36013527009801,83.89020154233434,hammer curl_13.mp4,249
50.00047955425238,44.589881388043636,0.32021746039390564,1.7869997024536133,9.17941951751709,5.178578506380567,13.196717569580182,0.11440062417161996,63.39469271619183,85.35189413924218,hammer curl_13.mp4,252
72.67439645899148,68.03901635382115,0.32886579632759094,6.584660053253174,7.102212905883789,10.948788692176677,10.898815659108184,0.06588398380098494,76.841796526994,85.30043298286193,hammer curl_13.mp4,255
111.75408625506532,98.25750483662092,0.6896178722381592,6.418095111846924,8.254557609558105,10.930973520287985,11.540482909999445,0.12853177625374113,61.05197864576826,84.19810442233022,hammer curl_13.mp4,258
125.1704974942597,125.38939942019873,0.5955418944358826,6.483090400695801,7.956920623779297,11.08720279204342,11.32941572461444,0.0017473021711351968,52.008466866798706,81.4567244574529,hammer curl_13.mp4,261
143.44543367307756,133.53355225143355,0.360416442155838,9.173393249511719,5.1465277671813965,12.68552597804849,7.993428055876049,0.07157136046664156,39.281033458762856,79.57297004358965,hammer curl_13.mp4,264
150.03664882735083,148.27572924511725,0.4018004536628723,8.577600479125977,3.4631540775299072,11.314037899477404,6.976763855235639,0.011805876736404207,26.080606047262116,76.21300266627709,hammer curl_13.mp4,267
153.7595629756152,157.9336650434996,0.15174701809883118,10.198463439941406,4.15052604675293,13.912179152318116,8.300210566808623,0.026783399141596987,11.173642101830424,70.32106779787655,hammer curl_13.mp4,270
158.94054462411657,161.11341098819065,0.18602263927459717,9.92597770690918,0.8251852989196777,13.854408121038674,4.5871881138513455,0.013578125350252834,16.53695743711155,63.21962719443675,hammer curl_13.mp4,273
161.5278227069171,165.17402162486326,0.07420530915260315,10.191414833068848,1.6939340829849243,14.059827349486774,5.960917568126918,0.02232126314073252,17.10012798809189,59.58521468088568,hammer curl_13.mp4,276
166.1373936558898,166.96914102001907,0.40459179878234863,10.180342674255371,0.4452888071537018,14.593411101066213,4.186521203865314,0.004993882001975692,17.9855738876486,54.528632811201646,hammer curl_13.mp4,279
170.1484659679594,173.06256752383803,0.10020428895950317,9.533326148986816,1.3626806735992432,13.874645549516321,5.9852358242637225,0.01698139786609323,19.9686097038598,52.453976134505695,hammer curl_13.mp4,282
170.55924560340492,164.79343439819553,0.33513227105140686,10.3558988571167,2.4812333583831787,14.582075467971253,2.502332663218307,0.034386552122868806,32.1817354654086,66.92117848903567,hammer curl_13.mp4,285
170.74670254291328,166.27541556219458,0.11742226034402847,11.562165260314941,2.364793539047241,15.75527567153631,2.123569483281107,0.02653408628405944,24.909702044739703,64.84761448211674,hammer curl_13.mp4,288
4.171430952144778,27.989694027291,0.6256297826766968,6.424892425537109,8.487581253051758,10.87482115542347,11.894394231362826,1.481183453027586,82.42791498002944,83.04418243177027,hammer curl_13.mp4,0
3.7762093957280727,33.74621499587905,1.0584498643875122,8.156301498413086,9.877060890197754,12.914006312594443,12.787575241567138,1.5974450524499988,82.10592051587216,83.43341456696442,hammer curl_13.mp4,3
25.15751158556098,24.1857766714627,0.6504715085029602,9.654402732849121,7.1577348709106445,14.429644463527444,10.855906966288181,0.03938671087490639,87.19360403297526,86.39287483257432,hammer curl_13.mp4,6
65.63264638923759,63.00386412155173,0.8711123466491699,5.260238170623779,7.159504413604736,10.328263802328982,10.60658244000237,0.040871479757146806,79.57437647942758,87.6173809040915,hammer curl_13.mp4,9
85.40708880509635,91.28468042142946,0.3348924219608307,5.965742588043213,9.322301864624023,11.038829769828642,13.813445574003227,0.06652931986659551,87.11559141896801,87.82446937117865,hammer curl_13.mp4,12
100.23663876223682,114.47161127934189,0.013516134582459927,6.2123637199401855,7.018439769744873,10.349956152264985,11.240516971845137,0.1325982817553441,79.98675427863992,87.17012412046346,hammer curl_13.mp4,15
150.5385032099508,144.02189903995148,0.3156335949897766,8.994757652282715,6.593640327453613,13.499519958540713,10.505825929774828,0.04424630140524242,43.25981753671306,79.89855360966448,hammer curl_13.mp4,18
158.70646001942666,156.0037159090318,0.26022109389305115,9.913376808166504,6.176961421966553,14.779006888373651,10.572016662736647,0.017176083375259287,38.74160436317707,71.68547774868135,hammer curl_13.mp4,21
158.70923442692748,161.12891553394772,0.5835391879081726,10.580175399780273,5.59254789352417,15.677335060141287,9.60498489332588,0.015130659724715334,40.96004677749093,68.08505881121016,hammer curl_13.mp4,24
161.18112383091824,164.79028392139753,1.1686869859695435,9.622099876403809,4.1147260665893555,15.228150519002046,7.502396020881246,0.022144028615059735,33.145195475221506,64.89225038152938,hammer curl_13.mp4,27
164.9049972425308,165.00955308517123,0.9350258708000183,9.710830688476562,2.4904074668884277,14.923877540139877,5.897807481809076,0.0006338358980321908,36.459479351297766,57.988413100721,hammer curl_13.mp4,30
168.43446759228314,169.34037343688445,1.30321204662323,9.504742622375488,1.9336377382278442,15.2778163249224,5.230195254359608,0.005363962821156831,37.545776740053476,56.55409997965854,hammer curl_13.mp4,33
170.4090044991603,169.53463239773527,0.843503475189209,10.16348648071289,0.4372044801712036,16.03256662019475,3.7390548446643566,0.005144218079247178,35.71556896289274,60.24655746429915,hammer curl_13.mp4,36
172.95343550841469,165.55521958255628,0.8551741242408752,10.387290954589844,3.0436697006225586,16.06986758034225,0.8223435283852543,0.04371064558966866,36.90504534453699,64.43547712598696,hammer curl_13.mp4,39
172.9612624064218,164.19547130245977,1.0712581872940063,10.24760913848877,3.7089247703552246,16.060858853657095,0.0,0.051998315486890906,40.880165606139336,66.48292581318962,hammer curl_13.mp4,42
171.7963944126319,166.95413965240516,1.3342111110687256,10.39521312713623,2.149073839187622,16.22459318546668,0.9791878356721055,0.028588912921371702,33.00129947711758,63.56102435082053,hammer curl_13.mp4,45
170.46464999114298,170.18562128039096,0.6992312073707581,9.527514457702637,0.15476347506046295,14.712591732761208,3.65976703210432,0.0016382121740898343,28.16283764700093,56.32949362096781,hammer curl_13.mp4,48
165.90134172527968,169.71699744481595,0.9345923662185669,10.19333267211914,3.469651699066162,15.239198133834446,6.771814713132075,0.02273806448700912,28.981185770131084,53.67648235673431,hammer curl_13.mp4,51
158.99459292843153,166.70416979027942,0.752967894077301,10.558077812194824,7.26876974105835,15.425735881440561,10.762178499669465,0.04734176327532599,26.735866125961667,59.62812584418188,hammer curl_13.mp4,54
154.86492722333247,154.86784596592153,0.4198836088180542,10.828697204589844,9.303845405578613,15.116559891370711,12.860981682233614,1.8846843742146428e-05,29.972047326713113,66.864757398155,hammer curl_13.mp4,57
124.33459947198706,137.72696369268024,0.18381761014461517,7.584897518157959,12.51673698425293,11.73083926359576,17.234721440215278,0.10220777178435773,76.63063060584514,84.12603102673327,hammer curl_13.mp4,60
108.58576493646359,109.10033838318029,1.3539609909057617,4.496952056884766,11.909149169921875,10.33601352037524,15.126221365370958,0.004727664640687803,82.8048463276853,87.00642793883658,hammer curl_13.mp4,63
34.972159889518736,27.931117658621833,0.875923752784729,6.735904216766357,7.760149002075195,12.079252020658869,11.393246449038076,0.22386885088804206,86.0365180360935,86.5500325518602,hammer curl_13.mp4,66
4.332099683893836,39.281493395965086,1.646060824394226,5.1840972900390625,11.754876136779785,10.92551526268729,14.477464933665313,1.6026835325434874,80.5474968178013,83.4201300130184,hammer curl_13.mp4,69
3.609885005462228,28.486917735185116,0.641129732131958,5.497889518737793,8.170397758483887,10.479891061483176,12.19752042667553,1.550125283863159,80.82235993980201,82.93584117505968,hammer curl_13.mp4,72
2.962599346357289,35.41878487816152,1.2671654224395752,5.426787853240967,10.90543270111084,10.388188746085808,13.720639872510127,1.6912462219677091,80.12841331415962,82.69890311084283,hammer curl_13.mp4,75
5.547577144085806,32.43396117433914,1.2069382667541504,5.569913864135742,10.542886734008789,10.624249680886944,13.412491040254839,1.4157606679775092,82.17455442430847,84.0014162033466,hammer curl_13.mp4,78
4.823001666433106,20.362986548374817,1.1251614093780518,7.4439520835876465,7.637938022613525,13.026374955957039,11.296425490477146,1.234018276305322,79.66410042151092,84.20580595137123,hammer curl_13.mp4,81
34.092184483441436,39.76510923251842,1.6075413227081299,5.472641944885254,7.833682060241699,11.62549160165882,10.944940162543807,0.1536185382284355,87.92840066730346,86.5230145920724,hammer curl_13.mp4,84
94.00130414995313,77.4110246350312,1.349526047706604,6.773904800415039,8.233585357666016,12.646557375532819,11.422943549280424,0.19357160167554105,88.14730357824513,87.93874255311526,hammer curl_13.mp4,87
113.76838165234176,122.39119954858025,0.8088632225990295,6.895262241363525,8.982041358947754,12.10030244452028,12.580514903837683,0.07302534881193144,82.92583207349469,85.94013177519096,hammer curl_13.mp4,90
129.04999905382905,135.37016503875412,0.36902254819869995,7.660181522369385,9.071293830871582,11.312558175186998,13.6029864472484,0.047803963866478415,71.82560231936847,83.96216737632353,hammer curl_13.mp4,93
154.92432131123996,153.4128410136385,0.44123604893684387,7.844793796539307,7.5357184410095215,13.503557137418547,12.336747474388966,0.009804074774541028,54.15242764508218,80.13302885625743,hammer curl_13.mp4,96
156.35114819981462,161.33759000977113,1.2244412899017334,9.879521369934082,7.880661487579346,15.649228372885837,11.28552393337469,0.031391996065449825,46.423530904326014,72.25852197311383,hammer curl_13.mp4,99
158.91935162554228,165.61541702674356,0.8605784177780151,10.160270690917969,6.159723281860352,15.707663463967515,10.001167955482527,0.04126562727937235,34.38324102524342,63.45430187516831,hammer curl_13.mp4,102
160.87637471873393,167.88864057203432,0.4274706542491913,10.63459587097168,3.626605272293091,15.304337024320683,7.552423067707872,0.04265822412459892,29.24775508101616,54.4381148205341,hammer curl_13.mp4,105
164.89500777051535,172.01040398438502,0.897110104560852,9.80463981628418,3.6384403705596924,15.030887612825445,7.060025455242446,0.042239726437200385,33.77674156250878,54.85138642865423,hammer curl_13.mp4,108
166.11701137883668,172.15734978265328,0.8364661931991577,10.436882019042969,2.199854612350464,15.919431023321874,6.041891171462213,0.035712658701514695,32.817333270896505,51.77943204557686,hammer curl_13.mp4,111
168.49444391121426,170.70267332672407,0.4348811209201813,10.665058135986328,0.9150820374488831,14.77749399984315,4.093760098302973,0.013020331266322571,34.653040826403426,57.960208426956754,hammer curl_13.mp4,114
170.48549428897385,165.80465009920195,0.10847516357898712,10.04151439666748,3.1207375526428223,14.821199662728873,1.496194439615809,0.02783812887700247,34.34951909157013,62.02904236494932,hammer curl_13.mp4,117
171.05038066076216,166.31462270106326,0.2099899798631668,10.205260276794434,4.407249927520752,15.070591846272766,0.0625572578997782,0.028074980584869857,31.4148964985054,58.14205632280925,hammer curl_13.mp4,120
169.77824428467363,165.44070321219644,0.004865400027483702,10.485601425170898,3.3147101402282715,15.005504295240819,1.1715292349491178,0.025878853834881713,28.3395751824525,59.146523018790226,hammer curl_13.mp4,123
168.55386977126255,172.73909400533788,0.0676267072558403,9.853056907653809,1.1166309118270874,14.14026472283049,5.369763867887448,0.02452569890550006,27.63432643563336,52.88532070656418,hammer curl_13.mp4,126
164.2341628713232,165.34895924030025,0.023045141249895096,10.585723876953125,2.206190347671509,14.845358102892963,6.591837557379474,0.006764887484738853,27.255851890746786,54.763739487546644,hammer curl_13.mp4,129
160.44406469217262,166.30821519144055,0.09001994132995605,10.872721672058105,5.973898887634277,15.274122137397661,10.633581380873787,0.035893555211652724,30.981583998613893,62.198436594574254,hammer curl_13.mp4,132
153.36212779330302,150.91110864175545,0.3170219659805298,12.438630104064941,8.34128189086914,16.552894344037625,13.093130137855377,0.016110645683230798,39.97990324140431,67.62466769383202,hammer curl_13.mp4,135
145.27697565220373,135.4539707119501,0.6753965616226196,11.153804779052734,10.224926948547363,15.772999906306353,13.70679630108634,0.06998163235991517,56.255187061724556,78.63972927109036,hammer curl_13.mp4,138
142.26781619245503,111.32669680453361,0.7759109139442444,11.564376831054688,11.770686149597168,16.560432484623668,15.341801291580662,0.2440204168635844,85.05323379250176,86.58526902122328,hammer curl_13.mp4,141
85.67227171294464,74.60158106597913,1.4795689582824707,8.638471603393555,12.527783393859863,14.530985284984265,15.566125901924847,0.13814718314953137,82.67949814908116,86.56710770598255,hammer curl_13.mp4,144
3.104947167068433,44.56975287653133,1.1145925521850586,8.575870513916016,11.326884269714355,14.264204415876822,14.92180873469304,1.739488897530231,82.80320414771683,84.98477434368486,hammer curl_13.mp4,147
1.5169771190099133,34.42363629690933,1.3940030336380005,6.480346202850342,11.266029357910156,12.402349953045935,14.675702229788497,1.8311684776823538,82.03574297686517,83.16493836997667,hammer curl_13.mp4,150
3.0194742509836217,32.5578288078726,1.4977091550827026,5.921904563903809,9.443735122680664,11.868285743613514,12.738788577386735,1.6605167911700958,80.40245378021368,83.305930973952,hammer curl_13.mp4,153
1.8769058229010784,27.76155528331534,1.4911407232284546,4.19083833694458,8.951817512512207,10.013254377284126,12.195030975654825,1.7466932151200774,80.40936092892682,82.63776307572552,hammer curl_13.mp4,156
2.713609188237336,27.916291787698782,1.390399694442749,4.77323579788208,8.911128997802734,10.523492107784623,12.295087837103543,1.6456261232618103,80.15784071299024,82.62674409146948,hammer curl_13.mp4,159
2.6439725626283312,34.733089512814985,1.7164746522903442,5.032850742340088,10.503679275512695,10.78543513825833,13.034099863994616,1.7170486479336833,80.0930451420161,83.37850156773715,hammer curl_13.mp4,162
6.804002489537727,47.07352388958326,1.5182361602783203,7.241644382476807,11.852519989013672,12.46797645553665,14.157309406103378,1.4948541295931161,80.42861425713086,85.55500198355534,hammer curl_13.mp4,165
23.95967808269241,35.026931686217715,0.6024419665336609,7.593400955200195,7.49705171585083,12.637350913917903,11.34947680596761,0.3752463024026339,84.84287526930966,86.39577795822106,hammer curl_13.mp4,168
67.13522225871337,38.83180368232168,0.6402744650840759,7.974618434906006,6.773748397827148,12.787143211565201,10.42290422389673,0.5341929402103069,83.95882924100334,87.47723147043575,hammer curl_13.mp4,171
87.44204705737268,93.47554990358682,1.5739843845367432,5.734285354614258,8.918079376220703,11.430355928498008,11.541831388323976,0.06669890544164289,81.371316097903,85.3966047058238,hammer curl_13.mp4,174
119.95157488493874,123.22401578720803,1.7934582233428955,5.4998979568481445,8.125130653381348,11.180845937587506,10.302975341805785,0.026914221885709348,69.34547465476791,83.65033479218242,hammer curl_13.mp4,177
146.35196543383913,136.6923829880574,1.2389634847640991,8.979787826538086,7.510115146636963,14.00158073108294,10.178499800702163,0.06825490422005155,54.47250473525206,78.34214314562362,hammer curl_13.mp4,180
147.47355284952462,152.32539309471755,1.2948822975158691,7.705627918243408,7.321285247802734,13.157557345476402,10.30417821883793,0.03236729355342895,38.16660586082664,73.98544131081337,hammer curl_13.mp4,183
154.77293611665553,159.39267276626276,0.8319471478462219,8.158758163452148,7.008598327636719,13.47433397655632,10.996729348084006,0.02940956310293591,29.131187797916464,74.79746221442142,hammer curl_13.mp4,186
158.34834934731384,157.0605864861498,0.8033581376075745,9.473575592041016,3.180666208267212,14.192661902335962,6.605597205772089,0.008165671386330002,16.95053700802166,67.10422437854719,hammer curl_13.mp4,189
163.13905605531656,165.9555318263099,1.1061551570892334,8.043925285339355,2.2824742794036865,13.07107167145473,5.273511750499447,0.017116512241194443,17.491551417559048,58.95877611635559,hammer curl_13.mp4,192
166.15759124434706,169.3751575893578,0.7695252299308777,9.898679733276367,0.8826470375061035,15.065678750426427,4.5473027084560185,0.019178851281699556,28.73012584793969,60.67477797225875,hammer curl_13.mp4,195
168.5289261195515,165.00540786292333,0.4650377333164215,10.07629108428955,0.83423912525177,15.072128509545069,3.24256465827095,0.021128369092060575,31.73634796799747,71.11829585816375,hammer curl_13.mp4,198
170.8871241643315,153.51320511010337,0.20447784662246704,9.5901460647583,4.014071941375732,13.94481050237334,0.13847642022149,0.10711406547020008,27.644807253839552,74.70801116463826,hammer curl_13.mp4,201
170.14696907024367,31.132314346616326,0.020776301622390747,11.182944297790527,0.8884812593460083,15.512189980558336,3.3259602549394334,1.3813111052837037,24.884767042533056,87.80753867692626,hammer curl_13.mp4,204
170.39657076123544,154.5647176488858,0.2656869888305664,11.45004940032959,1.8327513933181763,16.373959346329865,2.3911376582530695,0.09743839452266616,33.07850898728472,83.21235703159856,hammer curl_13.mp4,207
171.12652666347847,26.62474506959701,0.7646307349205017,10.572372436523438,0.5254212617874146,15.96660159599874,3.1700885176537974,1.4614498336974524,29.509195006762905,87.4766943854163,hammer curl_13.mp4,210
169.18542250485083,163.2536317149763,0.5908567309379578,10.635252952575684,2.0324513912200928,15.560092517125412,1.763474178547952,0.03568648577583846,27.704836496810564,66.12020208492991,hammer curl_13.mp4,213
167.13217722135383,162.63138597352844,0.4404667317867279,10.520853996276855,0.8883857131004333,14.968897478237079,2.639749338122624,0.027297080394328047,36.97182823182536,74.97784910440802,hammer curl_13.mp4,216
161.66767785600166,161.4783272955243,0.25753042101860046,10.67333984375,0.05117024481296539,14.847930425239046,3.7014221044282074,0.0011719195500409342,22.98459607816371,56.83433661619437,hammer curl_13.mp4,219
154.33847434653248,158.27444964617646,0.35119447112083435,10.544782638549805,2.8969664573669434,14.335935177046178,7.484064730055302,0.025181142541219975,21.40303902838086,68.0276803941401,hammer curl_13.mp4,222
143.76370560431423,148.94161291949032,0.42333129048347473,10.997973442077637,6.046308517456055,15.031796207006494,9.247221344659122,0.035379659934365024,28.603629051515362,73.45609320254731,hammer curl_13.mp4,225
131.58763192694232,131.3443659688139,1.1573914289474487,8.36522388458252,8.289460182189941,13.15809743744199,10.815997088825473,0.0018504096882485904,50.74596381842129,79.38445621194032,hammer curl_13.mp4,228
101.65199443867796,84.67866670072786,0.8311699628829956,7.379569053649902,8.71965503692627,12.012896828185669,11.71857104284952,0.1821850213395773,70.83511648686147,84.41765291275507,hammer curl_13.mp4,231
58.913325065328216,63.212674635234734,0.23056617379188538,5.849487781524658,10.320323944091797,9.780521917628729,13.77359720556294,0.07040842376640459,71.77954098406494,84.95033234603966,hammer curl_13.mp4,234
21.059065712978025,25.766557089248916,0.3389430344104767,4.317386150360107,9.123397827148438,7.8187878478451704,13.193875035345945,0.2010647630317054,65.02686472988113,82.30613347499161,hammer curl_13.mp4,237
13.70265929651048,35.01333353761262,0.2772834599018097,3.727663516998291,10.725346565246582,7.703190338500952,14.129566593537351,0.8748943827816265,67.41102095581978,81.00757625512774,hammer curl_13.mp4,240
15.002879224439832,33.347925852188474,0.19892534613609314,3.6738271713256836,9.588850975036621,7.022527051474952,13.589185192213847,0.758831072147596,70.06016356895644,82.01776407423026,hammer curl_13.mp4,243
16.3391795266987,32.43947506248455,0.36094915866851807,4.176005840301514,8.397514343261719,7.600263929006981,12.587396194878856,0.6601369255213577,72.57512471230211,82.2459003576473,hammer curl_13.mp4,246
18.30029707781121,34.94344909453934,0.8763228058815002,5.693976879119873,7.439002990722656,8.329116534036123,11.925504617213756,0.6251683329288694,77.36013527009801,83.89020154233434,hammer curl_13.mp4,249
50.00047955425238,44.589881388043636,0.32021746039390564,1.7869997024536133,9.17941951751709,5.178578506380567,13.196717569580182,0.11440062417161996,63.39469271619183,85.35189413924218,hammer curl_13.mp4,252
72.67439645899148,68.03901635382115,0.32886579632759094,6.584660053253174,7.102212905883789,10.948788692176677,10.898815659108184,0.06588398380098494,76.841796526994,85.30043298286193,hammer curl_13.mp4,255
111.75408625506532,98.25750483662092,0.6896178722381592,6.418095111846924,8.254557609558105,10.930973520287985,11.540482909999445,0.12853177625374113,61.05197864576826,84.19810442233022,hammer curl_13.mp4,258
125.1704974942597,125.38939942019873,0.5955418944358826,6.483090400695801,7.956920623779297,11.08720279204342,11.32941572461444,0.0017473021711351968,52.008466866798706,81.4567244574529,hammer curl_13.mp4,261
143.44543367307756,133.53355225143355,0.360416442155838,9.173393249511719,5.1465277671813965,12.68552597804849,7.993428055876049,0.07157136046664156,39.281033458762856,79.57297004358965,hammer curl_13.mp4,264
150.03664882735083,148.27572924511725,0.4018004536628723,8.577600479125977,3.4631540775299072,11.314037899477404,6.976763855235639,0.011805876736404207,26.080606047262116,76.21300266627709,hammer curl_13.mp4,267
153.7595629756152,157.9336650434996,0.15174701809883118,10.198463439941406,4.15052604675293,13.912179152318116,8.300210566808623,0.026783399141596987,11.173642101830424,70.32106779787655,hammer curl_13.mp4,270
158.94054462411657,161.11341098819065,0.18602263927459717,9.92597770690918,0.8251852989196777,13.854408121038674,4.5871881138513455,0.013578125350252834,16.53695743711155,63.21962719443675,hammer curl_13.mp4,273
161.5278227069171,165.17402162486326,0.07420530915260315,10.191414833068848,1.6939340829849243,14.059827349486774,5.960917568126918,0.02232126314073252,17.10012798809189,59.58521468088568,hammer curl_13.mp4,276
166.1373936558898,166.96914102001907,0.40459179878234863,10.180342674255371,0.4452888071537018,14.593411101066213,4.186521203865314,0.004993882001975692,17.9855738876486,54.528632811201646,hammer curl_13.mp4,279
170.1484659679594,173.06256752383803,0.10020428895950317,9.533326148986816,1.3626806735992432,13.874645549516321,5.9852358242637225,0.01698139786609323,19.9686097038598,52.453976134505695,hammer curl_13.mp4,282
170.55924560340492,164.79343439819553,0.33513227105140686,10.3558988571167,2.4812333583831787,14.582075467971253,2.502332663218307,0.034386552122868806,32.1817354654086,66.92117848903567,hammer curl_13.mp4,285
170.74670254291328,166.27541556219458,0.11742226034402847,11.562165260314941,2.364793539047241,15.75527567153631,2.123569483281107,0.02653408628405944,24.909702044739703,64.84761448211674,hammer curl_13.mp4,288
160.13151805889302,174.97597410893843,0.08240888267755508,4.379097938537598,8.449318885803223,9.025498193476155,13.104341506258756,0.08859519048061677,85.55268564825266,20.720164360358403,hammer curl_14.mp4,0
16.04007064822288,176.0263993647041,0.7870845198631287,16.724767684936523,8.537952423095703,22.313093926324488,12.351891161961388,1.6659475097940146,83.09590710963555,21.23229531546411,hammer curl_14.mp4,3
63.57021099727086,176.0366632796916,0.6344688534736633,8.63217830657959,8.302762031555176,14.038612727992154,12.27481623849074,0.9387581439121847,89.19602000826704,21.15128079819042,hammer curl_14.mp4,6
162.38093684147137,174.636480005299,0.4741164743900299,3.990159273147583,7.989246845245361,9.123263171925457,12.070321994393455,0.0727294350451911,84.07713336483839,20.744898168067337,hammer curl_14.mp4,9
173.52313039919014,171.73238110051324,0.18202504515647888,0.8509373664855957,7.682652473449707,5.6861684467483276,11.9868289522064,0.010373472625524986,65.56599821512806,30.66190908577222,hammer curl_14.mp4,12
166.07136811841897,165.13902807307576,0.3610360026359558,2.1887052059173584,8.27421760559082,6.5764988786213,13.194518398386604,0.005629896018144082,68.86429405581347,25.521115150689596,hammer curl_14.mp4,15
166.05459431664724,154.0111046877123,0.39667442440986633,3.8613972663879395,7.561340808868408,8.257757047406782,12.465144646830405,0.07525635934371645,80.60959320689496,51.29619800346957,hammer curl_14.mp4,18
147.2608774908322,135.77751474233247,0.046394024044275284,4.750609874725342,7.7780327796936035,9.631780756149794,12.473068954300587,0.08114349899952675,84.30590239643352,65.64679741215187,hammer curl_14.mp4,21
96.91241620709464,104.11300171905489,0.2515968084335327,4.7424187660217285,7.000045299530029,9.090877147547486,11.608073952810722,0.07163855781267944,88.07442646213083,80.08255708508527,hammer curl_14.mp4,24
51.4361718158711,55.24884785981825,0.3603547215461731,6.326007843017578,7.216530799865723,10.659755800179406,12.038516119524797,0.0714753778091294,88.93305253672571,85.22195735139927,hammer curl_14.mp4,27
39.644094945309845,30.125875005564954,0.28029587864875793,7.927499771118164,6.817589282989502,12.074942911676338,11.259615031624566,0.2728457514442587,85.74316122081873,80.9705897010154,hammer curl_14.mp4,30
7.556137798142501,15.912332479090974,0.40540286898612976,7.4842529296875,6.115143775939941,11.598242893827303,10.748929447215188,0.7121209505550715,83.72453564632927,77.44022704630285,hammer curl_14.mp4,33
17.177805595794297,8.872809124715166,0.43248558044433594,4.627946376800537,5.644532680511475,9.860093249582068,9.707537391343097,0.6376046446643476,83.77763542930965,75.19724148150016,hammer curl_14.mp4,36
21.570637219186654,10.039049378634427,0.12621080875396729,4.329026699066162,6.054731369018555,9.034897835261324,10.226257941722253,0.7296236743674087,84.97062623281646,78.22454718865876,hammer curl_14.mp4,39
14.491105406753753,11.464821510423208,0.1252574622631073,4.96237850189209,5.610405445098877,9.550140622946268,10.190416665237517,0.2331863474563745,84.69032976428012,79.34178938565455,hammer curl_14.mp4,42
16.763285195423062,15.523014757153101,0.3287292420864105,6.365004539489746,5.699717044830322,10.59861989853512,10.362437393965005,0.07682951840822495,86.03264251861167,78.71389354122309,hammer curl_14.mp4,45
28.666534432940846,30.77571905607036,0.1725444793701172,5.994304180145264,7.3203606605529785,10.62339757459018,11.425150520965744,0.07096583656672537,87.61986710819109,81.96688564074176,hammer curl_14.mp4,48
160.13151805889302,174.97597410893843,0.08240888267755508,4.379097938537598,8.449318885803223,9.025498193476155,13.104341506258756,0.08859519048061677,85.55268564825266,20.720164360358403,hammer curl_14.mp4,0
16.04007064822288,176.0263993647041,0.7870845198631287,16.724767684936523,8.537952423095703,22.313093926324488,12.351891161961388,1.6659475097940146,83.09590710963555,21.23229531546411,hammer curl_14.mp4,3
63.57021099727086,176.0366632796916,0.6344688534736633,8.63217830657959,8.302762031555176,14.038612727992154,12.27481623849074,0.9387581439121847,89.19602000826704,21.15128079819042,hammer curl_14.mp4,6
162.38093684147137,174.636480005299,0.4741164743900299,3.990159273147583,7.989246845245361,9.123263171925457,12.070321994393455,0.0727294350451911,84.07713336483839,20.744898168067337,hammer curl_14.mp4,9
173.52313039919014,171.73238110051324,0.18202504515647888,0.8509373664855957,7.682652473449707,5.6861684467483276,11.9868289522064,0.010373472625524986,65.56599821512806,30.66190908577222,hammer curl_14.mp4,12
166.07136811841897,165.13902807307576,0.3610360026359558,2.1887052059173584,8.27421760559082,6.5764988786213,13.194518398386604,0.005629896018144082,68.86429405581347,25.521115150689596,hammer curl_14.mp4,15
166.05459431664724,154.0111046877123,0.39667442440986633,3.8613972663879395,7.561340808868408,8.257757047406782,12.465144646830405,0.07525635934371645,80.60959320689496,51.29619800346957,hammer curl_14.mp4,18
147.2608774908322,135.77751474233247,0.046394024044275284,4.750609874725342,7.7780327796936035,9.631780756149794,12.473068954300587,0.08114349899952675,84.30590239643352,65.64679741215187,hammer curl_14.mp4,21
96.91241620709464,104.11300171905489,0.2515968084335327,4.7424187660217285,7.000045299530029,9.090877147547486,11.608073952810722,0.07163855781267944,88.07442646213083,80.08255708508527,hammer curl_14.mp4,24
51.4361718158711,55.24884785981825,0.3603547215461731,6.326007843017578,7.216530799865723,10.659755800179406,12.038516119524797,0.0714753778091294,88.93305253672571,85.22195735139927,hammer curl_14.mp4,27
39.644094945309845,30.125875005564954,0.28029587864875793,7.927499771118164,6.817589282989502,12.074942911676338,11.259615031624566,0.2728457514442587,85.74316122081873,80.9705897010154,hammer curl_14.mp4,30
7.556137798142501,15.912332479090974,0.40540286898612976,7.4842529296875,6.115143775939941,11.598242893827303,10.748929447215188,0.7121209505550715,83.72453564632927,77.44022704630285,hammer curl_14.mp4,33
17.177805595794297,8.872809124715166,0.43248558044433594,4.627946376800537,5.644532680511475,9.860093249582068,9.707537391343097,0.6376046446643476,83.77763542930965,75.19724148150016,hammer curl_14.mp4,36
21.570637219186654,10.039049378634427,0.12621080875396729,4.329026699066162,6.054731369018555,9.034897835261324,10.226257941722253,0.7296236743674087,84.97062623281646,78.22454718865876,hammer curl_14.mp4,39
14.491105406753753,11.464821510423208,0.1252574622631073,4.96237850189209,5.610405445098877,9.550140622946268,10.190416665237517,0.2331863474563745,84.69032976428012,79.34178938565455,hammer curl_14.mp4,42
16.763285195423062,15.523014757153101,0.3287292420864105,6.365004539489746,5.699717044830322,10.59861989853512,10.362437393965005,0.07682951840822495,86.03264251861167,78.71389354122309,hammer curl_14.mp4,45
28.666534432940846,30.77571905607036,0.1725444793701172,5.994304180145264,7.3203606605529785,10.62339757459018,11.425150520965744,0.07096583656672537,87.61986710819109,81.96688564074176,hammer curl_14.mp4,48
171.7174323834097,179.20721775134686,1.9686384201049805,5.998157501220703,3.6222293376922607,12.757654095832997,6.514092295634265,0.04268600319220131,56.449302278066405,58.79235564762801,hammer curl_15.mp4,0
165.1182301180674,178.54035082939853,1.7735569477081299,7.560324668884277,4.1728434562683105,13.996300762165799,7.081859076924127,0.07811311258008677,58.94585639104383,57.0624825880333,hammer curl_15.mp4,3
155.18282769778216,179.56885285784014,2.3243956565856934,9.011185646057129,4.764579772949219,16.360688927416785,7.417302332154117,0.14569620752661763,72.37835119702666,59.242504937602874,hammer curl_15.mp4,6
154.19989409692016,178.0929928154046,2.239225387573242,9.990874290466309,4.024074554443359,16.9525642958003,6.5957633067849315,0.1438074641952154,77.04540449074639,57.63556384602522,hammer curl_15.mp4,9
102.73002411089679,178.53139576368588,2.0440399646759033,9.392243385314941,4.30226993560791,15.737771210261894,6.620691050377046,0.5390100902327073,87.72604381222672,57.17862326485628,hammer curl_15.mp4,12
54.08942436586978,178.6166162785902,2.8185207843780518,6.798396110534668,4.714012622833252,14.236387906632247,6.446584548722423,1.0702531964177016,89.2791480061961,57.33654658527554,hammer curl_15.mp4,15
1.09735732816506,176.54186373149102,2.538504123687744,5.017788410186768,3.298114061355591,11.746316139175288,4.919561757855508,1.9752902017556915,85.31093484644411,52.33819314468826,hammer curl_15.mp4,18
0.9809847391329974,179.39931728959388,2.6446187496185303,5.275331020355225,5.022018909454346,12.121154217199908,6.512014869814743,1.9782463001092712,84.87722119637971,42.231664021309044,hammer curl_15.mp4,21
2.124583038540629,179.75450741730629,2.57415509223938,4.889830589294434,5.192704200744629,11.419149333358755,6.568562410464281,1.9532748259689279,85.43841134817015,44.414803591008635,hammer curl_15.mp4,24
5.633499157322053,177.69505328274357,2.6889333724975586,6.2446064949035645,4.240123748779297,13.010957125383602,5.621518901241201,1.877084085760972,85.95410895931549,47.011733080444394,hammer curl_15.mp4,27
67.41989495295812,177.12887364295977,2.6442394256591797,8.537809371948242,3.841717004776001,15.582229216240899,5.566902519481983,0.8972359936212164,89.14308994287772,52.801377748775074,hammer curl_15.mp4,30
97.01635267465352,178.18349994373875,2.3757617473602295,6.973390579223633,3.6619293689727783,14.248644822555073,6.154949040445474,0.5898778396632081,88.61111018769812,57.67091266201892,hammer curl_15.mp4,33
127.23023293041288,175.7975104948221,2.541203022003174,7.870524883270264,2.4282870292663574,15.205081272054565,4.757940256501422,0.3205467394861953,82.98365118494928,55.015666688094285,hammer curl_15.mp4,36
152.05969728710178,176.55604703618997,2.411637306213379,8.128896713256836,2.068913221359253,15.682427456131844,4.750977045955032,0.1490881077504838,77.89878614367893,57.12620397565038,hammer curl_15.mp4,39
159.01316935012997,176.35153925984918,1.4121713638305664,8.759814262390137,1.2411561012268066,15.38798199401421,5.014110917750709,0.10340008632144594,78.22239213489291,62.005723217238966,hammer curl_15.mp4,42
161.79003838174734,175.72955343289902,0.7938259840011597,9.652262687683105,0.5409715175628662,15.34221433473327,4.834037228881765,0.08259973873639175,61.95662317671899,55.63572241143226,hammer curl_15.mp4,45
167.12132470153642,177.28473223462427,0.7185201048851013,8.619833946228027,1.3496848344802856,14.364333806720166,5.801876826417087,0.05901991169087798,55.56320223161447,53.87405835111961,hammer curl_15.mp4,48
172.01871300907573,178.02473673329592,0.918678879737854,8.055095672607422,2.24774169921875,14.084379120397415,6.5854681343807915,0.034315875521399246,54.09722129578007,56.79295568639899,hammer curl_15.mp4,51
172.3933609710646,178.57398707213727,0.9625985622406006,7.751640796661377,2.995619535446167,13.918015735779461,7.439147889796955,0.03522051914819084,51.923367898576984,55.95150404107106,hammer curl_15.mp4,54
172.22216215947915,179.70925984087398,1.3555634021759033,8.740403175354004,6.006830215454102,14.962721699376113,9.673228989872438,0.04254861722115462,53.06196563005119,58.710783317121965,hammer curl_15.mp4,57
172.6753600232371,174.75114355286192,1.4453853368759155,7.991968154907227,6.878390312194824,14.442042029033653,10.590019652525742,0.01194948288779677,56.03256174555236,64.03343000613903,hammer curl_15.mp4,60
173.80450897869477,168.5857159815762,1.2415492534637451,6.899437427520752,8.158422470092773,13.033448721904296,11.954837198860647,0.030484474244112214,57.08540991528773,70.68048061945093,hammer curl_15.mp4,63
172.9733679697699,161.0951147290816,0.8099934458732605,6.884810447692871,9.196429252624512,12.782127527005537,13.569097962520761,0.07111268411031788,58.61177322111716,78.02910831067808,hammer curl_15.mp4,66
174.69437079193895,103.7952083563193,0.8617260456085205,6.57388973236084,8.971514701843262,12.314509973777895,13.210248762812538,0.5091692310531689,58.66009224567707,88.17249893991372,hammer curl_15.mp4,69
175.64027410298033,53.032610011448185,0.4301926791667938,7.79605770111084,7.466111183166504,13.336190666125443,12.364002534113718,1.0723410829084479,54.78162019634386,88.05707685419942,hammer curl_15.mp4,72
175.0376944030836,24.92601075962914,0.06605236977338791,7.911956787109375,7.569827556610107,13.04292498670917,12.819351814442486,1.5013892998362564,54.662567183275,86.38568245213874,hammer curl_15.mp4,75
175.60506028588847,20.619200481337106,0.2636215090751648,8.193431854248047,6.548221111297607,13.240700200617168,11.445097634169793,1.57968091405788,50.25484489708517,85.06517923288635,hammer curl_15.mp4,78
173.1512906684679,18.083853276827973,0.296722412109375,8.13967227935791,5.732312202453613,13.38727710554066,10.771739274628745,1.621746235472263,50.32023437079728,84.45252865099613,hammer curl_15.mp4,81
173.2779798011736,25.80982612691892,0.5959258079528809,7.0633225440979,6.035735607147217,12.68935106742441,10.815487512278612,1.4814383330691576,53.518586049353544,85.76773186089585,hammer curl_15.mp4,84
172.99722137884822,49.94174165605666,0.8679401874542236,6.301585674285889,6.344856262207031,12.066548857987804,10.520743052642493,1.1039387467100146,56.5446110228128,88.3782250198277,hammer curl_15.mp4,87
173.5246746124953,107.1420396993867,0.9025669693946838,6.320017337799072,7.322693347930908,12.205874212176964,11.593910544898334,0.4730353228800975,61.129128698986804,88.8135333741054,hammer curl_15.mp4,90
170.81540622037008,148.92720519248448,0.9825826287269592,6.279908657073975,8.067436218261719,12.295216135060684,12.23638151163013,0.13691137963230904,60.06078047122081,86.81050911861819,hammer curl_15.mp4,93
173.43221384680027,163.35531697398272,1.1977163553237915,5.094770431518555,8.645307540893555,11.45801565851818,12.73381613700659,0.05984127053789191,58.69000498761925,80.40258953944868,hammer curl_15.mp4,96
173.87682538810085,163.36669503654466,1.7528660297393799,5.135369300842285,7.5422821044921875,12.08065541858041,11.083455029180342,0.06232962067482988,58.27046774121234,79.51665769689014,hammer curl_15.mp4,99
175.6689402857658,168.24833374282463,2.306838274002075,4.731704235076904,6.469097137451172,12.086936104191398,9.407111956206126,0.04315343894197241,54.59537366168015,69.62046433466595,hammer curl_15.mp4,102
173.95892002623626,171.12420231045385,1.8181555271148682,5.5118536949157715,5.131425857543945,12.464780737237302,8.611032343446384,0.016429187823428993,54.219519580123446,65.78133718470835,hammer curl_15.mp4,105
173.78630845748629,175.12472099211996,2.1904819011688232,5.582530498504639,4.317170143127441,13.154106243734397,7.6212790651856785,0.007671941679487578,50.49270950616052,58.49417497858874,hammer curl_15.mp4,108
176.45061063412905,177.91062176532054,2.179690361022949,4.9459099769592285,4.207406520843506,12.339240731331383,7.390137404800258,0.00824024186452604,47.612994479965316,56.72870460819885,hammer curl_15.mp4,111
171.7174323834097,179.20721775134686,1.9686384201049805,5.998157501220703,3.6222293376922607,12.757654095832997,6.514092295634265,0.04268600319220131,56.449302278066405,58.79235564762801,hammer curl_15.mp4,0
165.1182301180674,178.54035082939853,1.7735569477081299,7.560324668884277,4.1728434562683105,13.996300762165799,7.081859076924127,0.07811311258008677,58.94585639104383,57.0624825880333,hammer curl_15.mp4,3
155.18282769778216,179.56885285784014,2.3243956565856934,9.011185646057129,4.764579772949219,16.360688927416785,7.417302332154117,0.14569620752661763,72.37835119702666,59.242504937602874,hammer curl_15.mp4,6
154.19989409692016,178.0929928154046,2.239225387573242,9.990874290466309,4.024074554443359,16.9525642958003,6.5957633067849315,0.1438074641952154,77.04540449074639,57.63556384602522,hammer curl_15.mp4,9
102.73002411089679,178.53139576368588,2.0440399646759033,9.392243385314941,4.30226993560791,15.737771210261894,6.620691050377046,0.5390100902327073,87.72604381222672,57.17862326485628,hammer curl_15.mp4,12
54.08942436586978,178.6166162785902,2.8185207843780518,6.798396110534668,4.714012622833252,14.236387906632247,6.446584548722423,1.0702531964177016,89.2791480061961,57.33654658527554,hammer curl_15.mp4,15
1.09735732816506,176.54186373149102,2.538504123687744,5.017788410186768,3.298114061355591,11.746316139175288,4.919561757855508,1.9752902017556915,85.31093484644411,52.33819314468826,hammer curl_15.mp4,18
0.9809847391329974,179.39931728959388,2.6446187496185303,5.275331020355225,5.022018909454346,12.121154217199908,6.512014869814743,1.9782463001092712,84.87722119637971,42.231664021309044,hammer curl_15.mp4,21
2.124583038540629,179.75450741730629,2.57415509223938,4.889830589294434,5.192704200744629,11.419149333358755,6.568562410464281,1.9532748259689279,85.43841134817015,44.414803591008635,hammer curl_15.mp4,24
5.633499157322053,177.69505328274357,2.6889333724975586,6.2446064949035645,4.240123748779297,13.010957125383602,5.621518901241201,1.877084085760972,85.95410895931549,47.011733080444394,hammer curl_15.mp4,27
67.41989495295812,177.12887364295977,2.6442394256591797,8.537809371948242,3.841717004776001,15.582229216240899,5.566902519481983,0.8972359936212164,89.14308994287772,52.801377748775074,hammer curl_15.mp4,30
97.01635267465352,178.18349994373875,2.3757617473602295,6.973390579223633,3.6619293689727783,14.248644822555073,6.154949040445474,0.5898778396632081,88.61111018769812,57.67091266201892,hammer curl_15.mp4,33
127.23023293041288,175.7975104948221,2.541203022003174,7.870524883270264,2.4282870292663574,15.205081272054565,4.757940256501422,0.3205467394861953,82.98365118494928,55.015666688094285,hammer curl_15.mp4,36
152.05969728710178,176.55604703618997,2.411637306213379,8.128896713256836,2.068913221359253,15.682427456131844,4.750977045955032,0.1490881077504838,77.89878614367893,57.12620397565038,hammer curl_15.mp4,39
159.01316935012997,176.35153925984918,1.4121713638305664,8.759814262390137,1.2411561012268066,15.38798199401421,5.014110917750709,0.10340008632144594,78.22239213489291,62.005723217238966,hammer curl_15.mp4,42
161.79003838174734,175.72955343289902,0.7938259840011597,9.652262687683105,0.5409715175628662,15.34221433473327,4.834037228881765,0.08259973873639175,61.95662317671899,55.63572241143226,hammer curl_15.mp4,45
167.12132470153642,177.28473223462427,0.7185201048851013,8.619833946228027,1.3496848344802856,14.364333806720166,5.801876826417087,0.05901991169087798,55.56320223161447,53.87405835111961,hammer curl_15.mp4,48
172.01871300907573,178.02473673329592,0.918678879737854,8.055095672607422,2.24774169921875,14.084379120397415,6.5854681343807915,0.034315875521399246,54.09722129578007,56.79295568639899,hammer curl_15.mp4,51
172.3933609710646,178.57398707213727,0.9625985622406006,7.751640796661377,2.995619535446167,13.918015735779461,7.439147889796955,0.03522051914819084,51.923367898576984,55.95150404107106,hammer curl_15.mp4,54
172.22216215947915,179.70925984087398,1.3555634021759033,8.740403175354004,6.006830215454102,14.962721699376113,9.673228989872438,0.04254861722115462,53.06196563005119,58.710783317121965,hammer curl_15.mp4,57
172.6753600232371,174.75114355286192,1.4453853368759155,7.991968154907227,6.878390312194824,14.442042029033653,10.590019652525742,0.01194948288779677,56.03256174555236,64.03343000613903,hammer curl_15.mp4,60
173.80450897869477,168.5857159815762,1.2415492534637451,6.899437427520752,8.158422470092773,13.033448721904296,11.954837198860647,0.030484474244112214,57.08540991528773,70.68048061945093,hammer curl_15.mp4,63
172.9733679697699,161.0951147290816,0.8099934458732605,6.884810447692871,9.196429252624512,12.782127527005537,13.569097962520761,0.07111268411031788,58.61177322111716,78.02910831067808,hammer curl_15.mp4,66
174.69437079193895,103.7952083563193,0.8617260456085205,6.57388973236084,8.971514701843262,12.314509973777895,13.210248762812538,0.5091692310531689,58.66009224567707,88.17249893991372,hammer curl_15.mp4,69
175.64027410298033,53.032610011448185,0.4301926791667938,7.79605770111084,7.466111183166504,13.336190666125443,12.364002534113718,1.0723410829084479,54.78162019634386,88.05707685419942,hammer curl_15.mp4,72
175.0376944030836,24.92601075962914,0.06605236977338791,7.911956787109375,7.569827556610107,13.04292498670917,12.819351814442486,1.5013892998362564,54.662567183275,86.38568245213874,hammer curl_15.mp4,75
175.60506028588847,20.619200481337106,0.2636215090751648,8.193431854248047,6.548221111297607,13.240700200617168,11.445097634169793,1.57968091405788,50.25484489708517,85.06517923288635,hammer curl_15.mp4,78
173.1512906684679,18.083853276827973,0.296722412109375,8.13967227935791,5.732312202453613,13.38727710554066,10.771739274628745,1.621746235472263,50.32023437079728,84.45252865099613,hammer curl_15.mp4,81
173.2779798011736,25.80982612691892,0.5959258079528809,7.0633225440979,6.035735607147217,12.68935106742441,10.815487512278612,1.4814383330691576,53.518586049353544,85.76773186089585,hammer curl_15.mp4,84
172.99722137884822,49.94174165605666,0.8679401874542236,6.301585674285889,6.344856262207031,12.066548857987804,10.520743052642493,1.1039387467100146,56.5446110228128,88.3782250198277,hammer curl_15.mp4,87
173.5246746124953,107.1420396993867,0.9025669693946838,6.320017337799072,7.322693347930908,12.205874212176964,11.593910544898334,0.4730353228800975,61.129128698986804,88.8135333741054,hammer curl_15.mp4,90
170.81540622037008,148.92720519248448,0.9825826287269592,6.279908657073975,8.067436218261719,12.295216135060684,12.23638151163013,0.13691137963230904,60.06078047122081,86.81050911861819,hammer curl_15.mp4,93
173.43221384680027,163.35531697398272,1.1977163553237915,5.094770431518555,8.645307540893555,11.45801565851818,12.73381613700659,0.05984127053789191,58.69000498761925,80.40258953944868,hammer curl_15.mp4,96
173.87682538810085,163.36669503654466,1.7528660297393799,5.135369300842285,7.5422821044921875,12.08065541858041,11.083455029180342,0.06232962067482988,58.27046774121234,79.51665769689014,hammer curl_15.mp4,99
175.6689402857658,168.24833374282463,2.306838274002075,4.731704235076904,6.469097137451172,12.086936104191398,9.407111956206126,0.04315343894197241,54.59537366168015,69.62046433466595,hammer curl_15.mp4,102
173.95892002623626,171.12420231045385,1.8181555271148682,5.5118536949157715,5.131425857543945,12.464780737237302,8.611032343446384,0.016429187823428993,54.219519580123446,65.78133718470835,hammer curl_15.mp4,105
173.78630845748629,175.12472099211996,2.1904819011688232,5.582530498504639,4.317170143127441,13.154106243734397,7.6212790651856785,0.007671941679487578,50.49270950616052,58.49417497858874,hammer curl_15.mp4,108
176.45061063412905,177.91062176532054,2.179690361022949,4.9459099769592285,4.207406520843506,12.339240731331383,7.390137404800258,0.00824024186452604,47.612994479965316,56.72870460819885,hammer curl_15.mp4,111
176.1475555383721,164.79592138160885,1.22970449924469,0.8783044219017029,12.090224266052246,6.153101348983089,14.805478016747147,0.06658953712393488,50.01933975564957,4.235681570198108,hammer curl_16.mp4,0
175.74273617492096,160.77494408169943,1.4798531532287598,0.4825819730758667,9.622469902038574,6.525551442300997,12.539337892759608,0.08895694325366471,56.70093455633518,14.780737128951657,hammer curl_16.mp4,3
178.30568730292282,152.23698572654382,1.0944236516952515,1.9784361124038696,7.271535873413086,7.627070650501483,10.565723351622093,0.15773274498845158,53.244768864392526,8.716418281406108,hammer curl_16.mp4,6
24.01173930184098,144.877962362286,0.5870840549468994,5.338483810424805,3.804680347442627,9.576903757701082,6.845844878359408,1.4313036481148291,88.36506422542975,29.63046585632932,hammer curl_16.mp4,9
8.896557264391577,119.67377545920347,0.1793929785490036,3.7680768966674805,1.425210952758789,8.037610302260251,5.145784568778653,1.7232158593376996,83.83969321070005,13.013665714664988,hammer curl_16.mp4,12
23.87723960999191,106.55368586493218,0.3100212514400482,5.246908664703369,5.414315223693848,8.472687492503091,1.6065687302451062,1.2677429981256272,86.29172093091819,30.079062077592276,hammer curl_16.mp4,15
33.02274369489686,77.73249949045301,0.8567065596580505,7.305329322814941,8.380535125732422,9.860890936913854,4.21152068258193,0.807361430659025,87.64939512350584,15.840339092242074,hammer curl_16.mp4,18
170.01666379185255,64.02263386842434,0.02500513568520546,2.0900280475616455,9.434975624084473,6.066209164065133,5.575134250430682,0.9057797641940063,76.95443704599442,27.12562886653212,hammer curl_16.mp4,21
2.9552557791160132,49.05715386678496,0.3421616554260254,5.271939754486084,8.652755737304688,10.0270918036827,4.744994567674378,1.772726870434551,88.75972256934014,22.049174124393435,hammer curl_16.mp4,24
163.99049845842555,54.46854049678439,0.517970860004425,1.0695267915725708,8.322941780090332,5.727484105158835,4.87648437068961,1.002677284358979,87.31695641101415,16.776551833891038,hammer curl_16.mp4,27
171.05666132356626,59.511702589594435,0.31484460830688477,7.128881454467773,8.853679656982422,9.79032762327033,5.537464572448578,0.9675651667111033,86.74617406379595,0.021022987076527572,hammer curl_16.mp4,30
21.281932196913807,73.34016270790053,1.3898099660873413,7.1911234855651855,5.785094261169434,8.76430102291004,1.430944655294526,1.1003398426837836,88.59122829023738,14.906111269334554,hammer curl_16.mp4,33
3.4900906625585555,82.52492714556958,0.8631864190101624,7.477349281311035,3.577136754989624,9.96091324661538,0.6293179533596759,1.8376985437429623,87.92172788569157,2.5480215588552966,hammer curl_16.mp4,36
126.72193835693328,118.01458343723573,0.21311263740062714,3.681018352508545,1.1150585412979126,7.111878303923234,4.880339535937565,0.07115697204376147,87.91539231910812,10.46302299817446,hammer curl_16.mp4,39
22.09453456349675,130.84380369095183,0.24838422238826752,4.744009017944336,3.4500892162323,9.415486763925673,7.563950989167915,1.422132218365356,88.50595310814323,37.6189758057298,hammer curl_16.mp4,42
174.4833488370633,143.03173040563206,0.4746091067790985,1.172048807144165,6.348121643066406,4.970313735273908,11.005605813004001,0.198111022043088,62.53965399613063,13.720628078062505,hammer curl_16.mp4,45
175.53888752967669,152.05936201225202,0.4430253505706787,1.528739333152771,7.323300361633301,6.712472973639539,11.511204798540968,0.14334341255031377,61.11926149509855,22.016571022712736,hammer curl_16.mp4,48
175.17472424769272,159.87124973596556,0.5410067439079285,1.4275219440460205,8.207900047302246,6.898816243213076,12.385388312260986,0.09135149024338719,65.71327124584249,27.555237428121387,hammer curl_16.mp4,51
167.50086798357324,168.98990495967527,1.7889647483825684,1.5885015726089478,6.956510066986084,8.36947465726079,10.026385669655967,0.008850388158210593,85.53152041721401,22.923496973346683,hammer curl_16.mp4,54
169.9097318506562,171.55163840024414,1.8664082288742065,1.7165178060531616,8.347636222839355,8.070005468411187,10.785708880238012,0.009616938796804518,79.16071739644926,11.357210063859883,hammer curl_16.mp4,57
168.34537824964724,173.0609278207542,1.9015926122665405,3.4143176078796387,9.550310134887695,9.892308888016846,12.054437568098242,0.02762426755019899,81.74637181227132,13.859168200354164,hammer curl_16.mp4,60
142.36358585866114,172.97794782798823,2.086806297302246,2.9814445972442627,10.701281547546387,9.548864334355143,12.940888401875252,0.1941663796165092,88.541690206655,16.112178384497447,hammer curl_16.mp4,63
177.98423178557002,173.2766378491494,2.5725109577178955,3.0645925998687744,9.635236740112305,10.410419085122339,11.520596143661113,0.02680397586737227,63.236789387279835,19.860276468743134,hammer curl_16.mp4,66
1.1977931389033016,173.22714272674585,2.69321346282959,4.505585670471191,9.878049850463867,11.75555574421404,11.578675181364499,1.9725316077553061,79.75635345601792,10.658690231002893,hammer curl_16.mp4,69
2.1929418719821805,174.06056192048467,2.282052993774414,3.6532301902770996,9.365164756774902,10.727667974152155,11.566656588539676,1.9502320958211574,81.73179579781295,14.802133031877256,hammer curl_16.mp4,72
16.893586565389448,173.92420049072882,1.227170467376709,7.202342510223389,8.490666389465332,12.846966204921852,11.432940526606114,1.6458697729175287,81.58351920296619,16.021301797540186,hammer curl_16.mp4,75
9.094313194370518,171.96153488911926,1.5216689109802246,8.823882102966309,9.435503959655762,14.968527266158622,12.355131580363125,1.7990826965130253,89.06787367358825,9.264390697226851,hammer curl_16.mp4,78
24.94560531087111,171.83686932716705,2.3242995738983154,9.104557991027832,10.320167541503906,15.992615317765466,12.405148178329599,1.492930346429354,88.93433537833141,4.947581415894949,hammer curl_16.mp4,81
13.549433397533889,171.04177929551753,2.263287305831909,10.35580062866211,10.710061073303223,17.065132381442208,12.667831841678078,1.70639050039582,87.74137840758293,2.1939169810358266,hammer curl_16.mp4,84
4.84318740215857,171.73622939668357,1.709381341934204,12.525076866149902,10.170884132385254,18.982940391956316,12.904131166328632,1.890288743955341,83.21350037683699,3.9436417678882276,hammer curl_16.mp4,87
13.416127081969242,169.81340604434462,3.026843786239624,11.304394721984863,12.601187705993652,18.732986321963033,13.85276790560686,1.7071186756182912,84.77187536442429,14.888067544634568,hammer curl_16.mp4,90
5.717860115517527,171.27935562881714,1.6472728252410889,11.026219367980957,10.655912399291992,16.635619353912492,12.943724532350119,1.8707807895966735,86.11142029850109,3.7070712877369445,hammer curl_16.mp4,93
27.213113677657848,172.89601507052453,1.5949418544769287,10.611811637878418,9.326583862304688,16.218211654526677,11.669978809139065,1.4560345377965667,89.47248486588553,12.07057960033541,hammer curl_16.mp4,96
0.059347025446578223,173.89513415678576,1.4632916450500488,5.348686695098877,8.208850860595703,11.216471972164593,11.032656880450954,1.998635343567047,87.72364716735666,10.069485000983056,hammer curl_16.mp4,99
2.349187380999232,174.5529876612699,1.0026026964187622,4.931779384613037,8.218628883361816,11.111364478026674,12.214012524691148,1.946881662016017,87.39482109408047,2.2927254419444343,hammer curl_16.mp4,102
3.492838446800325,175.07478663085737,1.2287238836288452,5.232144832611084,8.040096282958984,11.33833029523477,11.550891181195741,1.921758752287122,80.61184320688801,20.74037068564752,hammer curl_16.mp4,105
2.5232861995041005,173.95178520663245,0.8337002992630005,3.482736349105835,8.620723724365234,9.598904139990259,12.955535173797907,1.9428069657793865,82.18656595532609,9.657587891145571,hammer curl_16.mp4,108
6.080798587395321,174.73526454662772,0.574085533618927,4.782478332519531,9.104461669921875,10.432187654097639,13.543047318883016,1.8654810091095024,86.72225688728713,27.092841130981622,hammer curl_16.mp4,111
38.40029365668241,173.6623107171467,0.40221086144447327,3.9973061084747314,9.743896484375,9.258117291830148,14.140362577601334,1.2756800517456734,89.3194464912567,26.475511129348604,hammer curl_16.mp4,114
178.0161354846072,174.8873341053596,0.22996538877487183,4.0876383781433105,9.40842342376709,9.313082786556736,14.079845539594418,0.017731768876531013,65.92805919296406,14.469405901428711,hammer curl_16.mp4,117
175.64989859550005,172.11519073672406,0.5136682987213135,2.5088999271392822,10.488675117492676,8.027908000523354,14.864100755533606,0.020328135095810267,65.09620592708855,8.273504513788817,hammer curl_16.mp4,120
174.29913256209218,170.9459195767515,0.41148507595062256,1.9574977159500122,11.811647415161133,6.911683797872865,15.829562438419464,0.019425118272178236,60.61309417713357,5.858349139747354,hammer curl_16.mp4,123
175.2860702049565,168.47109650402157,1.0315148830413818,1.437296986579895,11.2044095993042,6.932030036017785,14.51641416797347,0.039649929432333426,58.602857782420536,4.619512040917334,hammer curl_16.mp4,126
3.462379944036837,164.02869377492348,1.5963480472564697,0.9184340238571167,9.466846466064453,7.566000298397475,12.896926490425045,1.9173118932929767,80.88689797139419,27.058903241289837,hammer curl_16.mp4,129
0.1370561110185936,157.39617704315256,0.09590686857700348,2.5809638500213623,6.10715389251709,7.078894527527486,10.359551123217166,1.9965199441851245,76.99337551019086,10.66102627489717,hammer curl_16.mp4,132
1.7238551192923806,149.87219262546017,0.14217747747898102,2.547111988067627,1.406978726387024,6.840399128443508,5.409648684044893,1.9545145102411932,76.13198607112501,12.399902734891974,hammer curl_16.mp4,135
8.035020902173903,132.91678513183558,0.08656338602304459,4.867186069488525,0.9256793856620789,9.157295406157278,5.263842131200484,1.7719782065017267,83.44510448065694,3.3327079090947493,hammer curl_16.mp4,138
7.432814763107137,110.54616559051097,0.88111412525177,5.297243118286133,4.955370903015137,8.486791637325082,0.05595291190411357,1.7479952872679938,87.08149044477496,19.679373801275016,hammer curl_16.mp4,141
16.280467840326384,81.96926157041356,1.128893256187439,7.339481830596924,9.559564590454102,10.108496932068245,4.6793115976202575,1.3371801454123204,87.82071685028761,4.9398855534700505,hammer curl_16.mp4,144
25.55465901963854,73.29091320490794,0.6190961003303528,10.176362991333008,9.318922996520996,13.06332292004021,5.165281012086796,0.9658754178048045,89.7100290282866,17.963477912659727,hammer curl_16.mp4,147
10.90952129137307,66.34430687049756,0.4903266727924347,8.77345085144043,9.1976957321167,12.230079696485072,4.768674159608004,1.435133685879527,89.09977530974511,6.41935157114315,hammer curl_16.mp4,150
35.53736176170641,55.60069305973442,0.9467597007751465,11.722023010253906,7.770954132080078,14.305670926600873,3.3452706271459265,0.4402843869629744,89.94239202620376,33.6555600397115,hammer curl_16.mp4,153
45.513123220499125,70.40101845667196,1.1047502756118774,10.204730033874512,9.415789604187012,12.313485136712632,5.123232030520818,0.4294194802474982,89.95843149234899,15.329783476919028,hammer curl_16.mp4,156
63.92934309732574,77.9408846118767,0.974775493144989,8.079706192016602,5.037379264831543,10.654658993510774,0.34605016098091196,0.19752617220395277,89.33737945475107,6.013615201638714,hammer curl_16.mp4,159
10.379927893795918,84.59712881644319,0.3547564148902893,6.591170310974121,3.582268714904785,9.813757616450347,0.37949179063681887,1.5628448278634897,87.1041909809783,50.27226711376669,hammer curl_16.mp4,162
16.38382962966468,114.98043789130004,0.215289905667305,8.03213882446289,3.9854886531829834,10.722492941206472,7.070520623820855,1.501117619308464,83.57876420546337,27.418698149376095,hammer curl_16.mp4,165
12.574069152458923,128.7233576281847,1.1383062601089478,6.607043266296387,6.792190074920654,8.331355888156008,10.777329264071813,1.6440396845448726,85.19003451272069,2.5878194456436425,hammer curl_16.mp4,168
179.8344890035689,142.36521332634808,0.26437076926231384,3.35382342338562,9.642379760742188,6.191375893364693,12.875089443671165,0.23258417314646732,69.3643982290673,10.85879050356601,hammer curl_16.mp4,171
169.0829386432222,153.46138153357242,0.1763722449541092,2.285557508468628,8.981547355651855,5.937688644912364,12.258083003284254,0.09686456175131046,69.07257906078712,11.223880355605086,hammer curl_16.mp4,174
179.29779216172187,158.81556125276043,1.4506663084030151,1.911849856376648,12.229190826416016,7.364231765781193,14.76700672414084,0.1211560010991517,48.42355072483322,2.134280830776315,hammer curl_16.mp4,177
179.0708513608736,164.16070011792894,1.5858454704284668,1.4750624895095825,11.818644523620605,7.115711448635279,14.319609649203946,0.08688100600719682,49.26519855349853,7.348646486624158,hammer curl_16.mp4,180
178.36099179541097,171.00326143903675,1.8077714443206787,0.877441942691803,12.09359073638916,6.257333109980831,13.785841609157089,0.04212068228649982,52.26860925416513,6.200494363450988,hammer curl_16.mp4,183
176.83417547602247,174.77115361264973,1.2340178489685059,0.18999379873275757,10.506648063659668,6.212744909755461,13.88539381581707,0.011734872555657205,58.92709498247871,8.27897135356905,hammer curl_16.mp4,186
178.43551965068383,172.83675181312523,0.8911481499671936,2.0864531993865967,11.100141525268555,7.5180992852312585,14.592462275644738,0.03187708391685808,61.8772211823144,5.049829742719214,hammer curl_16.mp4,189
179.11906611146986,175.01469085336973,1.011421799659729,3.8221163749694824,9.78732681274414,9.791492408939131,13.636618478975034,0.023179802418596542,60.35468295830112,16.786007979462905,hammer curl_16.mp4,192
173.08281287877136,172.14092373081485,2.253168821334839,3.6303234100341797,11.257287979125977,10.709195368578227,13.77320991333772,0.005456688217367273,84.82233073597432,8.089276913106632,hammer curl_16.mp4,195
0.228141235772435,173.75310940423674,1.6780058145523071,6.742733955383301,9.380837440490723,13.271395420100742,12.379941738330968,1.9947548086950018,86.74832851394876,3.8702610704487266,hammer curl_16.mp4,198
145.36373538822178,172.928924507956,0.9540699124336243,8.928253173828125,8.88316822052002,14.405147467315363,12.26718378464143,0.17320656485591315,88.00924073104208,16.417234080517108,hammer curl_16.mp4,201
29.995555029375524,171.8009430224198,0.9830674529075623,8.839113235473633,8.532570838928223,14.7026243407414,12.361099422686124,1.4054296220407845,88.94512118615678,16.949406967879053,hammer curl_16.mp4,204
148.23102230947282,172.5912472444859,1.0686695575714111,10.541139602661133,9.161666870117188,16.27355922243794,12.753431471302715,0.15186118450493646,87.2411998872878,14.04557299694565,hammer curl_16.mp4,207
46.384577357444215,171.67996487049516,1.7314871549606323,8.005334854125977,8.775796890258789,14.337838406611006,11.688856380356714,1.1491587420212652,89.58640283081894,9.39552913980742,hammer curl_16.mp4,210
54.9560286263117,169.41118827818863,2.9402217864990234,10.836257934570312,11.052687644958496,18.123791682778297,12.565736613329346,1.0202485125141398,88.19808890334124,13.405934794005647,hammer curl_16.mp4,213
6.8885448406263325,168.67141874145582,3.026611328125,11.842676162719727,11.576786041259766,19.232573778139287,13.104868690694232,1.8430497546234537,84.36259890308222,11.176065063096605,hammer curl_16.mp4,216
6.186085535314394,169.4120989621721,3.2898600101470947,11.025501251220703,12.466561317443848,19.335434818799357,14.356622978027955,1.859085432961229,81.6947376831549,14.157068320736009,hammer curl_16.mp4,219
9.714481818030047,170.41470436268077,2.6003904342651367,4.838108062744141,11.286401748657227,12.693283818176294,13.898153018201619,1.7842774505563093,89.12726514017733,6.593052252050938,hammer curl_16.mp4,222
153.27234897491,172.9338921207755,1.71564519405365,6.5606584548950195,9.990876197814941,13.051063722310037,13.107368767445548,0.12054670125148363,85.06138087104868,6.021892778781297,hammer curl_16.mp4,225
156.33342897246231,172.78419588716096,1.3765835762023926,7.949351787567139,9.568672180175781,13.859897891997788,12.834703770790622,0.09996892096991343,82.07423192307239,8.017164508407452,hammer curl_16.mp4,228
8.10699559445451,173.574254026929,1.285298466682434,4.745056629180908,8.858319282531738,10.736214221526884,12.327697258645594,1.8215116725286917,86.78380141479182,1.9708962026586117,hammer curl_16.mp4,231
12.376309378212554,174.66358424255165,0.9206900000572205,5.0740966796875,8.707212448120117,10.829346822797746,12.6220911113585,1.735322574481221,87.37910856899519,4.5742402100864705,hammer curl_16.mp4,234
9.866911415403216,173.54071372211655,0.8818703889846802,6.200354099273682,9.287446022033691,11.886023778386294,13.168310077854198,1.7848091341239498,88.00709643132897,11.73450502042844,hammer curl_16.mp4,237
30.178376471904382,172.97325630301467,1.3323084115982056,4.761613368988037,10.08557415008545,11.089102838372945,13.837154932710924,1.4057960340325617,89.88427707483046,10.199681146898696,hammer curl_16.mp4,240
179.67374083448522,173.16964382774694,1.261595368385315,5.051981449127197,10.33803653717041,11.43848685101905,14.271035953366487,0.03686676462966413,63.097289468893734,18.276870872566704,hammer curl_16.mp4,243
178.22204752234404,173.40283944998714,0.1886935830116272,5.345043182373047,10.054267883300781,10.838812729076972,15.208284122690795,0.027411074988762763,57.52852899891094,20.3936014790297,hammer curl_16.mp4,246
177.81125685758877,173.0374770273122,0.4369935989379883,2.985748291015625,10.504629135131836,8.502882222274211,15.143853070208836,0.027212752216131113,55.56039528303515,12.563493552068985,hammer curl_16.mp4,249
175.5050762775257,171.8631513383922,0.45058199763298035,1.0999293327331543,10.694369316101074,6.605478454118129,15.366977095108812,0.020968670417147763,71.59453273589583,16.496618385507983,hammer curl_16.mp4,252
177.56361493246484,172.68407092145563,0.36606013774871826,1.4883298873901367,9.484590530395508,6.827254234442697,14.148202782749197,0.02786339044103978,64.49015515950963,13.9858699084894,hammer curl_16.mp4,255
178.8179945154151,169.67531786271954,1.0317274332046509,1.1168062686920166,7.744091987609863,6.946530788971952,11.614199353739055,0.05246973946389684,65.03111331259649,6.259713302977983,hammer curl_16.mp4,258
141.67450231816187,168.7894637937458,0.9756470918655396,1.568681001663208,5.675117015838623,7.8435761849363645,10.090911384995847,0.1746738071741972,87.35414744391996,20.571550531533106,hammer curl_16.mp4,261
5.515585342217008,160.11894119801195,0.37068942189216614,4.797277450561523,2.2169759273529053,9.325967937377511,6.237310852112044,1.8668010720366954,79.0896789175337,17.772179405096633,hammer curl_16.mp4,264
62.35894024837816,155.29724650477894,0.03733257204294205,4.1452813148498535,2.099004030227661,8.568022000266613,2.5323457505345766,0.8539918634318601,89.25842643150305,26.951913700198478,hammer curl_16.mp4,267
95.26578551809926,135.0832071186649,0.5834954380989075,5.1308674812316895,2.072643518447876,10.049623022064893,1.6536291795949118,0.34571387653822705,89.79632983889991,48.44302281594145,hammer curl_16.mp4,270
5.688890786109988,109.28694929381996,0.036765847355127335,7.232304096221924,5.49812650680542,10.874965966259387,1.859411180288095,1.8020839584331756,79.89398298728835,19.180911773168543,hammer curl_16.mp4,273
46.03640497047676,71.30262795672895,0.5011733770370483,9.940704345703125,9.94230842590332,13.052938857598084,5.822717471994559,0.43065333599479627,89.2374225206333,4.300004922977421,hammer curl_16.mp4,276
30.38986273695344,56.71809660217713,0.44739896059036255,12.546402931213379,7.975437164306641,15.565935006971957,4.044429477772285,0.6044966284360318,87.2267339659727,25.86187657647217,hammer curl_16.mp4,279
4.203840757688457,51.28236332849387,1.070805311203003,10.210772514343262,10.362138748168945,12.733320337339876,5.601261796366377,1.6969451540668408,87.65768233036229,35.546043129406264,hammer curl_16.mp4,282
0.8517978639110718,43.446950840894466,1.3773609399795532,11.585705757141113,7.985079765319824,13.433631314201827,3.3009075272549206,1.9230860564855035,85.22235734611606,23.319741855095764,hammer curl_16.mp4,285
2.7542768377535864,61.62394779929982,0.7521106600761414,12.763395309448242,5.911700248718262,15.486502717126616,1.6264229236444956,1.8288690405315502,87.7642228071884,32.87964620538786,hammer curl_16.mp4,288
67.11615745975467,69.04655254092036,0.2351372241973877,9.490006446838379,6.206942081451416,12.860367956158393,2.375287077689242,0.028354240028802526,88.00854633030669,43.5233826072574,hammer curl_16.mp4,291
21.51766493792471,68.77693608635734,0.21673932671546936,8.807599067687988,5.3403801918029785,12.308263569008227,1.3386680006297098,1.0467795551967423,87.30688173224345,11.100255685296403,hammer curl_16.mp4,294
14.960353877456264,128.15543451388663,0.40056315064430237,8.363494873046875,0.8764448761940002,12.34397016371927,3.7244153576289087,1.581867128830037,85.74389567927024,36.09513929071904,hammer curl_16.mp4,297
157.59125030640683,146.67629167132037,1.3119542598724365,7.424726963043213,0.49696388840675354,9.781285826166156,4.320102278922626,0.0717457969005807,88.51749467365832,28.186660689629072,hammer curl_16.mp4,300
176.1475555383721,164.79592138160885,1.22970449924469,0.8783044219017029,12.090224266052246,6.153101348983089,14.805478016747147,0.06658953712393488,50.01933975564957,4.235681570198108,hammer curl_16.mp4,0
175.74273617492096,160.77494408169943,1.4798531532287598,0.4825819730758667,9.622469902038574,6.525551442300997,12.539337892759608,0.08895694325366471,56.70093455633518,14.780737128951657,hammer curl_16.mp4,3
178.30568730292282,152.23698572654382,1.0944236516952515,1.9784361124038696,7.271535873413086,7.627070650501483,10.565723351622093,0.15773274498845158,53.244768864392526,8.716418281406108,hammer curl_16.mp4,6
24.01173930184098,144.877962362286,0.5870840549468994,5.338483810424805,3.804680347442627,9.576903757701082,6.845844878359408,1.4313036481148291,88.36506422542975,29.63046585632932,hammer curl_16.mp4,9
8.896557264391577,119.67377545920347,0.1793929785490036,3.7680768966674805,1.425210952758789,8.037610302260251,5.145784568778653,1.7232158593376996,83.83969321070005,13.013665714664988,hammer curl_16.mp4,12
23.87723960999191,106.55368586493218,0.3100212514400482,5.246908664703369,5.414315223693848,8.472687492503091,1.6065687302451062,1.2677429981256272,86.29172093091819,30.079062077592276,hammer curl_16.mp4,15
33.02274369489686,77.73249949045301,0.8567065596580505,7.305329322814941,8.380535125732422,9.860890936913854,4.21152068258193,0.807361430659025,87.64939512350584,15.840339092242074,hammer curl_16.mp4,18
170.01666379185255,64.02263386842434,0.02500513568520546,2.0900280475616455,9.434975624084473,6.066209164065133,5.575134250430682,0.9057797641940063,76.95443704599442,27.12562886653212,hammer curl_16.mp4,21
2.9552557791160132,49.05715386678496,0.3421616554260254,5.271939754486084,8.652755737304688,10.0270918036827,4.744994567674378,1.772726870434551,88.75972256934014,22.049174124393435,hammer curl_16.mp4,24
163.99049845842555,54.46854049678439,0.517970860004425,1.0695267915725708,8.322941780090332,5.727484105158835,4.87648437068961,1.002677284358979,87.31695641101415,16.776551833891038,hammer curl_16.mp4,27
171.05666132356626,59.511702589594435,0.31484460830688477,7.128881454467773,8.853679656982422,9.79032762327033,5.537464572448578,0.9675651667111033,86.74617406379595,0.021022987076527572,hammer curl_16.mp4,30
21.281932196913807,73.34016270790053,1.3898099660873413,7.1911234855651855,5.785094261169434,8.76430102291004,1.430944655294526,1.1003398426837836,88.59122829023738,14.906111269334554,hammer curl_16.mp4,33
3.4900906625585555,82.52492714556958,0.8631864190101624,7.477349281311035,3.577136754989624,9.96091324661538,0.6293179533596759,1.8376985437429623,87.92172788569157,2.5480215588552966,hammer curl_16.mp4,36
126.72193835693328,118.01458343723573,0.21311263740062714,3.681018352508545,1.1150585412979126,7.111878303923234,4.880339535937565,0.07115697204376147,87.91539231910812,10.46302299817446,hammer curl_16.mp4,39
22.09453456349675,130.84380369095183,0.24838422238826752,4.744009017944336,3.4500892162323,9.415486763925673,7.563950989167915,1.422132218365356,88.50595310814323,37.6189758057298,hammer curl_16.mp4,42
174.4833488370633,143.03173040563206,0.4746091067790985,1.172048807144165,6.348121643066406,4.970313735273908,11.005605813004001,0.198111022043088,62.53965399613063,13.720628078062505,hammer curl_16.mp4,45
175.53888752967669,152.05936201225202,0.4430253505706787,1.528739333152771,7.323300361633301,6.712472973639539,11.511204798540968,0.14334341255031377,61.11926149509855,22.016571022712736,hammer curl_16.mp4,48
175.17472424769272,159.87124973596556,0.5410067439079285,1.4275219440460205,8.207900047302246,6.898816243213076,12.385388312260986,0.09135149024338719,65.71327124584249,27.555237428121387,hammer curl_16.mp4,51
167.50086798357324,168.98990495967527,1.7889647483825684,1.5885015726089478,6.956510066986084,8.36947465726079,10.026385669655967,0.008850388158210593,85.53152041721401,22.923496973346683,hammer curl_16.mp4,54
169.9097318506562,171.55163840024414,1.8664082288742065,1.7165178060531616,8.347636222839355,8.070005468411187,10.785708880238012,0.009616938796804518,79.16071739644926,11.357210063859883,hammer curl_16.mp4,57
168.34537824964724,173.0609278207542,1.9015926122665405,3.4143176078796387,9.550310134887695,9.892308888016846,12.054437568098242,0.02762426755019899,81.74637181227132,13.859168200354164,hammer curl_16.mp4,60
142.36358585866114,172.97794782798823,2.086806297302246,2.9814445972442627,10.701281547546387,9.548864334355143,12.940888401875252,0.1941663796165092,88.541690206655,16.112178384497447,hammer curl_16.mp4,63
177.98423178557002,173.2766378491494,2.5725109577178955,3.0645925998687744,9.635236740112305,10.410419085122339,11.520596143661113,0.02680397586737227,63.236789387279835,19.860276468743134,hammer curl_16.mp4,66
1.1977931389033016,173.22714272674585,2.69321346282959,4.505585670471191,9.878049850463867,11.75555574421404,11.578675181364499,1.9725316077553061,79.75635345601792,10.658690231002893,hammer curl_16.mp4,69
2.1929418719821805,174.06056192048467,2.282052993774414,3.6532301902770996,9.365164756774902,10.727667974152155,11.566656588539676,1.9502320958211574,81.73179579781295,14.802133031877256,hammer curl_16.mp4,72
16.893586565389448,173.92420049072882,1.227170467376709,7.202342510223389,8.490666389465332,12.846966204921852,11.432940526606114,1.6458697729175287,81.58351920296619,16.021301797540186,hammer curl_16.mp4,75
9.094313194370518,171.96153488911926,1.5216689109802246,8.823882102966309,9.435503959655762,14.968527266158622,12.355131580363125,1.7990826965130253,89.06787367358825,9.264390697226851,hammer curl_16.mp4,78
24.94560531087111,171.83686932716705,2.3242995738983154,9.104557991027832,10.320167541503906,15.992615317765466,12.405148178329599,1.492930346429354,88.93433537833141,4.947581415894949,hammer curl_16.mp4,81
13.549433397533889,171.04177929551753,2.263287305831909,10.35580062866211,10.710061073303223,17.065132381442208,12.667831841678078,1.70639050039582,87.74137840758293,2.1939169810358266,hammer curl_16.mp4,84
4.84318740215857,171.73622939668357,1.709381341934204,12.525076866149902,10.170884132385254,18.982940391956316,12.904131166328632,1.890288743955341,83.21350037683699,3.9436417678882276,hammer curl_16.mp4,87
13.416127081969242,169.81340604434462,3.026843786239624,11.304394721984863,12.601187705993652,18.732986321963033,13.85276790560686,1.7071186756182912,84.77187536442429,14.888067544634568,hammer curl_16.mp4,90
5.717860115517527,171.27935562881714,1.6472728252410889,11.026219367980957,10.655912399291992,16.635619353912492,12.943724532350119,1.8707807895966735,86.11142029850109,3.7070712877369445,hammer curl_16.mp4,93
27.213113677657848,172.89601507052453,1.5949418544769287,10.611811637878418,9.326583862304688,16.218211654526677,11.669978809139065,1.4560345377965667,89.47248486588553,12.07057960033541,hammer curl_16.mp4,96
0.059347025446578223,173.89513415678576,1.4632916450500488,5.348686695098877,8.208850860595703,11.216471972164593,11.032656880450954,1.998635343567047,87.72364716735666,10.069485000983056,hammer curl_16.mp4,99
2.349187380999232,174.5529876612699,1.0026026964187622,4.931779384613037,8.218628883361816,11.111364478026674,12.214012524691148,1.946881662016017,87.39482109408047,2.2927254419444343,hammer curl_16.mp4,102
3.492838446800325,175.07478663085737,1.2287238836288452,5.232144832611084,8.040096282958984,11.33833029523477,11.550891181195741,1.921758752287122,80.61184320688801,20.74037068564752,hammer curl_16.mp4,105
2.5232861995041005,173.95178520663245,0.8337002992630005,3.482736349105835,8.620723724365234,9.598904139990259,12.955535173797907,1.9428069657793865,82.18656595532609,9.657587891145571,hammer curl_16.mp4,108
6.080798587395321,174.73526454662772,0.574085533618927,4.782478332519531,9.104461669921875,10.432187654097639,13.543047318883016,1.8654810091095024,86.72225688728713,27.092841130981622,hammer curl_16.mp4,111
38.40029365668241,173.6623107171467,0.40221086144447327,3.9973061084747314,9.743896484375,9.258117291830148,14.140362577601334,1.2756800517456734,89.3194464912567,26.475511129348604,hammer curl_16.mp4,114
178.0161354846072,174.8873341053596,0.22996538877487183,4.0876383781433105,9.40842342376709,9.313082786556736,14.079845539594418,0.017731768876531013,65.92805919296406,14.469405901428711,hammer curl_16.mp4,117
175.64989859550005,172.11519073672406,0.5136682987213135,2.5088999271392822,10.488675117492676,8.027908000523354,14.864100755533606,0.020328135095810267,65.09620592708855,8.273504513788817,hammer curl_16.mp4,120
174.29913256209218,170.9459195767515,0.41148507595062256,1.9574977159500122,11.811647415161133,6.911683797872865,15.829562438419464,0.019425118272178236,60.61309417713357,5.858349139747354,hammer curl_16.mp4,123
175.2860702049565,168.47109650402157,1.0315148830413818,1.437296986579895,11.2044095993042,6.932030036017785,14.51641416797347,0.039649929432333426,58.602857782420536,4.619512040917334,hammer curl_16.mp4,126
3.462379944036837,164.02869377492348,1.5963480472564697,0.9184340238571167,9.466846466064453,7.566000298397475,12.896926490425045,1.9173118932929767,80.88689797139419,27.058903241289837,hammer curl_16.mp4,129
0.1370561110185936,157.39617704315256,0.09590686857700348,2.5809638500213623,6.10715389251709,7.078894527527486,10.359551123217166,1.9965199441851245,76.99337551019086,10.66102627489717,hammer curl_16.mp4,132
1.7238551192923806,149.87219262546017,0.14217747747898102,2.547111988067627,1.406978726387024,6.840399128443508,5.409648684044893,1.9545145102411932,76.13198607112501,12.399902734891974,hammer curl_16.mp4,135
8.035020902173903,132.91678513183558,0.08656338602304459,4.867186069488525,0.9256793856620789,9.157295406157278,5.263842131200484,1.7719782065017267,83.44510448065694,3.3327079090947493,hammer curl_16.mp4,138
7.432814763107137,110.54616559051097,0.88111412525177,5.297243118286133,4.955370903015137,8.486791637325082,0.05595291190411357,1.7479952872679938,87.08149044477496,19.679373801275016,hammer curl_16.mp4,141
16.280467840326384,81.96926157041356,1.128893256187439,7.339481830596924,9.559564590454102,10.108496932068245,4.6793115976202575,1.3371801454123204,87.82071685028761,4.9398855534700505,hammer curl_16.mp4,144
25.55465901963854,73.29091320490794,0.6190961003303528,10.176362991333008,9.318922996520996,13.06332292004021,5.165281012086796,0.9658754178048045,89.7100290282866,17.963477912659727,hammer curl_16.mp4,147
10.90952129137307,66.34430687049756,0.4903266727924347,8.77345085144043,9.1976957321167,12.230079696485072,4.768674159608004,1.435133685879527,89.09977530974511,6.41935157114315,hammer curl_16.mp4,150
35.53736176170641,55.60069305973442,0.9467597007751465,11.722023010253906,7.770954132080078,14.305670926600873,3.3452706271459265,0.4402843869629744,89.94239202620376,33.6555600397115,hammer curl_16.mp4,153
45.513123220499125,70.40101845667196,1.1047502756118774,10.204730033874512,9.415789604187012,12.313485136712632,5.123232030520818,0.4294194802474982,89.95843149234899,15.329783476919028,hammer curl_16.mp4,156
63.92934309732574,77.9408846118767,0.974775493144989,8.079706192016602,5.037379264831543,10.654658993510774,0.34605016098091196,0.19752617220395277,89.33737945475107,6.013615201638714,hammer curl_16.mp4,159
10.379927893795918,84.59712881644319,0.3547564148902893,6.591170310974121,3.582268714904785,9.813757616450347,0.37949179063681887,1.5628448278634897,87.1041909809783,50.27226711376669,hammer curl_16.mp4,162
16.38382962966468,114.98043789130004,0.215289905667305,8.03213882446289,3.9854886531829834,10.722492941206472,7.070520623820855,1.501117619308464,83.57876420546337,27.418698149376095,hammer curl_16.mp4,165
12.574069152458923,128.7233576281847,1.1383062601089478,6.607043266296387,6.792190074920654,8.331355888156008,10.777329264071813,1.6440396845448726,85.19003451272069,2.5878194456436425,hammer curl_16.mp4,168
179.8344890035689,142.36521332634808,0.26437076926231384,3.35382342338562,9.642379760742188,6.191375893364693,12.875089443671165,0.23258417314646732,69.3643982290673,10.85879050356601,hammer curl_16.mp4,171
169.0829386432222,153.46138153357242,0.1763722449541092,2.285557508468628,8.981547355651855,5.937688644912364,12.258083003284254,0.09686456175131046,69.07257906078712,11.223880355605086,hammer curl_16.mp4,174
179.29779216172187,158.81556125276043,1.4506663084030151,1.911849856376648,12.229190826416016,7.364231765781193,14.76700672414084,0.1211560010991517,48.42355072483322,2.134280830776315,hammer curl_16.mp4,177
179.0708513608736,164.16070011792894,1.5858454704284668,1.4750624895095825,11.818644523620605,7.115711448635279,14.319609649203946,0.08688100600719682,49.26519855349853,7.348646486624158,hammer curl_16.mp4,180
178.36099179541097,171.00326143903675,1.8077714443206787,0.877441942691803,12.09359073638916,6.257333109980831,13.785841609157089,0.04212068228649982,52.26860925416513,6.200494363450988,hammer curl_16.mp4,183
176.83417547602247,174.77115361264973,1.2340178489685059,0.18999379873275757,10.506648063659668,6.212744909755461,13.88539381581707,0.011734872555657205,58.92709498247871,8.27897135356905,hammer curl_16.mp4,186
178.43551965068383,172.83675181312523,0.8911481499671936,2.0864531993865967,11.100141525268555,7.5180992852312585,14.592462275644738,0.03187708391685808,61.8772211823144,5.049829742719214,hammer curl_16.mp4,189
179.11906611146986,175.01469085336973,1.011421799659729,3.8221163749694824,9.78732681274414,9.791492408939131,13.636618478975034,0.023179802418596542,60.35468295830112,16.786007979462905,hammer curl_16.mp4,192
173.08281287877136,172.14092373081485,2.253168821334839,3.6303234100341797,11.257287979125977,10.709195368578227,13.77320991333772,0.005456688217367273,84.82233073597432,8.089276913106632,hammer curl_16.mp4,195
0.228141235772435,173.75310940423674,1.6780058145523071,6.742733955383301,9.380837440490723,13.271395420100742,12.379941738330968,1.9947548086950018,86.74832851394876,3.8702610704487266,hammer curl_16.mp4,198
145.36373538822178,172.928924507956,0.9540699124336243,8.928253173828125,8.88316822052002,14.405147467315363,12.26718378464143,0.17320656485591315,88.00924073104208,16.417234080517108,hammer curl_16.mp4,201
29.995555029375524,171.8009430224198,0.9830674529075623,8.839113235473633,8.532570838928223,14.7026243407414,12.361099422686124,1.4054296220407845,88.94512118615678,16.949406967879053,hammer curl_16.mp4,204
148.23102230947282,172.5912472444859,1.0686695575714111,10.541139602661133,9.161666870117188,16.27355922243794,12.753431471302715,0.15186118450493646,87.2411998872878,14.04557299694565,hammer curl_16.mp4,207
46.384577357444215,171.67996487049516,1.7314871549606323,8.005334854125977,8.775796890258789,14.337838406611006,11.688856380356714,1.1491587420212652,89.58640283081894,9.39552913980742,hammer curl_16.mp4,210
54.9560286263117,169.41118827818863,2.9402217864990234,10.836257934570312,11.052687644958496,18.123791682778297,12.565736613329346,1.0202485125141398,88.19808890334124,13.405934794005647,hammer curl_16.mp4,213
6.8885448406263325,168.67141874145582,3.026611328125,11.842676162719727,11.576786041259766,19.232573778139287,13.104868690694232,1.8430497546234537,84.36259890308222,11.176065063096605,hammer curl_16.mp4,216
6.186085535314394,169.4120989621721,3.2898600101470947,11.025501251220703,12.466561317443848,19.335434818799357,14.356622978027955,1.859085432961229,81.6947376831549,14.157068320736009,hammer curl_16.mp4,219
9.714481818030047,170.41470436268077,2.6003904342651367,4.838108062744141,11.286401748657227,12.693283818176294,13.898153018201619,1.7842774505563093,89.12726514017733,6.593052252050938,hammer curl_16.mp4,222
153.27234897491,172.9338921207755,1.71564519405365,6.5606584548950195,9.990876197814941,13.051063722310037,13.107368767445548,0.12054670125148363,85.06138087104868,6.021892778781297,hammer curl_16.mp4,225
156.33342897246231,172.78419588716096,1.3765835762023926,7.949351787567139,9.568672180175781,13.859897891997788,12.834703770790622,0.09996892096991343,82.07423192307239,8.017164508407452,hammer curl_16.mp4,228
8.10699559445451,173.574254026929,1.285298466682434,4.745056629180908,8.858319282531738,10.736214221526884,12.327697258645594,1.8215116725286917,86.78380141479182,1.9708962026586117,hammer curl_16.mp4,231
12.376309378212554,174.66358424255165,0.9206900000572205,5.0740966796875,8.707212448120117,10.829346822797746,12.6220911113585,1.735322574481221,87.37910856899519,4.5742402100864705,hammer curl_16.mp4,234
9.866911415403216,173.54071372211655,0.8818703889846802,6.200354099273682,9.287446022033691,11.886023778386294,13.168310077854198,1.7848091341239498,88.00709643132897,11.73450502042844,hammer curl_16.mp4,237
30.178376471904382,172.97325630301467,1.3323084115982056,4.761613368988037,10.08557415008545,11.089102838372945,13.837154932710924,1.4057960340325617,89.88427707483046,10.199681146898696,hammer curl_16.mp4,240
179.67374083448522,173.16964382774694,1.261595368385315,5.051981449127197,10.33803653717041,11.43848685101905,14.271035953366487,0.03686676462966413,63.097289468893734,18.276870872566704,hammer curl_16.mp4,243
178.22204752234404,173.40283944998714,0.1886935830116272,5.345043182373047,10.054267883300781,10.838812729076972,15.208284122690795,0.027411074988762763,57.52852899891094,20.3936014790297,hammer curl_16.mp4,246
177.81125685758877,173.0374770273122,0.4369935989379883,2.985748291015625,10.504629135131836,8.502882222274211,15.143853070208836,0.027212752216131113,55.56039528303515,12.563493552068985,hammer curl_16.mp4,249
175.5050762775257,171.8631513383922,0.45058199763298035,1.0999293327331543,10.694369316101074,6.605478454118129,15.366977095108812,0.020968670417147763,71.59453273589583,16.496618385507983,hammer curl_16.mp4,252
177.56361493246484,172.68407092145563,0.36606013774871826,1.4883298873901367,9.484590530395508,6.827254234442697,14.148202782749197,0.02786339044103978,64.49015515950963,13.9858699084894,hammer curl_16.mp4,255
178.8179945154151,169.67531786271954,1.0317274332046509,1.1168062686920166,7.744091987609863,6.946530788971952,11.614199353739055,0.05246973946389684,65.03111331259649,6.259713302977983,hammer curl_16.mp4,258
141.67450231816187,168.7894637937458,0.9756470918655396,1.568681001663208,5.675117015838623,7.8435761849363645,10.090911384995847,0.1746738071741972,87.35414744391996,20.571550531533106,hammer curl_16.mp4,261
5.515585342217008,160.11894119801195,0.37068942189216614,4.797277450561523,2.2169759273529053,9.325967937377511,6.237310852112044,1.8668010720366954,79.0896789175337,17.772179405096633,hammer curl_16.mp4,264
62.35894024837816,155.29724650477894,0.03733257204294205,4.1452813148498535,2.099004030227661,8.568022000266613,2.5323457505345766,0.8539918634318601,89.25842643150305,26.951913700198478,hammer curl_16.mp4,267
95.26578551809926,135.0832071186649,0.5834954380989075,5.1308674812316895,2.072643518447876,10.049623022064893,1.6536291795949118,0.34571387653822705,89.79632983889991,48.44302281594145,hammer curl_16.mp4,270
5.688890786109988,109.28694929381996,0.036765847355127335,7.232304096221924,5.49812650680542,10.874965966259387,1.859411180288095,1.8020839584331756,79.89398298728835,19.180911773168543,hammer curl_16.mp4,273
46.03640497047676,71.30262795672895,0.5011733770370483,9.940704345703125,9.94230842590332,13.052938857598084,5.822717471994559,0.43065333599479627,89.2374225206333,4.300004922977421,hammer curl_16.mp4,276
30.38986273695344,56.71809660217713,0.44739896059036255,12.546402931213379,7.975437164306641,15.565935006971957,4.044429477772285,0.6044966284360318,87.2267339659727,25.86187657647217,hammer curl_16.mp4,279
4.203840757688457,51.28236332849387,1.070805311203003,10.210772514343262,10.362138748168945,12.733320337339876,5.601261796366377,1.6969451540668408,87.65768233036229,35.546043129406264,hammer curl_16.mp4,282
0.8517978639110718,43.446950840894466,1.3773609399795532,11.585705757141113,7.985079765319824,13.433631314201827,3.3009075272549206,1.9230860564855035,85.22235734611606,23.319741855095764,hammer curl_16.mp4,285
2.7542768377535864,61.62394779929982,0.7521106600761414,12.763395309448242,5.911700248718262,15.486502717126616,1.6264229236444956,1.8288690405315502,87.7642228071884,32.87964620538786,hammer curl_16.mp4,288
67.11615745975467,69.04655254092036,0.2351372241973877,9.490006446838379,6.206942081451416,12.860367956158393,2.375287077689242,0.028354240028802526,88.00854633030669,43.5233826072574,hammer curl_16.mp4,291
21.51766493792471,68.77693608635734,0.21673932671546936,8.807599067687988,5.3403801918029785,12.308263569008227,1.3386680006297098,1.0467795551967423,87.30688173224345,11.100255685296403,hammer curl_16.mp4,294
14.960353877456264,128.15543451388663,0.40056315064430237,8.363494873046875,0.8764448761940002,12.34397016371927,3.7244153576289087,1.581867128830037,85.74389567927024,36.09513929071904,hammer curl_16.mp4,297
157.59125030640683,146.67629167132037,1.3119542598724365,7.424726963043213,0.49696388840675354,9.781285826166156,4.320102278922626,0.0717457969005807,88.51749467365832,28.186660689629072,hammer curl_16.mp4,300
176.6684523211697,174.21266807007925,0.9086163640022278,3.3548784255981445,3.5789427757263184,8.80667233833984,7.119129211784681,0.013997813552077892,41.34284452249965,34.003649134940446,hammer curl_17.mp4,0
177.15558788820428,175.07785043360556,1.2007261514663696,3.443159580230713,3.7969164848327637,9.300264469477948,7.20630902404769,0.011797502613595943,38.50099362488229,29.376414740174667,hammer curl_17.mp4,3
179.79536976550307,174.1409389782401,1.613420844078064,4.001689434051514,3.8249270915985107,10.437523814078348,6.955983856026909,0.03195168536018666,42.61240481587867,42.20219789797393,hammer curl_17.mp4,6
178.4987132714612,174.82414640716487,1.9799009561538696,4.502466678619385,3.9696340560913086,11.468497761720178,6.839481524904407,0.020800051644768388,41.65851670001884,36.94757681176669,hammer curl_17.mp4,9
177.37080115655073,175.15568014848398,2.2569966316223145,5.317453384399414,3.95059871673584,12.676502980873215,6.767816751791317,0.012567118361528374,42.318998973947636,36.237565654194476,hammer curl_17.mp4,12
166.48632586487335,176.1556968559455,2.138150215148926,2.6668412685394287,4.611660957336426,9.8366326106036,7.4192067847909655,0.05644007652237483,60.318363561257144,27.612528979792984,hammer curl_17.mp4,15
154.19124065598547,175.89386853396067,1.4669607877731323,4.153083801269531,4.501031875610352,10.102288001238547,7.5092195857257265,0.1314971640570827,89.4378311369076,52.06009204621811,hammer curl_17.mp4,18
98.55102123967363,175.37161871615234,0.9389397501945496,8.218445777893066,4.232742786407471,13.508309543652906,7.583254867188272,0.560892648295644,86.35261042572043,17.199520341548904,hammer curl_17.mp4,21
13.571383063730844,178.90567833666705,1.782901406288147,12.09150218963623,5.563930988311768,18.352593765718243,8.191006979436798,1.7179636271462155,89.98243763646856,38.7672533074962,hammer curl_17.mp4,24
80.63507938339826,175.69684120183337,1.5081218481063843,7.425425052642822,3.74017596244812,13.750297634096306,6.993865311623528,0.7417083412896803,88.97811818537802,25.362115282934077,hammer curl_17.mp4,27
18.563565366487275,176.50699339164566,1.152071237564087,40.59431838989258,5.737390995025635,46.26563189056049,9.084823114682692,1.6193466510852794,83.43064222832,5.05418983113899,hammer curl_17.mp4,30
23.60548820023246,175.32923616447047,0.6783044934272766,31.141231536865234,3.982229709625244,35.71748747979074,7.190092363251088,1.52536213523071,81.27493948668187,4.516973867395879,hammer curl_17.mp4,33
19.917219939806934,175.5856280539989,0.5044242143630981,24.236730575561523,4.171596050262451,28.586906120666274,7.600961061045042,1.5924924850110016,78.88832758586406,4.694310089624643,hammer curl_17.mp4,36
22.382952964475308,175.5591740990862,0.5861314535140991,22.808378219604492,3.96144962310791,27.271447668828433,7.221919004915081,1.547686926547215,79.67599381061248,4.45080215238555,hammer curl_17.mp4,39
17.374653414401372,177.50769960804618,0.5134692788124084,36.808021545410156,5.022197246551514,41.55571889729943,8.772567610096656,1.6433816988570522,83.5997523915605,5.458789314419681,hammer curl_17.mp4,42
162.76235111816277,174.52463960628282,0.6992285847663879,4.424707889556885,3.1118900775909424,9.669122585656176,6.985670797026213,0.0697464699889924,78.42628278344378,7.93182306166305,hammer curl_17.mp4,45
40.02100857042058,175.1248415447525,0.5651910901069641,24.139760971069336,4.455968856811523,29.352800755784855,8.485426244004014,1.2559278545415344,89.59142941108675,35.56032004847783,hammer curl_17.mp4,48
85.32892838504098,174.66556749511076,0.5642052888870239,8.807741165161133,4.313380718231201,13.547523715602358,7.850154934916794,0.6872194644555153,85.18631965078903,39.657988948366146,hammer curl_17.mp4,51
170.15807143069614,175.5054684797356,1.3732331991195679,2.6337783336639404,4.128687858581543,8.639019471389343,7.280900997277492,0.030939896353691734,80.5393240090634,40.988522272082015,hammer curl_17.mp4,54
170.03357992560282,174.74178182561732,1.5563119649887085,6.8218255043029785,4.400454044342041,13.13348613464727,7.636636494307978,0.02731170740333703,47.67842780256325,30.64674914731586,hammer curl_17.mp4,57
172.30325825704188,175.24329507396104,1.4845552444458008,6.249592304229736,4.440066814422607,12.564449371233827,7.76154438493513,0.016918808653061643,60.383497785931695,35.508636629407754,hammer curl_17.mp4,60
176.59388932879236,174.23135925419646,1.1955351829528809,5.605745315551758,4.336881637573242,11.444512456443876,7.852954869088885,0.013468415310120026,20.553769354082885,19.27963427311427,hammer curl_17.mp4,63
178.95732299509842,175.31708959881055,1.294203758239746,6.479259490966797,5.187611103057861,12.002095367432807,8.164573625259528,0.020550360211650548,29.074370427455346,38.416880050458005,hammer curl_17.mp4,66
177.59246560997695,177.43341263467786,1.2740038633346558,5.1819329261779785,6.2788310050964355,10.766109852981442,9.33847768843446,0.000896007784477525,27.040147771754555,34.108273191265404,hammer curl_17.mp4,69
177.47098005859942,179.9557653398252,1.04474675655365,5.133035659790039,7.7861104011535645,10.35713895801791,10.896250542393643,0.013903745666575597,26.054419390538953,29.259654632267743,hammer curl_17.mp4,72
177.95081838000087,175.80231328066378,0.47850701212882996,5.36159086227417,8.266538619995117,10.172043093393578,12.05720084714889,0.012146917762967117,22.858942593014177,34.53504952327564,hammer curl_17.mp4,75
176.94091314502845,178.92789828353898,0.07335883378982544,5.645725250244141,7.964319229125977,10.017181810608788,12.322401608816712,0.011166952959626672,43.634621622197926,84.20673411036371,hammer curl_17.mp4,78
176.0112493074981,169.72222154123733,0.08149045705795288,4.983360290527344,8.203346252441406,9.611716363146835,12.81267007047283,0.03638078633707024,46.27605547003452,87.14938159909582,hammer curl_17.mp4,81
178.60296230403557,144.32914489402995,0.35709449648857117,6.6520891189575195,10.876155853271484,11.130362871624124,14.498555252565977,0.21226639684349685,36.33810941532731,89.92926857931205,hammer curl_17.mp4,84
177.54927694782813,21.101270880664,0.35496702790260315,6.025698661804199,12.299757957458496,10.478313797070658,15.972187417094283,1.5751077233598751,51.08189205854975,88.42781111298568,hammer curl_17.mp4,87
179.6262230116543,26.79324347621649,0.05608568340539932,7.094096660614014,12.984981536865234,10.89547366401367,16.590719201797487,1.4808000634418679,52.787272365914085,88.3214220728948,hammer curl_17.mp4,90
179.57067206073816,16.548686394972666,0.9296628832817078,6.678689002990723,19.943546295166016,11.380377034423725,22.69118241291824,1.6624772480334253,44.06366965259514,84.55874988950444,hammer curl_17.mp4,93
179.69803532157022,17.969036764241736,1.4022328853607178,6.067660808563232,16.660629272460938,10.803469187454507,18.562953902763894,1.6363777421372245,44.941793395443156,84.4664898300055,hammer curl_17.mp4,96
179.96573597990397,17.66717623071356,1.4056962728500366,6.421293258666992,21.435413360595703,11.693137184661543,23.791086994860233,1.6424244113372042,45.10917673539935,86.02395814004274,hammer curl_17.mp4,99
178.06032980520834,20.61916169052486,1.16203773021698,5.430078506469727,7.2085771560668945,10.790999876421514,10.158555987936369,1.5848758916122416,47.07739038420641,86.59821714331743,hammer curl_17.mp4,102
176.36476534068856,39.372315548379916,0.28483787178993225,6.277128219604492,22.06871795654297,10.69746380092685,25.970785104613025,1.2699944694509877,39.753426980772794,89.92520545748665,hammer curl_17.mp4,105
175.00122942779117,165.35714372636875,0.6253846287727356,4.754561901092529,10.19450569152832,9.922538388014488,13.816620566871668,0.05667018332499956,27.1400374223007,87.47629773682569,hammer curl_17.mp4,108
178.08940431500164,159.51150377515276,0.059180449694395065,4.757018089294434,10.33361530303955,9.641797442525245,15.03557485651015,0.11005835644783137,47.771919786323416,85.54553497768464,hammer curl_17.mp4,111
178.93283774930083,167.84519291785946,1.0138601064682007,5.120288372039795,9.499907493591309,8.602520409926823,14.80911267603057,0.0639466393537678,34.79336301622463,77.47527777642516,hammer curl_17.mp4,114
177.7581589908237,176.39071168335306,0.4643024206161499,5.200516700744629,8.327932357788086,9.114320420925939,13.066555891566187,0.007722443416902509,31.088900068329124,52.406736190083,hammer curl_17.mp4,117
177.8091118205802,179.49448309717718,0.2617703676223755,4.948419094085693,7.550405502319336,9.612800327354158,11.585445114830907,0.009433833303495943,23.74764486052456,22.745468808030232,hammer curl_17.mp4,120
175.57623166480755,177.49110544610926,0.43450304865837097,4.267053604125977,6.6391425132751465,9.020184843855192,10.424376532563702,0.010847074084908322,25.45621239235095,27.589312429303895,hammer curl_17.mp4,123
177.53907528168062,177.31642035169241,0.6734190583229065,4.142615795135498,6.584434986114502,9.095501464402476,10.13907776177024,0.0012549047864725783,21.408884566141616,29.167996044181216,hammer curl_17.mp4,126
178.80843113187427,176.80512085303184,0.6474447846412659,4.602416515350342,6.272795677185059,9.536195210096688,9.946411335540203,0.011266782537733343,22.501630683052365,28.086019078400938,hammer curl_17.mp4,129
176.78167649388644,177.30768169030574,0.9838465452194214,5.422962665557861,6.342249870300293,10.788026287259829,9.775615412282344,0.002971030810509052,21.385604072881232,18.74853477812818,hammer curl_17.mp4,132
178.7615634288081,177.3523283967704,1.30023193359375,6.411052703857422,6.397811412811279,12.485459533974778,9.872031939630808,0.007914518722161756,41.879429513578685,31.251254817434305,hammer curl_17.mp4,135
163.9483647613947,178.30199521284788,0.806016206741333,7.829057693481445,6.475202560424805,13.223826072396893,10.308053211412917,0.08387795678306027,77.41263212275854,29.153425570737724,hammer curl_17.mp4,138
160.5881359463696,177.10835663070176,0.7939449548721313,5.860214710235596,6.552611827850342,10.95240221605667,10.115907672329124,0.0978406412116455,86.60273901724054,29.92755008050594,hammer curl_17.mp4,141
159.69453514604425,179.5845699304543,0.3541874885559082,16.6004581451416,6.709641933441162,21.043273821719307,10.536573117674218,0.11724880481469897,77.17766184310928,7.0922822087648365,hammer curl_17.mp4,144
174.1075458520193,178.6465036122875,0.6278162598609924,5.603813171386719,6.688924312591553,10.832727143880984,10.612518019178362,0.02573440484757608,89.02979422845291,18.50992820103778,hammer curl_17.mp4,147
57.422280043998185,177.3157639659828,0.9023817181587219,14.132627487182617,5.790663719177246,19.421130336140706,9.200776209326213,1.0215087582214564,84.82086011351626,13.371352081587373,hammer curl_17.mp4,150
21.06413079404894,177.96962410671185,0.8881145119667053,26.794498443603516,6.545022964477539,31.95145947736997,10.002269105942375,1.5766721920198588,87.43098465419497,20.21571573448442,hammer curl_17.mp4,153
16.193040686806693,179.88985657019026,0.910565972328186,20.510160446166992,7.383524417877197,25.66208555892965,10.669554844072927,1.6696694936002867,81.88109233202596,2.0332044910188407,hammer curl_17.mp4,156
12.470143389946701,178.58376385819224,1.062137484550476,29.94820213317871,6.220306873321533,35.25903911459282,9.479463857478544,1.7389188513428178,85.68383188360454,0.6017331511569859,hammer curl_17.mp4,159
15.361189710415658,177.46394686670055,0.35878410935401917,31.789262771606445,6.232268810272217,36.19620347903337,9.975335143351838,1.6813446631887168,84.4483750115515,0.49682536897354257,hammer curl_17.mp4,162
48.00355088458789,175.76099278653538,0.9148820042610168,20.205949783325195,5.8664045333862305,25.4570368872747,9.291406015063558,1.1418917385742604,88.21253798746564,32.41617734849048,hammer curl_17.mp4,165
17.340552217652515,177.22349685758783,0.9212408065795898,11.235235214233398,5.809817790985107,16.39924718427313,9.145958117229986,1.6434993556091813,89.37641859499058,24.55982218885806,hammer curl_17.mp4,168
97.21064530867311,177.06481692736955,0.6419559717178345,12.236821174621582,5.702227592468262,17.048727637771528,9.300750490951424,0.5822917658596349,86.01567233736007,22.42425331459175,hammer curl_17.mp4,171
175.135622938874,175.92287340507363,1.2344721555709839,3.669830560684204,5.68979549407959,9.21650403545391,8.76143167266505,0.004485010187181562,86.58696942329492,38.21850279995276,hammer curl_17.mp4,174
161.45014896353297,176.52790745645515,1.2283838987350464,6.31908655166626,5.511951923370361,12.144763072507825,8.813183351075534,0.08922329841547952,51.97489991748475,13.317253004859168,hammer curl_17.mp4,177
166.37022025105713,176.58057976730925,1.4010812044143677,5.0538249015808105,5.348349094390869,11.233980219399214,8.668548494410501,0.059544165027201015,58.51618838769199,35.0126375753794,hammer curl_17.mp4,180
172.84944326259009,177.13542636171573,1.2181957960128784,4.722096920013428,5.775695323944092,10.441123726339367,8.985025465748725,0.02449239079235893,26.28297138519968,16.608972652130788,hammer curl_17.mp4,183
178.27535039125996,177.39172990001765,1.1095532178878784,6.6082072257995605,6.211421012878418,12.041348478916863,9.373811157328754,0.004968806730826256,18.93362321559963,19.210967809938055,hammer curl_17.mp4,186
177.47624841753426,178.63958146281368,1.317331075668335,5.7061896324157715,6.111149311065674,11.32202511238409,9.024649136884921,0.006533453150174683,20.834783230097997,28.512788409359686,hammer curl_17.mp4,189
175.45450681015276,179.88985657019026,1.0612025260925293,4.331594944000244,7.254525184631348,9.691686482496694,10.45720467910882,0.024963670270971024,18.088792795443595,24.11211278183209,hammer curl_17.mp4,192
176.87469139310383,178.7153388815635,0.7666047811508179,4.760837554931641,9.120377540588379,9.90678995108339,12.615150256037925,0.010352638329246185,20.161807040978427,37.20304989168409,hammer curl_17.mp4,195
177.02704475165368,179.8780534375351,0.6197932958602905,4.188112735748291,9.267911911010742,9.539472239972266,13.119335537696072,0.015976284454026813,36.73953052200611,80.4558880482163,hammer curl_17.mp4,198
176.80279318200584,172.2224145122935,0.5401873588562012,4.501732349395752,8.224878311157227,9.645976513147312,12.080998084373778,0.026246692609802252,29.010775278666394,84.7581377346752,hammer curl_17.mp4,201
177.23387994948845,179.29974548008528,0.6945708394050598,4.365265369415283,10.957448959350586,9.358261398422439,14.41059629148349,0.011588615396978289,34.50674058453344,87.14252098557897,hammer curl_17.mp4,204
178.00443056807904,25.40877510324801,1.566792368888855,5.352743625640869,9.651031494140625,11.025248479175218,11.966718394121798,1.5003515131794687,39.2792120475905,88.63075580138162,hammer curl_17.mp4,207
176.73967284635674,29.165619457466345,1.7782882452011108,4.466044902801514,10.940155982971191,10.153501017867747,12.7130072145757,1.4334168076761995,37.83845917136705,87.65781610154417,hammer curl_17.mp4,210
176.45408761726193,17.45181967817207,1.425740122795105,4.472057342529297,14.868927001953125,9.65807551080564,16.814149240706566,1.6399940585289636,43.41671788680359,84.35014544355562,hammer curl_17.mp4,213
176.26503214479433,18.091476064700878,1.3936536312103271,3.867525339126587,10.041762351989746,8.851350687184135,11.962056287830313,1.6276641058975965,40.69003542763356,80.90947272102653,hammer curl_17.mp4,216
176.5664663101586,18.83284587302355,1.358502984046936,3.675678014755249,14.021882057189941,8.610211180469758,15.950180674588507,1.6144746741919291,43.410455326731345,83.58108497680095,hammer curl_17.mp4,219
176.50946057204,14.824310001410618,1.923599362373352,3.56027889251709,20.762731552124023,9.432589365637517,22.648793081282534,1.6900848196953342,36.977628373085885,87.08281563920629,hammer curl_17.mp4,222
176.36223469552533,24.98235786936448,1.623173713684082,3.270191192626953,14.206241607666016,8.905650680176317,16.488414172797004,1.503689519522346,40.65926125178997,89.54188693584845,hammer curl_17.mp4,225
175.30042879708222,159.7988116443048,1.1460248231887817,3.269845962524414,8.937053680419922,8.492089150348745,11.726504817847571,0.09251956007037765,38.71892715344507,89.13673341557465,hammer curl_17.mp4,228
175.96080331041836,152.85494549677088,0.2618215084075928,3.6384873390197754,13.82500171661377,8.587964584834772,17.993219811670784,0.1405398488209047,36.52559536883007,82.54746102714385,hammer curl_17.mp4,231
175.65647705249316,166.22664664385215,0.29287195205688477,2.756831645965576,11.117025375366211,7.313541832789857,15.87172431101545,0.0551640590309829,38.63771238118249,72.080945742913,hammer curl_17.mp4,234
175.71599971018694,170.60687645010145,0.22611604630947113,2.729496955871582,11.566868782043457,7.638358109195073,15.765610884038555,0.029504971295750214,25.851191767115576,20.363546640097066,hammer curl_17.mp4,237
177.2742992072137,177.01442899042178,0.6591411828994751,2.650218963623047,10.04188346862793,7.816302206245025,13.682764384086262,0.0014669968085857066,36.94360439401789,38.261284257450434,hammer curl_17.mp4,240
178.6335533416222,178.11362943661467,0.9494611024856567,2.1957950592041016,7.167357444763184,7.770213194126096,10.569708304275235,0.002914803144111803,24.403866985630923,17.039357063911165,hammer curl_17.mp4,243
179.63362529462353,177.2477138353086,1.2401039600372314,2.1105504035949707,7.265763759613037,7.859101244782834,10.393736542203,0.013370895015871286,30.764832254879824,30.636682359606237,hammer curl_17.mp4,246
179.5166450887912,175.75093274225222,1.5959606170654297,1.5031863451004028,6.282553672790527,7.504305148946875,8.987343062439948,0.021199302055814714,24.795824139053103,21.867657347887743,hammer curl_17.mp4,249
179.38642551220946,174.79184224250548,1.963800311088562,3.2644472122192383,5.142424583435059,9.930027066965922,7.764553020684238,0.025945032137804337,24.72307105968489,22.229291514567496,hammer curl_17.mp4,252
178.63140687464957,175.235805647382,1.7902915477752686,4.128880023956299,5.042846202850342,10.711051395979396,7.9015705474175615,0.019191386526414445,41.3704868631275,24.607105606946863,hammer curl_17.mp4,255
164.03405641488627,175.27105085486593,1.8011987209320068,6.790719509124756,4.258796691894531,13.568792283408477,7.362419773315488,0.06623533922256057,82.0779395367912,25.291708091732158,hammer curl_17.mp4,258
168.07005048868558,173.043959746139,1.381232738494873,1.9539451599121094,3.7567288875579834,7.9059912240326335,6.906090905650981,0.029162738018466906,75.88151216822115,29.82210537081344,hammer curl_17.mp4,261
68.8021539084554,174.88135926872823,0.7900022864341736,7.1910881996154785,4.512939453125,12.13089246301286,7.886203240609853,0.8706309587972992,82.2618208134387,36.43421050159949,hammer curl_17.mp4,264
59.279407642734135,174.73954642291778,1.052496075630188,10.346429824829102,3.912917375564575,15.708281559176406,7.230444077895601,0.9867588652480889,89.77759942020475,25.60652941172033,hammer curl_17.mp4,267
169.2335610748171,175.61063449671008,1.2272708415985107,0.23006324470043182,3.8374745845794678,5.654022437997416,7.157905704621675,0.03698524437289107,46.74664681780005,6.458477978013996,hammer curl_17.mp4,270
2.933715460393694,175.64310527767194,1.3107396364212036,43.61915969848633,4.684078693389893,49.10747292697313,7.730403929529626,1.9342867579729883,85.1222944685023,22.954900705420396,hammer curl_17.mp4,273
15.569943321637655,175.5357274349005,0.8672043681144714,16.64678955078125,4.36149263381958,21.377352714651312,7.2302812721125065,1.6741081882081206,75.43515217208656,3.3101554092284635,hammer curl_17.mp4,276
14.435481521813129,175.60439185468465,1.100648045539856,19.445127487182617,4.721785545349121,24.71454280623133,7.6866119612198585,1.6961588899143443,72.62566968529154,11.84713142010511,hammer curl_17.mp4,279
15.56682583055266,176.74971631614633,0.4916345477104187,16.35512351989746,5.165469169616699,20.445640159916373,8.23816500969826,1.676224922582514,75.98181111064362,12.493930703240602,hammer curl_17.mp4,282
7.8421746782543735,176.05697314624356,1.3366520404815674,38.26637268066406,4.928852081298828,43.941058531056534,8.030157429542818,1.829424447670884,87.59281216695972,27.627010720133995,hammer curl_17.mp4,285
163.5543794241091,175.7949015692505,1.329900860786438,6.729452610015869,4.254532337188721,12.779009110621256,7.525925663528532,0.07214114088770338,89.53071799719633,20.793608982621247,hammer curl_17.mp4,288
130.9689969861773,175.6701162038486,0.8773808479309082,15.850908279418945,4.382713317871094,21.0797463529588,7.971294952336909,0.2915552341163326,87.92750206284325,17.958306722816673,hammer curl_17.mp4,291
166.98086934118598,174.31827968696388,0.9820950031280518,4.959678649902344,3.311237335205078,10.545216456143855,7.000901598613913,0.04299694486008061,85.71618638672582,42.421616128213095,hammer curl_17.mp4,294
160.62906323901223,173.26643606321966,1.1950709819793701,7.1485419273376465,3.028184652328491,13.152680529072844,6.79046977102741,0.07569657483024934,66.58773132490538,28.417295066415036,hammer curl_17.mp4,297
178.54909138808327,173.21811388791454,1.5022594928741455,7.662353515625,2.6188313961029053,14.04505921554993,6.056830256172625,0.030309690159922808,33.54237843999043,23.192464596889096,hammer curl_17.mp4,300
179.21915511481114,174.4543661535616,1.2610197067260742,7.050341606140137,3.098466396331787,12.966148099859687,6.582906731396953,0.026944561437122365,25.246660709791307,21.89355081346769,hammer curl_17.mp4,303
179.31643090208348,175.4358429733799,1.4928200244903564,6.104915142059326,3.6677653789520264,12.042887173575513,6.688530902568654,0.021877733925764094,21.631965487886397,26.442288722448275,hammer curl_17.mp4,306
179.00948682302445,173.3215044358418,1.4336973428726196,5.506340980529785,3.2306394577026367,11.434112021184173,6.354589467207333,0.0322877210821545,25.876475693717886,26.618825106300758,hammer curl_17.mp4,309
178.152096776129,172.7743059228929,1.4593870639801025,3.8836371898651123,3.104994535446167,10.20525001453428,6.486822493525692,0.030649109396584655,28.11366361944407,28.413301816470838,hammer curl_17.mp4,312
178.9926403889021,172.6857875142949,1.556131362915039,3.7793078422546387,3.311845541000366,10.286101327579836,6.628594964629613,0.03586715802962593,33.30063619248188,33.09231103523984,hammer curl_17.mp4,315
178.11477100225179,172.99058577537292,1.7045433521270752,3.3300657272338867,3.8386898040771484,10.04418092966564,6.98398580776343,0.02918887523624031,29.675460344388085,26.580217694189507,hammer curl_17.mp4,318
178.03805837040878,173.6376397501561,1.7987110614776611,3.646756887435913,4.467874050140381,10.373026235375965,7.482334047592465,0.025025434761455054,31.867141312476146,29.88915825225435,hammer curl_17.mp4,321
176.6684523211697,174.21266807007925,0.9086163640022278,3.3548784255981445,3.5789427757263184,8.80667233833984,7.119129211784681,0.013997813552077892,41.34284452249965,34.003649134940446,hammer curl_17.mp4,0
177.15558788820428,175.07785043360556,1.2007261514663696,3.443159580230713,3.7969164848327637,9.300264469477948,7.20630902404769,0.011797502613595943,38.50099362488229,29.376414740174667,hammer curl_17.mp4,3
179.79536976550307,174.1409389782401,1.613420844078064,4.001689434051514,3.8249270915985107,10.437523814078348,6.955983856026909,0.03195168536018666,42.61240481587867,42.20219789797393,hammer curl_17.mp4,6
178.4987132714612,174.82414640716487,1.9799009561538696,4.502466678619385,3.9696340560913086,11.468497761720178,6.839481524904407,0.020800051644768388,41.65851670001884,36.94757681176669,hammer curl_17.mp4,9
177.37080115655073,175.15568014848398,2.2569966316223145,5.317453384399414,3.95059871673584,12.676502980873215,6.767816751791317,0.012567118361528374,42.318998973947636,36.237565654194476,hammer curl_17.mp4,12
166.48632586487335,176.1556968559455,2.138150215148926,2.6668412685394287,4.611660957336426,9.8366326106036,7.4192067847909655,0.05644007652237483,60.318363561257144,27.612528979792984,hammer curl_17.mp4,15
154.19124065598547,175.89386853396067,1.4669607877731323,4.153083801269531,4.501031875610352,10.102288001238547,7.5092195857257265,0.1314971640570827,89.4378311369076,52.06009204621811,hammer curl_17.mp4,18
98.55102123967363,175.37161871615234,0.9389397501945496,8.218445777893066,4.232742786407471,13.508309543652906,7.583254867188272,0.560892648295644,86.35261042572043,17.199520341548904,hammer curl_17.mp4,21
13.571383063730844,178.90567833666705,1.782901406288147,12.09150218963623,5.563930988311768,18.352593765718243,8.191006979436798,1.7179636271462155,89.98243763646856,38.7672533074962,hammer curl_17.mp4,24
80.63507938339826,175.69684120183337,1.5081218481063843,7.425425052642822,3.74017596244812,13.750297634096306,6.993865311623528,0.7417083412896803,88.97811818537802,25.362115282934077,hammer curl_17.mp4,27
18.563565366487275,176.50699339164566,1.152071237564087,40.59431838989258,5.737390995025635,46.26563189056049,9.084823114682692,1.6193466510852794,83.43064222832,5.05418983113899,hammer curl_17.mp4,30
23.60548820023246,175.32923616447047,0.6783044934272766,31.141231536865234,3.982229709625244,35.71748747979074,7.190092363251088,1.52536213523071,81.27493948668187,4.516973867395879,hammer curl_17.mp4,33
19.917219939806934,175.5856280539989,0.5044242143630981,24.236730575561523,4.171596050262451,28.586906120666274,7.600961061045042,1.5924924850110016,78.88832758586406,4.694310089624643,hammer curl_17.mp4,36
22.382952964475308,175.5591740990862,0.5861314535140991,22.808378219604492,3.96144962310791,27.271447668828433,7.221919004915081,1.547686926547215,79.67599381061248,4.45080215238555,hammer curl_17.mp4,39
17.374653414401372,177.50769960804618,0.5134692788124084,36.808021545410156,5.022197246551514,41.55571889729943,8.772567610096656,1.6433816988570522,83.5997523915605,5.458789314419681,hammer curl_17.mp4,42
162.76235111816277,174.52463960628282,0.6992285847663879,4.424707889556885,3.1118900775909424,9.669122585656176,6.985670797026213,0.0697464699889924,78.42628278344378,7.93182306166305,hammer curl_17.mp4,45
40.02100857042058,175.1248415447525,0.5651910901069641,24.139760971069336,4.455968856811523,29.352800755784855,8.485426244004014,1.2559278545415344,89.59142941108675,35.56032004847783,hammer curl_17.mp4,48
85.32892838504098,174.66556749511076,0.5642052888870239,8.807741165161133,4.313380718231201,13.547523715602358,7.850154934916794,0.6872194644555153,85.18631965078903,39.657988948366146,hammer curl_17.mp4,51
170.15807143069614,175.5054684797356,1.3732331991195679,2.6337783336639404,4.128687858581543,8.639019471389343,7.280900997277492,0.030939896353691734,80.5393240090634,40.988522272082015,hammer curl_17.mp4,54
170.03357992560282,174.74178182561732,1.5563119649887085,6.8218255043029785,4.400454044342041,13.13348613464727,7.636636494307978,0.02731170740333703,47.67842780256325,30.64674914731586,hammer curl_17.mp4,57
172.30325825704188,175.24329507396104,1.4845552444458008,6.249592304229736,4.440066814422607,12.564449371233827,7.76154438493513,0.016918808653061643,60.383497785931695,35.508636629407754,hammer curl_17.mp4,60
176.59388932879236,174.23135925419646,1.1955351829528809,5.605745315551758,4.336881637573242,11.444512456443876,7.852954869088885,0.013468415310120026,20.553769354082885,19.27963427311427,hammer curl_17.mp4,63
178.95732299509842,175.31708959881055,1.294203758239746,6.479259490966797,5.187611103057861,12.002095367432807,8.164573625259528,0.020550360211650548,29.074370427455346,38.416880050458005,hammer curl_17.mp4,66
177.59246560997695,177.43341263467786,1.2740038633346558,5.1819329261779785,6.2788310050964355,10.766109852981442,9.33847768843446,0.000896007784477525,27.040147771754555,34.108273191265404,hammer curl_17.mp4,69
177.47098005859942,179.9557653398252,1.04474675655365,5.133035659790039,7.7861104011535645,10.35713895801791,10.896250542393643,0.013903745666575597,26.054419390538953,29.259654632267743,hammer curl_17.mp4,72
177.95081838000087,175.80231328066378,0.47850701212882996,5.36159086227417,8.266538619995117,10.172043093393578,12.05720084714889,0.012146917762967117,22.858942593014177,34.53504952327564,hammer curl_17.mp4,75
176.94091314502845,178.92789828353898,0.07335883378982544,5.645725250244141,7.964319229125977,10.017181810608788,12.322401608816712,0.011166952959626672,43.634621622197926,84.20673411036371,hammer curl_17.mp4,78
176.0112493074981,169.72222154123733,0.08149045705795288,4.983360290527344,8.203346252441406,9.611716363146835,12.81267007047283,0.03638078633707024,46.27605547003452,87.14938159909582,hammer curl_17.mp4,81
178.60296230403557,144.32914489402995,0.35709449648857117,6.6520891189575195,10.876155853271484,11.130362871624124,14.498555252565977,0.21226639684349685,36.33810941532731,89.92926857931205,hammer curl_17.mp4,84
177.54927694782813,21.101270880664,0.35496702790260315,6.025698661804199,12.299757957458496,10.478313797070658,15.972187417094283,1.5751077233598751,51.08189205854975,88.42781111298568,hammer curl_17.mp4,87
179.6262230116543,26.79324347621649,0.05608568340539932,7.094096660614014,12.984981536865234,10.89547366401367,16.590719201797487,1.4808000634418679,52.787272365914085,88.3214220728948,hammer curl_17.mp4,90
179.57067206073816,16.548686394972666,0.9296628832817078,6.678689002990723,19.943546295166016,11.380377034423725,22.69118241291824,1.6624772480334253,44.06366965259514,84.55874988950444,hammer curl_17.mp4,93
179.69803532157022,17.969036764241736,1.4022328853607178,6.067660808563232,16.660629272460938,10.803469187454507,18.562953902763894,1.6363777421372245,44.941793395443156,84.4664898300055,hammer curl_17.mp4,96
179.96573597990397,17.66717623071356,1.4056962728500366,6.421293258666992,21.435413360595703,11.693137184661543,23.791086994860233,1.6424244113372042,45.10917673539935,86.02395814004274,hammer curl_17.mp4,99
178.06032980520834,20.61916169052486,1.16203773021698,5.430078506469727,7.2085771560668945,10.790999876421514,10.158555987936369,1.5848758916122416,47.07739038420641,86.59821714331743,hammer curl_17.mp4,102
176.36476534068856,39.372315548379916,0.28483787178993225,6.277128219604492,22.06871795654297,10.69746380092685,25.970785104613025,1.2699944694509877,39.753426980772794,89.92520545748665,hammer curl_17.mp4,105
175.00122942779117,165.35714372636875,0.6253846287727356,4.754561901092529,10.19450569152832,9.922538388014488,13.816620566871668,0.05667018332499956,27.1400374223007,87.47629773682569,hammer curl_17.mp4,108
178.08940431500164,159.51150377515276,0.059180449694395065,4.757018089294434,10.33361530303955,9.641797442525245,15.03557485651015,0.11005835644783137,47.771919786323416,85.54553497768464,hammer curl_17.mp4,111
178.93283774930083,167.84519291785946,1.0138601064682007,5.120288372039795,9.499907493591309,8.602520409926823,14.80911267603057,0.0639466393537678,34.79336301622463,77.47527777642516,hammer curl_17.mp4,114
177.7581589908237,176.39071168335306,0.4643024206161499,5.200516700744629,8.327932357788086,9.114320420925939,13.066555891566187,0.007722443416902509,31.088900068329124,52.406736190083,hammer curl_17.mp4,117
177.8091118205802,179.49448309717718,0.2617703676223755,4.948419094085693,7.550405502319336,9.612800327354158,11.585445114830907,0.009433833303495943,23.74764486052456,22.745468808030232,hammer curl_17.mp4,120
175.57623166480755,177.49110544610926,0.43450304865837097,4.267053604125977,6.6391425132751465,9.020184843855192,10.424376532563702,0.010847074084908322,25.45621239235095,27.589312429303895,hammer curl_17.mp4,123
177.53907528168062,177.31642035169241,0.6734190583229065,4.142615795135498,6.584434986114502,9.095501464402476,10.13907776177024,0.0012549047864725783,21.408884566141616,29.167996044181216,hammer curl_17.mp4,126
178.80843113187427,176.80512085303184,0.6474447846412659,4.602416515350342,6.272795677185059,9.536195210096688,9.946411335540203,0.011266782537733343,22.501630683052365,28.086019078400938,hammer curl_17.mp4,129
176.78167649388644,177.30768169030574,0.9838465452194214,5.422962665557861,6.342249870300293,10.788026287259829,9.775615412282344,0.002971030810509052,21.385604072881232,18.74853477812818,hammer curl_17.mp4,132
178.7615634288081,177.3523283967704,1.30023193359375,6.411052703857422,6.397811412811279,12.485459533974778,9.872031939630808,0.007914518722161756,41.879429513578685,31.251254817434305,hammer curl_17.mp4,135
163.9483647613947,178.30199521284788,0.806016206741333,7.829057693481445,6.475202560424805,13.223826072396893,10.308053211412917,0.08387795678306027,77.41263212275854,29.153425570737724,hammer curl_17.mp4,138
160.5881359463696,177.10835663070176,0.7939449548721313,5.860214710235596,6.552611827850342,10.95240221605667,10.115907672329124,0.0978406412116455,86.60273901724054,29.92755008050594,hammer curl_17.mp4,141
159.69453514604425,179.5845699304543,0.3541874885559082,16.6004581451416,6.709641933441162,21.043273821719307,10.536573117674218,0.11724880481469897,77.17766184310928,7.0922822087648365,hammer curl_17.mp4,144
174.1075458520193,178.6465036122875,0.6278162598609924,5.603813171386719,6.688924312591553,10.832727143880984,10.612518019178362,0.02573440484757608,89.02979422845291,18.50992820103778,hammer curl_17.mp4,147
57.422280043998185,177.3157639659828,0.9023817181587219,14.132627487182617,5.790663719177246,19.421130336140706,9.200776209326213,1.0215087582214564,84.82086011351626,13.371352081587373,hammer curl_17.mp4,150
21.06413079404894,177.96962410671185,0.8881145119667053,26.794498443603516,6.545022964477539,31.95145947736997,10.002269105942375,1.5766721920198588,87.43098465419497,20.21571573448442,hammer curl_17.mp4,153
16.193040686806693,179.88985657019026,0.910565972328186,20.510160446166992,7.383524417877197,25.66208555892965,10.669554844072927,1.6696694936002867,81.88109233202596,2.0332044910188407,hammer curl_17.mp4,156
12.470143389946701,178.58376385819224,1.062137484550476,29.94820213317871,6.220306873321533,35.25903911459282,9.479463857478544,1.7389188513428178,85.68383188360454,0.6017331511569859,hammer curl_17.mp4,159
15.361189710415658,177.46394686670055,0.35878410935401917,31.789262771606445,6.232268810272217,36.19620347903337,9.975335143351838,1.6813446631887168,84.4483750115515,0.49682536897354257,hammer curl_17.mp4,162
48.00355088458789,175.76099278653538,0.9148820042610168,20.205949783325195,5.8664045333862305,25.4570368872747,9.291406015063558,1.1418917385742604,88.21253798746564,32.41617734849048,hammer curl_17.mp4,165
17.340552217652515,177.22349685758783,0.9212408065795898,11.235235214233398,5.809817790985107,16.39924718427313,9.145958117229986,1.6434993556091813,89.37641859499058,24.55982218885806,hammer curl_17.mp4,168
97.21064530867311,177.06481692736955,0.6419559717178345,12.236821174621582,5.702227592468262,17.048727637771528,9.300750490951424,0.5822917658596349,86.01567233736007,22.42425331459175,hammer curl_17.mp4,171
175.135622938874,175.92287340507363,1.2344721555709839,3.669830560684204,5.68979549407959,9.21650403545391,8.76143167266505,0.004485010187181562,86.58696942329492,38.21850279995276,hammer curl_17.mp4,174
161.45014896353297,176.52790745645515,1.2283838987350464,6.31908655166626,5.511951923370361,12.144763072507825,8.813183351075534,0.08922329841547952,51.97489991748475,13.317253004859168,hammer curl_17.mp4,177
166.37022025105713,176.58057976730925,1.4010812044143677,5.0538249015808105,5.348349094390869,11.233980219399214,8.668548494410501,0.059544165027201015,58.51618838769199,35.0126375753794,hammer curl_17.mp4,180
172.84944326259009,177.13542636171573,1.2181957960128784,4.722096920013428,5.775695323944092,10.441123726339367,8.985025465748725,0.02449239079235893,26.28297138519968,16.608972652130788,hammer curl_17.mp4,183
178.27535039125996,177.39172990001765,1.1095532178878784,6.6082072257995605,6.211421012878418,12.041348478916863,9.373811157328754,0.004968806730826256,18.93362321559963,19.210967809938055,hammer curl_17.mp4,186
177.47624841753426,178.63958146281368,1.317331075668335,5.7061896324157715,6.111149311065674,11.32202511238409,9.024649136884921,0.006533453150174683,20.834783230097997,28.512788409359686,hammer curl_17.mp4,189
175.45450681015276,179.88985657019026,1.0612025260925293,4.331594944000244,7.254525184631348,9.691686482496694,10.45720467910882,0.024963670270971024,18.088792795443595,24.11211278183209,hammer curl_17.mp4,192
176.87469139310383,178.7153388815635,0.7666047811508179,4.760837554931641,9.120377540588379,9.90678995108339,12.615150256037925,0.010352638329246185,20.161807040978427,37.20304989168409,hammer curl_17.mp4,195
177.02704475165368,179.8780534375351,0.6197932958602905,4.188112735748291,9.267911911010742,9.539472239972266,13.119335537696072,0.015976284454026813,36.73953052200611,80.4558880482163,hammer curl_17.mp4,198
176.80279318200584,172.2224145122935,0.5401873588562012,4.501732349395752,8.224878311157227,9.645976513147312,12.080998084373778,0.026246692609802252,29.010775278666394,84.7581377346752,hammer curl_17.mp4,201
177.23387994948845,179.29974548008528,0.6945708394050598,4.365265369415283,10.957448959350586,9.358261398422439,14.41059629148349,0.011588615396978289,34.50674058453344,87.14252098557897,hammer curl_17.mp4,204
178.00443056807904,25.40877510324801,1.566792368888855,5.352743625640869,9.651031494140625,11.025248479175218,11.966718394121798,1.5003515131794687,39.2792120475905,88.63075580138162,hammer curl_17.mp4,207
176.73967284635674,29.165619457466345,1.7782882452011108,4.466044902801514,10.940155982971191,10.153501017867747,12.7130072145757,1.4334168076761995,37.83845917136705,87.65781610154417,hammer curl_17.mp4,210
176.45408761726193,17.45181967817207,1.425740122795105,4.472057342529297,14.868927001953125,9.65807551080564,16.814149240706566,1.6399940585289636,43.41671788680359,84.35014544355562,hammer curl_17.mp4,213
176.26503214479433,18.091476064700878,1.3936536312103271,3.867525339126587,10.041762351989746,8.851350687184135,11.962056287830313,1.6276641058975965,40.69003542763356,80.90947272102653,hammer curl_17.mp4,216
176.5664663101586,18.83284587302355,1.358502984046936,3.675678014755249,14.021882057189941,8.610211180469758,15.950180674588507,1.6144746741919291,43.410455326731345,83.58108497680095,hammer curl_17.mp4,219
176.50946057204,14.824310001410618,1.923599362373352,3.56027889251709,20.762731552124023,9.432589365637517,22.648793081282534,1.6900848196953342,36.977628373085885,87.08281563920629,hammer curl_17.mp4,222
176.36223469552533,24.98235786936448,1.623173713684082,3.270191192626953,14.206241607666016,8.905650680176317,16.488414172797004,1.503689519522346,40.65926125178997,89.54188693584845,hammer curl_17.mp4,225
175.30042879708222,159.7988116443048,1.1460248231887817,3.269845962524414,8.937053680419922,8.492089150348745,11.726504817847571,0.09251956007037765,38.71892715344507,89.13673341557465,hammer curl_17.mp4,228
175.96080331041836,152.85494549677088,0.2618215084075928,3.6384873390197754,13.82500171661377,8.587964584834772,17.993219811670784,0.1405398488209047,36.52559536883007,82.54746102714385,hammer curl_17.mp4,231
175.65647705249316,166.22664664385215,0.29287195205688477,2.756831645965576,11.117025375366211,7.313541832789857,15.87172431101545,0.0551640590309829,38.63771238118249,72.080945742913,hammer curl_17.mp4,234
175.71599971018694,170.60687645010145,0.22611604630947113,2.729496955871582,11.566868782043457,7.638358109195073,15.765610884038555,0.029504971295750214,25.851191767115576,20.363546640097066,hammer curl_17.mp4,237
177.2742992072137,177.01442899042178,0.6591411828994751,2.650218963623047,10.04188346862793,7.816302206245025,13.682764384086262,0.0014669968085857066,36.94360439401789,38.261284257450434,hammer curl_17.mp4,240
178.6335533416222,178.11362943661467,0.9494611024856567,2.1957950592041016,7.167357444763184,7.770213194126096,10.569708304275235,0.002914803144111803,24.403866985630923,17.039357063911165,hammer curl_17.mp4,243
179.63362529462353,177.2477138353086,1.2401039600372314,2.1105504035949707,7.265763759613037,7.859101244782834,10.393736542203,0.013370895015871286,30.764832254879824,30.636682359606237,hammer curl_17.mp4,246
179.5166450887912,175.75093274225222,1.5959606170654297,1.5031863451004028,6.282553672790527,7.504305148946875,8.987343062439948,0.021199302055814714,24.795824139053103,21.867657347887743,hammer curl_17.mp4,249
179.38642551220946,174.79184224250548,1.963800311088562,3.2644472122192383,5.142424583435059,9.930027066965922,7.764553020684238,0.025945032137804337,24.72307105968489,22.229291514567496,hammer curl_17.mp4,252
178.63140687464957,175.235805647382,1.7902915477752686,4.128880023956299,5.042846202850342,10.711051395979396,7.9015705474175615,0.019191386526414445,41.3704868631275,24.607105606946863,hammer curl_17.mp4,255
164.03405641488627,175.27105085486593,1.8011987209320068,6.790719509124756,4.258796691894531,13.568792283408477,7.362419773315488,0.06623533922256057,82.0779395367912,25.291708091732158,hammer curl_17.mp4,258
168.07005048868558,173.043959746139,1.381232738494873,1.9539451599121094,3.7567288875579834,7.9059912240326335,6.906090905650981,0.029162738018466906,75.88151216822115,29.82210537081344,hammer curl_17.mp4,261
68.8021539084554,174.88135926872823,0.7900022864341736,7.1910881996154785,4.512939453125,12.13089246301286,7.886203240609853,0.8706309587972992,82.2618208134387,36.43421050159949,hammer curl_17.mp4,264
59.279407642734135,174.73954642291778,1.052496075630188,10.346429824829102,3.912917375564575,15.708281559176406,7.230444077895601,0.9867588652480889,89.77759942020475,25.60652941172033,hammer curl_17.mp4,267
169.2335610748171,175.61063449671008,1.2272708415985107,0.23006324470043182,3.8374745845794678,5.654022437997416,7.157905704621675,0.03698524437289107,46.74664681780005,6.458477978013996,hammer curl_17.mp4,270
2.933715460393694,175.64310527767194,1.3107396364212036,43.61915969848633,4.684078693389893,49.10747292697313,7.730403929529626,1.9342867579729883,85.1222944685023,22.954900705420396,hammer curl_17.mp4,273
15.569943321637655,175.5357274349005,0.8672043681144714,16.64678955078125,4.36149263381958,21.377352714651312,7.2302812721125065,1.6741081882081206,75.43515217208656,3.3101554092284635,hammer curl_17.mp4,276
14.435481521813129,175.60439185468465,1.100648045539856,19.445127487182617,4.721785545349121,24.71454280623133,7.6866119612198585,1.6961588899143443,72.62566968529154,11.84713142010511,hammer curl_17.mp4,279
15.56682583055266,176.74971631614633,0.4916345477104187,16.35512351989746,5.165469169616699,20.445640159916373,8.23816500969826,1.676224922582514,75.98181111064362,12.493930703240602,hammer curl_17.mp4,282
7.8421746782543735,176.05697314624356,1.3366520404815674,38.26637268066406,4.928852081298828,43.941058531056534,8.030157429542818,1.829424447670884,87.59281216695972,27.627010720133995,hammer curl_17.mp4,285
163.5543794241091,175.7949015692505,1.329900860786438,6.729452610015869,4.254532337188721,12.779009110621256,7.525925663528532,0.07214114088770338,89.53071799719633,20.793608982621247,hammer curl_17.mp4,288
130.9689969861773,175.6701162038486,0.8773808479309082,15.850908279418945,4.382713317871094,21.0797463529588,7.971294952336909,0.2915552341163326,87.92750206284325,17.958306722816673,hammer curl_17.mp4,291
166.98086934118598,174.31827968696388,0.9820950031280518,4.959678649902344,3.311237335205078,10.545216456143855,7.000901598613913,0.04299694486008061,85.71618638672582,42.421616128213095,hammer curl_17.mp4,294
160.62906323901223,173.26643606321966,1.1950709819793701,7.1485419273376465,3.028184652328491,13.152680529072844,6.79046977102741,0.07569657483024934,66.58773132490538,28.417295066415036,hammer curl_17.mp4,297
178.54909138808327,173.21811388791454,1.5022594928741455,7.662353515625,2.6188313961029053,14.04505921554993,6.056830256172625,0.030309690159922808,33.54237843999043,23.192464596889096,hammer curl_17.mp4,300
179.21915511481114,174.4543661535616,1.2610197067260742,7.050341606140137,3.098466396331787,12.966148099859687,6.582906731396953,0.026944561437122365,25.246660709791307,21.89355081346769,hammer curl_17.mp4,303
179.31643090208348,175.4358429733799,1.4928200244903564,6.104915142059326,3.6677653789520264,12.042887173575513,6.688530902568654,0.021877733925764094,21.631965487886397,26.442288722448275,hammer curl_17.mp4,306
179.00948682302445,173.3215044358418,1.4336973428726196,5.506340980529785,3.2306394577026367,11.434112021184173,6.354589467207333,0.0322877210821545,25.876475693717886,26.618825106300758,hammer curl_17.mp4,309
178.152096776129,172.7743059228929,1.4593870639801025,3.8836371898651123,3.104994535446167,10.20525001453428,6.486822493525692,0.030649109396584655,28.11366361944407,28.413301816470838,hammer curl_17.mp4,312
178.9926403889021,172.6857875142949,1.556131362915039,3.7793078422546387,3.311845541000366,10.286101327579836,6.628594964629613,0.03586715802962593,33.30063619248188,33.09231103523984,hammer curl_17.mp4,315
178.11477100225179,172.99058577537292,1.7045433521270752,3.3300657272338867,3.8386898040771484,10.04418092966564,6.98398580776343,0.02918887523624031,29.675460344388085,26.580217694189507,hammer curl_17.mp4,318
178.03805837040878,173.6376397501561,1.7987110614776611,3.646756887435913,4.467874050140381,10.373026235375965,7.482334047592465,0.025025434761455054,31.867141312476146,29.88915825225435,hammer curl_17.mp4,321
178.03029303027,177.0556276674806,2.364143133163452,2.116997480392456,5.047611713409424,9.379889802182575,7.503259111193813,0.00548974378299299,22.136984613303024,13.867617789539176,hammer curl_18.mp4,0
177.05622609342498,177.0781189467992,2.4330697059631348,2.577972412109375,4.90371561050415,9.945402931806006,7.39693130558198,0.00012364151447518632,24.033840687297673,20.417199892158326,hammer curl_18.mp4,3
175.01858296898087,176.6344824242996,2.0090713500976562,7.025166988372803,4.680075168609619,14.022103251815302,7.641029702818939,0.00919030495873279,21.403454938708148,11.947134425779527,hammer curl_18.mp4,6
170.975742762108,176.65332506900924,1.6663975715637207,6.95811653137207,4.393600940704346,13.466241233969686,7.574943353838465,0.032664600473856074,26.353132822980847,17.348677745761414,hammer curl_18.mp4,9
167.48235623695612,175.77765808011313,1.4619345664978027,4.665457248687744,3.9128363132476807,11.078888527404828,7.505089582132182,0.04833246808347818,71.03894480030236,28.06886783539059,hammer curl_18.mp4,12
175.1727758818906,176.30567333927652,0.12234530597925186,5.26200532913208,3.338235378265381,9.994322400056246,7.857877347729466,0.006446468965003594,77.23484510820165,26.587350715921584,hammer curl_18.mp4,15
152.39212945199367,176.48202703496898,0.6284551620483398,11.53783893585205,3.250112771987915,15.070683787696211,8.048984075284356,0.14649918278957436,87.30176281513674,21.978837521377454,hammer curl_18.mp4,18
67.2128938316695,174.40181807935076,0.5078961849212646,5.493996620178223,2.585764169692993,9.32143589576154,7.393269739759087,0.8872715026323054,87.4944810315075,23.34714095481306,hammer curl_18.mp4,21
83.52886260698709,176.14775886193064,0.19476528465747833,9.21515941619873,4.0417399406433105,13.174305066354385,8.540079923648317,0.7133402747696305,86.17051152325405,23.00099505341177,hammer curl_18.mp4,24
16.331056297808292,177.83128921656953,0.17921678721904755,15.196602821350098,5.46660041809082,18.80885839685479,9.41034997704675,1.6635587347372878,74.67291957901372,14.775174575508206,hammer curl_18.mp4,27
17.227389194768318,178.2142495403843,0.373157799243927,25.275253295898438,6.0793352127075195,29.505946508808833,9.618995006952323,1.6474161942918717,74.33053506108548,3.5056588306843603,hammer curl_18.mp4,30
144.07010648881382,176.90433501505936,0.017560617998242378,6.536287307739258,5.020809173583984,10.689899578761333,9.20017815440181,0.20459092239498033,86.90156916099205,14.354840041186518,hammer curl_18.mp4,33
33.95041097853024,176.22192431435866,0.09107740223407745,4.090925693511963,4.2549943923950195,8.431632069790915,8.325956849404744,1.3538557597274994,87.57577645753521,20.48335107103136,hammer curl_18.mp4,36
106.99043408991565,175.53985355987572,0.28621676564216614,9.372485160827637,4.641204833984375,13.904165916939663,8.655305711355226,0.4852535991109744,88.96740661505292,33.92258880345685,hammer curl_18.mp4,39
173.44877586185802,176.4853122240377,1.318102478981018,3.800198793411255,5.024994373321533,9.893243142226494,8.556048077555387,0.017354904626692546,76.38444372903137,36.34469110058291,hammer curl_18.mp4,42
162.91650175651904,175.45347271151795,1.597946286201477,4.663804054260254,4.812055587768555,11.217068889395646,8.236115054194137,0.07410214795038306,56.01276902871139,26.081948582042205,hammer curl_18.mp4,45
173.84161190213408,175.22266582952415,1.6836875677108765,6.028050899505615,5.020308494567871,12.53102985050711,8.288918636768644,0.007912891782365367,25.93467046995005,22.16472642469511,hammer curl_18.mp4,48
179.89532167653238,173.3729436385877,1.7269542217254639,4.164992809295654,4.625522136688232,11.064163560631245,8.170895580611186,0.03692592105394246,34.03223077119611,32.68138047492924,hammer curl_18.mp4,51
175.56446995664882,173.6207431846688,1.6128756999969482,3.5057270526885986,5.258050918579102,10.179446701338044,8.774828933384198,0.01113292716202946,25.627030222908473,22.326535873439084,hammer curl_18.mp4,54
174.80596952219278,173.57529161850874,1.0032848119735718,3.4936890602111816,5.29824686050415,9.368777598789661,9.244713263533436,0.007065121124221448,33.664719163131785,34.425417724383266,hammer curl_18.mp4,57
175.87592700153132,178.01682615963955,0.9913152456283569,3.3858869075775146,7.000366687774658,9.306306252168278,10.937995039948738,0.012099140991074274,27.253005886918505,22.590462071128428,hammer curl_18.mp4,60
174.89258698667967,177.31532646460127,0.47939813137054443,2.7747020721435547,9.18772029876709,7.986007964021984,13.369004366438025,0.013757439202209863,28.382938408818323,19.267449314714728,hammer curl_18.mp4,63
177.5654633617572,173.32620448870816,0.07345453649759293,3.6699202060699463,9.065973281860352,8.441571378825415,13.884468789288972,0.024162778780233818,24.831670699483155,20.95992709188245,hammer curl_18.mp4,66
175.84871165931722,174.639769167158,0.625755250453949,4.619068622589111,10.654869079589844,8.884713177305057,16.040045928867272,0.006898614695173188,37.05663709078248,70.80190633828434,hammer curl_18.mp4,69
175.97736995676325,167.162836672736,0.0011798252817243338,5.299511432647705,12.451979637145996,10.06069396108568,17.118699220264112,0.051375694912631525,39.50610398946922,87.47665665091513,hammer curl_18.mp4,72
175.58975635981227,79.90690447509571,0.4434894025325775,5.312191486358643,14.044754028320312,9.519917189261566,19.007240458857922,0.748994930673815,49.05731421438139,88.69093679208075,hammer curl_18.mp4,75
175.96507207298075,110.83818901971398,0.04258740320801735,5.164426803588867,52.91958999633789,9.683365634843955,57.1392097735051,0.4541572003410225,46.8408649922011,86.68970467512207,hammer curl_18.mp4,78
175.16782731296715,22.380549331838164,0.7908333539962769,4.824245929718018,25.021038055419922,9.557568562397725,27.99265554059146,1.5468340522569073,48.76073591430008,87.2869038565761,hammer curl_18.mp4,81
175.949135712787,21.0739155568224,0.48637518286705017,4.993785858154297,22.16571807861328,9.668309231396352,25.84904111787547,1.5721533004179387,53.89782065537165,80.97342635219613,hammer curl_18.mp4,84
175.2111570884113,8.303025254398943,0.616054356098175,3.9651923179626465,16.534561157226562,8.672173151948586,19.91255785043104,1.819021611334897,47.19490771602953,83.26300740914643,hammer curl_18.mp4,87
177.665354619989,8.232538337228913,1.1084402799606323,3.6971278190612793,18.60002326965332,9.219083673748619,21.759955749306254,1.822858920964241,53.01715390253345,88.29051883646888,hammer curl_18.mp4,90
178.03029303027,177.0556276674806,2.364143133163452,2.116997480392456,5.047611713409424,9.379889802182575,7.503259111193813,0.00548974378299299,22.136984613303024,13.867617789539176,hammer curl_18.mp4,0
177.05622609342498,177.0781189467992,2.4330697059631348,2.577972412109375,4.90371561050415,9.945402931806006,7.39693130558198,0.00012364151447518632,24.033840687297673,20.417199892158326,hammer curl_18.mp4,3
175.01858296898087,176.6344824242996,2.0090713500976562,7.025166988372803,4.680075168609619,14.022103251815302,7.641029702818939,0.00919030495873279,21.403454938708148,11.947134425779527,hammer curl_18.mp4,6
170.975742762108,176.65332506900924,1.6663975715637207,6.95811653137207,4.393600940704346,13.466241233969686,7.574943353838465,0.032664600473856074,26.353132822980847,17.348677745761414,hammer curl_18.mp4,9
167.48235623695612,175.77765808011313,1.4619345664978027,4.665457248687744,3.9128363132476807,11.078888527404828,7.505089582132182,0.04833246808347818,71.03894480030236,28.06886783539059,hammer curl_18.mp4,12
175.1727758818906,176.30567333927652,0.12234530597925186,5.26200532913208,3.338235378265381,9.994322400056246,7.857877347729466,0.006446468965003594,77.23484510820165,26.587350715921584,hammer curl_18.mp4,15
152.39212945199367,176.48202703496898,0.6284551620483398,11.53783893585205,3.250112771987915,15.070683787696211,8.048984075284356,0.14649918278957436,87.30176281513674,21.978837521377454,hammer curl_18.mp4,18
67.2128938316695,174.40181807935076,0.5078961849212646,5.493996620178223,2.585764169692993,9.32143589576154,7.393269739759087,0.8872715026323054,87.4944810315075,23.34714095481306,hammer curl_18.mp4,21
83.52886260698709,176.14775886193064,0.19476528465747833,9.21515941619873,4.0417399406433105,13.174305066354385,8.540079923648317,0.7133402747696305,86.17051152325405,23.00099505341177,hammer curl_18.mp4,24
16.331056297808292,177.83128921656953,0.17921678721904755,15.196602821350098,5.46660041809082,18.80885839685479,9.41034997704675,1.6635587347372878,74.67291957901372,14.775174575508206,hammer curl_18.mp4,27
17.227389194768318,178.2142495403843,0.373157799243927,25.275253295898438,6.0793352127075195,29.505946508808833,9.618995006952323,1.6474161942918717,74.33053506108548,3.5056588306843603,hammer curl_18.mp4,30
144.07010648881382,176.90433501505936,0.017560617998242378,6.536287307739258,5.020809173583984,10.689899578761333,9.20017815440181,0.20459092239498033,86.90156916099205,14.354840041186518,hammer curl_18.mp4,33
33.95041097853024,176.22192431435866,0.09107740223407745,4.090925693511963,4.2549943923950195,8.431632069790915,8.325956849404744,1.3538557597274994,87.57577645753521,20.48335107103136,hammer curl_18.mp4,36
106.99043408991565,175.53985355987572,0.28621676564216614,9.372485160827637,4.641204833984375,13.904165916939663,8.655305711355226,0.4852535991109744,88.96740661505292,33.92258880345685,hammer curl_18.mp4,39
173.44877586185802,176.4853122240377,1.318102478981018,3.800198793411255,5.024994373321533,9.893243142226494,8.556048077555387,0.017354904626692546,76.38444372903137,36.34469110058291,hammer curl_18.mp4,42
162.91650175651904,175.45347271151795,1.597946286201477,4.663804054260254,4.812055587768555,11.217068889395646,8.236115054194137,0.07410214795038306,56.01276902871139,26.081948582042205,hammer curl_18.mp4,45
173.84161190213408,175.22266582952415,1.6836875677108765,6.028050899505615,5.020308494567871,12.53102985050711,8.288918636768644,0.007912891782365367,25.93467046995005,22.16472642469511,hammer curl_18.mp4,48
179.89532167653238,173.3729436385877,1.7269542217254639,4.164992809295654,4.625522136688232,11.064163560631245,8.170895580611186,0.03692592105394246,34.03223077119611,32.68138047492924,hammer curl_18.mp4,51
175.56446995664882,173.6207431846688,1.6128756999969482,3.5057270526885986,5.258050918579102,10.179446701338044,8.774828933384198,0.01113292716202946,25.627030222908473,22.326535873439084,hammer curl_18.mp4,54
174.80596952219278,173.57529161850874,1.0032848119735718,3.4936890602111816,5.29824686050415,9.368777598789661,9.244713263533436,0.007065121124221448,33.664719163131785,34.425417724383266,hammer curl_18.mp4,57
175.87592700153132,178.01682615963955,0.9913152456283569,3.3858869075775146,7.000366687774658,9.306306252168278,10.937995039948738,0.012099140991074274,27.253005886918505,22.590462071128428,hammer curl_18.mp4,60
174.89258698667967,177.31532646460127,0.47939813137054443,2.7747020721435547,9.18772029876709,7.986007964021984,13.369004366438025,0.013757439202209863,28.382938408818323,19.267449314714728,hammer curl_18.mp4,63
177.5654633617572,173.32620448870816,0.07345453649759293,3.6699202060699463,9.065973281860352,8.441571378825415,13.884468789288972,0.024162778780233818,24.831670699483155,20.95992709188245,hammer curl_18.mp4,66
175.84871165931722,174.639769167158,0.625755250453949,4.619068622589111,10.654869079589844,8.884713177305057,16.040045928867272,0.006898614695173188,37.05663709078248,70.80190633828434,hammer curl_18.mp4,69
175.97736995676325,167.162836672736,0.0011798252817243338,5.299511432647705,12.451979637145996,10.06069396108568,17.118699220264112,0.051375694912631525,39.50610398946922,87.47665665091513,hammer curl_18.mp4,72
175.58975635981227,79.90690447509571,0.4434894025325775,5.312191486358643,14.044754028320312,9.519917189261566,19.007240458857922,0.748994930673815,49.05731421438139,88.69093679208075,hammer curl_18.mp4,75
175.96507207298075,110.83818901971398,0.04258740320801735,5.164426803588867,52.91958999633789,9.683365634843955,57.1392097735051,0.4541572003410225,46.8408649922011,86.68970467512207,hammer curl_18.mp4,78
175.16782731296715,22.380549331838164,0.7908333539962769,4.824245929718018,25.021038055419922,9.557568562397725,27.99265554059146,1.5468340522569073,48.76073591430008,87.2869038565761,hammer curl_18.mp4,81
175.949135712787,21.0739155568224,0.48637518286705017,4.993785858154297,22.16571807861328,9.668309231396352,25.84904111787547,1.5721533004179387,53.89782065537165,80.97342635219613,hammer curl_18.mp4,84
175.2111570884113,8.303025254398943,0.616054356098175,3.9651923179626465,16.534561157226562,8.672173151948586,19.91255785043104,1.819021611334897,47.19490771602953,83.26300740914643,hammer curl_18.mp4,87
177.665354619989,8.232538337228913,1.1084402799606323,3.6971278190612793,18.60002326965332,9.219083673748619,21.759955749306254,1.822858920964241,53.01715390253345,88.29051883646888,hammer curl_18.mp4,90
179.35714663823563,54.21772170303785,0.8614668250083923,7.90637731552124,4.1813859939575195,10.881082484461059,8.745813233322766,1.0715144640677527,29.83101140546151,68.51947499513413,hammer curl_19.mp4,0
179.8298258062168,65.16788190037695,0.28901493549346924,8.040882110595703,5.26923942565918,12.006939151628856,9.509111853527532,0.9360246263459541,41.710662996220606,74.45465698212115,hammer curl_19.mp4,3
176.07324668351367,86.0109734954156,0.6532906293869019,10.159966468811035,8.226475715637207,13.376756299225926,12.59369426899101,0.6872773425779778,45.60861219462485,78.93544502629402,hammer curl_19.mp4,6
179.68286454464513,127.45401060615794,0.3076760470867157,6.638894557952881,8.867377281188965,11.640311091341253,13.077638715506662,0.340101486757935,55.8667377985049,76.49566282371876,hammer curl_19.mp4,9
179.6767534570307,145.00438965127043,0.014028964564204216,5.868710994720459,8.474238395690918,10.643478205481555,12.977330394886607,0.21357793356169696,46.698605605016546,64.40722784626418,hammer curl_19.mp4,12
177.83689169487695,160.25124006291225,0.45875000953674316,5.335608005523682,8.20040512084961,10.56080528712611,12.144389712554982,0.10402998496595144,31.613973913305635,28.709556020106213,hammer curl_19.mp4,15
179.817615751313,172.63747362661582,0.5507446527481079,7.4006829261779785,6.833497524261475,12.955870289149845,11.181374287578707,0.04074358601187972,32.4455850175509,24.87665661990689,hammer curl_19.mp4,18
179.57067206073816,179.6477848786652,0.4152844250202179,8.9254732131958,7.238621234893799,13.831356325243481,11.211115870361013,0.00042933661362527814,27.456437791351476,17.642899952340912,hammer curl_19.mp4,21
179.17409492295704,177.58572728750508,0.3950698971748352,8.784730911254883,9.9586820602417,13.884070297704051,14.10646513827448,0.008904408717386,24.299795881172518,20.55532163885339,hammer curl_19.mp4,24
179.41382561799853,179.70524943355161,1.641183853149414,7.990566253662109,10.707420349121094,14.149571936319468,13.494998667105587,0.0016229926829214262,22.543384553401374,26.16261465471895,hammer curl_19.mp4,27
178.49858292700293,179.75212778529462,1.937827467918396,6.818663120269775,10.046996116638184,13.392777744924595,12.608252577430486,0.006998143036753842,22.226430754066136,21.454464657355288,hammer curl_19.mp4,30
178.09042891296568,177.6773739267311,2.337275981903076,6.216174602508545,8.82101058959961,13.192199154375302,11.032960252380073,0.002322048161399813,23.575799072497183,32.75628450700772,hammer curl_19.mp4,33
173.56659931572673,177.3572122230639,2.201388359069824,5.458603858947754,7.445074081420898,12.576970926971297,10.073080678015772,0.02160362325209815,25.48613918489077,21.795080236799436,hammer curl_19.mp4,36
161.44796989930427,174.86897216427755,2.086810350418091,4.706428527832031,6.032360076904297,11.549953110011025,8.853392344245878,0.0798116335301122,45.24214805028469,29.774689709179295,hammer curl_19.mp4,39
144.2127415919921,177.16841721639955,1.5327106714248657,6.849141597747803,5.350497722625732,12.966543825749564,8.527053714722946,0.20508778888345286,39.04612487167117,41.56707656397262,hammer curl_19.mp4,42
124.94474205272694,179.41349189778978,1.8775358200073242,5.172033786773682,5.962815761566162,11.590341528840051,8.808144423266643,0.3579252589165602,77.03079147304307,87.12463244044847,hammer curl_19.mp4,45
99.9373502685114,133.17766373106596,2.848189115524292,4.802599906921387,13.671435356140137,11.840239885462049,15.268183685469458,0.2851838059869866,72.41285852562253,88.82626425689944,hammer curl_19.mp4,48
74.24583089446851,143.4874731382019,3.0768866539001465,1.3493375778198242,14.440675735473633,8.23165584307175,15.4077892966455,0.6360225189376066,75.19225130531669,89.05983719132603,hammer curl_19.mp4,51
61.37890672896934,34.61782582959504,2.278043270111084,1.7919472455978394,8.215517044067383,4.347984766277522,9.898151511275497,0.557541495134707,75.49468423850597,86.1599606634788,hammer curl_19.mp4,54
42.194090545216596,177.565624161028,2.2766408920288086,3.037794589996338,3.957275152206421,3.0416307023998264,5.649618458654576,1.2319958987639217,75.83669491993179,58.513451023248884,hammer curl_19.mp4,57
39.31643874606359,179.09496200604644,3.2317662239074707,4.457261562347412,6.677962779998779,2.2529881507611265,7.122242365318324,1.2799562914632556,68.2703621552997,44.73827000303012,hammer curl_19.mp4,60
49.55409286619941,178.04555412781897,2.715668201446533,1.8942877054214478,5.313451766967773,4.6696732932041325,6.7122684510111,1.1291007078319106,71.56162554495043,63.631463112520045,hammer curl_19.mp4,63
64.16293140706183,9.10008026576673,2.0051112174987793,2.4679582118988037,4.822762966156006,9.089904447630296,7.73482032109142,1.503155545589359,82.65669248058589,85.06085552772811,hammer curl_19.mp4,66
92.94666995806958,165.0069786911746,2.76611590385437,5.802334308624268,11.414372444152832,12.604184178713831,12.902938308517415,0.5587074198054082,75.22595950558757,76.85165547215391,hammer curl_19.mp4,69
124.71864255418407,174.77606492128834,1.4359453916549683,7.7656683921813965,4.685788154602051,13.900498778468274,8.265671218856424,0.3342791783471085,77.49831038967729,61.89662740152338,hammer curl_19.mp4,72
149.8087725360464,173.77905570648701,0.9201202392578125,8.6148681640625,2.6979589462280273,14.404900369543677,6.961114197019808,0.14815318178454204,40.75122311708572,39.80403311189537,hammer curl_19.mp4,75
165.6953933278139,176.26854633285745,2.157691478729248,6.424350738525391,4.390786170959473,13.861893643856884,7.726620082835365,0.06183782427781852,34.06146813964606,25.685713273467908,hammer curl_19.mp4,78
175.3127830321564,175.72231334186853,2.118673086166382,7.195970058441162,5.425599575042725,14.314458428898106,8.32720671772591,0.002333272735075888,21.447984483888323,11.422926532104384,hammer curl_19.mp4,81
176.77147306423294,175.87080159247049,2.0542638301849365,7.771424770355225,5.731560707092285,14.481917561151976,8.303852923391958,0.005108131023934963,16.62121886515361,17.69280013237132,hammer curl_19.mp4,84
179.66195871969617,175.00844621493206,1.8764586448669434,7.802961349487305,6.049618721008301,14.204065057661046,8.696284164066832,0.02624133527928179,24.29291320871893,27.41630729118974,hammer curl_19.mp4,87
179.30226492407408,179.24152805611723,1.5511939525604248,8.352773666381836,8.338311195373535,14.331921034099855,11.13874526277169,0.0003387974866445597,19.305828433311436,15.476760454680061,hammer curl_19.mp4,90
179.85598234624055,179.3210264306502,1.2412922382354736,7.287814140319824,8.601753234863281,13.484472492380592,12.17487061687702,0.0029787870744402613,23.250930293510304,24.519217122478683,hammer curl_19.mp4,93
178.77810698164737,178.84055950901467,0.8246887922286987,6.46580696105957,8.011452674865723,12.302847492479689,12.051150251895573,0.00034926883420348197,21.81984088814824,25.108506703574232,hammer curl_19.mp4,96
179.49139592214703,173.31088269938377,0.6327753663063049,6.1584672927856445,10.075078964233398,11.674502720292942,14.169535659230306,0.03503669674080207,18.921628333695327,14.465554813984859,hammer curl_19.mp4,99
179.55412755442347,167.07324036065552,0.6799972057342529,5.896201133728027,9.782867431640625,11.699723907968536,13.991216594687728,0.07201328197965993,13.780082768890543,12.62332595518595,hammer curl_19.mp4,102
177.56739365410513,155.07308169189656,1.1256202459335327,5.192586898803711,7.915079116821289,11.338208700470647,11.61798159715382,0.1352469926506131,21.718221767940797,32.137973086280816,hammer curl_19.mp4,105
177.9591444407738,135.88515715685222,0.5773404240608215,6.382679462432861,7.2547430992126465,11.739335571143194,11.117547342745999,0.26812012880108854,42.44182605402839,72.8699052008494,hammer curl_19.mp4,108
175.27316395907198,105.81248282568532,0.3143973648548126,11.867042541503906,6.441072463989258,15.51567564780737,10.55381550500629,0.4942314339271583,38.674097860812275,72.51285740848702,hammer curl_19.mp4,111
179.93147195674447,72.99730285287004,0.2548043429851532,9.286322593688965,5.056652545928955,13.274400128419794,9.230906742215526,0.8455674462849577,29.788782939509215,71.48865800366333,hammer curl_19.mp4,114
179.62937731528453,54.94873269075692,0.3601526916027069,9.080317497253418,3.6335341930389404,12.38982982428435,7.452219392270984,1.0630202845552514,30.05886013627917,63.18061221732929,hammer curl_19.mp4,117
179.36295619390253,45.792718433412176,0.41609710454940796,8.607257843017578,2.9109671115875244,13.684222479795949,6.634923169834795,1.1864700988023538,40.829824386623976,67.13343561430494,hammer curl_19.mp4,120
179.90934591580344,42.18816147191194,0.3700176179409027,7.543333053588867,2.6116867065429688,13.117755635610338,6.9023692776963825,1.2401866735358877,41.32076870887205,64.39373384962822,hammer curl_19.mp4,123
179.78878227826846,46.5682676144182,0.16838771104812622,7.927779674530029,1.2045942544937134,12.79578108627595,5.35221878678809,1.1770829733556663,39.47906868015156,66.71511050073075,hammer curl_19.mp4,126
179.30987843787818,57.07310236578837,0.7753658294677734,9.030475616455078,4.275593280792236,11.961265364273325,8.535870428002221,1.0342265391231058,34.21729662069112,69.17147508647975,hammer curl_19.mp4,129
178.61379002204598,73.14602860118903,0.1603187471628189,7.515783309936523,7.511656284332275,11.545841766176764,11.511170572172631,0.837844275529068,38.5472686384311,70.7681095660423,hammer curl_19.mp4,132
176.8448296218196,108.3057687815553,0.5442413091659546,9.177845001220703,10.30289363861084,14.216669100749744,13.992968012325438,0.4807218446956141,79.99701508229826,79.14527218231358,hammer curl_19.mp4,135
177.44235097362048,140.54889754506158,0.12095800042152405,5.661280155181885,8.41722297668457,10.10481874231747,12.600897220961382,0.23204068414097506,44.54618050541389,64.84866318295711,hammer curl_19.mp4,138
179.55632724558677,155.58196386410117,1.0970962047576904,5.8820061683654785,8.724404335021973,11.620541978403603,11.913483659293387,0.1430714664212392,42.137677412083654,48.453511760678175,hammer curl_19.mp4,141
178.35372451666908,168.85294922885726,0.8263604044914246,5.915849208831787,8.301669120788574,11.56893868480418,11.95548016866901,0.05472691630792269,19.924070441130688,16.368904039864617,hammer curl_19.mp4,144
178.7118401540271,179.7466622202523,0.24020418524742126,6.892909526824951,7.438267707824707,11.781274892898098,11.632929078663105,0.005773734250246318,21.141726639068462,16.577031594281806,hammer curl_19.mp4,147
178.278075880766,178.16912015527544,0.21153298020362854,8.429393768310547,9.396601676940918,13.286813500875077,13.594562052280178,0.0006113428676238337,18.73402995862595,18.81993752539402,hammer curl_19.mp4,150
178.98934351673128,178.98451461739344,0.8676958084106445,8.319501876831055,10.45130729675293,13.883714492170999,14.081530009017017,2.6979061337090884e-05,18.080399752688887,12.528693924067626,hammer curl_19.mp4,153
178.69703780697023,178.95863752782972,1.4692906141281128,8.018159866333008,9.964563369750977,14.09892464683738,12.935260075855442,0.0014628579323653172,20.017872836308364,16.77565945538381,hammer curl_19.mp4,156
177.88538925179617,178.2765990390715,1.6893898248672485,7.405579090118408,9.027259826660156,13.725923033879596,11.835029151541004,0.0021968081947916296,22.669104953368254,32.08053896903037,hammer curl_19.mp4,159
176.902438435347,176.33237664426957,2.2382218837738037,6.525251865386963,7.3811116218566895,13.528061968107794,9.783356123325543,0.0032276648095909428,25.692825776481822,27.880509099349283,hammer curl_19.mp4,162
172.68082658225404,177.93720599954773,2.313861131668091,4.866117477416992,6.940013885498047,11.81266223910919,9.237227519538024,0.02998350871224705,27.834532585487842,27.64943809267671,hammer curl_19.mp4,165
159.3393526211156,173.73324277401122,1.5111714601516724,4.119349479675293,5.4219231605529785,10.32614924441785,8.641179092049086,0.08643094839922219,45.425710924913766,47.120302821852064,hammer curl_19.mp4,168
146.21062847582482,174.50777215416704,1.4269226789474487,2.6099767684936523,4.9225239753723145,8.963811585650282,8.418089381026226,0.1764609927135938,56.63014641260871,50.01609264160733,hammer curl_19.mp4,171
124.24364245908045,179.34091478992298,2.689499616622925,2.0123438835144043,7.334883213043213,9.40479243659543,9.654960538269439,0.36297809631766703,78.97890165784234,86.7156385142946,hammer curl_19.mp4,174
96.59649973583282,60.949122286512,2.832181692123413,3.369500160217285,18.55637550354004,10.222583194653525,19.911384643683373,0.45253402781658925,70.66062718868649,89.264495283408,hammer curl_19.mp4,177
77.13770350108521,74.56986486679729,2.3582260608673096,1.058288812637329,15.679564476013184,7.403825015427013,17.5327043129604,0.033852478975354164,79.78060175883785,89.31226040113484,hammer curl_19.mp4,180
60.42774281108079,178.52435039428966,1.9919929504394531,1.2213144302368164,7.558646202087402,4.666735953846662,9.734073818326276,0.9884542629363722,65.74632219203912,61.65374926130546,hammer curl_19.mp4,183
50.985827210419835,176.65982491794801,1.8427966833114624,0.4773932099342346,5.446009635925293,6.5319490138641605,8.046935047193635,1.1041194640226333,77.82990598303566,43.63206899975685,hammer curl_19.mp4,186
51.205321750607695,177.3766891549169,2.317140579223633,1.3154337406158447,6.49583101272583,7.791049762627374,8.526869457130212,1.1039483545050899,77.2833916689583,43.70486691959732,hammer curl_19.mp4,189
56.88219769615102,176.01262421062938,2.0260207653045654,1.7943941354751587,6.2153825759887695,8.21513347095032,8.800536021566646,1.0230405771937865,81.16852669369192,64.79274583221087,hammer curl_19.mp4,192
74.41499928191777,172.74871974335224,2.5284924507141113,5.554842948913574,12.334428787231445,12.193478856810074,14.182378839789836,0.7956970452559086,80.83569429370937,69.46574412426415,hammer curl_19.mp4,195
105.25080352316553,174.9237163507381,2.441612482070923,7.732307434082031,10.019116401672363,14.66719401924034,12.222097105659778,0.49735366984071083,77.79043057822146,79.07225540830852,hammer curl_19.mp4,198
136.24934701411655,173.62092760569558,1.3648979663848877,8.23343276977539,3.3488287925720215,14.247978800344685,6.831676942313571,0.24120790958365526,64.77597759914624,58.41598103552217,hammer curl_19.mp4,201
154.51892375331107,173.98434931085177,0.17470206320285797,7.592156887054443,3.7644832134246826,12.377185701470054,8.2970636174571,0.11850978150673547,42.868175078748045,38.87823136770753,hammer curl_19.mp4,204
166.88496825363075,176.39766222818707,1.7061065435409546,7.615976333618164,4.514956951141357,14.12647454524068,7.613653242391224,0.05542193592029221,26.952485687716898,11.554334978950251,hammer curl_19.mp4,207
176.83541248913235,176.54503573738873,1.7648853063583374,7.116119384765625,5.683401584625244,13.63544512253415,8.62377322176112,0.0016434228503637374,18.5723788251735,15.410925583250025,hammer curl_19.mp4,210
177.8520548956127,178.15305017791087,1.8960527181625366,7.776238441467285,7.119438648223877,14.11037398730827,9.585705811529746,0.00169096048347965,19.274182555604728,31.707171324908945,hammer curl_19.mp4,213
179.5960323301021,180.0,1.5270799398422241,8.453954696655273,7.943826198577881,14.463141877575916,10.803997542834116,0.0022467860241965113,19.696399410578785,17.358879882516018,hammer curl_19.mp4,216
179.2154051794044,177.44986188211143,1.072894811630249,8.496411323547363,7.280017375946045,14.203661436059395,10.662764739736222,0.009900281638517118,19.06179196106394,19.56262105464631,hammer curl_19.mp4,219
178.95526064218265,179.82528702783046,0.7110913395881653,7.281343460083008,7.764215469360352,12.525456649336206,11.417786561330056,0.004849908342567154,22.16038690817547,28.17959108989294,hammer curl_19.mp4,222
178.7281985936855,179.06371832458245,0.6955779194831848,6.225454330444336,7.367284297943115,11.669843740432574,11.336923191383656,0.0018755020168529537,24.71217202787468,20.60378159252314,hammer curl_19.mp4,225
179.97202354488172,174.67947090259005,1.0050009489059448,4.8784098625183105,7.069896697998047,10.847834979864029,10.919946145090178,0.02984649846485031,14.504238766027335,5.831117248270126,hammer curl_19.mp4,228
176.76226906788028,164.03199556331333,1.0833971500396729,3.807513475418091,6.426133632659912,9.849617674287378,10.167633190766663,0.07470943513878445,36.45577355093918,34.039648194102796,hammer curl_19.mp4,231
179.05643181192738,148.4989005978965,0.24985374510288239,5.836385250091553,4.173787593841553,10.296194626580778,8.850973373325202,0.18657935432904843,44.27035823732472,63.75366444168859,hammer curl_19.mp4,234
175.5830997054772,120.88487119924037,0.9917559027671814,9.526894569396973,5.706813335418701,14.989747133078463,9.010399289596151,0.3689992435899013,56.00423307011767,74.25305542240879,hammer curl_19.mp4,237
140.525647592978,87.59890603982596,0.36210864782333374,15.95311164855957,5.144640922546387,19.598405350204494,9.28059116259943,0.4640161763414954,86.53396577367934,68.52132804941554,hammer curl_19.mp4,240
179.40586806473405,70.28553856424635,0.38232383131980896,8.773468017578125,3.18833327293396,12.695848010065582,7.63193220577019,0.8740415296921369,49.575940944505746,69.63406290299335,hammer curl_19.mp4,243
179.94065297455344,54.99512107452346,0.8778523802757263,8.355476379394531,3.1320221424102783,10.695623844304064,7.099675772607332,1.0636569284159294,24.366417535521194,60.35029505514484,hammer curl_19.mp4,246
179.3797645833007,43.72727396793579,1.0167739391326904,8.420066833496094,3.391014337539673,10.643182357639057,7.524387115151541,1.2160305788309977,34.015582224426076,58.43164334401186,hammer curl_19.mp4,249
179.5661383554996,44.336268341285304,1.2921127080917358,8.440572738647461,3.2709696292877197,10.358050707815579,7.715817098528065,1.2079358324838951,33.38824225208456,57.94067065423397,hammer curl_19.mp4,252
179.43698244165563,52.513420582057755,0.9472554922103882,7.547595024108887,4.463930606842041,10.074037383524946,8.750528607207727,1.0944025981849392,26.95149914288853,64.40708104667486,hammer curl_19.mp4,255
179.5902610465883,64.75695639776902,0.382894903421402,7.480042934417725,5.6533026695251465,11.032139344615342,9.626390734215459,0.939919069673622,23.609681657672752,68.32456661002877,hammer curl_19.mp4,258
178.1524145220775,79.27549016898281,0.08232564479112625,8.510172843933105,8.05067253112793,12.613946166845869,11.719697557994202,0.7681911910191481,34.32286945050822,74.38027946909769,hammer curl_19.mp4,261
179.39964313079383,112.99769223456275,1.0957809686660767,5.721395969390869,12.212611198425293,11.660080943579914,15.711321233472194,0.45418984966645104,52.851853324510245,77.09941309827828,hammer curl_19.mp4,264
179.02301286738074,136.25428082165195,0.5907658934593201,5.2070817947387695,10.462164878845215,10.510058005721419,14.13957972085908,0.2713086727261295,41.07721403439048,62.63258081603612,hammer curl_19.mp4,267
179.14111023816304,153.20987804418877,1.124846339225769,5.000986099243164,9.577736854553223,10.782167954003592,12.754421513978375,0.15604726995392085,27.60829640979435,31.675219801626923,hammer curl_19.mp4,270
177.7690108694871,167.55265170432452,1.5217113494873047,4.579900741577148,8.739599227905273,11.344234778120326,12.074273558080655,0.059170102964385275,21.534712576122377,9.172386795609986,hammer curl_19.mp4,273
179.14225012693854,176.34901776988093,1.0772643089294434,6.298088073730469,9.00042724609375,12.080100606041452,12.448932615663967,0.01571477338154103,21.612211198572663,14.790302948871808,hammer curl_19.mp4,276
179.06748784177427,177.86998884673247,1.296190857887268,6.955441474914551,11.491384506225586,13.151795008802662,14.890078455443357,0.006709852975661811,18.802769186574242,14.373659906481764,hammer curl_19.mp4,279
177.96760088779533,178.04886138030463,1.0832339525222778,7.600473403930664,13.11046314239502,13.528397748243245,16.648378673374584,0.00045649851128573717,21.0618659699948,11.241096413693102,hammer curl_19.mp4,282
179.78239411897275,179.0359165831425,2.0466482639312744,6.79871129989624,12.871479988098145,13.65723022265407,15.460287002560191,0.0041607549757958955,20.429907374464097,13.18549190450009,hammer curl_19.mp4,285
177.5777953145413,179.54328798546678,3.82913875579834,5.6945109367370605,12.149266242980957,14.365118431721749,12.99224059724742,0.01100743004452813,19.69582049559955,24.268934327708138,hammer curl_19.mp4,288
176.82355702897217,177.4382981210302,4.321184158325195,6.119185447692871,9.750572204589844,15.586525777098956,10.324967953544368,0.0034705463380905986,20.756770210046366,21.344912861429947,hammer curl_19.mp4,291
168.67580068397584,178.03586503905404,3.6606149673461914,6.678742408752441,9.44853401184082,15.856795099299836,11.21634907354766,0.05399336267246042,25.64256113940418,19.445882584993818,hammer curl_19.mp4,294
152.58331149834723,174.5731357913313,2.284787654876709,6.824434757232666,7.598286151885986,13.860083223679657,10.044513803258765,0.13443002254828457,50.161292001494694,49.536098276862816,hammer curl_19.mp4,297
133.10139059433328,175.9833623499197,2.0342347621917725,6.862489700317383,7.051581382751465,13.415008402945286,9.679324425663923,0.2774771084442375,68.13061898628203,62.82392953471811,hammer curl_19.mp4,300
111.48077430934188,179.56433808332446,2.749842405319214,6.750186920166016,9.111763000488281,14.327602187342709,11.395718362686207,0.46785574383483874,79.19708357769849,71.57554888033847,hammer curl_19.mp4,303
93.79916302563865,96.0182292583755,2.905582904815674,3.4551942348480225,15.6753568649292,10.50415885310429,17.047306492289962,0.02338106330548018,72.46545383552294,89.11633054535496,hammer curl_19.mp4,306
74.84850734468935,178.19528141155118,2.5231614112854004,0.5051303505897522,9.358427047729492,6.85125769241094,10.944454505423321,0.8168291707520768,74.53773157861764,67.52922924458068,hammer curl_19.mp4,309
71.39474172045028,177.1809576762768,2.269529104232788,2.511444568634033,6.526586055755615,3.730876395006469,8.522376955416448,0.8511388378877018,72.30857463225713,57.76344712580705,hammer curl_19.mp4,312
179.35714663823563,54.21772170303785,0.8614668250083923,7.90637731552124,4.1813859939575195,10.881082484461059,8.745813233322766,1.0715144640677527,29.83101140546151,68.51947499513413,hammer curl_19.mp4,0
179.8298258062168,65.16788190037695,0.28901493549346924,8.040882110595703,5.26923942565918,12.006939151628856,9.509111853527532,0.9360246263459541,41.710662996220606,74.45465698212115,hammer curl_19.mp4,3
176.07324668351367,86.0109734954156,0.6532906293869019,10.159966468811035,8.226475715637207,13.376756299225926,12.59369426899101,0.6872773425779778,45.60861219462485,78.93544502629402,hammer curl_19.mp4,6
179.68286454464513,127.45401060615794,0.3076760470867157,6.638894557952881,8.867377281188965,11.640311091341253,13.077638715506662,0.340101486757935,55.8667377985049,76.49566282371876,hammer curl_19.mp4,9
179.6767534570307,145.00438965127043,0.014028964564204216,5.868710994720459,8.474238395690918,10.643478205481555,12.977330394886607,0.21357793356169696,46.698605605016546,64.40722784626418,hammer curl_19.mp4,12
177.83689169487695,160.25124006291225,0.45875000953674316,5.335608005523682,8.20040512084961,10.56080528712611,12.144389712554982,0.10402998496595144,31.613973913305635,28.709556020106213,hammer curl_19.mp4,15
179.817615751313,172.63747362661582,0.5507446527481079,7.4006829261779785,6.833497524261475,12.955870289149845,11.181374287578707,0.04074358601187972,32.4455850175509,24.87665661990689,hammer curl_19.mp4,18
179.57067206073816,179.6477848786652,0.4152844250202179,8.9254732131958,7.238621234893799,13.831356325243481,11.211115870361013,0.00042933661362527814,27.456437791351476,17.642899952340912,hammer curl_19.mp4,21
179.17409492295704,177.58572728750508,0.3950698971748352,8.784730911254883,9.9586820602417,13.884070297704051,14.10646513827448,0.008904408717386,24.299795881172518,20.55532163885339,hammer curl_19.mp4,24
179.41382561799853,179.70524943355161,1.641183853149414,7.990566253662109,10.707420349121094,14.149571936319468,13.494998667105587,0.0016229926829214262,22.543384553401374,26.16261465471895,hammer curl_19.mp4,27
178.49858292700293,179.75212778529462,1.937827467918396,6.818663120269775,10.046996116638184,13.392777744924595,12.608252577430486,0.006998143036753842,22.226430754066136,21.454464657355288,hammer curl_19.mp4,30
178.09042891296568,177.6773739267311,2.337275981903076,6.216174602508545,8.82101058959961,13.192199154375302,11.032960252380073,0.002322048161399813,23.575799072497183,32.75628450700772,hammer curl_19.mp4,33
173.56659931572673,177.3572122230639,2.201388359069824,5.458603858947754,7.445074081420898,12.576970926971297,10.073080678015772,0.02160362325209815,25.48613918489077,21.795080236799436,hammer curl_19.mp4,36
161.44796989930427,174.86897216427755,2.086810350418091,4.706428527832031,6.032360076904297,11.549953110011025,8.853392344245878,0.0798116335301122,45.24214805028469,29.774689709179295,hammer curl_19.mp4,39
144.2127415919921,177.16841721639955,1.5327106714248657,6.849141597747803,5.350497722625732,12.966543825749564,8.527053714722946,0.20508778888345286,39.04612487167117,41.56707656397262,hammer curl_19.mp4,42
124.94474205272694,179.41349189778978,1.8775358200073242,5.172033786773682,5.962815761566162,11.590341528840051,8.808144423266643,0.3579252589165602,77.03079147304307,87.12463244044847,hammer curl_19.mp4,45
99.9373502685114,133.17766373106596,2.848189115524292,4.802599906921387,13.671435356140137,11.840239885462049,15.268183685469458,0.2851838059869866,72.41285852562253,88.82626425689944,hammer curl_19.mp4,48
74.24583089446851,143.4874731382019,3.0768866539001465,1.3493375778198242,14.440675735473633,8.23165584307175,15.4077892966455,0.6360225189376066,75.19225130531669,89.05983719132603,hammer curl_19.mp4,51
61.37890672896934,34.61782582959504,2.278043270111084,1.7919472455978394,8.215517044067383,4.347984766277522,9.898151511275497,0.557541495134707,75.49468423850597,86.1599606634788,hammer curl_19.mp4,54
42.194090545216596,177.565624161028,2.2766408920288086,3.037794589996338,3.957275152206421,3.0416307023998264,5.649618458654576,1.2319958987639217,75.83669491993179,58.513451023248884,hammer curl_19.mp4,57
39.31643874606359,179.09496200604644,3.2317662239074707,4.457261562347412,6.677962779998779,2.2529881507611265,7.122242365318324,1.2799562914632556,68.2703621552997,44.73827000303012,hammer curl_19.mp4,60
49.55409286619941,178.04555412781897,2.715668201446533,1.8942877054214478,5.313451766967773,4.6696732932041325,6.7122684510111,1.1291007078319106,71.56162554495043,63.631463112520045,hammer curl_19.mp4,63
64.16293140706183,9.10008026576673,2.0051112174987793,2.4679582118988037,4.822762966156006,9.089904447630296,7.73482032109142,1.503155545589359,82.65669248058589,85.06085552772811,hammer curl_19.mp4,66
92.94666995806958,165.0069786911746,2.76611590385437,5.802334308624268,11.414372444152832,12.604184178713831,12.902938308517415,0.5587074198054082,75.22595950558757,76.85165547215391,hammer curl_19.mp4,69
124.71864255418407,174.77606492128834,1.4359453916549683,7.7656683921813965,4.685788154602051,13.900498778468274,8.265671218856424,0.3342791783471085,77.49831038967729,61.89662740152338,hammer curl_19.mp4,72
149.8087725360464,173.77905570648701,0.9201202392578125,8.6148681640625,2.6979589462280273,14.404900369543677,6.961114197019808,0.14815318178454204,40.75122311708572,39.80403311189537,hammer curl_19.mp4,75
165.6953933278139,176.26854633285745,2.157691478729248,6.424350738525391,4.390786170959473,13.861893643856884,7.726620082835365,0.06183782427781852,34.06146813964606,25.685713273467908,hammer curl_19.mp4,78
175.3127830321564,175.72231334186853,2.118673086166382,7.195970058441162,5.425599575042725,14.314458428898106,8.32720671772591,0.002333272735075888,21.447984483888323,11.422926532104384,hammer curl_19.mp4,81
176.77147306423294,175.87080159247049,2.0542638301849365,7.771424770355225,5.731560707092285,14.481917561151976,8.303852923391958,0.005108131023934963,16.62121886515361,17.69280013237132,hammer curl_19.mp4,84
179.66195871969617,175.00844621493206,1.8764586448669434,7.802961349487305,6.049618721008301,14.204065057661046,8.696284164066832,0.02624133527928179,24.29291320871893,27.41630729118974,hammer curl_19.mp4,87
179.30226492407408,179.24152805611723,1.5511939525604248,8.352773666381836,8.338311195373535,14.331921034099855,11.13874526277169,0.0003387974866445597,19.305828433311436,15.476760454680061,hammer curl_19.mp4,90
179.85598234624055,179.3210264306502,1.2412922382354736,7.287814140319824,8.601753234863281,13.484472492380592,12.17487061687702,0.0029787870744402613,23.250930293510304,24.519217122478683,hammer curl_19.mp4,93
178.77810698164737,178.84055950901467,0.8246887922286987,6.46580696105957,8.011452674865723,12.302847492479689,12.051150251895573,0.00034926883420348197,21.81984088814824,25.108506703574232,hammer curl_19.mp4,96
179.49139592214703,173.31088269938377,0.6327753663063049,6.1584672927856445,10.075078964233398,11.674502720292942,14.169535659230306,0.03503669674080207,18.921628333695327,14.465554813984859,hammer curl_19.mp4,99
179.55412755442347,167.07324036065552,0.6799972057342529,5.896201133728027,9.782867431640625,11.699723907968536,13.991216594687728,0.07201328197965993,13.780082768890543,12.62332595518595,hammer curl_19.mp4,102
177.56739365410513,155.07308169189656,1.1256202459335327,5.192586898803711,7.915079116821289,11.338208700470647,11.61798159715382,0.1352469926506131,21.718221767940797,32.137973086280816,hammer curl_19.mp4,105
177.9591444407738,135.88515715685222,0.5773404240608215,6.382679462432861,7.2547430992126465,11.739335571143194,11.117547342745999,0.26812012880108854,42.44182605402839,72.8699052008494,hammer curl_19.mp4,108
175.27316395907198,105.81248282568532,0.3143973648548126,11.867042541503906,6.441072463989258,15.51567564780737,10.55381550500629,0.4942314339271583,38.674097860812275,72.51285740848702,hammer curl_19.mp4,111
179.93147195674447,72.99730285287004,0.2548043429851532,9.286322593688965,5.056652545928955,13.274400128419794,9.230906742215526,0.8455674462849577,29.788782939509215,71.48865800366333,hammer curl_19.mp4,114
179.62937731528453,54.94873269075692,0.3601526916027069,9.080317497253418,3.6335341930389404,12.38982982428435,7.452219392270984,1.0630202845552514,30.05886013627917,63.18061221732929,hammer curl_19.mp4,117
179.36295619390253,45.792718433412176,0.41609710454940796,8.607257843017578,2.9109671115875244,13.684222479795949,6.634923169834795,1.1864700988023538,40.829824386623976,67.13343561430494,hammer curl_19.mp4,120
179.90934591580344,42.18816147191194,0.3700176179409027,7.543333053588867,2.6116867065429688,13.117755635610338,6.9023692776963825,1.2401866735358877,41.32076870887205,64.39373384962822,hammer curl_19.mp4,123
179.78878227826846,46.5682676144182,0.16838771104812622,7.927779674530029,1.2045942544937134,12.79578108627595,5.35221878678809,1.1770829733556663,39.47906868015156,66.71511050073075,hammer curl_19.mp4,126
179.30987843787818,57.07310236578837,0.7753658294677734,9.030475616455078,4.275593280792236,11.961265364273325,8.535870428002221,1.0342265391231058,34.21729662069112,69.17147508647975,hammer curl_19.mp4,129
178.61379002204598,73.14602860118903,0.1603187471628189,7.515783309936523,7.511656284332275,11.545841766176764,11.511170572172631,0.837844275529068,38.5472686384311,70.7681095660423,hammer curl_19.mp4,132
176.8448296218196,108.3057687815553,0.5442413091659546,9.177845001220703,10.30289363861084,14.216669100749744,13.992968012325438,0.4807218446956141,79.99701508229826,79.14527218231358,hammer curl_19.mp4,135
177.44235097362048,140.54889754506158,0.12095800042152405,5.661280155181885,8.41722297668457,10.10481874231747,12.600897220961382,0.23204068414097506,44.54618050541389,64.84866318295711,hammer curl_19.mp4,138
179.55632724558677,155.58196386410117,1.0970962047576904,5.8820061683654785,8.724404335021973,11.620541978403603,11.913483659293387,0.1430714664212392,42.137677412083654,48.453511760678175,hammer curl_19.mp4,141
178.35372451666908,168.85294922885726,0.8263604044914246,5.915849208831787,8.301669120788574,11.56893868480418,11.95548016866901,0.05472691630792269,19.924070441130688,16.368904039864617,hammer curl_19.mp4,144
178.7118401540271,179.7466622202523,0.24020418524742126,6.892909526824951,7.438267707824707,11.781274892898098,11.632929078663105,0.005773734250246318,21.141726639068462,16.577031594281806,hammer curl_19.mp4,147
178.278075880766,178.16912015527544,0.21153298020362854,8.429393768310547,9.396601676940918,13.286813500875077,13.594562052280178,0.0006113428676238337,18.73402995862595,18.81993752539402,hammer curl_19.mp4,150
178.98934351673128,178.98451461739344,0.8676958084106445,8.319501876831055,10.45130729675293,13.883714492170999,14.081530009017017,2.6979061337090884e-05,18.080399752688887,12.528693924067626,hammer curl_19.mp4,153
178.69703780697023,178.95863752782972,1.4692906141281128,8.018159866333008,9.964563369750977,14.09892464683738,12.935260075855442,0.0014628579323653172,20.017872836308364,16.77565945538381,hammer curl_19.mp4,156
177.88538925179617,178.2765990390715,1.6893898248672485,7.405579090118408,9.027259826660156,13.725923033879596,11.835029151541004,0.0021968081947916296,22.669104953368254,32.08053896903037,hammer curl_19.mp4,159
176.902438435347,176.33237664426957,2.2382218837738037,6.525251865386963,7.3811116218566895,13.528061968107794,9.783356123325543,0.0032276648095909428,25.692825776481822,27.880509099349283,hammer curl_19.mp4,162
172.68082658225404,177.93720599954773,2.313861131668091,4.866117477416992,6.940013885498047,11.81266223910919,9.237227519538024,0.02998350871224705,27.834532585487842,27.64943809267671,hammer curl_19.mp4,165
159.3393526211156,173.73324277401122,1.5111714601516724,4.119349479675293,5.4219231605529785,10.32614924441785,8.641179092049086,0.08643094839922219,45.425710924913766,47.120302821852064,hammer curl_19.mp4,168
146.21062847582482,174.50777215416704,1.4269226789474487,2.6099767684936523,4.9225239753723145,8.963811585650282,8.418089381026226,0.1764609927135938,56.63014641260871,50.01609264160733,hammer curl_19.mp4,171
124.24364245908045,179.34091478992298,2.689499616622925,2.0123438835144043,7.334883213043213,9.40479243659543,9.654960538269439,0.36297809631766703,78.97890165784234,86.7156385142946,hammer curl_19.mp4,174
96.59649973583282,60.949122286512,2.832181692123413,3.369500160217285,18.55637550354004,10.222583194653525,19.911384643683373,0.45253402781658925,70.66062718868649,89.264495283408,hammer curl_19.mp4,177
77.13770350108521,74.56986486679729,2.3582260608673096,1.058288812637329,15.679564476013184,7.403825015427013,17.5327043129604,0.033852478975354164,79.78060175883785,89.31226040113484,hammer curl_19.mp4,180
60.42774281108079,178.52435039428966,1.9919929504394531,1.2213144302368164,7.558646202087402,4.666735953846662,9.734073818326276,0.9884542629363722,65.74632219203912,61.65374926130546,hammer curl_19.mp4,183
50.985827210419835,176.65982491794801,1.8427966833114624,0.4773932099342346,5.446009635925293,6.5319490138641605,8.046935047193635,1.1041194640226333,77.82990598303566,43.63206899975685,hammer curl_19.mp4,186
51.205321750607695,177.3766891549169,2.317140579223633,1.3154337406158447,6.49583101272583,7.791049762627374,8.526869457130212,1.1039483545050899,77.2833916689583,43.70486691959732,hammer curl_19.mp4,189
56.88219769615102,176.01262421062938,2.0260207653045654,1.7943941354751587,6.2153825759887695,8.21513347095032,8.800536021566646,1.0230405771937865,81.16852669369192,64.79274583221087,hammer curl_19.mp4,192
74.41499928191777,172.74871974335224,2.5284924507141113,5.554842948913574,12.334428787231445,12.193478856810074,14.182378839789836,0.7956970452559086,80.83569429370937,69.46574412426415,hammer curl_19.mp4,195
105.25080352316553,174.9237163507381,2.441612482070923,7.732307434082031,10.019116401672363,14.66719401924034,12.222097105659778,0.49735366984071083,77.79043057822146,79.07225540830852,hammer curl_19.mp4,198
136.24934701411655,173.62092760569558,1.3648979663848877,8.23343276977539,3.3488287925720215,14.247978800344685,6.831676942313571,0.24120790958365526,64.77597759914624,58.41598103552217,hammer curl_19.mp4,201
154.51892375331107,173.98434931085177,0.17470206320285797,7.592156887054443,3.7644832134246826,12.377185701470054,8.2970636174571,0.11850978150673547,42.868175078748045,38.87823136770753,hammer curl_19.mp4,204
166.88496825363075,176.39766222818707,1.7061065435409546,7.615976333618164,4.514956951141357,14.12647454524068,7.613653242391224,0.05542193592029221,26.952485687716898,11.554334978950251,hammer curl_19.mp4,207
176.83541248913235,176.54503573738873,1.7648853063583374,7.116119384765625,5.683401584625244,13.63544512253415,8.62377322176112,0.0016434228503637374,18.5723788251735,15.410925583250025,hammer curl_19.mp4,210
177.8520548956127,178.15305017791087,1.8960527181625366,7.776238441467285,7.119438648223877,14.11037398730827,9.585705811529746,0.00169096048347965,19.274182555604728,31.707171324908945,hammer curl_19.mp4,213
179.5960323301021,180.0,1.5270799398422241,8.453954696655273,7.943826198577881,14.463141877575916,10.803997542834116,0.0022467860241965113,19.696399410578785,17.358879882516018,hammer curl_19.mp4,216
179.2154051794044,177.44986188211143,1.072894811630249,8.496411323547363,7.280017375946045,14.203661436059395,10.662764739736222,0.009900281638517118,19.06179196106394,19.56262105464631,hammer curl_19.mp4,219
178.95526064218265,179.82528702783046,0.7110913395881653,7.281343460083008,7.764215469360352,12.525456649336206,11.417786561330056,0.004849908342567154,22.16038690817547,28.17959108989294,hammer curl_19.mp4,222
178.7281985936855,179.06371832458245,0.6955779194831848,6.225454330444336,7.367284297943115,11.669843740432574,11.336923191383656,0.0018755020168529537,24.71217202787468,20.60378159252314,hammer curl_19.mp4,225
179.97202354488172,174.67947090259005,1.0050009489059448,4.8784098625183105,7.069896697998047,10.847834979864029,10.919946145090178,0.02984649846485031,14.504238766027335,5.831117248270126,hammer curl_19.mp4,228
176.76226906788028,164.03199556331333,1.0833971500396729,3.807513475418091,6.426133632659912,9.849617674287378,10.167633190766663,0.07470943513878445,36.45577355093918,34.039648194102796,hammer curl_19.mp4,231
179.05643181192738,148.4989005978965,0.24985374510288239,5.836385250091553,4.173787593841553,10.296194626580778,8.850973373325202,0.18657935432904843,44.27035823732472,63.75366444168859,hammer curl_19.mp4,234
175.5830997054772,120.88487119924037,0.9917559027671814,9.526894569396973,5.706813335418701,14.989747133078463,9.010399289596151,0.3689992435899013,56.00423307011767,74.25305542240879,hammer curl_19.mp4,237
140.525647592978,87.59890603982596,0.36210864782333374,15.95311164855957,5.144640922546387,19.598405350204494,9.28059116259943,0.4640161763414954,86.53396577367934,68.52132804941554,hammer curl_19.mp4,240
179.40586806473405,70.28553856424635,0.38232383131980896,8.773468017578125,3.18833327293396,12.695848010065582,7.63193220577019,0.8740415296921369,49.575940944505746,69.63406290299335,hammer curl_19.mp4,243
179.94065297455344,54.99512107452346,0.8778523802757263,8.355476379394531,3.1320221424102783,10.695623844304064,7.099675772607332,1.0636569284159294,24.366417535521194,60.35029505514484,hammer curl_19.mp4,246
179.3797645833007,43.72727396793579,1.0167739391326904,8.420066833496094,3.391014337539673,10.643182357639057,7.524387115151541,1.2160305788309977,34.015582224426076,58.43164334401186,hammer curl_19.mp4,249
179.5661383554996,44.336268341285304,1.2921127080917358,8.440572738647461,3.2709696292877197,10.358050707815579,7.715817098528065,1.2079358324838951,33.38824225208456,57.94067065423397,hammer curl_19.mp4,252
179.43698244165563,52.513420582057755,0.9472554922103882,7.547595024108887,4.463930606842041,10.074037383524946,8.750528607207727,1.0944025981849392,26.95149914288853,64.40708104667486,hammer curl_19.mp4,255
179.5902610465883,64.75695639776902,0.382894903421402,7.480042934417725,5.6533026695251465,11.032139344615342,9.626390734215459,0.939919069673622,23.609681657672752,68.32456661002877,hammer curl_19.mp4,258
178.1524145220775,79.27549016898281,0.08232564479112625,8.510172843933105,8.05067253112793,12.613946166845869,11.719697557994202,0.7681911910191481,34.32286945050822,74.38027946909769,hammer curl_19.mp4,261
179.39964313079383,112.99769223456275,1.0957809686660767,5.721395969390869,12.212611198425293,11.660080943579914,15.711321233472194,0.45418984966645104,52.851853324510245,77.09941309827828,hammer curl_19.mp4,264
179.02301286738074,136.25428082165195,0.5907658934593201,5.2070817947387695,10.462164878845215,10.510058005721419,14.13957972085908,0.2713086727261295,41.07721403439048,62.63258081603612,hammer curl_19.mp4,267
179.14111023816304,153.20987804418877,1.124846339225769,5.000986099243164,9.577736854553223,10.782167954003592,12.754421513978375,0.15604726995392085,27.60829640979435,31.675219801626923,hammer curl_19.mp4,270
177.7690108694871,167.55265170432452,1.5217113494873047,4.579900741577148,8.739599227905273,11.344234778120326,12.074273558080655,0.059170102964385275,21.534712576122377,9.172386795609986,hammer curl_19.mp4,273
179.14225012693854,176.34901776988093,1.0772643089294434,6.298088073730469,9.00042724609375,12.080100606041452,12.448932615663967,0.01571477338154103,21.612211198572663,14.790302948871808,hammer curl_19.mp4,276
179.06748784177427,177.86998884673247,1.296190857887268,6.955441474914551,11.491384506225586,13.151795008802662,14.890078455443357,0.006709852975661811,18.802769186574242,14.373659906481764,hammer curl_19.mp4,279
177.96760088779533,178.04886138030463,1.0832339525222778,7.600473403930664,13.11046314239502,13.528397748243245,16.648378673374584,0.00045649851128573717,21.0618659699948,11.241096413693102,hammer curl_19.mp4,282
179.78239411897275,179.0359165831425,2.0466482639312744,6.79871129989624,12.871479988098145,13.65723022265407,15.460287002560191,0.0041607549757958955,20.429907374464097,13.18549190450009,hammer curl_19.mp4,285
177.5777953145413,179.54328798546678,3.82913875579834,5.6945109367370605,12.149266242980957,14.365118431721749,12.99224059724742,0.01100743004452813,19.69582049559955,24.268934327708138,hammer curl_19.mp4,288
176.82355702897217,177.4382981210302,4.321184158325195,6.119185447692871,9.750572204589844,15.586525777098956,10.324967953544368,0.0034705463380905986,20.756770210046366,21.344912861429947,hammer curl_19.mp4,291
168.67580068397584,178.03586503905404,3.6606149673461914,6.678742408752441,9.44853401184082,15.856795099299836,11.21634907354766,0.05399336267246042,25.64256113940418,19.445882584993818,hammer curl_19.mp4,294
152.58331149834723,174.5731357913313,2.284787654876709,6.824434757232666,7.598286151885986,13.860083223679657,10.044513803258765,0.13443002254828457,50.161292001494694,49.536098276862816,hammer curl_19.mp4,297
133.10139059433328,175.9833623499197,2.0342347621917725,6.862489700317383,7.051581382751465,13.415008402945286,9.679324425663923,0.2774771084442375,68.13061898628203,62.82392953471811,hammer curl_19.mp4,300
111.48077430934188,179.56433808332446,2.749842405319214,6.750186920166016,9.111763000488281,14.327602187342709,11.395718362686207,0.46785574383483874,79.19708357769849,71.57554888033847,hammer curl_19.mp4,303
93.79916302563865,96.0182292583755,2.905582904815674,3.4551942348480225,15.6753568649292,10.50415885310429,17.047306492289962,0.02338106330548018,72.46545383552294,89.11633054535496,hammer curl_19.mp4,306
74.84850734468935,178.19528141155118,2.5231614112854004,0.5051303505897522,9.358427047729492,6.85125769241094,10.944454505423321,0.8168291707520768,74.53773157861764,67.52922924458068,hammer curl_19.mp4,309
71.39474172045028,177.1809576762768,2.269529104232788,2.511444568634033,6.526586055755615,3.730876395006469,8.522376955416448,0.8511388378877018,72.30857463225713,57.76344712580705,hammer curl_19.mp4,312
178.82780282309938,174.59328628984758,0.7547624111175537,4.75372838973999,4.804145336151123,10.651795599407974,9.396701025108582,0.02396300992609141,41.28730578769489,44.338803035871436,hammer curl_8.mp4,0
178.46736539923424,176.73193582399296,0.3782529830932617,5.522507667541504,5.80452823638916,11.220579532665562,10.91599740102855,0.009771582147064205,34.17008353262349,48.27958260863596,hammer curl_8.mp4,3
178.25818796068398,176.54639605925294,0.3484208881855011,6.116819381713867,5.734590530395508,11.81029310350422,10.84484048756734,0.009649209613001246,35.02626543621247,46.8186129043959,hammer curl_8.mp4,6
179.1139719440401,175.79657855013696,0.7067019939422607,5.30899715423584,5.408967971801758,11.28904845307435,10.191343169055797,0.018694250645882444,36.28732498879692,44.89649297298953,hammer curl_8.mp4,9
179.4636813031755,176.64970000541084,0.6858257055282593,5.013615608215332,6.176442623138428,10.657706287126457,10.679050135062884,0.015803850377227074,34.65978992684181,44.96818275908669,hammer curl_8.mp4,12
179.0859262702511,174.7679318945327,1.231299638748169,3.7369272708892822,6.098788738250732,10.048781450271917,10.18960590602071,0.024405523783819147,46.001027843070844,58.07859590401423,hammer curl_8.mp4,15
177.3209464866176,175.03260399600362,1.838746190071106,3.2976229190826416,6.997254848480225,10.637245191850278,10.93196400443183,0.012988899856292781,42.32404226423484,52.52144722154961,hammer curl_8.mp4,18
168.79213414386865,170.44771888524565,2.0950613021850586,3.196122169494629,7.662172317504883,10.626435209917926,11.160009293359263,0.009760555704726781,66.33970140079043,71.32984002360912,hammer curl_8.mp4,21
167.16137653027818,162.1088481889883,2.048018217086792,5.420989990234375,8.533011436462402,12.900399301476817,12.161358055057727,0.03068925133207913,64.39763275653182,68.58445494614685,hammer curl_8.mp4,24
149.9768246743557,156.00833498092493,2.736959457397461,5.448856830596924,9.681241035461426,13.689851320548767,12.723446871471438,0.0394235479483009,89.29527198768442,71.41932407000556,hammer curl_8.mp4,27
123.5405579574467,147.84555346771486,1.5244085788726807,7.898955345153809,10.763599395751953,14.620589658408727,14.463661467563211,0.17911746023134723,85.53571260183507,84.25276679150116,hammer curl_8.mp4,30
54.96550944896102,110.93634135496885,1.1608972549438477,6.400690078735352,11.548897743225098,12.691558529657495,15.701582161195667,0.6747463230191039,86.59872006978827,88.60021270821214,hammer curl_8.mp4,33
28.64445042619088,62.60114702924779,1.7076160907745361,8.441631317138672,10.85865306854248,14.476057843284694,13.862520821976574,0.744292273819353,89.0217225956399,88.36983930947129,hammer curl_8.mp4,36
2.7010287197069682,43.604480220177265,1.2558958530426025,7.606555938720703,9.331486701965332,13.284733011674277,12.783871661388403,1.7666775481756558,85.15150448488107,87.3470078215132,hammer curl_8.mp4,39
1.1596092530948172,34.00432625191076,1.203588604927063,7.902044296264648,9.704739570617676,13.54005738539697,13.279500653272441,1.8680910726923903,84.11746503229537,86.97117081316792,hammer curl_8.mp4,42
2.580581653295678,26.037344550917425,0.8897415995597839,8.128300666809082,8.340075492858887,13.849629571501845,12.524039344690523,1.6393055688408664,83.92127679110256,85.26275607367708,hammer curl_8.mp4,45
0.7179156335746275,23.56317705247565,0.5868223905563354,8.59009838104248,8.185747146606445,13.650806803015392,12.435982902907297,1.8817325656868684,84.88466138575816,86.34239087908513,hammer curl_8.mp4,48
1.1992625774167103,30.25866829014628,1.5543569326400757,8.179967880249023,8.703047752380371,14.16854510348318,11.988259451000788,1.8475090326232106,86.19457966400957,86.28037585033108,hammer curl_8.mp4,51
1.0398581144649455,34.62610871854019,1.3676745891571045,8.346843719482422,9.164149284362793,13.952191820342634,12.46183743189798,1.8833781100808216,88.6187161843617,87.23032963262085,hammer curl_8.mp4,54
8.663675491115088,48.22280623031849,1.6751586198806763,8.296910285949707,7.9835052490234375,14.548723677403304,11.252669211563337,1.3908095400562763,89.00562199682916,87.58385794757179,hammer curl_8.mp4,57
44.20964007685842,66.36400241163099,1.9560431241989136,7.539486885070801,8.417684555053711,13.957785471119536,11.191988900580819,0.40071687675620915,89.1671833256217,88.42204445209738,hammer curl_8.mp4,60
102.93753017424511,106.46876122691611,0.8947885036468506,8.697073936462402,10.266739845275879,14.021074300986085,14.067458624963502,0.03372612187573865,89.96088568574798,88.07811849347932,hammer curl_8.mp4,63
165.4391681538105,133.44674536263582,0.4928940534591675,12.547989845275879,10.611974716186523,17.743715131393053,15.05491438848168,0.21407782263659128,87.6478037279021,88.49693611010419,hammer curl_8.mp4,66
161.95758188801506,135.18773203418635,0.11493267863988876,10.629342079162598,11.118082046508789,16.030761187176065,16.41271692523309,0.18018019197730026,84.76455223688147,85.93887063622252,hammer curl_8.mp4,69
166.01515529349984,152.50697271315292,1.2188732624053955,10.807486534118652,10.58038330078125,17.53681896165185,14.999884248913729,0.08481785968769358,78.49196492566779,83.39666649953729,hammer curl_8.mp4,72
162.37893993197122,154.10051475301773,2.7036590576171875,7.714828014373779,10.364175796508789,15.717298008082514,13.058033654685799,0.0523157194339424,81.18718570324647,82.77207311166029,hammer curl_8.mp4,75
164.28292891757243,152.12154590369116,2.661532163619995,7.8834381103515625,9.495795249938965,16.22877286443805,12.735133012688472,0.07687238317821658,69.06082131570773,74.44350854316613,hammer curl_8.mp4,78
166.47114969147094,154.94973212188845,2.5382766723632812,5.081038475036621,9.73093032836914,13.383264516044154,13.130269355473514,0.07169053550336955,75.29678611923917,76.65197268147767,hammer curl_8.mp4,81
164.93581913551478,153.4020382664959,2.0268235206604004,7.02372407913208,8.241034507751465,14.679381783334343,11.839440942031212,0.07246251490882856,75.36075575765287,76.47103210547503,hammer curl_8.mp4,84
164.6978497529024,155.26989324607266,3.483924150466919,5.576869010925293,8.349498748779297,14.807883403591148,10.682293215074623,0.05893066856342428,69.20104902802323,71.32417036197425,hammer curl_8.mp4,87
168.4760015719157,155.03994494114056,4.187766075134277,5.081348896026611,8.979178428649902,15.014167802123447,10.636875166572148,0.08306271623141084,56.944671621870526,62.97021738851037,hammer curl_8.mp4,90
166.55154438282648,154.53402628928393,4.813520431518555,4.429294109344482,9.573469161987305,14.916104806389837,10.469503085811992,0.07485554750023149,57.284057550475765,64.71889480652612,hammer curl_8.mp4,93
166.30393072832499,156.47939412346736,3.7803680896759033,5.352227210998535,8.28530502319336,14.55160552706677,9.925788131422799,0.06087387946306467,56.075310128871514,72.22515204165386,hammer curl_8.mp4,96
166.0108599610583,158.94255954067464,3.4030864238739014,5.3938798904418945,8.16841983795166,14.167903298757702,10.280783113452522,0.04350346847386203,46.864206567887905,58.952737407052645,hammer curl_8.mp4,99
168.29522481812168,163.56227045903375,2.9668586254119873,5.154332160949707,8.083590507507324,13.446091268910761,10.64310839440829,0.02852401664235508,43.14893739252944,51.29794412827737,hammer curl_8.mp4,102
168.09639669242006,166.36290351531474,3.951967716217041,4.279761791229248,8.405372619628906,14.001086699106748,10.411042748812996,0.010365943934156609,29.92439395754294,45.40249300739707,hammer curl_8.mp4,105
168.04976350251118,167.5683789220916,3.891976833343506,4.868419647216797,7.296876907348633,14.868040832296018,9.689799691293103,0.0028686445669588935,37.25714261233382,46.12300454735218,hammer curl_8.mp4,108
168.29466930921322,167.8767641747448,3.2685976028442383,5.126214981079102,6.493345260620117,13.752826137952846,8.879648145755532,0.0024862620249281524,29.182507382554856,42.51615276658031,hammer curl_8.mp4,111
169.13711418654205,167.91710926754857,3.5718255043029785,4.494020462036133,5.711370468139648,13.805805496626965,8.135835202823186,0.0072392204820400695,25.444356959066404,44.01248859077963,hammer curl_8.mp4,114
168.5304545477926,166.22169876371012,4.044121265411377,4.0758137702941895,4.933660507202148,13.784064395150013,6.844154291348068,0.013793821854427755,22.29496540357986,44.93193776486647,hammer curl_8.mp4,117
168.99013742506386,167.0432614970687,3.709157943725586,4.539373874664307,5.552708148956299,13.406733221831002,7.291537317965908,0.011587395385339693,26.069448979996675,49.615827489688925,hammer curl_8.mp4,120
171.0484709765112,167.97101721932145,3.077500820159912,4.807638168334961,4.189635276794434,12.33884120429772,5.878666126551692,0.01815502568048283,22.162852633471246,49.193784988631776,hammer curl_8.mp4,132
178.77890799076968,176.3038187393424,2.75947904586792,3.2128920555114746,7.187905311584473,10.652035784271973,9.276651538558768,0.013940916102677786,21.125587220318664,49.89204329458045,hammer curl_8.mp4,135
175.00895649030744,173.76989145140237,1.6106677055358887,2.2811548709869385,7.163389205932617,8.306075400495857,10.33172998891848,0.007105161601497968,25.87104570693367,43.347888914804955,hammer curl_8.mp4,141
167.43021412953428,172.35375822522354,2.522913694381714,4.4345703125,8.210831642150879,11.562108101966064,10.3759467219017,0.028980437550178192,30.587171905931044,43.693938608410015,hammer curl_8.mp4,144
117.29961513209379,160.0706134295661,2.5458984375,10.339742660522461,17.987545013427734,5.952888274222019,17.421709253410135,0.30840367056887824,25.45758801947915,63.74487428579727,hammer curl_8.mp4,159
79.41562144793478,113.66813904917304,3.4445600509643555,12.555956840515137,16.16409683227539,6.367966608605467,15.429869571700419,0.35479439092187476,20.206622170830776,66.0367453354048,hammer curl_8.mp4,162
65.89856274736515,90.16602943119851,4.412416458129883,11.274321556091309,13.95766544342041,5.610875546391585,10.792185437713089,0.31099260050053346,41.1294113059972,78.08739695608561,hammer curl_8.mp4,165
68.65113967258009,101.64756430097002,3.2649097442626953,10.178794860839844,16.08587074279785,5.916655227162578,13.89401500394236,0.38751233988856143,54.42888302934567,71.40477109177915,hammer curl_8.mp4,168
58.83181548885538,72.09574134056618,1.3686721324920654,10.440865516662598,19.80215072631836,8.455169633449167,19.09249463607294,0.20261473096899907,21.48144759067221,66.75229645651183,hammer curl_8.mp4,171
52.72761404977487,77.95729201243529,0.027911223471164703,9.583066940307617,26.227458953857422,8.41321244966253,27.4025859549529,0.3861146435786592,32.646481989877515,79.37587113527475,hammer curl_8.mp4,174
56.071807508133446,48.5347668458904,0.3959433138370514,7.4739766120910645,17.66081428527832,6.40159396634919,19.532159499448372,0.14410261895653254,25.251641702639716,84.56093016987461,hammer curl_8.mp4,177
50.16177350669309,58.54898134098664,0.8962221741676331,10.202467918395996,23.227388381958008,7.919139392679592,23.734956188518538,0.1543031845569522,67.58046245152873,86.40267617826495,hammer curl_8.mp4,180
60.19098331627025,68.946959640298,2.3034908771514893,4.564881801605225,13.599770545959473,2.205046371409131,11.35218367273486,0.1356065633935732,70.85797731184225,77.06109447567414,hammer curl_8.mp4,183
67.44160597553598,116.50593373608895,4.051454067230225,10.28515338897705,15.027718544006348,7.0953916599102245,10.077960888004583,0.5334600053631732,64.42070368196666,69.93073930398228,hammer curl_8.mp4,186
87.33978445672058,135.78272003842997,5.2298197746276855,6.959618091583252,17.26151466369629,2.25628686220717,11.483448467569326,0.4342272483120345,48.272746559187524,56.630651303710074,hammer curl_8.mp4,189
111.34192859608144,146.32943241435788,2.85440993309021,7.737598896026611,17.40448570251465,5.431809015319328,13.984378359062205,0.27156688023904174,46.27752139251397,44.21163699472107,hammer curl_8.mp4,192
178.82780282309938,174.59328628984758,0.7547624111175537,4.75372838973999,4.804145336151123,10.651795599407974,9.396701025108582,0.02396300992609141,41.28730578769489,44.338803035871436,hammer curl_8.mp4,0
178.46736539923424,176.73193582399296,0.3782529830932617,5.522507667541504,5.80452823638916,11.220579532665562,10.91599740102855,0.009771582147064205,34.17008353262349,48.27958260863596,hammer curl_8.mp4,3
178.25818796068398,176.54639605925294,0.3484208881855011,6.116819381713867,5.734590530395508,11.81029310350422,10.84484048756734,0.009649209613001246,35.02626543621247,46.8186129043959,hammer curl_8.mp4,6
179.1139719440401,175.79657855013696,0.7067019939422607,5.30899715423584,5.408967971801758,11.28904845307435,10.191343169055797,0.018694250645882444,36.28732498879692,44.89649297298953,hammer curl_8.mp4,9
179.4636813031755,176.64970000541084,0.6858257055282593,5.013615608215332,6.176442623138428,10.657706287126457,10.679050135062884,0.015803850377227074,34.65978992684181,44.96818275908669,hammer curl_8.mp4,12
179.0859262702511,174.7679318945327,1.231299638748169,3.7369272708892822,6.098788738250732,10.048781450271917,10.18960590602071,0.024405523783819147,46.001027843070844,58.07859590401423,hammer curl_8.mp4,15
177.3209464866176,175.03260399600362,1.838746190071106,3.2976229190826416,6.997254848480225,10.637245191850278,10.93196400443183,0.012988899856292781,42.32404226423484,52.52144722154961,hammer curl_8.mp4,18
168.79213414386865,170.44771888524565,2.0950613021850586,3.196122169494629,7.662172317504883,10.626435209917926,11.160009293359263,0.009760555704726781,66.33970140079043,71.32984002360912,hammer curl_8.mp4,21
167.16137653027818,162.1088481889883,2.048018217086792,5.420989990234375,8.533011436462402,12.900399301476817,12.161358055057727,0.03068925133207913,64.39763275653182,68.58445494614685,hammer curl_8.mp4,24
149.9768246743557,156.00833498092493,2.736959457397461,5.448856830596924,9.681241035461426,13.689851320548767,12.723446871471438,0.0394235479483009,89.29527198768442,71.41932407000556,hammer curl_8.mp4,27
123.5405579574467,147.84555346771486,1.5244085788726807,7.898955345153809,10.763599395751953,14.620589658408727,14.463661467563211,0.17911746023134723,85.53571260183507,84.25276679150116,hammer curl_8.mp4,30
54.96550944896102,110.93634135496885,1.1608972549438477,6.400690078735352,11.548897743225098,12.691558529657495,15.701582161195667,0.6747463230191039,86.59872006978827,88.60021270821214,hammer curl_8.mp4,33
28.64445042619088,62.60114702924779,1.7076160907745361,8.441631317138672,10.85865306854248,14.476057843284694,13.862520821976574,0.744292273819353,89.0217225956399,88.36983930947129,hammer curl_8.mp4,36
2.7010287197069682,43.604480220177265,1.2558958530426025,7.606555938720703,9.331486701965332,13.284733011674277,12.783871661388403,1.7666775481756558,85.15150448488107,87.3470078215132,hammer curl_8.mp4,39
1.1596092530948172,34.00432625191076,1.203588604927063,7.902044296264648,9.704739570617676,13.54005738539697,13.279500653272441,1.8680910726923903,84.11746503229537,86.97117081316792,hammer curl_8.mp4,42
2.580581653295678,26.037344550917425,0.8897415995597839,8.128300666809082,8.340075492858887,13.849629571501845,12.524039344690523,1.6393055688408664,83.92127679110256,85.26275607367708,hammer curl_8.mp4,45
0.7179156335746275,23.56317705247565,0.5868223905563354,8.59009838104248,8.185747146606445,13.650806803015392,12.435982902907297,1.8817325656868684,84.88466138575816,86.34239087908513,hammer curl_8.mp4,48
1.1992625774167103,30.25866829014628,1.5543569326400757,8.179967880249023,8.703047752380371,14.16854510348318,11.988259451000788,1.8475090326232106,86.19457966400957,86.28037585033108,hammer curl_8.mp4,51
1.0398581144649455,34.62610871854019,1.3676745891571045,8.346843719482422,9.164149284362793,13.952191820342634,12.46183743189798,1.8833781100808216,88.6187161843617,87.23032963262085,hammer curl_8.mp4,54
8.663675491115088,48.22280623031849,1.6751586198806763,8.296910285949707,7.9835052490234375,14.548723677403304,11.252669211563337,1.3908095400562763,89.00562199682916,87.58385794757179,hammer curl_8.mp4,57
44.20964007685842,66.36400241163099,1.9560431241989136,7.539486885070801,8.417684555053711,13.957785471119536,11.191988900580819,0.40071687675620915,89.1671833256217,88.42204445209738,hammer curl_8.mp4,60
102.93753017424511,106.46876122691611,0.8947885036468506,8.697073936462402,10.266739845275879,14.021074300986085,14.067458624963502,0.03372612187573865,89.96088568574798,88.07811849347932,hammer curl_8.mp4,63
165.4391681538105,133.44674536263582,0.4928940534591675,12.547989845275879,10.611974716186523,17.743715131393053,15.05491438848168,0.21407782263659128,87.6478037279021,88.49693611010419,hammer curl_8.mp4,66
161.95758188801506,135.18773203418635,0.11493267863988876,10.629342079162598,11.118082046508789,16.030761187176065,16.41271692523309,0.18018019197730026,84.76455223688147,85.93887063622252,hammer curl_8.mp4,69
166.01515529349984,152.50697271315292,1.2188732624053955,10.807486534118652,10.58038330078125,17.53681896165185,14.999884248913729,0.08481785968769358,78.49196492566779,83.39666649953729,hammer curl_8.mp4,72
162.37893993197122,154.10051475301773,2.7036590576171875,7.714828014373779,10.364175796508789,15.717298008082514,13.058033654685799,0.0523157194339424,81.18718570324647,82.77207311166029,hammer curl_8.mp4,75
164.28292891757243,152.12154590369116,2.661532163619995,7.8834381103515625,9.495795249938965,16.22877286443805,12.735133012688472,0.07687238317821658,69.06082131570773,74.44350854316613,hammer curl_8.mp4,78
166.47114969147094,154.94973212188845,2.5382766723632812,5.081038475036621,9.73093032836914,13.383264516044154,13.130269355473514,0.07169053550336955,75.29678611923917,76.65197268147767,hammer curl_8.mp4,81
164.93581913551478,153.4020382664959,2.0268235206604004,7.02372407913208,8.241034507751465,14.679381783334343,11.839440942031212,0.07246251490882856,75.36075575765287,76.47103210547503,hammer curl_8.mp4,84
164.6978497529024,155.26989324607266,3.483924150466919,5.576869010925293,8.349498748779297,14.807883403591148,10.682293215074623,0.05893066856342428,69.20104902802323,71.32417036197425,hammer curl_8.mp4,87
168.4760015719157,155.03994494114056,4.187766075134277,5.081348896026611,8.979178428649902,15.014167802123447,10.636875166572148,0.08306271623141084,56.944671621870526,62.97021738851037,hammer curl_8.mp4,90
166.55154438282648,154.53402628928393,4.813520431518555,4.429294109344482,9.573469161987305,14.916104806389837,10.469503085811992,0.07485554750023149,57.284057550475765,64.71889480652612,hammer curl_8.mp4,93
166.30393072832499,156.47939412346736,3.7803680896759033,5.352227210998535,8.28530502319336,14.55160552706677,9.925788131422799,0.06087387946306467,56.075310128871514,72.22515204165386,hammer curl_8.mp4,96
166.0108599610583,158.94255954067464,3.4030864238739014,5.3938798904418945,8.16841983795166,14.167903298757702,10.280783113452522,0.04350346847386203,46.864206567887905,58.952737407052645,hammer curl_8.mp4,99
168.29522481812168,163.56227045903375,2.9668586254119873,5.154332160949707,8.083590507507324,13.446091268910761,10.64310839440829,0.02852401664235508,43.14893739252944,51.29794412827737,hammer curl_8.mp4,102
168.09639669242006,166.36290351531474,3.951967716217041,4.279761791229248,8.405372619628906,14.001086699106748,10.411042748812996,0.010365943934156609,29.92439395754294,45.40249300739707,hammer curl_8.mp4,105
168.04976350251118,167.5683789220916,3.891976833343506,4.868419647216797,7.296876907348633,14.868040832296018,9.689799691293103,0.0028686445669588935,37.25714261233382,46.12300454735218,hammer curl_8.mp4,108
168.29466930921322,167.8767641747448,3.2685976028442383,5.126214981079102,6.493345260620117,13.752826137952846,8.879648145755532,0.0024862620249281524,29.182507382554856,42.51615276658031,hammer curl_8.mp4,111
169.13711418654205,167.91710926754857,3.5718255043029785,4.494020462036133,5.711370468139648,13.805805496626965,8.135835202823186,0.0072392204820400695,25.444356959066404,44.01248859077963,hammer curl_8.mp4,114
168.5304545477926,166.22169876371012,4.044121265411377,4.0758137702941895,4.933660507202148,13.784064395150013,6.844154291348068,0.013793821854427755,22.29496540357986,44.93193776486647,hammer curl_8.mp4,117
168.99013742506386,167.0432614970687,3.709157943725586,4.539373874664307,5.552708148956299,13.406733221831002,7.291537317965908,0.011587395385339693,26.069448979996675,49.615827489688925,hammer curl_8.mp4,120
171.0484709765112,167.97101721932145,3.077500820159912,4.807638168334961,4.189635276794434,12.33884120429772,5.878666126551692,0.01815502568048283,22.162852633471246,49.193784988631776,hammer curl_8.mp4,132
178.77890799076968,176.3038187393424,2.75947904586792,3.2128920555114746,7.187905311584473,10.652035784271973,9.276651538558768,0.013940916102677786,21.125587220318664,49.89204329458045,hammer curl_8.mp4,135
175.00895649030744,173.76989145140237,1.6106677055358887,2.2811548709869385,7.163389205932617,8.306075400495857,10.33172998891848,0.007105161601497968,25.87104570693367,43.347888914804955,hammer curl_8.mp4,141
167.43021412953428,172.35375822522354,2.522913694381714,4.4345703125,8.210831642150879,11.562108101966064,10.3759467219017,0.028980437550178192,30.587171905931044,43.693938608410015,hammer curl_8.mp4,144
117.29961513209379,160.0706134295661,2.5458984375,10.339742660522461,17.987545013427734,5.952888274222019,17.421709253410135,0.30840367056887824,25.45758801947915,63.74487428579727,hammer curl_8.mp4,159
79.41562144793478,113.66813904917304,3.4445600509643555,12.555956840515137,16.16409683227539,6.367966608605467,15.429869571700419,0.35479439092187476,20.206622170830776,66.0367453354048,hammer curl_8.mp4,162
65.89856274736515,90.16602943119851,4.412416458129883,11.274321556091309,13.95766544342041,5.610875546391585,10.792185437713089,0.31099260050053346,41.1294113059972,78.08739695608561,hammer curl_8.mp4,165
68.65113967258009,101.64756430097002,3.2649097442626953,10.178794860839844,16.08587074279785,5.916655227162578,13.89401500394236,0.38751233988856143,54.42888302934567,71.40477109177915,hammer curl_8.mp4,168
58.83181548885538,72.09574134056618,1.3686721324920654,10.440865516662598,19.80215072631836,8.455169633449167,19.09249463607294,0.20261473096899907,21.48144759067221,66.75229645651183,hammer curl_8.mp4,171
52.72761404977487,77.95729201243529,0.027911223471164703,9.583066940307617,26.227458953857422,8.41321244966253,27.4025859549529,0.3861146435786592,32.646481989877515,79.37587113527475,hammer curl_8.mp4,174
56.071807508133446,48.5347668458904,0.3959433138370514,7.4739766120910645,17.66081428527832,6.40159396634919,19.532159499448372,0.14410261895653254,25.251641702639716,84.56093016987461,hammer curl_8.mp4,177
50.16177350669309,58.54898134098664,0.8962221741676331,10.202467918395996,23.227388381958008,7.919139392679592,23.734956188518538,0.1543031845569522,67.58046245152873,86.40267617826495,hammer curl_8.mp4,180
60.19098331627025,68.946959640298,2.3034908771514893,4.564881801605225,13.599770545959473,2.205046371409131,11.35218367273486,0.1356065633935732,70.85797731184225,77.06109447567414,hammer curl_8.mp4,183
67.44160597553598,116.50593373608895,4.051454067230225,10.28515338897705,15.027718544006348,7.0953916599102245,10.077960888004583,0.5334600053631732,64.42070368196666,69.93073930398228,hammer curl_8.mp4,186
87.33978445672058,135.78272003842997,5.2298197746276855,6.959618091583252,17.26151466369629,2.25628686220717,11.483448467569326,0.4342272483120345,48.272746559187524,56.630651303710074,hammer curl_8.mp4,189
111.34192859608144,146.32943241435788,2.85440993309021,7.737598896026611,17.40448570251465,5.431809015319328,13.984378359062205,0.27156688023904174,46.27752139251397,44.21163699472107,hammer curl_8.mp4,192
166.4317608674003,171.85876113169508,3.7070884704589844,4.46452522277832,0.7135253548622131,3.3438657342143925,5.615833314709024,0.03208484962702732,23.386355422466373,10.32337990302357,hammer curl_9.mp4,135
166.4317608674003,171.85876113169508,3.7070884704589844,4.46452522277832,0.7135253548622131,3.3438657342143925,5.615833314709024,0.03208484962702732,23.386355422466373,10.32337990302357,hammer curl_9.mp4,135
