left_elbow_angle,right_elbow_angle,body_alignment_angle,hip_sag_deviation,head_alignment_angle,elbow_symmetry_ratio,shoulder_width_ratio,left_shoulder_angle,right_shoulder_angle,_video,_frame_idx
171.950357418583,174.81911400472674,44.84060753064523,0.5205965638160706,52.23187255859375,0.016545612128824265,3.146811052280097,95.74541695281593,87.86398961936266,push-up_1.mp4,0
172.53160458987495,175.23428450793537,42.23893838976764,0.4956042766571045,57.44172286987305,0.015543099555116447,2.41653474069347,94.51793456448672,86.60410221650794,push-up_1.mp4,3
173.72998988051245,170.57355985834292,41.55145080266405,0.48905515670776367,55.96510314941406,0.018335158174021697,2.340355522350107,95.8505497546612,87.83164164991716,push-up_1.mp4,6
173.28443072723343,176.39603199313834,40.39206746186974,0.47137451171875,57.25644302368164,0.01779682651811838,3.266477173618513,94.4528008970431,86.0106919216951,push-up_1.mp4,9
173.23189346186933,170.9057732312737,40.56133372272194,0.47715288400650024,56.66814041137695,0.013518544790214726,2.1404563523104123,96.20600725400415,85.82674386052946,push-up_1.mp4,12
169.61791153091758,169.22573939493648,34.32311004152257,0.3823468089103699,50.326637268066406,0.002314767503593651,2.0442031956864817,89.63519814553105,83.28192016285323,push-up_1.mp4,15
165.7020570464314,167.88676887159724,32.79257573874614,0.3656979501247406,43.487152099609375,0.013098231447972267,1.604658269560803,90.16345869478245,83.98065124966185,push-up_1.mp4,18
161.85399001231607,161.73495280844136,29.761753089906506,0.3231460452079773,40.908775329589844,0.0007357309729872231,1.6396599944685053,93.02099353839091,78.95298426173655,push-up_1.mp4,21
162.03162744111424,78.84483489131783,20.900193891618926,0.22627146542072296,36.5802116394043,0.6907008824713711,4.019761719384779,89.39862772770881,13.255185246617014,push-up_1.mp4,24
155.6319424032309,74.37747612329703,21.07314623258688,0.22844679653644562,36.11172866821289,0.7065316437949472,3.4807870390022977,88.48991538709099,4.259977191145362,push-up_1.mp4,27
142.3583067884713,40.300888646811075,19.903792292415062,0.2140428125858307,40.80213165283203,1.117462692184254,2.737544143642268,79.16957507059873,23.322751233488585,push-up_1.mp4,30
148.52194059702578,16.172957384020584,17.50934757783571,0.1846068650484085,40.6954460144043,1.6072019817910372,2.5792611796505,80.95675174735632,22.866561102305347,push-up_1.mp4,33
146.82146338452438,44.763243540362694,17.356174252712947,0.1891235113143921,38.69699478149414,1.065410924309055,3.105667465658948,79.06955027629162,21.610396545493924,push-up_1.mp4,36
149.35258863027153,94.01866630688049,15.166895775533078,0.16202740371227264,31.775482177734375,0.45472849566955165,4.389254174927409,75.59847842130799,18.455991966968103,push-up_1.mp4,39
151.31622793331488,139.06118808463427,13.722338763249013,0.1476779580116272,32.04818344116211,0.08440766514654216,2.4145147356065566,74.12810553084357,62.53225432690274,push-up_1.mp4,42
156.25986875333118,155.5373257452083,17.140891623489466,0.18829748034477234,40.83346939086914,0.004634698585309137,1.30818850698883,77.11370072668069,71.08248834465716,push-up_1.mp4,45
160.71528343406698,163.47019624325083,18.10027196127976,0.20950807631015778,46.9456787109375,0.016995905010464923,1.422723855064058,78.01758501878923,69.84448289039123,push-up_1.mp4,48
167.2296399196094,166.4739236816227,15.456673823881744,0.16539713740348816,53.335384368896484,0.004529266812923707,1.666452307401939,75.87055547709235,71.85995653969415,push-up_1.mp4,51
170.86139279567607,165.14510116969254,16.25983099521156,0.17886494100093842,56.845855712890625,0.03402488778429797,2.857228299261168,78.25189633112545,67.1662480356913,push-up_1.mp4,54
173.79461216828832,172.02009048225804,16.98425267832951,0.18755348026752472,54.46573257446289,0.010262846966477756,2.3631700514555303,76.1793261683978,69.87513989252301,push-up_1.mp4,57
174.6252024902827,173.01640741460602,15.84480433820994,0.1760493665933609,56.526817321777344,0.009255480528449008,2.673558923092086,76.95244210786883,70.9274080400776,push-up_1.mp4,60
173.03488562091022,171.3640048979484,14.549158709367674,0.16172663867473602,55.24903106689453,0.009703171345555293,2.8989528519362455,74.63339159845779,70.16548075449943,push-up_1.mp4,63
167.3157026449955,167.7556450683095,13.141029001395651,0.14682547748088837,53.36015701293945,0.0026259626573049695,2.2395408727943975,72.36739881001498,66.08488726979223,push-up_1.mp4,66
153.74563998218173,146.65799503544466,16.230361356555164,0.18958048522472382,52.31634521484375,0.04718747791664505,2.452794543779589,71.78805321013367,47.418895281917635,push-up_1.mp4,69
147.1616237548973,124.81313991357395,11.497900288956004,0.12999656796455383,47.304840087890625,0.16434233485401947,3.000335253166884,66.32573449829026,33.927081183697304,push-up_1.mp4,72
140.59429674451124,110.11250879553381,9.187417584849186,0.10066169500350952,42.13093185424805,0.24316681697823805,2.6481174005608095,60.80944132185915,27.985575080323983,push-up_1.mp4,75
131.11214445977623,69.20593891367662,8.259706581279374,0.08828309923410416,34.842655181884766,0.6180790521112157,3.4438272953915696,55.981902298323696,8.50399080378098,push-up_1.mp4,78
115.39312572703176,40.59497096740621,4.717211568558497,0.054251112043857574,36.89806365966797,0.959023878676412,3.5743867649973353,40.39077100246899,25.755807841103454,push-up_1.mp4,81
118.15867960055616,54.099387358563696,1.260363925707054,0.014115685597062111,34.26472091674805,0.7437595622989891,3.1510291473960743,38.99215056491049,24.709641446092697,push-up_1.mp4,84
112.72483228571393,42.430342316868746,5.995739945929614,0.07229172438383102,41.254119873046875,0.9061185377658049,3.353600580969623,39.51971244571182,31.875655938619705,push-up_1.mp4,87
121.21511293319513,64.66946022447765,6.838793241836385,0.07783310115337372,33.80192947387695,0.608395325638495,3.54364997773726,45.833900213662226,8.065722788796903,push-up_1.mp4,90
132.69589102619253,95.12224706235934,6.605537830210778,0.07173454016447067,38.603668212890625,0.3298564748099951,3.0941459176917645,51.7295883795415,12.232594358984363,push-up_1.mp4,93
145.497883265607,137.73774828652734,4.367984238525992,0.04961145669221878,43.21817398071289,0.054796318786263065,2.7237452834684,59.61584752696592,49.71922879032126,push-up_1.mp4,96
157.17806422528196,158.4288797562418,8.493684701219166,0.09381920099258423,46.855560302734375,0.007926413247948474,1.8028687178504255,65.90497881546976,64.78558749705826,push-up_1.mp4,99
161.76722297090777,170.6503323747206,8.875797689546147,0.10311800241470337,52.829673767089844,0.05344548903006453,3.046586238850184,69.54330412785833,59.62361839136067,push-up_1.mp4,102
163.91582728867397,158.91052325453882,11.196808841697958,0.1246647760272026,63.91012954711914,0.031009265666900085,1.214017528892029,76.0631404132619,61.451015486749114,push-up_1.mp4,105
171.14640795351298,167.4844520406107,10.94931011908696,0.12442968785762787,55.96406173706055,0.021628010589264182,2.845541227744293,71.99682876269785,60.347466945206456,push-up_1.mp4,108
172.4687049060264,168.66575251857338,12.882888189868595,0.14573059976100922,57.10880661010742,0.02229591473205885,2.5442182379430953,75.07037987514167,64.83092139453518,push-up_1.mp4,111
175.62175943208828,169.32091300628713,10.855417374306597,0.1229059100151062,55.928958892822266,0.03653271647291949,2.5930883252139725,74.16932208520377,60.52248056328909,push-up_1.mp4,114
174.33704140712618,167.99002420307096,11.0275697119028,0.12429642677307129,54.29031753540039,0.03708159734750554,2.4853939115808257,75.75429411778799,60.461660947931605,push-up_1.mp4,117
173.37270690725424,172.3965607618771,11.304965054946365,0.12848563492298126,53.822879791259766,0.005646228491950354,2.330916779352824,73.52625481718742,62.12468422774459,push-up_1.mp4,120
162.27275366739232,159.0222392782882,9.614804319663165,0.10688763856887817,62.603782653808594,0.02023383159073177,1.1506128124508386,74.64152674930587,64.57743329836084,push-up_1.mp4,123
160.03786708330279,167.85030314472212,8.506207536549965,0.09634386748075485,48.90580749511719,0.04765305229515473,2.7483140745812786,69.26180007634858,58.9992750029754,push-up_1.mp4,126
150.38862684024528,150.46316333630622,11.568087208282037,0.12877634167671204,40.147308349609375,0.0004955030915202644,1.7733213824880514,68.97746828721829,60.657069145960165,push-up_1.mp4,129
144.5258379586861,122.5801232667176,9.245606047682628,0.10480062663555145,39.7763671875,0.16432216331891666,2.55788368830168,64.35224197095876,36.78665830495953,push-up_1.mp4,132
144.20948300512214,91.34914370148482,10.096367510131557,0.11320510506629944,38.10342025756836,0.44880835011384185,3.2344771034683366,62.598540935812075,4.521383862932095,push-up_1.mp4,135
123.67891237127634,40.33843586607493,1.4492892073704695,0.015628617256879807,35.90946960449219,1.01623977464382,3.3610290193760584,44.46492182658863,32.18639493401124,push-up_1.mp4,138
116.66505478306539,38.60713625658062,0.04845664264328775,0.0005527781322598457,35.67169189453125,1.0054333361799996,3.0262311885883952,36.85844303021752,33.52151118061606,push-up_1.mp4,141
128.00199551415236,47.02210074646409,1.0618313081745896,0.011621500365436077,34.268184661865234,0.9253570965120897,3.8430565258063396,44.900906942351014,34.13965381429916,push-up_1.mp4,144
129.75997158437815,56.9795834443832,5.79565741640036,0.06576257199048996,33.9107551574707,0.7794855045979459,3.4188466796091466,49.09363832512107,22.66846419201786,push-up_1.mp4,147
171.950357418583,174.81911400472674,44.84060753064523,0.5205965638160706,52.23187255859375,0.016545612128824265,3.146811052280097,95.74541695281593,87.86398961936266,push-up_1.mp4,0
172.53160458987495,175.23428450793537,42.23893838976764,0.4956042766571045,57.44172286987305,0.015543099555116447,2.41653474069347,94.51793456448672,86.60410221650794,push-up_1.mp4,3
173.72998988051245,170.57355985834292,41.55145080266405,0.48905515670776367,55.96510314941406,0.018335158174021697,2.340355522350107,95.8505497546612,87.83164164991716,push-up_1.mp4,6
173.28443072723343,176.39603199313834,40.39206746186974,0.47137451171875,57.25644302368164,0.01779682651811838,3.266477173618513,94.4528008970431,86.0106919216951,push-up_1.mp4,9
173.23189346186933,170.9057732312737,40.56133372272194,0.47715288400650024,56.66814041137695,0.013518544790214726,2.1404563523104123,96.20600725400415,85.82674386052946,push-up_1.mp4,12
169.61791153091758,169.22573939493648,34.32311004152257,0.3823468089103699,50.326637268066406,0.002314767503593651,2.0442031956864817,89.63519814553105,83.28192016285323,push-up_1.mp4,15
165.7020570464314,167.88676887159724,32.79257573874614,0.3656979501247406,43.487152099609375,0.013098231447972267,1.604658269560803,90.16345869478245,83.98065124966185,push-up_1.mp4,18
161.85399001231607,161.73495280844136,29.761753089906506,0.3231460452079773,40.908775329589844,0.0007357309729872231,1.6396599944685053,93.02099353839091,78.95298426173655,push-up_1.mp4,21
162.03162744111424,78.84483489131783,20.900193891618926,0.22627146542072296,36.5802116394043,0.6907008824713711,4.019761719384779,89.39862772770881,13.255185246617014,push-up_1.mp4,24
155.6319424032309,74.37747612329703,21.07314623258688,0.22844679653644562,36.11172866821289,0.7065316437949472,3.4807870390022977,88.48991538709099,4.259977191145362,push-up_1.mp4,27
142.3583067884713,40.300888646811075,19.903792292415062,0.2140428125858307,40.80213165283203,1.117462692184254,2.737544143642268,79.16957507059873,23.322751233488585,push-up_1.mp4,30
148.52194059702578,16.172957384020584,17.50934757783571,0.1846068650484085,40.6954460144043,1.6072019817910372,2.5792611796505,80.95675174735632,22.866561102305347,push-up_1.mp4,33
146.82146338452438,44.763243540362694,17.356174252712947,0.1891235113143921,38.69699478149414,1.065410924309055,3.105667465658948,79.06955027629162,21.610396545493924,push-up_1.mp4,36
149.35258863027153,94.01866630688049,15.166895775533078,0.16202740371227264,31.775482177734375,0.45472849566955165,4.389254174927409,75.59847842130799,18.455991966968103,push-up_1.mp4,39
151.31622793331488,139.06118808463427,13.722338763249013,0.1476779580116272,32.04818344116211,0.08440766514654216,2.4145147356065566,74.12810553084357,62.53225432690274,push-up_1.mp4,42
156.25986875333118,155.5373257452083,17.140891623489466,0.18829748034477234,40.83346939086914,0.004634698585309137,1.30818850698883,77.11370072668069,71.08248834465716,push-up_1.mp4,45
160.71528343406698,163.47019624325083,18.10027196127976,0.20950807631015778,46.9456787109375,0.016995905010464923,1.422723855064058,78.01758501878923,69.84448289039123,push-up_1.mp4,48
167.2296399196094,166.4739236816227,15.456673823881744,0.16539713740348816,53.335384368896484,0.004529266812923707,1.666452307401939,75.87055547709235,71.85995653969415,push-up_1.mp4,51
170.86139279567607,165.14510116969254,16.25983099521156,0.17886494100093842,56.845855712890625,0.03402488778429797,2.857228299261168,78.25189633112545,67.1662480356913,push-up_1.mp4,54
173.79461216828832,172.02009048225804,16.98425267832951,0.18755348026752472,54.46573257446289,0.010262846966477756,2.3631700514555303,76.1793261683978,69.87513989252301,push-up_1.mp4,57
174.6252024902827,173.01640741460602,15.84480433820994,0.1760493665933609,56.526817321777344,0.009255480528449008,2.673558923092086,76.95244210786883,70.9274080400776,push-up_1.mp4,60
173.03488562091022,171.3640048979484,14.549158709367674,0.16172663867473602,55.24903106689453,0.009703171345555293,2.8989528519362455,74.63339159845779,70.16548075449943,push-up_1.mp4,63
167.3157026449955,167.7556450683095,13.141029001395651,0.14682547748088837,53.36015701293945,0.0026259626573049695,2.2395408727943975,72.36739881001498,66.08488726979223,push-up_1.mp4,66
153.74563998218173,146.65799503544466,16.230361356555164,0.18958048522472382,52.31634521484375,0.04718747791664505,2.452794543779589,71.78805321013367,47.418895281917635,push-up_1.mp4,69
147.1616237548973,124.81313991357395,11.497900288956004,0.12999656796455383,47.304840087890625,0.16434233485401947,3.000335253166884,66.32573449829026,33.927081183697304,push-up_1.mp4,72
140.59429674451124,110.11250879553381,9.187417584849186,0.10066169500350952,42.13093185424805,0.24316681697823805,2.6481174005608095,60.80944132185915,27.985575080323983,push-up_1.mp4,75
131.11214445977623,69.20593891367662,8.259706581279374,0.08828309923410416,34.842655181884766,0.6180790521112157,3.4438272953915696,55.981902298323696,8.50399080378098,push-up_1.mp4,78
115.39312572703176,40.59497096740621,4.717211568558497,0.054251112043857574,36.89806365966797,0.959023878676412,3.5743867649973353,40.39077100246899,25.755807841103454,push-up_1.mp4,81
118.15867960055616,54.099387358563696,1.260363925707054,0.014115685597062111,34.26472091674805,0.7437595622989891,3.1510291473960743,38.99215056491049,24.709641446092697,push-up_1.mp4,84
112.72483228571393,42.430342316868746,5.995739945929614,0.07229172438383102,41.254119873046875,0.9061185377658049,3.353600580969623,39.51971244571182,31.875655938619705,push-up_1.mp4,87
121.21511293319513,64.66946022447765,6.838793241836385,0.07783310115337372,33.80192947387695,0.608395325638495,3.54364997773726,45.833900213662226,8.065722788796903,push-up_1.mp4,90
132.69589102619253,95.12224706235934,6.605537830210778,0.07173454016447067,38.603668212890625,0.3298564748099951,3.0941459176917645,51.7295883795415,12.232594358984363,push-up_1.mp4,93
145.497883265607,137.73774828652734,4.367984238525992,0.04961145669221878,43.21817398071289,0.054796318786263065,2.7237452834684,59.61584752696592,49.71922879032126,push-up_1.mp4,96
157.17806422528196,158.4288797562418,8.493684701219166,0.09381920099258423,46.855560302734375,0.007926413247948474,1.8028687178504255,65.90497881546976,64.78558749705826,push-up_1.mp4,99
161.76722297090777,170.6503323747206,8.875797689546147,0.10311800241470337,52.829673767089844,0.05344548903006453,3.046586238850184,69.54330412785833,59.62361839136067,push-up_1.mp4,102
163.91582728867397,158.91052325453882,11.196808841697958,0.1246647760272026,63.91012954711914,0.031009265666900085,1.214017528892029,76.0631404132619,61.451015486749114,push-up_1.mp4,105
171.14640795351298,167.4844520406107,10.94931011908696,0.12442968785762787,55.96406173706055,0.021628010589264182,2.845541227744293,71.99682876269785,60.347466945206456,push-up_1.mp4,108
172.4687049060264,168.66575251857338,12.882888189868595,0.14573059976100922,57.10880661010742,0.02229591473205885,2.5442182379430953,75.07037987514167,64.83092139453518,push-up_1.mp4,111
175.62175943208828,169.32091300628713,10.855417374306597,0.1229059100151062,55.928958892822266,0.03653271647291949,2.5930883252139725,74.16932208520377,60.52248056328909,push-up_1.mp4,114
174.33704140712618,167.99002420307096,11.0275697119028,0.12429642677307129,54.29031753540039,0.03708159734750554,2.4853939115808257,75.75429411778799,60.461660947931605,push-up_1.mp4,117
173.37270690725424,172.3965607618771,11.304965054946365,0.12848563492298126,53.822879791259766,0.005646228491950354,2.330916779352824,73.52625481718742,62.12468422774459,push-up_1.mp4,120
162.27275366739232,159.0222392782882,9.614804319663165,0.10688763856887817,62.603782653808594,0.02023383159073177,1.1506128124508386,74.64152674930587,64.57743329836084,push-up_1.mp4,123
160.03786708330279,167.85030314472212,8.506207536549965,0.09634386748075485,48.90580749511719,0.04765305229515473,2.7483140745812786,69.26180007634858,58.9992750029754,push-up_1.mp4,126
150.38862684024528,150.46316333630622,11.568087208282037,0.12877634167671204,40.147308349609375,0.0004955030915202644,1.7733213824880514,68.97746828721829,60.657069145960165,push-up_1.mp4,129
144.5258379586861,122.5801232667176,9.245606047682628,0.10480062663555145,39.7763671875,0.16432216331891666,2.55788368830168,64.35224197095876,36.78665830495953,push-up_1.mp4,132
144.20948300512214,91.34914370148482,10.096367510131557,0.11320510506629944,38.10342025756836,0.44880835011384185,3.2344771034683366,62.598540935812075,4.521383862932095,push-up_1.mp4,135
123.67891237127634,40.33843586607493,1.4492892073704695,0.015628617256879807,35.90946960449219,1.01623977464382,3.3610290193760584,44.46492182658863,32.18639493401124,push-up_1.mp4,138
116.66505478306539,38.60713625658062,0.04845664264328775,0.0005527781322598457,35.67169189453125,1.0054333361799996,3.0262311885883952,36.85844303021752,33.52151118061606,push-up_1.mp4,141
128.00199551415236,47.02210074646409,1.0618313081745896,0.011621500365436077,34.268184661865234,0.9253570965120897,3.8430565258063396,44.900906942351014,34.13965381429916,push-up_1.mp4,144
129.75997158437815,56.9795834443832,5.79565741640036,0.06576257199048996,33.9107551574707,0.7794855045979459,3.4188466796091466,49.09363832512107,22.66846419201786,push-up_1.mp4,147
179.43524739252024,179.80718550030136,179.26778112270782,0.014575623907148838,3.3000471591949463,0.002070680263386844,1.9058155464827278,178.99166960174531,176.65215526526714,push-up_10.mp4,0
176.32970825286506,179.19716178851212,175.91970447081664,0.08150702714920044,2.862461805343628,0.016130727532989768,1.9718141612683997,178.98702277250595,178.72297787461144,push-up_10.mp4,3
172.0651608573506,169.95127726664236,173.04926313291415,0.13733404874801636,4.664661407470703,0.01236129820135653,1.8553778917293553,178.26991228909566,176.8874331469814,push-up_10.mp4,6
140.41008360770644,143.3266766817901,171.81390833949177,0.7399908304214478,0.6541236042976379,0.020558443474915727,1.7767447638856846,149.79198269573746,146.14679382081925,push-up_10.mp4,9
122.7910473433661,124.47831871141935,174.89488921603854,0.4386739730834961,1.5430070161819458,0.013647233338879598,1.9607356109191747,134.17642229550043,128.70421807553674,push-up_10.mp4,12
61.368230692680214,55.27988662479509,173.66655052014957,0.03857878968119621,6.146610260009766,0.10438820973534935,2.111067364402978,67.51233865841068,57.61708291047224,push-up_10.mp4,15
41.688915431291356,44.69953538760096,32.00525893636765,0.06049857288599014,6.554765224456787,0.06969959358621142,2.0414464219860977,51.606176666922636,44.586553891347954,push-up_10.mp4,18
37.07663328971583,39.11910660062875,51.217423029914954,0.08778301626443863,6.78620719909668,0.053611220623418006,1.9869308465596571,47.229676611631206,36.43003645235124,push-up_10.mp4,21
36.53557684982943,39.393333623589896,5.61276140927356,0.03076866827905178,5.778398036956787,0.07527453656169313,2.095712446840659,47.25590946351146,37.83102119082965,push-up_10.mp4,24
35.913315092557525,40.019542815939914,10.966880453301712,0.04576573893427849,7.65104341506958,0.10815417294922788,2.125185234199232,45.200338546003266,36.3721489295746,push-up_10.mp4,27
46.99921456882661,47.623085713530216,9.682106743818252,0.047547176480293274,5.234536647796631,0.01318655629469902,2.0591832641355956,58.479111056442314,49.08116120709215,push-up_10.mp4,30
69.84504494107786,66.54277115048914,177.51052846401456,0.019224433228373528,5.313089847564697,0.0484247623463911,2.0634484537859374,80.12224309285412,69.78577108667372,push-up_10.mp4,33
90.41599752691114,92.38712555662795,172.31017160829262,0.16570192575454712,3.860480785369873,0.02156558374351213,2.0862156883489558,101.89591693253817,95.64050645664402,push-up_10.mp4,36
150.18937486978044,144.30393449295062,179.27449280150776,0.030645335093140602,1.480167031288147,0.03996994287962346,1.724257504734213,164.67892934648017,158.40185607628402,push-up_10.mp4,39
162.418444995558,155.55598718863095,175.7536069451153,0.052333321422338486,0.25838708877563477,0.043163582428865935,1.9464246350481196,173.99308888321661,168.05203976355048,push-up_10.mp4,42
168.47805308208837,167.38356759146345,173.65612629070458,0.06823389232158661,4.198336601257324,0.006517478766582436,1.9374567810250747,175.43429824056983,179.7323892088866,push-up_10.mp4,45
175.23979580169546,173.58983546151586,179.4784792605476,0.006951481103897095,5.312659740447998,0.009459978122871202,1.9067629274874363,178.61336658031217,178.88425132696523,push-up_10.mp4,48
178.25235528258852,176.2365683192232,178.0255295330903,0.026757042855024338,3.335474729537964,0.011372919316540319,1.900002115195985,175.1714368353695,177.96115927154574,push-up_10.mp4,51
177.1830415945661,179.26992214717157,177.68378717851306,0.025491910055279732,5.444460868835449,0.011709149676855993,1.9160585407218662,172.03350860588733,178.77426942323766,push-up_10.mp4,54
171.9362976680108,174.99343599530516,174.18361452495583,0.1050834134221077,1.1525931358337402,0.017623962610602912,1.8494155162607533,176.55519439310567,177.66309217446093,push-up_10.mp4,57
159.04136420501243,162.66066238273842,174.74092480925972,0.1020030751824379,3.008225679397583,0.022500934893792197,1.780001829862198,177.18387559331865,176.02019465453165,push-up_10.mp4,60
140.47518942082738,145.5966490134961,171.4908607915111,0.29334113001823425,0.28687945008277893,0.035805409023821136,1.904208581560922,153.86196848864606,155.44530293440715,push-up_10.mp4,63
89.93043698749322,114.55726671294424,174.7575310101071,0.09808357805013657,1.8523021936416626,0.2408636732654388,1.907150808223515,105.20204555319437,124.65971488851449,push-up_10.mp4,66
45.03880875238172,50.433499406289755,2.3825273570582226,0.011323991231620312,0.7495492696762085,0.11301058407307506,2.0279128408727325,60.57983510904142,58.79169522725284,push-up_10.mp4,69
38.2644601420345,38.7667440256254,5.3793893420646555,0.03142058104276657,3.8234546184539795,0.01304104976725193,2.0928861279528124,47.67962201220332,44.74414684773143,push-up_10.mp4,72
35.84237452498378,38.76722398426863,1.5053221597769948,0.01051508728414774,2.3947458267211914,0.07840410664915015,2.1119980523371646,43.96272350070782,42.284184133307036,push-up_10.mp4,75
33.388080102518394,38.430473165712804,4.29112627360675,0.027017679065465927,3.5076024532318115,0.14042034637934994,2.0920077762676,41.824884093038726,41.75525011399924,push-up_10.mp4,78
35.62874867499249,36.698943769468684,0.365304992295421,0.0025992721784859896,3.982076406478882,0.029592955569486098,2.162824137946857,42.76344812828754,38.9700551435368,push-up_10.mp4,81
50.36132221329475,46.389765912084464,4.708399628506498,0.02795582078397274,0.6478743553161621,0.08209843172127566,2.1086697264405685,63.56840328890907,47.65451850126817,push-up_10.mp4,84
88.67245380574754,93.26494613125449,6.28200627009727,0.011896759271621704,1.7465108633041382,0.05048431303401233,1.920491818498829,102.23738321421514,102.19367066620656,push-up_10.mp4,87
125.95660805150499,128.95580548919853,172.63790003610072,0.46969228982925415,1.068624496459961,0.023531199568000934,1.8744592241883868,139.3819787548962,141.01381470414736,push-up_10.mp4,90
157.11250494398357,153.17425059662241,172.9540201376516,0.15057417750358582,1.1487646102905273,0.025384611344429545,1.8339375534306013,172.70596067796717,166.20928653687736,push-up_10.mp4,93
160.35143154583596,162.46675154760246,179.29030829028463,0.0082326028496027,4.357749938964844,0.013105333667987475,1.9307504964281272,175.0136691840239,173.8354073334893,push-up_10.mp4,96
171.62048940228462,173.94310501215594,171.83297393674047,0.10263587534427643,5.774046421051025,0.013442478590992813,1.8439885068932433,173.75596609052985,177.66871042477345,push-up_10.mp4,99
178.95657257700026,178.3312914778806,174.8190383667058,0.051587965339422226,2.43953013420105,0.0035001530252010767,1.9605722033019368,168.6415548011144,179.42087816204253,push-up_10.mp4,102
161.9756628465638,179.12017744181043,173.58329278143188,0.07719134539365768,20.286052703857422,0.1005260842861763,2.188016006000465,171.37643176068983,176.18207069901788,push-up_10.mp4,105
164.2323530281199,178.6754397347506,172.87280142282725,0.06347955763339996,10.988821029663086,0.0842388946034742,2.173282948845077,165.13786966572343,173.16576837598066,push-up_10.mp4,108
167.42524063605165,172.74853035073153,179.0752845444014,0.011996444314718246,5.018881797790527,0.031297473048777176,2.0070855564073344,177.70987603373953,175.38484210464827,push-up_10.mp4,111
145.21407872371518,154.59249044377685,153.39926957319,0.17827458679676056,0.1714986115694046,0.0625630835648719,1.8982619353807582,160.22849183558247,163.7610756111994,push-up_10.mp4,114
92.93017321157875,116.23289331932811,148.4770710097702,0.06385256350040436,4.703535556793213,0.2228186887316079,1.9142305802655446,106.98391364120856,122.31296301112967,push-up_10.mp4,117
55.46495092242142,57.68385273665611,1.378423831443456,0.0076005286537110806,2.1736936569213867,0.0392209505090365,2.075923292941688,69.84109599195514,57.959193153929355,push-up_10.mp4,120
43.434002697433705,40.179842262464845,0.8476527617528404,0.006119638215750456,2.2345921993255615,0.0778378374186611,2.169804818985079,53.970370013852005,41.74404386884836,push-up_10.mp4,123
34.33718920576369,36.99389055601571,3.2437116108367547,0.023964785039424896,2.07196307182312,0.07448930702085145,2.1541037970629873,43.83029802851739,37.64904595009329,push-up_10.mp4,126
31.363012184496327,39.30029303570269,2.7876903305222243,0.022165698930621147,3.9038071632385254,0.22465071019456073,2.185061450073537,39.36406183786935,38.787290502253725,push-up_10.mp4,129
38.25676122582355,38.37214065045038,2.5024108821018274,0.017337938770651817,3.4646918773651123,0.003011381392705422,2.133038014824546,47.41105183600194,39.852920241737124,push-up_10.mp4,132
51.774378595839686,45.498482753011295,2.0319175760647568,0.012623398564755917,1.2487735748291016,0.12903693292872428,2.069018105027251,65.07652543844547,46.761064399898764,push-up_10.mp4,135
71.69341286908785,86.39612426739043,3.1469695028645503,0.011243308894336224,1.8741271495819092,0.18600486363129487,1.9825683956170472,84.12995188643191,95.1775759527419,push-up_10.mp4,138
108.45674162188045,119.78930194101463,174.62961579174382,0.02961132302880287,0.6686718463897705,0.09930126404150698,1.9739064377647533,121.55530464685243,128.13410028682128,push-up_10.mp4,141
152.03721291133223,142.30480230838495,167.55176446068094,0.32911840081214905,0.23883302509784698,0.06612994475615275,1.9359308381919027,168.055471457483,150.96060689942502,push-up_10.mp4,144
162.01517320916759,158.55934572446165,174.9555810114219,0.08148334175348282,3.2685883045196533,0.02156021318351518,1.8410561163944095,179.19935837619536,172.79995529337688,push-up_10.mp4,147
179.43524739252024,179.80718550030136,179.26778112270782,0.014575623907148838,3.3000471591949463,0.002070680263386844,1.9058155464827278,178.99166960174531,176.65215526526714,push-up_10.mp4,0
176.32970825286506,179.19716178851212,175.91970447081664,0.08150702714920044,2.862461805343628,0.016130727532989768,1.9718141612683997,178.98702277250595,178.72297787461144,push-up_10.mp4,3
172.0651608573506,169.95127726664236,173.04926313291415,0.13733404874801636,4.664661407470703,0.01236129820135653,1.8553778917293553,178.26991228909566,176.8874331469814,push-up_10.mp4,6
140.41008360770644,143.3266766817901,171.81390833949177,0.7399908304214478,0.6541236042976379,0.020558443474915727,1.7767447638856846,149.79198269573746,146.14679382081925,push-up_10.mp4,9
122.7910473433661,124.47831871141935,174.89488921603854,0.4386739730834961,1.5430070161819458,0.013647233338879598,1.9607356109191747,134.17642229550043,128.70421807553674,push-up_10.mp4,12
61.368230692680214,55.27988662479509,173.66655052014957,0.03857878968119621,6.146610260009766,0.10438820973534935,2.111067364402978,67.51233865841068,57.61708291047224,push-up_10.mp4,15
41.688915431291356,44.69953538760096,32.00525893636765,0.06049857288599014,6.554765224456787,0.06969959358621142,2.0414464219860977,51.606176666922636,44.586553891347954,push-up_10.mp4,18
37.07663328971583,39.11910660062875,51.217423029914954,0.08778301626443863,6.78620719909668,0.053611220623418006,1.9869308465596571,47.229676611631206,36.43003645235124,push-up_10.mp4,21
36.53557684982943,39.393333623589896,5.61276140927356,0.03076866827905178,5.778398036956787,0.07527453656169313,2.095712446840659,47.25590946351146,37.83102119082965,push-up_10.mp4,24
35.913315092557525,40.019542815939914,10.966880453301712,0.04576573893427849,7.65104341506958,0.10815417294922788,2.125185234199232,45.200338546003266,36.3721489295746,push-up_10.mp4,27
46.99921456882661,47.623085713530216,9.682106743818252,0.047547176480293274,5.234536647796631,0.01318655629469902,2.0591832641355956,58.479111056442314,49.08116120709215,push-up_10.mp4,30
69.84504494107786,66.54277115048914,177.51052846401456,0.019224433228373528,5.313089847564697,0.0484247623463911,2.0634484537859374,80.12224309285412,69.78577108667372,push-up_10.mp4,33
90.41599752691114,92.38712555662795,172.31017160829262,0.16570192575454712,3.860480785369873,0.02156558374351213,2.0862156883489558,101.89591693253817,95.64050645664402,push-up_10.mp4,36
150.18937486978044,144.30393449295062,179.27449280150776,0.030645335093140602,1.480167031288147,0.03996994287962346,1.724257504734213,164.67892934648017,158.40185607628402,push-up_10.mp4,39
162.418444995558,155.55598718863095,175.7536069451153,0.052333321422338486,0.25838708877563477,0.043163582428865935,1.9464246350481196,173.99308888321661,168.05203976355048,push-up_10.mp4,42
168.47805308208837,167.38356759146345,173.65612629070458,0.06823389232158661,4.198336601257324,0.006517478766582436,1.9374567810250747,175.43429824056983,179.7323892088866,push-up_10.mp4,45
175.23979580169546,173.58983546151586,179.4784792605476,0.006951481103897095,5.312659740447998,0.009459978122871202,1.9067629274874363,178.61336658031217,178.88425132696523,push-up_10.mp4,48
178.25235528258852,176.2365683192232,178.0255295330903,0.026757042855024338,3.335474729537964,0.011372919316540319,1.900002115195985,175.1714368353695,177.96115927154574,push-up_10.mp4,51
177.1830415945661,179.26992214717157,177.68378717851306,0.025491910055279732,5.444460868835449,0.011709149676855993,1.9160585407218662,172.03350860588733,178.77426942323766,push-up_10.mp4,54
171.9362976680108,174.99343599530516,174.18361452495583,0.1050834134221077,1.1525931358337402,0.017623962610602912,1.8494155162607533,176.55519439310567,177.66309217446093,push-up_10.mp4,57
159.04136420501243,162.66066238273842,174.74092480925972,0.1020030751824379,3.008225679397583,0.022500934893792197,1.780001829862198,177.18387559331865,176.02019465453165,push-up_10.mp4,60
140.47518942082738,145.5966490134961,171.4908607915111,0.29334113001823425,0.28687945008277893,0.035805409023821136,1.904208581560922,153.86196848864606,155.44530293440715,push-up_10.mp4,63
89.93043698749322,114.55726671294424,174.7575310101071,0.09808357805013657,1.8523021936416626,0.2408636732654388,1.907150808223515,105.20204555319437,124.65971488851449,push-up_10.mp4,66
45.03880875238172,50.433499406289755,2.3825273570582226,0.011323991231620312,0.7495492696762085,0.11301058407307506,2.0279128408727325,60.57983510904142,58.79169522725284,push-up_10.mp4,69
38.2644601420345,38.7667440256254,5.3793893420646555,0.03142058104276657,3.8234546184539795,0.01304104976725193,2.0928861279528124,47.67962201220332,44.74414684773143,push-up_10.mp4,72
35.84237452498378,38.76722398426863,1.5053221597769948,0.01051508728414774,2.3947458267211914,0.07840410664915015,2.1119980523371646,43.96272350070782,42.284184133307036,push-up_10.mp4,75
33.388080102518394,38.430473165712804,4.29112627360675,0.027017679065465927,3.5076024532318115,0.14042034637934994,2.0920077762676,41.824884093038726,41.75525011399924,push-up_10.mp4,78
35.62874867499249,36.698943769468684,0.365304992295421,0.0025992721784859896,3.982076406478882,0.029592955569486098,2.162824137946857,42.76344812828754,38.9700551435368,push-up_10.mp4,81
50.36132221329475,46.389765912084464,4.708399628506498,0.02795582078397274,0.6478743553161621,0.08209843172127566,2.1086697264405685,63.56840328890907,47.65451850126817,push-up_10.mp4,84
88.67245380574754,93.26494613125449,6.28200627009727,0.011896759271621704,1.7465108633041382,0.05048431303401233,1.920491818498829,102.23738321421514,102.19367066620656,push-up_10.mp4,87
125.95660805150499,128.95580548919853,172.63790003610072,0.46969228982925415,1.068624496459961,0.023531199568000934,1.8744592241883868,139.3819787548962,141.01381470414736,push-up_10.mp4,90
157.11250494398357,153.17425059662241,172.9540201376516,0.15057417750358582,1.1487646102905273,0.025384611344429545,1.8339375534306013,172.70596067796717,166.20928653687736,push-up_10.mp4,93
160.35143154583596,162.46675154760246,179.29030829028463,0.0082326028496027,4.357749938964844,0.013105333667987475,1.9307504964281272,175.0136691840239,173.8354073334893,push-up_10.mp4,96
171.62048940228462,173.94310501215594,171.83297393674047,0.10263587534427643,5.774046421051025,0.013442478590992813,1.8439885068932433,173.75596609052985,177.66871042477345,push-up_10.mp4,99
178.95657257700026,178.3312914778806,174.8190383667058,0.051587965339422226,2.43953013420105,0.0035001530252010767,1.9605722033019368,168.6415548011144,179.42087816204253,push-up_10.mp4,102
161.9756628465638,179.12017744181043,173.58329278143188,0.07719134539365768,20.286052703857422,0.1005260842861763,2.188016006000465,171.37643176068983,176.18207069901788,push-up_10.mp4,105
164.2323530281199,178.6754397347506,172.87280142282725,0.06347955763339996,10.988821029663086,0.0842388946034742,2.173282948845077,165.13786966572343,173.16576837598066,push-up_10.mp4,108
167.42524063605165,172.74853035073153,179.0752845444014,0.011996444314718246,5.018881797790527,0.031297473048777176,2.0070855564073344,177.70987603373953,175.38484210464827,push-up_10.mp4,111
145.21407872371518,154.59249044377685,153.39926957319,0.17827458679676056,0.1714986115694046,0.0625630835648719,1.8982619353807582,160.22849183558247,163.7610756111994,push-up_10.mp4,114
92.93017321157875,116.23289331932811,148.4770710097702,0.06385256350040436,4.703535556793213,0.2228186887316079,1.9142305802655446,106.98391364120856,122.31296301112967,push-up_10.mp4,117
55.46495092242142,57.68385273665611,1.378423831443456,0.0076005286537110806,2.1736936569213867,0.0392209505090365,2.075923292941688,69.84109599195514,57.959193153929355,push-up_10.mp4,120
43.434002697433705,40.179842262464845,0.8476527617528404,0.006119638215750456,2.2345921993255615,0.0778378374186611,2.169804818985079,53.970370013852005,41.74404386884836,push-up_10.mp4,123
34.33718920576369,36.99389055601571,3.2437116108367547,0.023964785039424896,2.07196307182312,0.07448930702085145,2.1541037970629873,43.83029802851739,37.64904595009329,push-up_10.mp4,126
31.363012184496327,39.30029303570269,2.7876903305222243,0.022165698930621147,3.9038071632385254,0.22465071019456073,2.185061450073537,39.36406183786935,38.787290502253725,push-up_10.mp4,129
38.25676122582355,38.37214065045038,2.5024108821018274,0.017337938770651817,3.4646918773651123,0.003011381392705422,2.133038014824546,47.41105183600194,39.852920241737124,push-up_10.mp4,132
51.774378595839686,45.498482753011295,2.0319175760647568,0.012623398564755917,1.2487735748291016,0.12903693292872428,2.069018105027251,65.07652543844547,46.761064399898764,push-up_10.mp4,135
71.69341286908785,86.39612426739043,3.1469695028645503,0.011243308894336224,1.8741271495819092,0.18600486363129487,1.9825683956170472,84.12995188643191,95.1775759527419,push-up_10.mp4,138
108.45674162188045,119.78930194101463,174.62961579174382,0.02961132302880287,0.6686718463897705,0.09930126404150698,1.9739064377647533,121.55530464685243,128.13410028682128,push-up_10.mp4,141
152.03721291133223,142.30480230838495,167.55176446068094,0.32911840081214905,0.23883302509784698,0.06612994475615275,1.9359308381919027,168.055471457483,150.96060689942502,push-up_10.mp4,144
162.01517320916759,158.55934572446165,174.9555810114219,0.08148334175348282,3.2685883045196533,0.02156021318351518,1.8410561163944095,179.19935837619536,172.79995529337688,push-up_10.mp4,147
165.0078763795196,175.47909270010317,3.7463270327599787,0.02193153277039528,86.51473999023438,0.0615072955589962,1.8615163624571822,2.4797819448747735,50.53797976957058,push-up_11.mp4,0
164.1708507184348,175.48885160412385,4.567117306498886,0.026356475427746773,86.45594024658203,0.06664317732305432,1.7940910984514067,5.319792458147654,51.35799713488442,push-up_11.mp4,3
162.78570339041082,174.02272812536862,1.8636164659478993,0.010273534804582596,84.92061614990234,0.06672650494161603,1.836245479396433,3.167431919513748,48.56039239042457,push-up_11.mp4,6
157.39765203474764,174.50887838923927,3.535959330011565,0.018425848335027695,66.84549713134766,0.10310870553003741,2.082481892008863,3.644916983854607,49.543102006452706,push-up_11.mp4,9
153.647685649609,172.66476003384878,13.316588885709791,0.0717538520693779,49.31233215332031,0.11655745673082574,2.28521923543484,10.221139873742642,53.97992580329348,push-up_11.mp4,12
145.2529469715946,170.1150489321291,18.523070241017166,0.08996417373418808,40.390647888183594,0.15767041858061243,2.2216474404255897,12.076085626026476,68.49840789507121,push-up_11.mp4,15
122.39524803856307,148.4421300820722,20.55394288924319,0.12186498194932938,34.934913635253906,0.19234333328915504,2.412851075717359,3.5524771642797757,58.44310027891164,push-up_11.mp4,18
127.491869048036,93.74480331992434,16.850885897473802,0.1023741215467453,29.4677677154541,0.3050765984400959,2.396715470449606,12.01447192536642,6.668092273681005,push-up_11.mp4,21
129.74600574278213,116.05162408393842,24.56659405474005,0.18236228823661804,32.26227569580078,0.1114281017965699,2.4647913127281575,16.83098818603813,48.79157694736504,push-up_11.mp4,24
116.5361068670077,103.46494340824248,20.623040426308307,0.1310267150402069,29.512409210205078,0.11882819143282713,2.3329483782775586,7.659679300543742,41.646371134995285,push-up_11.mp4,27
117.35597760628548,45.842507271884784,18.553768881208384,0.12743285298347473,30.859312057495117,0.8763987041642747,2.469607656083831,13.169943977935638,29.133718585554696,push-up_11.mp4,30
111.51656866652948,29.65850344604492,21.28355990805082,0.1391671895980835,30.666034698486328,1.1596674114706331,2.5012533409894755,9.693106407977275,38.02379945215579,push-up_11.mp4,33
110.26429661974738,26.693582479197516,22.343827609222018,0.14556024968624115,32.111515045166016,1.2203856352094122,2.473491315998471,13.156041971186612,41.65694631237048,push-up_11.mp4,36
119.59754567553374,116.50979391260381,18.71262278506603,0.14151012897491455,34.03546905517578,0.02615549155156429,2.562916714931197,7.056329017143732,65.99511402668325,push-up_11.mp4,39
118.8650814268915,71.3904608131309,17.908185554376985,0.11935397237539291,30.645414352416992,0.4990616310548012,2.416807933025787,9.316648531547001,11.08853463391587,push-up_11.mp4,42
120.85936287334546,121.94092690243262,19.116264328130683,0.1209854856133461,34.236602783203125,0.008909083511275602,2.2505565857980905,7.606071421763612,38.134865133341485,push-up_11.mp4,45
147.03079862077374,164.02385400854726,16.051734046291614,0.09974371641874313,43.49494171142578,0.10926089832852545,2.1459668979529405,15.446560230280651,64.46097506117464,push-up_11.mp4,48
145.88691114097807,168.9800921886779,3.592595347859344,0.020563330501317978,50.68901443481445,0.14668530397592652,2.020859791992072,4.494095699969977,56.869870589843295,push-up_11.mp4,51
155.1970053121237,174.05033964515536,5.106722453203361,0.03276143595576286,55.668540954589844,0.11452383517612229,2.0381037393734767,11.935152425131772,53.51750721493556,push-up_11.mp4,54
164.52615170783292,174.65188332331556,8.214273022407042,0.048347026109695435,67.49687194824219,0.05970747259357603,2.024132369231553,17.891518651702714,47.911888581280515,push-up_11.mp4,57
172.4834408558922,174.64071974419548,2.665429028002677,0.015452639199793339,80.18778228759766,0.012429436686711126,1.8451660325046508,14.693646688126911,49.518869986572824,push-up_11.mp4,60
173.96093226498655,175.729691021511,4.048881712709971,0.025571495294570923,89.08684539794922,0.010116134884608127,1.8982747774403754,17.505748934759783,51.15197626562745,push-up_11.mp4,63
170.42223414889253,176.6336099386143,5.910622505227963,0.03875502943992615,82.63290405273438,0.0357946762490226,2.069996973461289,17.699454600712773,51.52465316248174,push-up_11.mp4,66
168.97978847012962,175.75420656605976,4.424963615552173,0.0289327222853899,77.85444641113281,0.0393022921642467,1.9160935281607085,16.26847645960131,51.17768089129171,push-up_11.mp4,69
165.829557553429,174.53087077579826,4.683495991789641,0.0317058339715004,75.72772979736328,0.051129993372511395,1.8822604456547407,14.512244468479794,52.42012347988338,push-up_11.mp4,72
166.28669075919922,176.33814699666453,3.3803192411989187,0.024108847603201866,72.54678344726562,0.058673249162557506,1.7586473092918322,15.738501466272133,51.49166706217255,push-up_11.mp4,75
163.45787336622215,172.96597385960743,2.117385537872991,0.013883162289857864,65.7760009765625,0.056524533393156454,1.7868111763097283,14.662958340272665,51.523021665378444,push-up_11.mp4,78
156.83489059111608,168.25232513936197,0.1008705554594087,0.0006965688080526888,56.05519485473633,0.07024228573609496,1.8622709711570786,11.066049720897942,50.356980494884695,push-up_11.mp4,81
146.2826651031665,164.63846221300224,4.933797803409874,0.03475365415215492,52.343135833740234,0.11807365596722637,2.1668772370444733,10.73538923342323,55.73355416465512,push-up_11.mp4,84
132.97030509159254,167.4213667314609,0.5630175583443702,0.004221073817461729,40.79921340942383,0.22937427945846547,2.3127716733398587,5.6818582918060985,62.690807343338896,push-up_11.mp4,87
115.74343719744665,138.7907853450372,9.027870777838928,0.07485812157392502,37.7710075378418,0.18109429779128225,2.660416657435412,4.729487628881113,46.909656140433185,push-up_11.mp4,90
92.1950075076502,97.62505702193774,5.921688851365559,0.04717866703867912,33.51100540161133,0.057212597917341144,2.627912373895198,6.006486860112824,15.058595357842517,push-up_11.mp4,93
82.44763472848433,74.61945804271757,0.06255725789975486,0.0005059554823674262,33.97970962524414,0.0996793987543908,2.4357871047228787,18.479946992491907,19.39222849541855,push-up_11.mp4,96
87.21445987178052,98.55622135875053,1.581029302433052,0.010893119499087334,32.772132873535156,0.12210496739144236,1.7989465560331481,18.233049904339033,0.7077590450788085,push-up_11.mp4,99
90.2081655073385,109.14019903574359,0.8527162615667123,0.005954632069915533,30.907136917114258,0.18993919084110267,1.548731773592985,17.180696195796376,6.154885336144834,push-up_11.mp4,102
82.05245303296226,80.67277701332485,1.5676043847176402,0.011702438816428185,33.465538024902344,0.016957124832393443,2.0205293533094193,20.478610228105676,13.425896911989799,push-up_11.mp4,105
165.0078763795196,175.47909270010317,3.7463270327599787,0.02193153277039528,86.51473999023438,0.0615072955589962,1.8615163624571822,2.4797819448747735,50.53797976957058,push-up_11.mp4,0
164.1708507184348,175.48885160412385,4.567117306498886,0.026356475427746773,86.45594024658203,0.06664317732305432,1.7940910984514067,5.319792458147654,51.35799713488442,push-up_11.mp4,3
162.78570339041082,174.02272812536862,1.8636164659478993,0.010273534804582596,84.92061614990234,0.06672650494161603,1.836245479396433,3.167431919513748,48.56039239042457,push-up_11.mp4,6
157.39765203474764,174.50887838923927,3.535959330011565,0.018425848335027695,66.84549713134766,0.10310870553003741,2.082481892008863,3.644916983854607,49.543102006452706,push-up_11.mp4,9
153.647685649609,172.66476003384878,13.316588885709791,0.0717538520693779,49.31233215332031,0.11655745673082574,2.28521923543484,10.221139873742642,53.97992580329348,push-up_11.mp4,12
145.2529469715946,170.1150489321291,18.523070241017166,0.08996417373418808,40.390647888183594,0.15767041858061243,2.2216474404255897,12.076085626026476,68.49840789507121,push-up_11.mp4,15
122.39524803856307,148.4421300820722,20.55394288924319,0.12186498194932938,34.934913635253906,0.19234333328915504,2.412851075717359,3.5524771642797757,58.44310027891164,push-up_11.mp4,18
127.491869048036,93.74480331992434,16.850885897473802,0.1023741215467453,29.4677677154541,0.3050765984400959,2.396715470449606,12.01447192536642,6.668092273681005,push-up_11.mp4,21
129.74600574278213,116.05162408393842,24.56659405474005,0.18236228823661804,32.26227569580078,0.1114281017965699,2.4647913127281575,16.83098818603813,48.79157694736504,push-up_11.mp4,24
116.5361068670077,103.46494340824248,20.623040426308307,0.1310267150402069,29.512409210205078,0.11882819143282713,2.3329483782775586,7.659679300543742,41.646371134995285,push-up_11.mp4,27
117.35597760628548,45.842507271884784,18.553768881208384,0.12743285298347473,30.859312057495117,0.8763987041642747,2.469607656083831,13.169943977935638,29.133718585554696,push-up_11.mp4,30
111.51656866652948,29.65850344604492,21.28355990805082,0.1391671895980835,30.666034698486328,1.1596674114706331,2.5012533409894755,9.693106407977275,38.02379945215579,push-up_11.mp4,33
110.26429661974738,26.693582479197516,22.343827609222018,0.14556024968624115,32.111515045166016,1.2203856352094122,2.473491315998471,13.156041971186612,41.65694631237048,push-up_11.mp4,36
119.59754567553374,116.50979391260381,18.71262278506603,0.14151012897491455,34.03546905517578,0.02615549155156429,2.562916714931197,7.056329017143732,65.99511402668325,push-up_11.mp4,39
118.8650814268915,71.3904608131309,17.908185554376985,0.11935397237539291,30.645414352416992,0.4990616310548012,2.416807933025787,9.316648531547001,11.08853463391587,push-up_11.mp4,42
120.85936287334546,121.94092690243262,19.116264328130683,0.1209854856133461,34.236602783203125,0.008909083511275602,2.2505565857980905,7.606071421763612,38.134865133341485,push-up_11.mp4,45
147.03079862077374,164.02385400854726,16.051734046291614,0.09974371641874313,43.49494171142578,0.10926089832852545,2.1459668979529405,15.446560230280651,64.46097506117464,push-up_11.mp4,48
145.88691114097807,168.9800921886779,3.592595347859344,0.020563330501317978,50.68901443481445,0.14668530397592652,2.020859791992072,4.494095699969977,56.869870589843295,push-up_11.mp4,51
155.1970053121237,174.05033964515536,5.106722453203361,0.03276143595576286,55.668540954589844,0.11452383517612229,2.0381037393734767,11.935152425131772,53.51750721493556,push-up_11.mp4,54
164.52615170783292,174.65188332331556,8.214273022407042,0.048347026109695435,67.49687194824219,0.05970747259357603,2.024132369231553,17.891518651702714,47.911888581280515,push-up_11.mp4,57
172.4834408558922,174.64071974419548,2.665429028002677,0.015452639199793339,80.18778228759766,0.012429436686711126,1.8451660325046508,14.693646688126911,49.518869986572824,push-up_11.mp4,60
173.96093226498655,175.729691021511,4.048881712709971,0.025571495294570923,89.08684539794922,0.010116134884608127,1.8982747774403754,17.505748934759783,51.15197626562745,push-up_11.mp4,63
170.42223414889253,176.6336099386143,5.910622505227963,0.03875502943992615,82.63290405273438,0.0357946762490226,2.069996973461289,17.699454600712773,51.52465316248174,push-up_11.mp4,66
168.97978847012962,175.75420656605976,4.424963615552173,0.0289327222853899,77.85444641113281,0.0393022921642467,1.9160935281607085,16.26847645960131,51.17768089129171,push-up_11.mp4,69
165.829557553429,174.53087077579826,4.683495991789641,0.0317058339715004,75.72772979736328,0.051129993372511395,1.8822604456547407,14.512244468479794,52.42012347988338,push-up_11.mp4,72
166.28669075919922,176.33814699666453,3.3803192411989187,0.024108847603201866,72.54678344726562,0.058673249162557506,1.7586473092918322,15.738501466272133,51.49166706217255,push-up_11.mp4,75
163.45787336622215,172.96597385960743,2.117385537872991,0.013883162289857864,65.7760009765625,0.056524533393156454,1.7868111763097283,14.662958340272665,51.523021665378444,push-up_11.mp4,78
156.83489059111608,168.25232513936197,0.1008705554594087,0.0006965688080526888,56.05519485473633,0.07024228573609496,1.8622709711570786,11.066049720897942,50.356980494884695,push-up_11.mp4,81
146.2826651031665,164.63846221300224,4.933797803409874,0.03475365415215492,52.343135833740234,0.11807365596722637,2.1668772370444733,10.73538923342323,55.73355416465512,push-up_11.mp4,84
132.97030509159254,167.4213667314609,0.5630175583443702,0.004221073817461729,40.79921340942383,0.22937427945846547,2.3127716733398587,5.6818582918060985,62.690807343338896,push-up_11.mp4,87
115.74343719744665,138.7907853450372,9.027870777838928,0.07485812157392502,37.7710075378418,0.18109429779128225,2.660416657435412,4.729487628881113,46.909656140433185,push-up_11.mp4,90
92.1950075076502,97.62505702193774,5.921688851365559,0.04717866703867912,33.51100540161133,0.057212597917341144,2.627912373895198,6.006486860112824,15.058595357842517,push-up_11.mp4,93
82.44763472848433,74.61945804271757,0.06255725789975486,0.0005059554823674262,33.97970962524414,0.0996793987543908,2.4357871047228787,18.479946992491907,19.39222849541855,push-up_11.mp4,96
87.21445987178052,98.55622135875053,1.581029302433052,0.010893119499087334,32.772132873535156,0.12210496739144236,1.7989465560331481,18.233049904339033,0.7077590450788085,push-up_11.mp4,99
90.2081655073385,109.14019903574359,0.8527162615667123,0.005954632069915533,30.907136917114258,0.18993919084110267,1.548731773592985,17.180696195796376,6.154885336144834,push-up_11.mp4,102
82.05245303296226,80.67277701332485,1.5676043847176402,0.011702438816428185,33.465538024902344,0.016957124832393443,2.0205293533094193,20.478610228105676,13.425896911989799,push-up_11.mp4,105
177.27516111514495,172.75895426171203,7.125051306468862,0.021708862856030464,6.503281593322754,0.02580438108765849,1.2421696769946287,40.132355099668125,20.00194772164535,push-up_12.mp4,0
177.62207754423588,172.17381009431344,9.533680002834018,0.029068000614643097,4.8391642570495605,0.031151123512076495,1.280960009622785,39.41149149252868,20.497470668682748,push-up_12.mp4,3
177.2696352640656,173.01477849389852,3.1510726057484533,0.008374200202524662,5.540459156036377,0.024293725915575975,1.2517565622111746,38.22897686081559,22.753310536987975,push-up_12.mp4,6
176.00158922499156,173.16671550662767,2.707253953632545,0.008231991901993752,3.7659859657287598,0.016237863975327657,1.2736899279020344,38.02082772349633,24.616735357406625,push-up_12.mp4,9
166.48162077779673,164.16495483827327,14.740696221157975,0.03761717304587364,5.086915969848633,0.014012943791763053,1.5356761120174212,45.7645313526205,30.42721432189858,push-up_12.mp4,12
158.61441341628637,164.20100197516254,3.3433387473395726,0.009821702726185322,1.4377195835113525,0.0346116591247777,1.5450217786870553,55.29754305890581,25.171686929548237,push-up_12.mp4,15
166.24328143197943,174.71731845919294,178.39270057583144,0.05899505317211151,2.445161819458008,0.049706840203344614,1.2435852512863126,12.163740838894864,6.579867501401364,push-up_12.mp4,18
101.0169381349022,133.44723456992483,175.06100314678102,0.07443713396787643,1.5880961418151855,0.2766332788579171,1.646246356841517,124.07756104600084,155.82967395915244,push-up_12.mp4,21
58.92752453443934,87.46599984226154,19.029803484206127,0.06210466846823692,2.231567144393921,0.3898871268975912,1.5872524814393263,83.90616592019596,114.1482992661597,push-up_12.mp4,24
27.652113033302737,48.69447909414209,16.689418307894528,0.07925392687320709,2.3739869594573975,0.5512326215088548,1.6244778473091068,45.737618321050405,71.44520903856774,push-up_12.mp4,27
34.276464235254,52.50783396406678,5.869689944935033,0.033228255808353424,0.36207008361816406,0.42015364777024783,1.7759738121891833,59.344579484906184,66.00468404745641,push-up_12.mp4,30
34.74982117700565,44.63038913310202,14.81572498468114,0.08018417656421661,2.0997886657714844,0.24894285156204116,1.664809778111128,57.87640817574665,69.15849848888104,push-up_12.mp4,33
42.71568379267613,54.78446186871149,19.97284362508364,0.09721297770738602,0.04761868715286255,0.24756430863087175,1.653448745597261,69.9585814157614,70.85690537894527,push-up_12.mp4,36
93.54502631493254,89.58089895015226,152.45318790744452,0.11846240609884262,1.0655348300933838,0.04329400503005777,1.556493359913873,115.71411245183431,109.80201355741534,push-up_12.mp4,39
163.62864543556165,150.76194705856688,9.751832570502813,0.027518894523382187,12.664196968078613,0.08185167549016321,1.7486683962693033,56.79706334284938,39.561742214433416,push-up_12.mp4,42
157.82022966489663,160.33270153473163,4.831402340693529,0.014236131682991982,4.938145160675049,0.015794114235323647,1.6151868069259536,58.45315119577783,19.65726049862612,push-up_12.mp4,45
165.32141335512136,166.14747457717652,29.91302790008612,0.11315950751304626,9.262991905212402,0.00498424589534256,1.5139129341082762,50.373813666434906,15.427481919715522,push-up_12.mp4,48
178.34945064078542,171.69212813474576,1.181343087574561,0.004212206229567528,5.699860572814941,0.03803732419061427,1.3215001332710203,39.963034727408605,13.035038663762693,push-up_12.mp4,51
174.71253568210005,169.79590656655634,12.723322823987274,0.04148740693926811,0.47156354784965515,0.028542865791341222,1.264374100771887,40.11044136087176,21.234601386002375,push-up_12.mp4,54
146.93272148068698,132.68166006062222,2.6646210986863537,0.01954815536737442,6.169039249420166,0.10193367981653233,2.923203258467427,39.2443195301253,77.32188309636953,push-up_12.mp4,63
80.01314689423887,79.81195869291054,81.42079037986977,0.15496353805065155,0.46643519401550293,0.0025176044850930084,1.569765479441326,103.41755088298531,99.32888766003279,push-up_12.mp4,66
42.93891396899991,66.34579448505994,41.72634479480769,0.17478246986865997,0.1602156162261963,0.42836515459799407,1.70501027074339,68.78685851656972,82.22869078030888,push-up_12.mp4,69
28.199981042582362,39.6883355802677,21.73219208573238,0.10789943486452103,0.7775890231132507,0.3384486494637444,1.7076732418467253,52.31012189319663,53.78276882955645,push-up_12.mp4,72
30.628231976664484,36.55152147045464,21.20512543245104,0.10684594511985779,0.6331741809844971,0.17634150736955892,1.6246654467776673,54.078405850423614,56.31469761851243,push-up_12.mp4,75
59.50290817293454,76.76836965769239,22.586205951547868,0.08755189180374146,3.208983898162842,0.25339839413874554,1.60310557205712,87.83864738054227,102.83221110252028,push-up_12.mp4,78
178.3524174342376,159.99302088065772,21.294630839617867,0.07392088323831558,1.2816035747528076,0.10852456971205228,1.4876178143255658,39.75604796267187,26.761740064251395,push-up_12.mp4,87
177.3253339044683,169.19427181660234,5.8445237977257705,0.02025200054049492,1.537139892578125,0.04692988190925634,1.4163983891238314,39.848246247780864,7.155575688511078,push-up_12.mp4,90
176.81426416488992,168.09674438964063,3.8979230264034754,0.012791787274181843,3.048981189727783,0.050549385546046106,1.3796039849439703,38.3467775406414,13.217330389221955,push-up_12.mp4,93
172.58288284889912,163.83902573119957,1.770120154339395,0.0056960065849125385,1.5782543420791626,0.05198149641682877,1.3936936205184387,43.3765058000922,14.986908068347425,push-up_12.mp4,96
165.82923670383022,159.67277788700056,11.443841186814268,0.0309578999876976,3.7705469131469727,0.03782746982115348,1.5170202998719624,42.79026020626232,34.99237682321247,push-up_12.mp4,99
136.4717356832649,143.27373782696353,170.43868877153935,0.31840768456459045,0.7728109359741211,0.04862993533620062,1.6365955398914214,161.96747515287947,143.06588507408435,push-up_12.mp4,105
83.14762649991064,99.58712505865036,167.49990546516668,0.10568781197071075,0.1541353166103363,0.17992744585828108,1.5239327397608282,108.63952477423462,115.18985077347884,push-up_12.mp4,108
46.596604336759654,57.10668282941609,12.298535386511276,0.059674303978681564,3.276953935623169,0.20269518507769038,1.5034692778039704,78.04046250899587,75.2242589241023,push-up_12.mp4,111
28.836256155283138,51.204331475346216,4.754645330334796,0.027710024267435074,0.1405634731054306,0.5589183183733505,1.6350667877485718,63.01850606987264,59.45846022411533,push-up_12.mp4,114
29.121728242666155,48.51436488060871,5.419745909053461,0.0328824445605278,2.290036678314209,0.4995778601880406,1.754405584635765,45.7058121667848,60.859311741548616,push-up_12.mp4,117
35.31922417765051,50.431780509498395,19.965123669020414,0.11286914348602295,1.1063053607940674,0.3524753182072683,1.6064059876863368,63.29396146837349,66.36579361563273,push-up_12.mp4,120
64.36172005441563,96.18841446552264,14.448325875591621,0.03761709854006767,4.695976257324219,0.39647047953304015,1.5984401230117935,93.24982463429049,114.48736385013655,push-up_12.mp4,123
155.0011353316143,158.47945820448427,15.60814359461412,0.057170744985342026,2.8905186653137207,0.022191631281758585,1.6667780978517586,61.51148676758727,21.2726999818164,push-up_12.mp4,129
175.8754521595161,165.9144000047173,0.027976455118277954,6.219530041562393e-05,1.0956653356552124,0.05828758280402324,1.3893229674627823,40.4791569929851,22.903102468251554,push-up_12.mp4,132
177.89243506177556,172.78381525461123,5.441829234491905,0.01464327797293663,3.738830327987671,0.029135818593675714,1.21776505460921,34.43070378185373,13.723188131262946,push-up_12.mp4,135
179.96043531735157,170.56009927128324,5.221759134929897,0.014146470464766026,4.895596504211426,0.053636435634793346,1.2675417439377006,39.28466494818151,21.080059690918546,push-up_12.mp4,138
176.33526068629524,168.31566205054045,5.62538740255826,0.018973886966705322,7.455275535583496,0.046537514375832936,1.5272513075586682,50.1349583185363,11.966026604531127,push-up_12.mp4,141
152.43960366790105,157.15198098167647,162.38504416911735,0.3490127623081207,2.7749438285827637,0.030442541383088922,1.5643496561335581,175.77956023837757,160.61483881346933,push-up_12.mp4,147
177.27516111514495,172.75895426171203,7.125051306468862,0.021708862856030464,6.503281593322754,0.02580438108765849,1.2421696769946287,40.132355099668125,20.00194772164535,push-up_12.mp4,0
177.62207754423588,172.17381009431344,9.533680002834018,0.029068000614643097,4.8391642570495605,0.031151123512076495,1.280960009622785,39.41149149252868,20.497470668682748,push-up_12.mp4,3
177.2696352640656,173.01477849389852,3.1510726057484533,0.008374200202524662,5.540459156036377,0.024293725915575975,1.2517565622111746,38.22897686081559,22.753310536987975,push-up_12.mp4,6
176.00158922499156,173.16671550662767,2.707253953632545,0.008231991901993752,3.7659859657287598,0.016237863975327657,1.2736899279020344,38.02082772349633,24.616735357406625,push-up_12.mp4,9
166.48162077779673,164.16495483827327,14.740696221157975,0.03761717304587364,5.086915969848633,0.014012943791763053,1.5356761120174212,45.7645313526205,30.42721432189858,push-up_12.mp4,12
158.61441341628637,164.20100197516254,3.3433387473395726,0.009821702726185322,1.4377195835113525,0.0346116591247777,1.5450217786870553,55.29754305890581,25.171686929548237,push-up_12.mp4,15
166.24328143197943,174.71731845919294,178.39270057583144,0.05899505317211151,2.445161819458008,0.049706840203344614,1.2435852512863126,12.163740838894864,6.579867501401364,push-up_12.mp4,18
101.0169381349022,133.44723456992483,175.06100314678102,0.07443713396787643,1.5880961418151855,0.2766332788579171,1.646246356841517,124.07756104600084,155.82967395915244,push-up_12.mp4,21
58.92752453443934,87.46599984226154,19.029803484206127,0.06210466846823692,2.231567144393921,0.3898871268975912,1.5872524814393263,83.90616592019596,114.1482992661597,push-up_12.mp4,24
27.652113033302737,48.69447909414209,16.689418307894528,0.07925392687320709,2.3739869594573975,0.5512326215088548,1.6244778473091068,45.737618321050405,71.44520903856774,push-up_12.mp4,27
34.276464235254,52.50783396406678,5.869689944935033,0.033228255808353424,0.36207008361816406,0.42015364777024783,1.7759738121891833,59.344579484906184,66.00468404745641,push-up_12.mp4,30
34.74982117700565,44.63038913310202,14.81572498468114,0.08018417656421661,2.0997886657714844,0.24894285156204116,1.664809778111128,57.87640817574665,69.15849848888104,push-up_12.mp4,33
42.71568379267613,54.78446186871149,19.97284362508364,0.09721297770738602,0.04761868715286255,0.24756430863087175,1.653448745597261,69.9585814157614,70.85690537894527,push-up_12.mp4,36
93.54502631493254,89.58089895015226,152.45318790744452,0.11846240609884262,1.0655348300933838,0.04329400503005777,1.556493359913873,115.71411245183431,109.80201355741534,push-up_12.mp4,39
163.62864543556165,150.76194705856688,9.751832570502813,0.027518894523382187,12.664196968078613,0.08185167549016321,1.7486683962693033,56.79706334284938,39.561742214433416,push-up_12.mp4,42
157.82022966489663,160.33270153473163,4.831402340693529,0.014236131682991982,4.938145160675049,0.015794114235323647,1.6151868069259536,58.45315119577783,19.65726049862612,push-up_12.mp4,45
165.32141335512136,166.14747457717652,29.91302790008612,0.11315950751304626,9.262991905212402,0.00498424589534256,1.5139129341082762,50.373813666434906,15.427481919715522,push-up_12.mp4,48
178.34945064078542,171.69212813474576,1.181343087574561,0.004212206229567528,5.699860572814941,0.03803732419061427,1.3215001332710203,39.963034727408605,13.035038663762693,push-up_12.mp4,51
174.71253568210005,169.79590656655634,12.723322823987274,0.04148740693926811,0.47156354784965515,0.028542865791341222,1.264374100771887,40.11044136087176,21.234601386002375,push-up_12.mp4,54
146.93272148068698,132.68166006062222,2.6646210986863537,0.01954815536737442,6.169039249420166,0.10193367981653233,2.923203258467427,39.2443195301253,77.32188309636953,push-up_12.mp4,63
80.01314689423887,79.81195869291054,81.42079037986977,0.15496353805065155,0.46643519401550293,0.0025176044850930084,1.569765479441326,103.41755088298531,99.32888766003279,push-up_12.mp4,66
42.93891396899991,66.34579448505994,41.72634479480769,0.17478246986865997,0.1602156162261963,0.42836515459799407,1.70501027074339,68.78685851656972,82.22869078030888,push-up_12.mp4,69
28.199981042582362,39.6883355802677,21.73219208573238,0.10789943486452103,0.7775890231132507,0.3384486494637444,1.7076732418467253,52.31012189319663,53.78276882955645,push-up_12.mp4,72
30.628231976664484,36.55152147045464,21.20512543245104,0.10684594511985779,0.6331741809844971,0.17634150736955892,1.6246654467776673,54.078405850423614,56.31469761851243,push-up_12.mp4,75
59.50290817293454,76.76836965769239,22.586205951547868,0.08755189180374146,3.208983898162842,0.25339839413874554,1.60310557205712,87.83864738054227,102.83221110252028,push-up_12.mp4,78
178.3524174342376,159.99302088065772,21.294630839617867,0.07392088323831558,1.2816035747528076,0.10852456971205228,1.4876178143255658,39.75604796267187,26.761740064251395,push-up_12.mp4,87
177.3253339044683,169.19427181660234,5.8445237977257705,0.02025200054049492,1.537139892578125,0.04692988190925634,1.4163983891238314,39.848246247780864,7.155575688511078,push-up_12.mp4,90
176.81426416488992,168.09674438964063,3.8979230264034754,0.012791787274181843,3.048981189727783,0.050549385546046106,1.3796039849439703,38.3467775406414,13.217330389221955,push-up_12.mp4,93
172.58288284889912,163.83902573119957,1.770120154339395,0.0056960065849125385,1.5782543420791626,0.05198149641682877,1.3936936205184387,43.3765058000922,14.986908068347425,push-up_12.mp4,96
165.82923670383022,159.67277788700056,11.443841186814268,0.0309578999876976,3.7705469131469727,0.03782746982115348,1.5170202998719624,42.79026020626232,34.99237682321247,push-up_12.mp4,99
136.4717356832649,143.27373782696353,170.43868877153935,0.31840768456459045,0.7728109359741211,0.04862993533620062,1.6365955398914214,161.96747515287947,143.06588507408435,push-up_12.mp4,105
83.14762649991064,99.58712505865036,167.49990546516668,0.10568781197071075,0.1541353166103363,0.17992744585828108,1.5239327397608282,108.63952477423462,115.18985077347884,push-up_12.mp4,108
46.596604336759654,57.10668282941609,12.298535386511276,0.059674303978681564,3.276953935623169,0.20269518507769038,1.5034692778039704,78.04046250899587,75.2242589241023,push-up_12.mp4,111
28.836256155283138,51.204331475346216,4.754645330334796,0.027710024267435074,0.1405634731054306,0.5589183183733505,1.6350667877485718,63.01850606987264,59.45846022411533,push-up_12.mp4,114
29.121728242666155,48.51436488060871,5.419745909053461,0.0328824445605278,2.290036678314209,0.4995778601880406,1.754405584635765,45.7058121667848,60.859311741548616,push-up_12.mp4,117
35.31922417765051,50.431780509498395,19.965123669020414,0.11286914348602295,1.1063053607940674,0.3524753182072683,1.6064059876863368,63.29396146837349,66.36579361563273,push-up_12.mp4,120
64.36172005441563,96.18841446552264,14.448325875591621,0.03761709854006767,4.695976257324219,0.39647047953304015,1.5984401230117935,93.24982463429049,114.48736385013655,push-up_12.mp4,123
155.0011353316143,158.47945820448427,15.60814359461412,0.057170744985342026,2.8905186653137207,0.022191631281758585,1.6667780978517586,61.51148676758727,21.2726999818164,push-up_12.mp4,129
175.8754521595161,165.9144000047173,0.027976455118277954,6.219530041562393e-05,1.0956653356552124,0.05828758280402324,1.3893229674627823,40.4791569929851,22.903102468251554,push-up_12.mp4,132
177.89243506177556,172.78381525461123,5.441829234491905,0.01464327797293663,3.738830327987671,0.029135818593675714,1.21776505460921,34.43070378185373,13.723188131262946,push-up_12.mp4,135
179.96043531735157,170.56009927128324,5.221759134929897,0.014146470464766026,4.895596504211426,0.053636435634793346,1.2675417439377006,39.28466494818151,21.080059690918546,push-up_12.mp4,138
176.33526068629524,168.31566205054045,5.62538740255826,0.018973886966705322,7.455275535583496,0.046537514375832936,1.5272513075586682,50.1349583185363,11.966026604531127,push-up_12.mp4,141
152.43960366790105,157.15198098167647,162.38504416911735,0.3490127623081207,2.7749438285827637,0.030442541383088922,1.5643496561335581,175.77956023837757,160.61483881346933,push-up_12.mp4,147
176.24646701482848,153.03492544222107,177.73540094290718,0.06994403898715973,2.638911485671997,0.14098301394686344,1.0928841047937525,168.2214517917768,176.97088104414746,push-up_13.mp4,0
171.43353688002682,165.65452358035375,177.67611024351055,0.05266422778367996,1.4923367500305176,0.0342878551781415,1.0587686399735725,158.45827942173815,176.38280000150314,push-up_13.mp4,3
172.5829093037106,149.03116574355082,176.7008129278671,0.04479023069143295,3.0115654468536377,0.14645965700785235,1.086646194786966,170.17620931888473,174.2782335451452,push-up_13.mp4,6
176.52492008501375,162.22651267126835,176.25048602203222,0.06078032776713371,1.4780694246292114,0.08441828450675525,1.0750041727341741,163.145533052323,177.5910026874339,push-up_13.mp4,9
179.4185178101408,159.87664899085698,81.04948032537781,0.030131276696920395,1.8326619863510132,0.11519096486715032,1.1079798367953948,165.01689578153142,175.9467192492157,push-up_13.mp4,12
155.26690562663356,144.8942065117935,6.5054169256085,0.035806238651275635,1.5382778644561768,0.06911421030487402,1.1513434584364035,176.41673636696632,161.31144947831896,push-up_13.mp4,15
125.63762143438342,96.02434442548807,2.086566217071976,0.01799791119992733,0.7163729071617126,0.267193128004793,1.2018578896625067,147.93256908106585,114.8863682037004,push-up_13.mp4,18
54.016584289245685,38.089587187055066,5.962035548888537,0.06698781251907349,4.596911430358887,0.34583995506291765,1.3861791589671837,74.27411844956706,54.33111749754491,push-up_13.mp4,21
23.28633157264221,28.40816365151247,4.344199274655978,0.057515691965818405,2.489431142807007,0.19815773639577164,1.419523478633494,45.06025328932463,42.169078074199895,push-up_13.mp4,24
21.841457295290933,22.931412396365403,1.2664046594917693,0.018018465489149094,3.24513578414917,0.04868819481890786,1.6457630275784854,32.76889701745876,34.68308023433629,push-up_13.mp4,27
19.85816964598153,21.21257359097577,2.363639965656148,0.033702898770570755,4.7378058433532715,0.06595468395495144,1.6589747612811272,30.53293818805305,31.569085177235213,push-up_13.mp4,30
19.362553851547737,20.06622639119854,2.0809307870705425,0.02911021001636982,3.8017940521240234,0.035693345587593114,1.67670507491917,30.638359135502892,30.82030091513287,push-up_13.mp4,33
16.12055795596734,19.668587109564328,1.3931100792128746,0.02009185217320919,3.0758068561553955,0.19827403795761953,1.635580572335934,26.87682350931606,30.789525376548177,push-up_13.mp4,36
19.52668375695471,18.343513278119605,0.5605794680676581,0.008085289038717747,4.038105010986328,0.06248557290258015,1.6691490048149786,30.783080007967033,31.3018363190792,push-up_13.mp4,39
20.165624597277063,20.42021604031644,0.5482264046987382,0.007876520045101643,4.55975341796875,0.012545825787506612,1.709953255330475,30.78999238496038,31.01507473297383,push-up_13.mp4,42
16.656339489057025,24.81360826595852,4.32100890339396,0.05669073387980461,0.2454266995191574,0.3934062721800715,1.415546787825643,36.31397428857495,40.0975322423808,push-up_13.mp4,57
58.475829910511266,44.29803223611362,4.59311979198705,0.04944543540477753,4.455173015594482,0.2759027904229295,1.293051319840675,83.44319987331926,65.03156490662003,push-up_13.mp4,60
139.9177086744824,115.94963356449992,1.9820880078206926,0.013485202565789223,0.03401864692568779,0.18734766930588664,1.1383206134828052,164.16956120303604,135.93000182796254,push-up_13.mp4,63
173.12970241025437,155.232580428549,173.60186810968773,0.042154766619205475,2.0374832153320312,0.10900839053120641,1.142472389216314,169.4112068628021,170.85457903173776,push-up_13.mp4,66
178.32497058364473,155.50016640876723,177.18477937055312,0.16637174785137177,2.0536859035491943,0.13674706692561814,1.082358716991964,165.91177617622773,177.69530804017936,push-up_13.mp4,69
178.55557989742633,151.51502272779356,177.66493548330288,0.11275763064622879,3.6536448001861572,0.16384711000958838,1.0767185552194793,164.35617850690434,176.6109462900606,push-up_13.mp4,72
178.1426950318643,152.53387561191317,176.1564609872706,0.21471840143203735,2.3871922492980957,0.15488741382611174,1.0950695682769762,165.0403208204058,175.23449003901186,push-up_13.mp4,75
178.9249819010651,163.6589875225519,177.5858083602459,0.14922066032886505,2.7209343910217285,0.08912264286153018,1.105086946671346,165.9861727363418,178.08572030143876,push-up_13.mp4,78
178.63857492273252,156.45718888687932,178.2824000812973,0.23739595711231232,2.4644534587860107,0.1323883404772361,1.082173149525158,164.47569646177385,179.26007183739083,push-up_13.mp4,81
178.9099783719034,152.88971997779873,178.14775970920857,0.12043963372707367,2.7586164474487305,0.15684317088607164,1.0948455527600764,165.23706692703064,175.99537399246634,push-up_13.mp4,84
179.13498079275365,152.20112701493767,176.53569796677178,0.11675991863012314,2.3505702018737793,0.16257723286499456,1.0756930391989779,164.85483973855565,174.87871877005625,push-up_13.mp4,87
174.82933526710602,165.88906569117427,176.86081620765432,0.039810921996831894,1.7376927137374878,0.05247893598224801,1.0484452632569097,170.78616163202534,175.3667542090111,push-up_13.mp4,90
169.38735217670592,159.44642674546262,144.15168870909258,0.024663351476192474,0.6210417747497559,0.06046170477879167,1.1059783165881976,173.65779549395913,176.98519732435247,push-up_13.mp4,93
156.5568652116548,140.24406951943232,4.254134412906325,0.025831248611211777,1.571221947669983,0.10992415308262088,1.1671723967576022,175.83331356515944,157.2101084854999,push-up_13.mp4,96
118.18082311892087,82.74348174774164,3.379740003536739,0.031075214967131615,2.04616641998291,0.35274320241840507,1.1846848812726065,140.5948938986818,103.24232628908334,push-up_13.mp4,99
57.113214387564426,52.355426495248736,5.281197631885135,0.05708412826061249,2.545752763748169,0.08692512949729468,1.3406246970034688,78.00322985063083,71.78029282236083,push-up_13.mp4,102
27.555133171768986,29.634304506239243,4.895970004441438,0.062184035778045654,4.500795364379883,0.07271172506281824,1.3753498274275053,49.02642113890988,47.631443442994865,push-up_13.mp4,105
16.611290680049944,24.946325960055507,3.727148217801954,0.05190392583608627,1.2663538455963135,0.40113153514977,1.5053400883332773,30.680370321776902,38.06665691902049,push-up_13.mp4,108
21.8906794925353,19.974483247189692,2.080366404831949,0.029034504666924477,4.455765247344971,0.09154132552922657,1.561719024457066,33.4839187919586,36.667278948273015,push-up_13.mp4,111
15.753401549573924,17.857705385449307,2.9520745296857456,0.04155787453055382,1.4505984783172607,0.1252147892625738,1.5621078852429997,29.413801268598817,30.22857046610533,push-up_13.mp4,114
14.103241991462927,16.243210362229192,2.3136763838608374,0.03184724226593971,2.332268238067627,0.14103581834374818,1.5418066455028256,27.209035906722217,29.88142199020263,push-up_13.mp4,117
14.614445971259682,15.834118986742704,2.3273403250109936,0.032590076327323914,2.2548129558563232,0.08011366165632519,1.5438834484290878,27.725732895270248,29.70400820441362,push-up_13.mp4,120
16.001946389384926,16.242416746474873,1.589054456534825,0.022251321002840996,2.8256821632385254,0.014915497389527521,1.5623599431459008,25.819480213449925,29.86956794908316,push-up_13.mp4,123
17.09197101878603,17.370272773202426,2.3831844741666544,0.03370348736643791,3.127450704574585,0.016151110536864955,1.590854179951381,27.927253274131438,30.844601673119502,push-up_13.mp4,126
16.571607721542858,18.16653717079341,2.5776977494413416,0.03686849772930145,2.018144369125366,0.09182582744091312,1.562629677456103,30.27280267316364,30.349678288920533,push-up_13.mp4,129
22.41365845720816,20.28954588455394,1.3123898433192949,0.018444404006004333,1.9615623950958252,0.09948258475661595,1.60963040938627,24.30012975397394,36.337397868110564,push-up_13.mp4,132
29.378783925057373,29.56917155823704,7.100946691890215,0.09105736762285233,3.9899137020111084,0.006459516080540677,1.3689935464502712,52.68360815278674,47.35688145082274,push-up_13.mp4,135
97.36898800227274,62.30500417659191,2.9840625558884426,0.02788163349032402,3.8402493000030518,0.43919467844710286,1.281827156923496,119.2673310064559,82.88331640853652,push-up_13.mp4,138
155.61770973229878,143.20509042632105,7.333795410281624,0.03303971886634827,1.9427543878555298,0.08307678864791385,1.1457374720194586,177.42899317612068,162.07455224688582,push-up_13.mp4,141
176.58831824646842,147.45146923943224,175.39874193097316,0.04370274394750595,2.8163251876831055,0.1798350087382646,1.0946545173168913,169.94892885487454,172.45940863323187,push-up_13.mp4,144
176.24646701482848,153.03492544222107,177.73540094290718,0.06994403898715973,2.638911485671997,0.14098301394686344,1.0928841047937525,168.2214517917768,176.97088104414746,push-up_13.mp4,0
171.43353688002682,165.65452358035375,177.67611024351055,0.05266422778367996,1.4923367500305176,0.0342878551781415,1.0587686399735725,158.45827942173815,176.38280000150314,push-up_13.mp4,3
172.5829093037106,149.03116574355082,176.7008129278671,0.04479023069143295,3.0115654468536377,0.14645965700785235,1.086646194786966,170.17620931888473,174.2782335451452,push-up_13.mp4,6
176.52492008501375,162.22651267126835,176.25048602203222,0.06078032776713371,1.4780694246292114,0.08441828450675525,1.0750041727341741,163.145533052323,177.5910026874339,push-up_13.mp4,9
179.4185178101408,159.87664899085698,81.04948032537781,0.030131276696920395,1.8326619863510132,0.11519096486715032,1.1079798367953948,165.01689578153142,175.9467192492157,push-up_13.mp4,12
155.26690562663356,144.8942065117935,6.5054169256085,0.035806238651275635,1.5382778644561768,0.06911421030487402,1.1513434584364035,176.41673636696632,161.31144947831896,push-up_13.mp4,15
125.63762143438342,96.02434442548807,2.086566217071976,0.01799791119992733,0.7163729071617126,0.267193128004793,1.2018578896625067,147.93256908106585,114.8863682037004,push-up_13.mp4,18
54.016584289245685,38.089587187055066,5.962035548888537,0.06698781251907349,4.596911430358887,0.34583995506291765,1.3861791589671837,74.27411844956706,54.33111749754491,push-up_13.mp4,21
23.28633157264221,28.40816365151247,4.344199274655978,0.057515691965818405,2.489431142807007,0.19815773639577164,1.419523478633494,45.06025328932463,42.169078074199895,push-up_13.mp4,24
21.841457295290933,22.931412396365403,1.2664046594917693,0.018018465489149094,3.24513578414917,0.04868819481890786,1.6457630275784854,32.76889701745876,34.68308023433629,push-up_13.mp4,27
19.85816964598153,21.21257359097577,2.363639965656148,0.033702898770570755,4.7378058433532715,0.06595468395495144,1.6589747612811272,30.53293818805305,31.569085177235213,push-up_13.mp4,30
19.362553851547737,20.06622639119854,2.0809307870705425,0.02911021001636982,3.8017940521240234,0.035693345587593114,1.67670507491917,30.638359135502892,30.82030091513287,push-up_13.mp4,33
16.12055795596734,19.668587109564328,1.3931100792128746,0.02009185217320919,3.0758068561553955,0.19827403795761953,1.635580572335934,26.87682350931606,30.789525376548177,push-up_13.mp4,36
19.52668375695471,18.343513278119605,0.5605794680676581,0.008085289038717747,4.038105010986328,0.06248557290258015,1.6691490048149786,30.783080007967033,31.3018363190792,push-up_13.mp4,39
20.165624597277063,20.42021604031644,0.5482264046987382,0.007876520045101643,4.55975341796875,0.012545825787506612,1.709953255330475,30.78999238496038,31.01507473297383,push-up_13.mp4,42
16.656339489057025,24.81360826595852,4.32100890339396,0.05669073387980461,0.2454266995191574,0.3934062721800715,1.415546787825643,36.31397428857495,40.0975322423808,push-up_13.mp4,57
58.475829910511266,44.29803223611362,4.59311979198705,0.04944543540477753,4.455173015594482,0.2759027904229295,1.293051319840675,83.44319987331926,65.03156490662003,push-up_13.mp4,60
139.9177086744824,115.94963356449992,1.9820880078206926,0.013485202565789223,0.03401864692568779,0.18734766930588664,1.1383206134828052,164.16956120303604,135.93000182796254,push-up_13.mp4,63
173.12970241025437,155.232580428549,173.60186810968773,0.042154766619205475,2.0374832153320312,0.10900839053120641,1.142472389216314,169.4112068628021,170.85457903173776,push-up_13.mp4,66
178.32497058364473,155.50016640876723,177.18477937055312,0.16637174785137177,2.0536859035491943,0.13674706692561814,1.082358716991964,165.91177617622773,177.69530804017936,push-up_13.mp4,69
178.55557989742633,151.51502272779356,177.66493548330288,0.11275763064622879,3.6536448001861572,0.16384711000958838,1.0767185552194793,164.35617850690434,176.6109462900606,push-up_13.mp4,72
178.1426950318643,152.53387561191317,176.1564609872706,0.21471840143203735,2.3871922492980957,0.15488741382611174,1.0950695682769762,165.0403208204058,175.23449003901186,push-up_13.mp4,75
178.9249819010651,163.6589875225519,177.5858083602459,0.14922066032886505,2.7209343910217285,0.08912264286153018,1.105086946671346,165.9861727363418,178.08572030143876,push-up_13.mp4,78
178.63857492273252,156.45718888687932,178.2824000812973,0.23739595711231232,2.4644534587860107,0.1323883404772361,1.082173149525158,164.47569646177385,179.26007183739083,push-up_13.mp4,81
178.9099783719034,152.88971997779873,178.14775970920857,0.12043963372707367,2.7586164474487305,0.15684317088607164,1.0948455527600764,165.23706692703064,175.99537399246634,push-up_13.mp4,84
179.13498079275365,152.20112701493767,176.53569796677178,0.11675991863012314,2.3505702018737793,0.16257723286499456,1.0756930391989779,164.85483973855565,174.87871877005625,push-up_13.mp4,87
174.82933526710602,165.88906569117427,176.86081620765432,0.039810921996831894,1.7376927137374878,0.05247893598224801,1.0484452632569097,170.78616163202534,175.3667542090111,push-up_13.mp4,90
169.38735217670592,159.44642674546262,144.15168870909258,0.024663351476192474,0.6210417747497559,0.06046170477879167,1.1059783165881976,173.65779549395913,176.98519732435247,push-up_13.mp4,93
156.5568652116548,140.24406951943232,4.254134412906325,0.025831248611211777,1.571221947669983,0.10992415308262088,1.1671723967576022,175.83331356515944,157.2101084854999,push-up_13.mp4,96
118.18082311892087,82.74348174774164,3.379740003536739,0.031075214967131615,2.04616641998291,0.35274320241840507,1.1846848812726065,140.5948938986818,103.24232628908334,push-up_13.mp4,99
57.113214387564426,52.355426495248736,5.281197631885135,0.05708412826061249,2.545752763748169,0.08692512949729468,1.3406246970034688,78.00322985063083,71.78029282236083,push-up_13.mp4,102
27.555133171768986,29.634304506239243,4.895970004441438,0.062184035778045654,4.500795364379883,0.07271172506281824,1.3753498274275053,49.02642113890988,47.631443442994865,push-up_13.mp4,105
16.611290680049944,24.946325960055507,3.727148217801954,0.05190392583608627,1.2663538455963135,0.40113153514977,1.5053400883332773,30.680370321776902,38.06665691902049,push-up_13.mp4,108
21.8906794925353,19.974483247189692,2.080366404831949,0.029034504666924477,4.455765247344971,0.09154132552922657,1.561719024457066,33.4839187919586,36.667278948273015,push-up_13.mp4,111
15.753401549573924,17.857705385449307,2.9520745296857456,0.04155787453055382,1.4505984783172607,0.1252147892625738,1.5621078852429997,29.413801268598817,30.22857046610533,push-up_13.mp4,114
14.103241991462927,16.243210362229192,2.3136763838608374,0.03184724226593971,2.332268238067627,0.14103581834374818,1.5418066455028256,27.209035906722217,29.88142199020263,push-up_13.mp4,117
14.614445971259682,15.834118986742704,2.3273403250109936,0.032590076327323914,2.2548129558563232,0.08011366165632519,1.5438834484290878,27.725732895270248,29.70400820441362,push-up_13.mp4,120
16.001946389384926,16.242416746474873,1.589054456534825,0.022251321002840996,2.8256821632385254,0.014915497389527521,1.5623599431459008,25.819480213449925,29.86956794908316,push-up_13.mp4,123
17.09197101878603,17.370272773202426,2.3831844741666544,0.03370348736643791,3.127450704574585,0.016151110536864955,1.590854179951381,27.927253274131438,30.844601673119502,push-up_13.mp4,126
16.571607721542858,18.16653717079341,2.5776977494413416,0.03686849772930145,2.018144369125366,0.09182582744091312,1.562629677456103,30.27280267316364,30.349678288920533,push-up_13.mp4,129
22.41365845720816,20.28954588455394,1.3123898433192949,0.018444404006004333,1.9615623950958252,0.09948258475661595,1.60963040938627,24.30012975397394,36.337397868110564,push-up_13.mp4,132
29.378783925057373,29.56917155823704,7.100946691890215,0.09105736762285233,3.9899137020111084,0.006459516080540677,1.3689935464502712,52.68360815278674,47.35688145082274,push-up_13.mp4,135
97.36898800227274,62.30500417659191,2.9840625558884426,0.02788163349032402,3.8402493000030518,0.43919467844710286,1.281827156923496,119.2673310064559,82.88331640853652,push-up_13.mp4,138
155.61770973229878,143.20509042632105,7.333795410281624,0.03303971886634827,1.9427543878555298,0.08307678864791385,1.1457374720194586,177.42899317612068,162.07455224688582,push-up_13.mp4,141
176.58831824646842,147.45146923943224,175.39874193097316,0.04370274394750595,2.8163251876831055,0.1798350087382646,1.0946545173168913,169.94892885487454,172.45940863323187,push-up_13.mp4,144
133.34629232529372,150.5996849209714,5.691164150443143,0.051081616431474686,37.46980285644531,0.12152588152861137,2.413929221281181,37.47476138433387,54.174682732992885,push-up_14.mp4,0
149.71898776292693,161.93019046280145,0.32565887053587517,0.0028479613829404116,44.75788116455078,0.0783650563071911,2.1461635753222557,45.344741544816685,56.433756229236465,push-up_14.mp4,3
164.6266837131882,173.3001899094395,6.770945790975816,0.05853990837931633,55.7598991394043,0.05133362791345933,2.2547993263138024,54.40625288379183,60.99065852356811,push-up_14.mp4,6
171.06958777801935,175.56950687298718,9.096819183879433,0.0810745358467102,60.52159881591797,0.025963136670999587,2.1319613526602397,59.5780888747696,63.074999896026796,push-up_14.mp4,9
170.67270448251136,176.5625909844157,9.666865360647193,0.08554951101541519,61.32846450805664,0.03392446896266235,2.100344236861852,60.17838580609363,62.114907521718486,push-up_14.mp4,12
170.91751308165598,176.65233070979875,11.406999474137592,0.10275271534919739,61.37540817260742,0.032999512072650984,2.1575350388097365,59.336393225759124,63.63310847232393,push-up_14.mp4,15
171.00704031796505,177.58451152273182,6.159215733417966,0.05639905482530594,62.47368621826172,0.037737410273055674,2.0051894982962057,57.578685206967556,61.384619752172625,push-up_14.mp4,18
171.54761798153214,175.33242461813313,6.877687827631519,0.06180795654654503,62.53440856933594,0.021821991304175666,2.064808702190668,56.62179764105693,59.262022106686764,push-up_14.mp4,21
171.92206779911209,176.8384452146866,6.583293983875336,0.0589769072830677,62.31991195678711,0.028193429199251118,2.0034968204157657,57.223092883726636,61.51099135370473,push-up_14.mp4,24
171.72765630571953,176.71979742440823,5.712544593872678,0.05172727629542351,62.473751068115234,0.028653623754444774,2.0676791843433873,56.96440215477192,60.54417199771482,push-up_14.mp4,27
171.33528168414114,177.7859186602283,9.09718638345359,0.08403986692428589,62.22418975830078,0.036953567813838455,2.062213257309785,58.8015013114117,62.918977583385484,push-up_14.mp4,30
170.83652647981688,177.28199419250726,6.3732604116194125,0.057618219405412674,61.98871612548828,0.037030306231579914,2.023710211671564,57.69485571205562,61.69491603231257,push-up_14.mp4,33
170.3023309405056,175.03662853812637,6.751278465271298,0.061711087822914124,62.319374084472656,0.02741826525896908,1.984364165799239,56.91162814050335,60.41289133021688,push-up_14.mp4,36
171.3635500384236,177.06188390022376,5.349508815589473,0.04967193678021431,62.225948333740234,0.03270905798916826,2.0509543902699994,56.436465320005254,61.28699847352627,push-up_14.mp4,39
170.34037755244154,177.22653006945472,5.726286266509703,0.052077338099479675,62.417755126953125,0.039624903096380795,2.0349500493476698,58.13051895850876,61.46632266165367,push-up_14.mp4,42
170.39818808786876,177.4951655432448,6.811089974743254,0.060694850981235504,62.672950744628906,0.04079973003969074,2.041750979226434,57.948117313256994,61.361049824915916,push-up_14.mp4,45
161.0392243804578,174.0013509413385,6.31304652819216,0.05832938477396965,59.27967834472656,0.07737645834944605,1.860458386494422,52.79585795219439,59.16345398692531,push-up_14.mp4,48
159.98510687135106,173.91955605090988,3.0064797463393234,0.0274836216121912,58.18016815185547,0.08346363933709426,1.9907271251415775,51.80065717535397,59.3814924137542,push-up_14.mp4,51
149.35075301632497,164.41665204129478,3.122363166765041,0.028141243383288383,50.862735748291016,0.09603227602435717,1.8701523705710574,49.542810268656154,58.48532047998425,push-up_14.mp4,54
136.35439624530727,156.52861377050547,1.0160633084743722,0.00992667768150568,41.231422424316406,0.137762975900234,2.325175854599503,42.550056489912244,55.73060774392362,push-up_14.mp4,57
120.87660641064734,150.7024456608765,1.748764156684814,0.016366049647331238,36.168373107910156,0.21964756871140512,2.1502877343215556,34.767162656484636,55.225406257197186,push-up_14.mp4,60
103.91768006723512,71.85346438619241,0.620866064023204,0.0056845396757125854,29.011144638061523,0.36484049507384836,2.0956131113220837,26.258883706947138,16.613643883823727,push-up_14.mp4,63
92.50423274690652,60.70816509408386,0.237388260967748,0.002209573984146118,28.0838680267334,0.4150586780297222,1.6872700724960434,22.595202738958086,17.22883051965122,push-up_14.mp4,66
84.74449710055333,51.60970600963258,3.660462487748589,0.03385790437459946,26.57649803161621,0.48601055684576133,1.8172754732763325,11.750375069280661,26.690244878604144,push-up_14.mp4,69
81.0093962872413,61.78811554297628,6.063914284675519,0.05550875887274742,24.702363967895508,0.2692103034276761,1.7272172276448932,5.877632393101263,20.250865229496316,push-up_14.mp4,72
79.623602492237,56.04983414701572,6.894863129256521,0.06356841325759888,25.158767700195312,0.34750749931841807,1.7990373933325425,6.594871295306629,23.397666022828016,push-up_14.mp4,75
79.58895994476308,57.14045384771204,6.171775828820728,0.05678866058588028,25.555143356323242,0.3283639631648372,1.6977652247485098,6.050224001191042,24.102058720493655,push-up_14.mp4,78
90.84949497322458,52.87349403387379,5.1427756427994495,0.04849500581622124,25.662918090820312,0.5284610513837168,2.087019664218214,15.50765619329848,27.27109736751794,push-up_14.mp4,81
114.20504800037833,81.28093205641035,5.5183205361275895,0.051806606352329254,29.745817184448242,0.3368437566152163,2.5500092918975925,31.09913276332994,7.3704105235953445,push-up_14.mp4,84
139.12135912619613,157.67428953015647,3.963830784949266,0.03713773190975189,39.448638916015625,0.1250215795814582,2.534972163957916,41.8655455547906,58.42876743343487,push-up_14.mp4,87
152.66349067697615,168.84067886473855,0.6749268154597132,0.0061935135163366795,43.8902587890625,0.10063439121689792,2.238954379426065,45.982771178902865,57.92953638255463,push-up_14.mp4,90
161.40761061056284,172.6464600718341,6.0760253624369795,0.0539851076900959,55.791587829589844,0.06728760669380755,1.8106030159369921,54.8428076598245,58.01668220091981,push-up_14.mp4,93
171.7743571586867,175.63591857685773,7.100642796997903,0.06197134405374527,57.12287139892578,0.0222305538314619,1.906736783164506,59.66237640079366,59.08275913870553,push-up_14.mp4,96
171.00653783289394,177.1135061318136,7.2197454112833555,0.06305882334709167,58.00688171386719,0.03508541610743215,1.9069374421613217,59.771566750179474,60.36478178805714,push-up_14.mp4,99
161.69578789887044,174.7066465601785,5.372755439352346,0.04666469618678093,57.47144317626953,0.07735293998231704,1.947878843804589,53.662892042275345,60.336125120495346,push-up_14.mp4,102
162.02036130412537,172.4152443298779,3.705440356052833,0.032965753227472305,54.11697006225586,0.06216373406800707,2.191262894734814,52.63568364470443,58.163399221934604,push-up_14.mp4,105
149.08269242358267,164.86019992309429,0.32983799354829557,0.0029763078782707453,45.517879486083984,0.10051195860226085,2.191611898739267,45.99762868638209,57.14089292856037,push-up_14.mp4,108
137.92559330032094,156.37730735208916,0.8374339253527125,0.00788644514977932,38.2977294921875,0.12539267544332383,2.306323249467536,42.535944431597876,52.302957600490984,push-up_14.mp4,111
128.36716145205864,154.94122423357905,5.093007051203017,0.046928830444812775,31.526962280273438,0.18759813774808137,2.401960057417714,35.95464403968094,55.96612448486648,push-up_14.mp4,114
110.17905957516183,78.61590633535374,3.3253715595419067,0.03091246820986271,27.362260818481445,0.3343643522229114,1.9615887029635872,28.867968978720157,12.475772524129013,push-up_14.mp4,117
93.5045245823104,66.36028386097512,0.07661668268386279,0.0006851709331385791,27.624032974243164,0.33958994459953473,1.5438011573949595,20.558164055663244,16.4787131664547,push-up_14.mp4,120
84.35719214802543,50.19356627475479,2.5342773553788334,0.023398183286190033,23.151472091674805,0.5078176633672032,2.1840013137835097,9.1912882225126,29.18646752615843,push-up_14.mp4,123
84.32846061288365,50.954547830153274,4.673069915247254,0.04422120004892349,22.45669174194336,0.4933940066358443,2.229205425899757,9.100706433625223,25.438518414113652,push-up_14.mp4,126
86.6897643342561,50.38349664921939,6.792318034426501,0.06271248310804367,24.36777687072754,0.5297352295341324,2.2973027954208907,9.894634422767991,23.180748244305157,push-up_14.mp4,129
95.80217476720244,53.220913839117586,7.4316003009421365,0.07084781676530838,24.892763137817383,0.5714719957331363,2.084821273802952,17.30745350585986,25.65789782100019,push-up_14.mp4,132
106.7131249333034,74.6640428531038,6.027793334562716,0.055379584431648254,28.72557830810547,0.35339709480899106,2.0980026091407553,23.27438139501458,17.040525346523257,push-up_14.mp4,135
129.14007806024068,155.4906316914766,1.53607821735514,0.014298117719590664,37.94871520996094,0.18515608280091386,2.2464146695537632,37.16620011387824,55.693187894684144,push-up_14.mp4,138
146.0041382861029,165.82206826828417,2.2370341690513555,0.020988652482628822,47.87214279174805,0.1271088161650374,2.4031261868525555,44.48635007292606,57.09249150178986,push-up_14.mp4,141
163.40350489523246,174.50827171669053,3.1568452080755947,0.028394650667905807,56.233394622802734,0.06572583490756177,2.1526578067863293,51.70194381963456,58.18731026350835,push-up_14.mp4,144
170.2076240520732,177.06915517453177,5.5775943807680335,0.049633000046014786,58.35103988647461,0.03951621031351078,2.230411277013093,57.23106988879872,60.1306460968795,push-up_14.mp4,147
133.34629232529372,150.5996849209714,5.691164150443143,0.051081616431474686,37.46980285644531,0.12152588152861137,2.413929221281181,37.47476138433387,54.174682732992885,push-up_14.mp4,0
149.71898776292693,161.93019046280145,0.32565887053587517,0.0028479613829404116,44.75788116455078,0.0783650563071911,2.1461635753222557,45.344741544816685,56.433756229236465,push-up_14.mp4,3
164.6266837131882,173.3001899094395,6.770945790975816,0.05853990837931633,55.7598991394043,0.05133362791345933,2.2547993263138024,54.40625288379183,60.99065852356811,push-up_14.mp4,6
171.06958777801935,175.56950687298718,9.096819183879433,0.0810745358467102,60.52159881591797,0.025963136670999587,2.1319613526602397,59.5780888747696,63.074999896026796,push-up_14.mp4,9
170.67270448251136,176.5625909844157,9.666865360647193,0.08554951101541519,61.32846450805664,0.03392446896266235,2.100344236861852,60.17838580609363,62.114907521718486,push-up_14.mp4,12
170.91751308165598,176.65233070979875,11.406999474137592,0.10275271534919739,61.37540817260742,0.032999512072650984,2.1575350388097365,59.336393225759124,63.63310847232393,push-up_14.mp4,15
171.00704031796505,177.58451152273182,6.159215733417966,0.05639905482530594,62.47368621826172,0.037737410273055674,2.0051894982962057,57.578685206967556,61.384619752172625,push-up_14.mp4,18
171.54761798153214,175.33242461813313,6.877687827631519,0.06180795654654503,62.53440856933594,0.021821991304175666,2.064808702190668,56.62179764105693,59.262022106686764,push-up_14.mp4,21
171.92206779911209,176.8384452146866,6.583293983875336,0.0589769072830677,62.31991195678711,0.028193429199251118,2.0034968204157657,57.223092883726636,61.51099135370473,push-up_14.mp4,24
171.72765630571953,176.71979742440823,5.712544593872678,0.05172727629542351,62.473751068115234,0.028653623754444774,2.0676791843433873,56.96440215477192,60.54417199771482,push-up_14.mp4,27
171.33528168414114,177.7859186602283,9.09718638345359,0.08403986692428589,62.22418975830078,0.036953567813838455,2.062213257309785,58.8015013114117,62.918977583385484,push-up_14.mp4,30
170.83652647981688,177.28199419250726,6.3732604116194125,0.057618219405412674,61.98871612548828,0.037030306231579914,2.023710211671564,57.69485571205562,61.69491603231257,push-up_14.mp4,33
170.3023309405056,175.03662853812637,6.751278465271298,0.061711087822914124,62.319374084472656,0.02741826525896908,1.984364165799239,56.91162814050335,60.41289133021688,push-up_14.mp4,36
171.3635500384236,177.06188390022376,5.349508815589473,0.04967193678021431,62.225948333740234,0.03270905798916826,2.0509543902699994,56.436465320005254,61.28699847352627,push-up_14.mp4,39
170.34037755244154,177.22653006945472,5.726286266509703,0.052077338099479675,62.417755126953125,0.039624903096380795,2.0349500493476698,58.13051895850876,61.46632266165367,push-up_14.mp4,42
170.39818808786876,177.4951655432448,6.811089974743254,0.060694850981235504,62.672950744628906,0.04079973003969074,2.041750979226434,57.948117313256994,61.361049824915916,push-up_14.mp4,45
161.0392243804578,174.0013509413385,6.31304652819216,0.05832938477396965,59.27967834472656,0.07737645834944605,1.860458386494422,52.79585795219439,59.16345398692531,push-up_14.mp4,48
159.98510687135106,173.91955605090988,3.0064797463393234,0.0274836216121912,58.18016815185547,0.08346363933709426,1.9907271251415775,51.80065717535397,59.3814924137542,push-up_14.mp4,51
149.35075301632497,164.41665204129478,3.122363166765041,0.028141243383288383,50.862735748291016,0.09603227602435717,1.8701523705710574,49.542810268656154,58.48532047998425,push-up_14.mp4,54
136.35439624530727,156.52861377050547,1.0160633084743722,0.00992667768150568,41.231422424316406,0.137762975900234,2.325175854599503,42.550056489912244,55.73060774392362,push-up_14.mp4,57
120.87660641064734,150.7024456608765,1.748764156684814,0.016366049647331238,36.168373107910156,0.21964756871140512,2.1502877343215556,34.767162656484636,55.225406257197186,push-up_14.mp4,60
103.91768006723512,71.85346438619241,0.620866064023204,0.0056845396757125854,29.011144638061523,0.36484049507384836,2.0956131113220837,26.258883706947138,16.613643883823727,push-up_14.mp4,63
92.50423274690652,60.70816509408386,0.237388260967748,0.002209573984146118,28.0838680267334,0.4150586780297222,1.6872700724960434,22.595202738958086,17.22883051965122,push-up_14.mp4,66
84.74449710055333,51.60970600963258,3.660462487748589,0.03385790437459946,26.57649803161621,0.48601055684576133,1.8172754732763325,11.750375069280661,26.690244878604144,push-up_14.mp4,69
81.0093962872413,61.78811554297628,6.063914284675519,0.05550875887274742,24.702363967895508,0.2692103034276761,1.7272172276448932,5.877632393101263,20.250865229496316,push-up_14.mp4,72
79.623602492237,56.04983414701572,6.894863129256521,0.06356841325759888,25.158767700195312,0.34750749931841807,1.7990373933325425,6.594871295306629,23.397666022828016,push-up_14.mp4,75
79.58895994476308,57.14045384771204,6.171775828820728,0.05678866058588028,25.555143356323242,0.3283639631648372,1.6977652247485098,6.050224001191042,24.102058720493655,push-up_14.mp4,78
90.84949497322458,52.87349403387379,5.1427756427994495,0.04849500581622124,25.662918090820312,0.5284610513837168,2.087019664218214,15.50765619329848,27.27109736751794,push-up_14.mp4,81
114.20504800037833,81.28093205641035,5.5183205361275895,0.051806606352329254,29.745817184448242,0.3368437566152163,2.5500092918975925,31.09913276332994,7.3704105235953445,push-up_14.mp4,84
139.12135912619613,157.67428953015647,3.963830784949266,0.03713773190975189,39.448638916015625,0.1250215795814582,2.534972163957916,41.8655455547906,58.42876743343487,push-up_14.mp4,87
152.66349067697615,168.84067886473855,0.6749268154597132,0.0061935135163366795,43.8902587890625,0.10063439121689792,2.238954379426065,45.982771178902865,57.92953638255463,push-up_14.mp4,90
161.40761061056284,172.6464600718341,6.0760253624369795,0.0539851076900959,55.791587829589844,0.06728760669380755,1.8106030159369921,54.8428076598245,58.01668220091981,push-up_14.mp4,93
171.7743571586867,175.63591857685773,7.100642796997903,0.06197134405374527,57.12287139892578,0.0222305538314619,1.906736783164506,59.66237640079366,59.08275913870553,push-up_14.mp4,96
171.00653783289394,177.1135061318136,7.2197454112833555,0.06305882334709167,58.00688171386719,0.03508541610743215,1.9069374421613217,59.771566750179474,60.36478178805714,push-up_14.mp4,99
161.69578789887044,174.7066465601785,5.372755439352346,0.04666469618678093,57.47144317626953,0.07735293998231704,1.947878843804589,53.662892042275345,60.336125120495346,push-up_14.mp4,102
162.02036130412537,172.4152443298779,3.705440356052833,0.032965753227472305,54.11697006225586,0.06216373406800707,2.191262894734814,52.63568364470443,58.163399221934604,push-up_14.mp4,105
149.08269242358267,164.86019992309429,0.32983799354829557,0.0029763078782707453,45.517879486083984,0.10051195860226085,2.191611898739267,45.99762868638209,57.14089292856037,push-up_14.mp4,108
137.92559330032094,156.37730735208916,0.8374339253527125,0.00788644514977932,38.2977294921875,0.12539267544332383,2.306323249467536,42.535944431597876,52.302957600490984,push-up_14.mp4,111
128.36716145205864,154.94122423357905,5.093007051203017,0.046928830444812775,31.526962280273438,0.18759813774808137,2.401960057417714,35.95464403968094,55.96612448486648,push-up_14.mp4,114
110.17905957516183,78.61590633535374,3.3253715595419067,0.03091246820986271,27.362260818481445,0.3343643522229114,1.9615887029635872,28.867968978720157,12.475772524129013,push-up_14.mp4,117
93.5045245823104,66.36028386097512,0.07661668268386279,0.0006851709331385791,27.624032974243164,0.33958994459953473,1.5438011573949595,20.558164055663244,16.4787131664547,push-up_14.mp4,120
84.35719214802543,50.19356627475479,2.5342773553788334,0.023398183286190033,23.151472091674805,0.5078176633672032,2.1840013137835097,9.1912882225126,29.18646752615843,push-up_14.mp4,123
84.32846061288365,50.954547830153274,4.673069915247254,0.04422120004892349,22.45669174194336,0.4933940066358443,2.229205425899757,9.100706433625223,25.438518414113652,push-up_14.mp4,126
86.6897643342561,50.38349664921939,6.792318034426501,0.06271248310804367,24.36777687072754,0.5297352295341324,2.2973027954208907,9.894634422767991,23.180748244305157,push-up_14.mp4,129
95.80217476720244,53.220913839117586,7.4316003009421365,0.07084781676530838,24.892763137817383,0.5714719957331363,2.084821273802952,17.30745350585986,25.65789782100019,push-up_14.mp4,132
106.7131249333034,74.6640428531038,6.027793334562716,0.055379584431648254,28.72557830810547,0.35339709480899106,2.0980026091407553,23.27438139501458,17.040525346523257,push-up_14.mp4,135
129.14007806024068,155.4906316914766,1.53607821735514,0.014298117719590664,37.94871520996094,0.18515608280091386,2.2464146695537632,37.16620011387824,55.693187894684144,push-up_14.mp4,138
146.0041382861029,165.82206826828417,2.2370341690513555,0.020988652482628822,47.87214279174805,0.1271088161650374,2.4031261868525555,44.48635007292606,57.09249150178986,push-up_14.mp4,141
163.40350489523246,174.50827171669053,3.1568452080755947,0.028394650667905807,56.233394622802734,0.06572583490756177,2.1526578067863293,51.70194381963456,58.18731026350835,push-up_14.mp4,144
170.2076240520732,177.06915517453177,5.5775943807680335,0.049633000046014786,58.35103988647461,0.03951621031351078,2.230411277013093,57.23106988879872,60.1306460968795,push-up_14.mp4,147
112.82917207401094,114.95443142534823,1.4105595345125437,0.012935468927025795,40.6483039855957,0.018660336553533104,1.9879200928821863,25.214048011455205,21.59231673718435,push-up_15.mp4,0
131.89187913643437,150.60836106913027,2.814594767649652,0.026327649131417274,49.982418060302734,0.13250595411229832,2.4246537293181545,39.552990655683814,49.245763992632206,push-up_15.mp4,3
150.61734581044172,162.24556399943955,4.012247311317225,0.03657807037234306,52.63384246826172,0.07433427117368437,2.322863254211524,45.91322519393167,54.63617931208102,push-up_15.mp4,6
166.23506921929538,170.65409592756882,11.414473838564959,0.1019820123910904,62.897247314453125,0.026234305910948455,2.108807822044373,56.16146579205719,59.78056232225331,push-up_15.mp4,9
171.7794907521649,173.05733878216344,13.659385165624116,0.12543345987796783,64.9171371459961,0.007411319908747408,2.1220453964524215,60.5224256423758,61.81533345234386,push-up_15.mp4,12
168.94755197917436,174.5369296718628,14.033444998546003,0.1290428191423416,62.41739273071289,0.0325451540973368,2.064775392898201,60.10830394402416,63.382960320347145,push-up_15.mp4,15
166.50283560977476,173.71971052823378,10.039617502509145,0.09078923612833023,57.37594985961914,0.04242443659528399,2.0192219945566148,56.12215856116065,58.58408702361898,push-up_15.mp4,18
159.38491173327023,171.0495245454323,9.845344464182347,0.08916343003511429,60.29351043701172,0.07060167786098195,2.0448304712816348,51.99120856058012,58.92342560751319,push-up_15.mp4,21
152.16158819491218,164.15808526889566,2.5151280674389795,0.022509105503559113,54.33960723876953,0.07585046445336618,2.265284525153594,46.07740814887194,55.106195359201955,push-up_15.mp4,24
135.75866613592171,151.6757355969872,3.5474029351344427,0.03313710540533066,47.98308181762695,0.11075270994079565,2.52498699055666,40.721307791070956,52.76640427430333,push-up_15.mp4,27
115.84188567359321,96.52822262916037,1.0324929862928514,0.009384170174598694,39.35703659057617,0.1818868314263832,2.1167343068163333,29.327026711359867,2.972428430684275,push-up_15.mp4,30
98.38805832708178,75.19868830778204,11.653522846265929,0.1028807982802391,38.273704528808594,0.2671790383637769,2.1422388475125125,15.567665704393969,11.714080734899213,push-up_15.mp4,33
84.8187514855231,61.321216361125245,11.666348301474017,0.10126016288995743,32.93846130371094,0.32157575330870386,1.8963793230566308,4.764482172919088,20.691646618856126,push-up_15.mp4,36
69.27709625217243,52.8072538007657,10.357594842839546,0.09172496944665909,35.26386642456055,0.2698108716516914,1.5385236264967086,4.95384953839344,28.841070685965107,push-up_15.mp4,39
72.61822253114053,61.06357459472,12.263389920920218,0.1121574118733406,35.48316192626953,0.17286793243124798,1.563715724501067,1.9691107226616789,21.429982415595795,push-up_15.mp4,42
70.58102861625768,58.542800162599406,12.093262479160785,0.11348800361156464,36.41738510131836,0.18646021524463086,1.6328523956479901,3.667730128609383,22.819708063884846,push-up_15.mp4,45
91.58380944229353,60.63235114691229,14.526193374577815,0.12445779144763947,39.472469329833984,0.4066776901423976,1.9679554282231329,11.589984567613968,22.507891805962213,push-up_15.mp4,48
108.35637163437625,102.1922862039802,11.73599486148683,0.10867161303758621,40.40171813964844,0.058552597710011214,1.9590549749672361,23.150615923007845,7.86057466546746,push-up_15.mp4,51
126.08485078785606,154.26409873322405,4.099210003110954,0.03699430078268051,47.588138580322266,0.20102980941078308,2.3199709773758603,31.438194023428906,52.838491387259936,push-up_15.mp4,54
146.92907262218418,160.1749226926925,0.8411642285973926,0.007718499284237623,55.24049377441406,0.08626296155429182,2.235303226770877,42.819375078812996,53.74082145075528,push-up_15.mp4,57
156.67129758964535,170.67367380826735,5.80062671800016,0.049863893538713455,61.90114212036133,0.08555119181348934,2.0628170535977635,47.92384763764715,56.4429979366977,push-up_15.mp4,60
170.36042533069096,173.77300767994137,9.069150538005232,0.08105609565973282,64.97598266601562,0.019832902135637483,2.060286838809115,56.44664516772344,58.08546947129592,push-up_15.mp4,63
169.63405078317197,174.8850735730386,8.222157120045296,0.07444721460342407,64.69783020019531,0.03048320060419871,2.1848009853306536,56.17849413319142,59.04216317529703,push-up_15.mp4,66
165.96321758964348,174.01283213434135,9.543633902789082,0.08481479436159134,60.61149978637695,0.04735400950292285,1.9664296477377337,55.586673414292214,58.317155515655415,push-up_15.mp4,69
160.99142788979273,172.90369602308093,8.714019675280213,0.07441882789134979,59.622745513916016,0.07135335187701976,2.010746452076398,51.34932183130022,58.45994336754408,push-up_15.mp4,72
151.25264027861004,165.66072743888043,3.618607116025686,0.031170209869742393,55.495628356933594,0.09092760752909824,2.053283718165932,45.45133346225013,57.38227050948372,push-up_15.mp4,75
143.5554911113676,153.62841211099047,0.1948335566895878,0.0017694149864837527,48.60726547241211,0.06778914261776925,1.953449704439168,45.46321180114445,51.3817482761076,push-up_15.mp4,78
130.69544701806376,144.01844035088388,6.639443859694353,0.06062347814440727,38.1600341796875,0.09699541192052663,2.836753865386744,33.54892098330145,41.09174855908845,push-up_15.mp4,81
112.57737919308113,88.79776262808377,10.768376593241499,0.09738048166036606,35.779537200927734,0.23617231352333748,1.9213027910416611,24.34665252317354,8.44778045731394,push-up_15.mp4,84
95.21477277351465,65.68249164791392,18.933092397339323,0.16627922654151917,39.189186096191406,0.36709488171593263,2.143962514778498,10.492331956026984,17.54775280854511,push-up_15.mp4,87
78.52631409436134,58.27854464609993,13.63754550537962,0.12453239411115646,36.14691162109375,0.29600950777156787,1.9561017427419423,3.262968197350257,25.13396320938652,push-up_15.mp4,90
78.33729343699069,50.760217125499516,13.998898637827466,0.12554338574409485,33.96149826049805,0.42722863037924147,1.8841222220260019,1.6172524964853183,32.073901376315725,push-up_15.mp4,93
77.63326676969362,52.041443657762,14.443671431360883,0.13169193267822266,34.4835205078125,0.3947080047847655,2.0285054320422677,4.040263176672517,30.823913472287938,push-up_15.mp4,96
78.95599494427826,51.84617239258104,16.000211929852952,0.14477314054965973,34.13596725463867,0.4145164121307007,2.16019414885069,2.180231670867432,29.22963364828054,push-up_15.mp4,99
97.30343394476786,71.63424764438732,19.0425250863411,0.1665564924478531,39.97444534301758,0.3038894112777781,1.9975415299703296,10.538907323038417,15.062446288452279,push-up_15.mp4,102
114.69711064347203,120.04536354918218,11.657596731710072,0.10425443947315216,43.95598602294922,0.04556698078696077,2.0123681760940784,23.6692167745037,23.65975545641667,push-up_15.mp4,105
135.13487195667426,152.86841450328473,4.624824852055951,0.04345955327153206,55.989933013916016,0.12314819573474524,2.4248190524343234,36.25021552767296,47.172218545909566,push-up_15.mp4,108
154.39965941937265,167.19096475876353,3.549279037736767,0.030947130173444748,60.6982536315918,0.07955023795908606,2.2319261877345578,44.62094316323448,51.89437181977304,push-up_15.mp4,111
165.94634528717947,172.70066355099672,6.061941936479599,0.05251995101571083,63.10280990600586,0.0398900216894863,1.9092387710718923,52.560662023169705,55.826551024511694,push-up_15.mp4,114
170.3591201546162,176.5911313679174,6.8812802224928475,0.0629907101392746,64.78334045410156,0.035924523391771934,2.023721945261616,55.327708148655354,58.079824664263455,push-up_15.mp4,117
168.5465409910546,174.8640867042615,8.344661824593402,0.07268710434436798,63.58807373046875,0.03679295399565798,2.0223721043341576,55.92437679677074,59.33743738953599,push-up_15.mp4,120
154.1789751310628,171.0421302112959,2.4683897325549253,0.022088615223765373,57.47554016113281,0.10370271057581788,2.175163706367147,44.82353281494289,56.09939173444468,push-up_15.mp4,123
145.2932567665149,162.1720199546479,2.340171943024643,0.02112087979912758,53.022056579589844,0.10979297153896302,2.2812291693208073,44.01630572608598,53.98146695112996,push-up_15.mp4,126
129.35560293362553,156.6317974057169,3.2627281907118686,0.030285578221082687,45.68730926513672,0.19075102217598677,2.314664114843474,34.64143169910255,50.57385784266639,push-up_15.mp4,129
114.11252303038688,97.61012852511594,9.018856021391173,0.08327260613441467,38.496707916259766,0.15588690566672656,2.138534424371601,25.987811992644087,0.6696879171269656,push-up_15.mp4,132
94.74668816991456,69.76840363639343,10.54969404914226,0.09155523031949997,40.49058532714844,0.3036594911660669,2.0526447038733626,12.466948218314032,12.529455747108786,push-up_15.mp4,135
82.74358244577932,64.26021386320117,13.369698528832885,0.11524145305156708,35.77170181274414,0.2514679082671962,1.7770468142977676,3.0553729450365945,20.74763249508515,push-up_15.mp4,138
76.44171089791801,64.66110974515718,12.747536058480733,0.11882653087377548,34.85063552856445,0.16697896043567131,1.7043450761689392,2.2460276672113757,19.09095979240198,push-up_15.mp4,141
72.70766156769753,54.14342369312693,10.433243786875806,0.09387080371379852,36.401554107666016,0.29269340244744146,1.612790570924483,3.410189365489501,24.953766131097467,push-up_15.mp4,144
75.2570182581706,57.358819938301394,10.596707265634308,0.09635796397924423,36.071075439453125,0.2699255015581594,1.6885574314109952,1.8762800969214435,24.910918231696495,push-up_15.mp4,147
112.82917207401094,114.95443142534823,1.4105595345125437,0.012935468927025795,40.6483039855957,0.018660336553533104,1.9879200928821863,25.214048011455205,21.59231673718435,push-up_15.mp4,0
131.89187913643437,150.60836106913027,2.814594767649652,0.026327649131417274,49.982418060302734,0.13250595411229832,2.4246537293181545,39.552990655683814,49.245763992632206,push-up_15.mp4,3
150.61734581044172,162.24556399943955,4.012247311317225,0.03657807037234306,52.63384246826172,0.07433427117368437,2.322863254211524,45.91322519393167,54.63617931208102,push-up_15.mp4,6
166.23506921929538,170.65409592756882,11.414473838564959,0.1019820123910904,62.897247314453125,0.026234305910948455,2.108807822044373,56.16146579205719,59.78056232225331,push-up_15.mp4,9
171.7794907521649,173.05733878216344,13.659385165624116,0.12543345987796783,64.9171371459961,0.007411319908747408,2.1220453964524215,60.5224256423758,61.81533345234386,push-up_15.mp4,12
168.94755197917436,174.5369296718628,14.033444998546003,0.1290428191423416,62.41739273071289,0.0325451540973368,2.064775392898201,60.10830394402416,63.382960320347145,push-up_15.mp4,15
166.50283560977476,173.71971052823378,10.039617502509145,0.09078923612833023,57.37594985961914,0.04242443659528399,2.0192219945566148,56.12215856116065,58.58408702361898,push-up_15.mp4,18
159.38491173327023,171.0495245454323,9.845344464182347,0.08916343003511429,60.29351043701172,0.07060167786098195,2.0448304712816348,51.99120856058012,58.92342560751319,push-up_15.mp4,21
152.16158819491218,164.15808526889566,2.5151280674389795,0.022509105503559113,54.33960723876953,0.07585046445336618,2.265284525153594,46.07740814887194,55.106195359201955,push-up_15.mp4,24
135.75866613592171,151.6757355969872,3.5474029351344427,0.03313710540533066,47.98308181762695,0.11075270994079565,2.52498699055666,40.721307791070956,52.76640427430333,push-up_15.mp4,27
115.84188567359321,96.52822262916037,1.0324929862928514,0.009384170174598694,39.35703659057617,0.1818868314263832,2.1167343068163333,29.327026711359867,2.972428430684275,push-up_15.mp4,30
98.38805832708178,75.19868830778204,11.653522846265929,0.1028807982802391,38.273704528808594,0.2671790383637769,2.1422388475125125,15.567665704393969,11.714080734899213,push-up_15.mp4,33
84.8187514855231,61.321216361125245,11.666348301474017,0.10126016288995743,32.93846130371094,0.32157575330870386,1.8963793230566308,4.764482172919088,20.691646618856126,push-up_15.mp4,36
69.27709625217243,52.8072538007657,10.357594842839546,0.09172496944665909,35.26386642456055,0.2698108716516914,1.5385236264967086,4.95384953839344,28.841070685965107,push-up_15.mp4,39
72.61822253114053,61.06357459472,12.263389920920218,0.1121574118733406,35.48316192626953,0.17286793243124798,1.563715724501067,1.9691107226616789,21.429982415595795,push-up_15.mp4,42
70.58102861625768,58.542800162599406,12.093262479160785,0.11348800361156464,36.41738510131836,0.18646021524463086,1.6328523956479901,3.667730128609383,22.819708063884846,push-up_15.mp4,45
91.58380944229353,60.63235114691229,14.526193374577815,0.12445779144763947,39.472469329833984,0.4066776901423976,1.9679554282231329,11.589984567613968,22.507891805962213,push-up_15.mp4,48
108.35637163437625,102.1922862039802,11.73599486148683,0.10867161303758621,40.40171813964844,0.058552597710011214,1.9590549749672361,23.150615923007845,7.86057466546746,push-up_15.mp4,51
126.08485078785606,154.26409873322405,4.099210003110954,0.03699430078268051,47.588138580322266,0.20102980941078308,2.3199709773758603,31.438194023428906,52.838491387259936,push-up_15.mp4,54
146.92907262218418,160.1749226926925,0.8411642285973926,0.007718499284237623,55.24049377441406,0.08626296155429182,2.235303226770877,42.819375078812996,53.74082145075528,push-up_15.mp4,57
156.67129758964535,170.67367380826735,5.80062671800016,0.049863893538713455,61.90114212036133,0.08555119181348934,2.0628170535977635,47.92384763764715,56.4429979366977,push-up_15.mp4,60
170.36042533069096,173.77300767994137,9.069150538005232,0.08105609565973282,64.97598266601562,0.019832902135637483,2.060286838809115,56.44664516772344,58.08546947129592,push-up_15.mp4,63
169.63405078317197,174.8850735730386,8.222157120045296,0.07444721460342407,64.69783020019531,0.03048320060419871,2.1848009853306536,56.17849413319142,59.04216317529703,push-up_15.mp4,66
165.96321758964348,174.01283213434135,9.543633902789082,0.08481479436159134,60.61149978637695,0.04735400950292285,1.9664296477377337,55.586673414292214,58.317155515655415,push-up_15.mp4,69
160.99142788979273,172.90369602308093,8.714019675280213,0.07441882789134979,59.622745513916016,0.07135335187701976,2.010746452076398,51.34932183130022,58.45994336754408,push-up_15.mp4,72
151.25264027861004,165.66072743888043,3.618607116025686,0.031170209869742393,55.495628356933594,0.09092760752909824,2.053283718165932,45.45133346225013,57.38227050948372,push-up_15.mp4,75
143.5554911113676,153.62841211099047,0.1948335566895878,0.0017694149864837527,48.60726547241211,0.06778914261776925,1.953449704439168,45.46321180114445,51.3817482761076,push-up_15.mp4,78
130.69544701806376,144.01844035088388,6.639443859694353,0.06062347814440727,38.1600341796875,0.09699541192052663,2.836753865386744,33.54892098330145,41.09174855908845,push-up_15.mp4,81
112.57737919308113,88.79776262808377,10.768376593241499,0.09738048166036606,35.779537200927734,0.23617231352333748,1.9213027910416611,24.34665252317354,8.44778045731394,push-up_15.mp4,84
95.21477277351465,65.68249164791392,18.933092397339323,0.16627922654151917,39.189186096191406,0.36709488171593263,2.143962514778498,10.492331956026984,17.54775280854511,push-up_15.mp4,87
78.52631409436134,58.27854464609993,13.63754550537962,0.12453239411115646,36.14691162109375,0.29600950777156787,1.9561017427419423,3.262968197350257,25.13396320938652,push-up_15.mp4,90
78.33729343699069,50.760217125499516,13.998898637827466,0.12554338574409485,33.96149826049805,0.42722863037924147,1.8841222220260019,1.6172524964853183,32.073901376315725,push-up_15.mp4,93
77.63326676969362,52.041443657762,14.443671431360883,0.13169193267822266,34.4835205078125,0.3947080047847655,2.0285054320422677,4.040263176672517,30.823913472287938,push-up_15.mp4,96
78.95599494427826,51.84617239258104,16.000211929852952,0.14477314054965973,34.13596725463867,0.4145164121307007,2.16019414885069,2.180231670867432,29.22963364828054,push-up_15.mp4,99
97.30343394476786,71.63424764438732,19.0425250863411,0.1665564924478531,39.97444534301758,0.3038894112777781,1.9975415299703296,10.538907323038417,15.062446288452279,push-up_15.mp4,102
114.69711064347203,120.04536354918218,11.657596731710072,0.10425443947315216,43.95598602294922,0.04556698078696077,2.0123681760940784,23.6692167745037,23.65975545641667,push-up_15.mp4,105
135.13487195667426,152.86841450328473,4.624824852055951,0.04345955327153206,55.989933013916016,0.12314819573474524,2.4248190524343234,36.25021552767296,47.172218545909566,push-up_15.mp4,108
154.39965941937265,167.19096475876353,3.549279037736767,0.030947130173444748,60.6982536315918,0.07955023795908606,2.2319261877345578,44.62094316323448,51.89437181977304,push-up_15.mp4,111
165.94634528717947,172.70066355099672,6.061941936479599,0.05251995101571083,63.10280990600586,0.0398900216894863,1.9092387710718923,52.560662023169705,55.826551024511694,push-up_15.mp4,114
170.3591201546162,176.5911313679174,6.8812802224928475,0.0629907101392746,64.78334045410156,0.035924523391771934,2.023721945261616,55.327708148655354,58.079824664263455,push-up_15.mp4,117
168.5465409910546,174.8640867042615,8.344661824593402,0.07268710434436798,63.58807373046875,0.03679295399565798,2.0223721043341576,55.92437679677074,59.33743738953599,push-up_15.mp4,120
154.1789751310628,171.0421302112959,2.4683897325549253,0.022088615223765373,57.47554016113281,0.10370271057581788,2.175163706367147,44.82353281494289,56.09939173444468,push-up_15.mp4,123
145.2932567665149,162.1720199546479,2.340171943024643,0.02112087979912758,53.022056579589844,0.10979297153896302,2.2812291693208073,44.01630572608598,53.98146695112996,push-up_15.mp4,126
129.35560293362553,156.6317974057169,3.2627281907118686,0.030285578221082687,45.68730926513672,0.19075102217598677,2.314664114843474,34.64143169910255,50.57385784266639,push-up_15.mp4,129
114.11252303038688,97.61012852511594,9.018856021391173,0.08327260613441467,38.496707916259766,0.15588690566672656,2.138534424371601,25.987811992644087,0.6696879171269656,push-up_15.mp4,132
94.74668816991456,69.76840363639343,10.54969404914226,0.09155523031949997,40.49058532714844,0.3036594911660669,2.0526447038733626,12.466948218314032,12.529455747108786,push-up_15.mp4,135
82.74358244577932,64.26021386320117,13.369698528832885,0.11524145305156708,35.77170181274414,0.2514679082671962,1.7770468142977676,3.0553729450365945,20.74763249508515,push-up_15.mp4,138
76.44171089791801,64.66110974515718,12.747536058480733,0.11882653087377548,34.85063552856445,0.16697896043567131,1.7043450761689392,2.2460276672113757,19.09095979240198,push-up_15.mp4,141
72.70766156769753,54.14342369312693,10.433243786875806,0.09387080371379852,36.401554107666016,0.29269340244744146,1.612790570924483,3.410189365489501,24.953766131097467,push-up_15.mp4,144
75.2570182581706,57.358819938301394,10.596707265634308,0.09635796397924423,36.071075439453125,0.2699255015581594,1.6885574314109952,1.8762800969214435,24.910918231696495,push-up_15.mp4,147
87.10086468623366,96.81867930447179,4.978309023985304,0.06036168709397316,36.28196716308594,0.10567462714815368,3.2852756493939888,16.24936265668549,19.818390024452786,push-up_16.mp4,0
107.2267934027357,120.63343776505008,6.6016475730590685,0.07871618121862411,39.80662536621094,0.11767428035691183,4.465096828116291,19.392629622075997,36.21185482380143,push-up_16.mp4,3
122.71759625308975,130.15091916621284,4.132848759638932,0.04762451723217964,42.75273513793945,0.058792000267785596,6.149790315329906,29.95602711315585,44.91716046952129,push-up_16.mp4,6
140.1447988871533,146.2802965571273,1.9486293899034024,0.022467561066150665,41.735416412353516,0.04284190015164041,5.3099231897562245,40.957472134481336,54.5774370933391,push-up_16.mp4,9
140.15309154723457,157.44375151391137,0.3911712289012428,0.0048248982056975365,43.35002136230469,0.11620190448810751,6.120134955653523,35.54160372236606,61.21190295314627,push-up_16.mp4,12
156.55675361836478,167.15292628078194,3.85798091032774,0.04816017672419548,51.16898727416992,0.06546713503110842,3.8194849221566964,47.25711851168894,63.72901300715776,push-up_16.mp4,15
164.78336031884712,176.10092168429938,1.3128370906506746,0.01653069444000721,56.523502349853516,0.06640119221072092,3.485987334070208,47.35362684962037,68.06547479796303,push-up_16.mp4,18
160.38419190422883,176.8286148819161,1.4663372321168424,0.018717126920819283,58.54093933105469,0.09753142613065746,3.854490866793493,49.36834832065976,67.67247768374688,push-up_16.mp4,21
166.1451782894753,177.15944439012722,0.810117159363898,0.010418401099741459,59.14099884033203,0.06416613918380737,4.055997314921183,50.12380744700407,67.39657134700983,push-up_16.mp4,24
161.27126761615654,178.26528073914122,2.6259956197322936,0.033232491463422775,60.53157043457031,0.10010123037006202,3.8703244305020097,53.40358812049717,65.60415215573532,push-up_16.mp4,27
166.54286881115127,176.77347476545498,4.12041488522479,0.0528852716088295,61.57294464111328,0.05959871206667967,4.965801163688818,51.77038773338046,67.93085031653239,push-up_16.mp4,30
161.77775897234727,178.79147246253433,4.667407508313715,0.056523047387599945,62.371192932128906,0.09991339157976846,2.7131935399432083,52.65792936801261,70.27262150059696,push-up_16.mp4,33
163.02572273356344,177.80358016621568,2.640638998918604,0.0331607386469841,57.989253997802734,0.08671705928405851,3.8735185529022482,53.22728369929288,68.45316332156527,push-up_16.mp4,36
162.36217228062858,177.26691233488341,5.075241437331783,0.06484918296337128,62.42610168457031,0.08777069296717165,4.428957939072032,52.34837441039244,68.29434947516265,push-up_16.mp4,39
164.77404693946605,178.99458477497686,3.1989820602155135,0.04064377397298813,64.64073181152344,0.08273319042863303,3.364865857322029,55.266681302438506,68.46563181190521,push-up_16.mp4,42
167.8595393689948,176.67374543638914,3.053963040222186,0.03882031887769699,63.49933624267578,0.05116606409957289,3.2894381389315037,58.86567893163815,69.63128465339383,push-up_16.mp4,45
164.57544537145228,176.13350134985527,3.6205004502459133,0.044987037777900696,63.41156005859375,0.06784709406446686,3.0227731560053694,54.706938295803226,69.34882235801037,push-up_16.mp4,48
157.16478147939432,176.22259814617144,3.2234899879720444,0.03882850706577301,61.681671142578125,0.11432836292832285,3.300225812340414,51.46975960910507,67.87282758646819,push-up_16.mp4,51
155.82302729954003,170.20246495747762,4.24879069398267,0.05263258144259453,63.61846923828125,0.08821051113758772,3.6894339147965085,51.347266539955974,67.0676503311563,push-up_16.mp4,54
157.4298758197476,167.03202557198136,2.556041402755284,0.031707532703876495,59.24796676635742,0.05918814943170117,3.30372805541694,50.18756457068043,66.38161330068421,push-up_16.mp4,57
149.46797604111373,163.03470898270155,3.93795791006238,0.04788580164313316,55.973453521728516,0.0868263448075905,4.228193664921185,48.91494229362671,65.57555584955922,push-up_16.mp4,60
137.5479272559279,150.95866516829756,1.232258762921191,0.014679577201604843,53.13307571411133,0.09296659601213034,4.399911865654375,41.01015298451118,57.89190759929773,push-up_16.mp4,63
136.39519296619895,141.84336147333804,2.418080067016888,0.028953738510608673,47.30279541015625,0.039161851729092485,6.16340141757891,38.558596851578905,52.60749539723397,push-up_16.mp4,66
132.15573931595648,134.42728040619951,1.8962009521578125,0.022269688546657562,46.364707946777344,0.017041903813757746,8.116199980551638,38.159363605871405,50.87552492495141,push-up_16.mp4,69
120.5275078538583,129.34096314568401,2.8663498108642216,0.0320819728076458,40.86817169189453,0.07054475706014035,9.31140649372368,35.88965842304734,47.06010417056204,push-up_16.mp4,72
107.59769100909624,121.00994486700424,4.54570864642173,0.051799476146698,40.916046142578125,0.11733863400063417,17.818340789501363,27.297775456957353,41.250040646125065,push-up_16.mp4,75
92.54020442260078,105.03172336669695,3.3815932152122627,0.03724072873592377,37.76552963256836,0.12645034225123175,4.404540951735516,17.256262586808926,31.949807392320338,push-up_16.mp4,78
93.22854811314072,92.3309786381465,8.652059977902923,0.09470881521701813,39.57517623901367,0.00967419448312413,2.5111303819208914,16.278884105906545,20.396731249660334,push-up_16.mp4,81
78.91609414866623,89.25967034996182,11.63699314328494,0.13257916271686554,39.542484283447266,0.12300911765892371,2.5407483106795,10.730676433461062,16.42414688772659,push-up_16.mp4,84
74.15921220563553,74.28520886515462,9.814418789444034,0.10899794101715088,39.013641357421875,0.001697560051232961,2.1484101176768218,8.738150985855505,7.6929414395566145,push-up_16.mp4,87
76.14957467594947,78.3338167895744,10.138786761519498,0.11451221257448196,38.6050910949707,0.028278018664710518,2.159151564017083,8.361000464989388,8.804396817692396,push-up_16.mp4,90
62.80065142448132,66.4817634731409,12.371050155415958,0.1430433988571167,41.15010452270508,0.056946833048788933,2.079050378893841,3.4730510366050056,3.076380420156742,push-up_16.mp4,93
64.05157609672759,65.5515712089507,10.030151149217659,0.11584629118442535,38.13542175292969,0.02314751058761362,2.9974855743264164,0.5581307278899919,0.7783348918327991,push-up_16.mp4,96
61.09582959831199,65.30427263376657,8.84591138564332,0.10022293776273727,38.08527374267578,0.06658923467842802,2.3791376597664082,2.7708573018609637,3.3949411126800713,push-up_16.mp4,99
60.306746755958905,59.053372983692896,10.967957482737688,0.1290736347436905,39.89768981933594,0.021001550182755634,2.5546069817878885,7.646703758488193,7.065858019236914,push-up_16.mp4,102
55.2666189689792,60.52357112954793,10.293289983450705,0.11689288169145584,37.615814208984375,0.0908013391479111,5.297498968941535,1.5495236205194691,2.841864651988847,push-up_16.mp4,105
57.10238784381629,63.250025877877675,11.621525288216816,0.1374916136264801,37.45889663696289,0.10216061055954133,6.689862819266751,0.49810818577135096,1.3147734046617383,push-up_16.mp4,108
56.50390291248331,61.118355723880605,10.467585926141282,0.1243877038359642,39.21688461303711,0.07846223775829952,2.181486976440926,5.973663316312444,5.197236017605034,push-up_16.mp4,111
57.196020972214356,62.263886897857624,9.347628344502397,0.11493267863988876,40.921844482421875,0.0848463056099997,3.369224076231347,9.911751198885781,7.6101469390238385,push-up_16.mp4,114
69.43871831053701,73.36441915118668,6.4634135388456,0.0775764063000679,37.73477554321289,0.054980596511080095,2.5019369750838907,1.148588148031461,4.34748923433365,push-up_16.mp4,117
94.77772497224449,96.22977698016713,5.542487798681947,0.06572789698839188,35.771968841552734,0.01520413589079256,2.6153719785423473,12.097597750079913,19.799303243676277,push-up_16.mp4,120
114.65306380789714,116.49358700320609,6.074444214592262,0.06951027363538742,37.86567306518555,0.015925155643401922,2.7396079632224373,26.451288844302407,33.75008779783414,push-up_16.mp4,123
128.40906684391098,132.92961504581913,4.993398192854613,0.05498737469315529,43.42043685913086,0.034595324115207465,5.286319017010495,36.77440106838414,43.98589950017607,push-up_16.mp4,126
138.1208446847266,145.65744085189488,6.4950999383493695,0.07541820406913757,45.122859954833984,0.05311608781423616,5.3818419795932275,37.863270936775194,49.85075183777667,push-up_16.mp4,129
155.7693581943983,156.7988026633501,4.330336110054986,0.050622906535863876,47.91885757446289,0.006587007877749268,5.78923831271892,48.6463581770736,56.60344133925358,push-up_16.mp4,132
159.95277344611563,164.36855661111028,1.3086568390523894,0.015860244631767273,54.98157501220703,0.027230914255411406,5.808726531146311,51.69633443927696,58.983034046168,push-up_16.mp4,135
161.09162614107038,169.59235950215427,1.2904365150592412,0.017057787626981735,56.24993896484375,0.05141303316850269,5.863423133640247,50.086408085691446,60.71675592926524,push-up_16.mp4,138
87.10086468623366,96.81867930447179,4.978309023985304,0.06036168709397316,36.28196716308594,0.10567462714815368,3.2852756493939888,16.24936265668549,19.818390024452786,push-up_16.mp4,0
107.2267934027357,120.63343776505008,6.6016475730590685,0.07871618121862411,39.80662536621094,0.11767428035691183,4.465096828116291,19.392629622075997,36.21185482380143,push-up_16.mp4,3
122.71759625308975,130.15091916621284,4.132848759638932,0.04762451723217964,42.75273513793945,0.058792000267785596,6.149790315329906,29.95602711315585,44.91716046952129,push-up_16.mp4,6
140.1447988871533,146.2802965571273,1.9486293899034024,0.022467561066150665,41.735416412353516,0.04284190015164041,5.3099231897562245,40.957472134481336,54.5774370933391,push-up_16.mp4,9
140.15309154723457,157.44375151391137,0.3911712289012428,0.0048248982056975365,43.35002136230469,0.11620190448810751,6.120134955653523,35.54160372236606,61.21190295314627,push-up_16.mp4,12
156.55675361836478,167.15292628078194,3.85798091032774,0.04816017672419548,51.16898727416992,0.06546713503110842,3.8194849221566964,47.25711851168894,63.72901300715776,push-up_16.mp4,15
164.78336031884712,176.10092168429938,1.3128370906506746,0.01653069444000721,56.523502349853516,0.06640119221072092,3.485987334070208,47.35362684962037,68.06547479796303,push-up_16.mp4,18
160.38419190422883,176.8286148819161,1.4663372321168424,0.018717126920819283,58.54093933105469,0.09753142613065746,3.854490866793493,49.36834832065976,67.67247768374688,push-up_16.mp4,21
166.1451782894753,177.15944439012722,0.810117159363898,0.010418401099741459,59.14099884033203,0.06416613918380737,4.055997314921183,50.12380744700407,67.39657134700983,push-up_16.mp4,24
161.27126761615654,178.26528073914122,2.6259956197322936,0.033232491463422775,60.53157043457031,0.10010123037006202,3.8703244305020097,53.40358812049717,65.60415215573532,push-up_16.mp4,27
166.54286881115127,176.77347476545498,4.12041488522479,0.0528852716088295,61.57294464111328,0.05959871206667967,4.965801163688818,51.77038773338046,67.93085031653239,push-up_16.mp4,30
161.77775897234727,178.79147246253433,4.667407508313715,0.056523047387599945,62.371192932128906,0.09991339157976846,2.7131935399432083,52.65792936801261,70.27262150059696,push-up_16.mp4,33
163.02572273356344,177.80358016621568,2.640638998918604,0.0331607386469841,57.989253997802734,0.08671705928405851,3.8735185529022482,53.22728369929288,68.45316332156527,push-up_16.mp4,36
162.36217228062858,177.26691233488341,5.075241437331783,0.06484918296337128,62.42610168457031,0.08777069296717165,4.428957939072032,52.34837441039244,68.29434947516265,push-up_16.mp4,39
164.77404693946605,178.99458477497686,3.1989820602155135,0.04064377397298813,64.64073181152344,0.08273319042863303,3.364865857322029,55.266681302438506,68.46563181190521,push-up_16.mp4,42
167.8595393689948,176.67374543638914,3.053963040222186,0.03882031887769699,63.49933624267578,0.05116606409957289,3.2894381389315037,58.86567893163815,69.63128465339383,push-up_16.mp4,45
164.57544537145228,176.13350134985527,3.6205004502459133,0.044987037777900696,63.41156005859375,0.06784709406446686,3.0227731560053694,54.706938295803226,69.34882235801037,push-up_16.mp4,48
157.16478147939432,176.22259814617144,3.2234899879720444,0.03882850706577301,61.681671142578125,0.11432836292832285,3.300225812340414,51.46975960910507,67.87282758646819,push-up_16.mp4,51
155.82302729954003,170.20246495747762,4.24879069398267,0.05263258144259453,63.61846923828125,0.08821051113758772,3.6894339147965085,51.347266539955974,67.0676503311563,push-up_16.mp4,54
157.4298758197476,167.03202557198136,2.556041402755284,0.031707532703876495,59.24796676635742,0.05918814943170117,3.30372805541694,50.18756457068043,66.38161330068421,push-up_16.mp4,57
149.46797604111373,163.03470898270155,3.93795791006238,0.04788580164313316,55.973453521728516,0.0868263448075905,4.228193664921185,48.91494229362671,65.57555584955922,push-up_16.mp4,60
137.5479272559279,150.95866516829756,1.232258762921191,0.014679577201604843,53.13307571411133,0.09296659601213034,4.399911865654375,41.01015298451118,57.89190759929773,push-up_16.mp4,63
136.39519296619895,141.84336147333804,2.418080067016888,0.028953738510608673,47.30279541015625,0.039161851729092485,6.16340141757891,38.558596851578905,52.60749539723397,push-up_16.mp4,66
132.15573931595648,134.42728040619951,1.8962009521578125,0.022269688546657562,46.364707946777344,0.017041903813757746,8.116199980551638,38.159363605871405,50.87552492495141,push-up_16.mp4,69
120.5275078538583,129.34096314568401,2.8663498108642216,0.0320819728076458,40.86817169189453,0.07054475706014035,9.31140649372368,35.88965842304734,47.06010417056204,push-up_16.mp4,72
107.59769100909624,121.00994486700424,4.54570864642173,0.051799476146698,40.916046142578125,0.11733863400063417,17.818340789501363,27.297775456957353,41.250040646125065,push-up_16.mp4,75
92.54020442260078,105.03172336669695,3.3815932152122627,0.03724072873592377,37.76552963256836,0.12645034225123175,4.404540951735516,17.256262586808926,31.949807392320338,push-up_16.mp4,78
93.22854811314072,92.3309786381465,8.652059977902923,0.09470881521701813,39.57517623901367,0.00967419448312413,2.5111303819208914,16.278884105906545,20.396731249660334,push-up_16.mp4,81
78.91609414866623,89.25967034996182,11.63699314328494,0.13257916271686554,39.542484283447266,0.12300911765892371,2.5407483106795,10.730676433461062,16.42414688772659,push-up_16.mp4,84
74.15921220563553,74.28520886515462,9.814418789444034,0.10899794101715088,39.013641357421875,0.001697560051232961,2.1484101176768218,8.738150985855505,7.6929414395566145,push-up_16.mp4,87
76.14957467594947,78.3338167895744,10.138786761519498,0.11451221257448196,38.6050910949707,0.028278018664710518,2.159151564017083,8.361000464989388,8.804396817692396,push-up_16.mp4,90
62.80065142448132,66.4817634731409,12.371050155415958,0.1430433988571167,41.15010452270508,0.056946833048788933,2.079050378893841,3.4730510366050056,3.076380420156742,push-up_16.mp4,93
64.05157609672759,65.5515712089507,10.030151149217659,0.11584629118442535,38.13542175292969,0.02314751058761362,2.9974855743264164,0.5581307278899919,0.7783348918327991,push-up_16.mp4,96
61.09582959831199,65.30427263376657,8.84591138564332,0.10022293776273727,38.08527374267578,0.06658923467842802,2.3791376597664082,2.7708573018609637,3.3949411126800713,push-up_16.mp4,99
60.306746755958905,59.053372983692896,10.967957482737688,0.1290736347436905,39.89768981933594,0.021001550182755634,2.5546069817878885,7.646703758488193,7.065858019236914,push-up_16.mp4,102
55.2666189689792,60.52357112954793,10.293289983450705,0.11689288169145584,37.615814208984375,0.0908013391479111,5.297498968941535,1.5495236205194691,2.841864651988847,push-up_16.mp4,105
57.10238784381629,63.250025877877675,11.621525288216816,0.1374916136264801,37.45889663696289,0.10216061055954133,6.689862819266751,0.49810818577135096,1.3147734046617383,push-up_16.mp4,108
56.50390291248331,61.118355723880605,10.467585926141282,0.1243877038359642,39.21688461303711,0.07846223775829952,2.181486976440926,5.973663316312444,5.197236017605034,push-up_16.mp4,111
57.196020972214356,62.263886897857624,9.347628344502397,0.11493267863988876,40.921844482421875,0.0848463056099997,3.369224076231347,9.911751198885781,7.6101469390238385,push-up_16.mp4,114
69.43871831053701,73.36441915118668,6.4634135388456,0.0775764063000679,37.73477554321289,0.054980596511080095,2.5019369750838907,1.148588148031461,4.34748923433365,push-up_16.mp4,117
94.77772497224449,96.22977698016713,5.542487798681947,0.06572789698839188,35.771968841552734,0.01520413589079256,2.6153719785423473,12.097597750079913,19.799303243676277,push-up_16.mp4,120
114.65306380789714,116.49358700320609,6.074444214592262,0.06951027363538742,37.86567306518555,0.015925155643401922,2.7396079632224373,26.451288844302407,33.75008779783414,push-up_16.mp4,123
128.40906684391098,132.92961504581913,4.993398192854613,0.05498737469315529,43.42043685913086,0.034595324115207465,5.286319017010495,36.77440106838414,43.98589950017607,push-up_16.mp4,126
138.1208446847266,145.65744085189488,6.4950999383493695,0.07541820406913757,45.122859954833984,0.05311608781423616,5.3818419795932275,37.863270936775194,49.85075183777667,push-up_16.mp4,129
155.7693581943983,156.7988026633501,4.330336110054986,0.050622906535863876,47.91885757446289,0.006587007877749268,5.78923831271892,48.6463581770736,56.60344133925358,push-up_16.mp4,132
159.95277344611563,164.36855661111028,1.3086568390523894,0.015860244631767273,54.98157501220703,0.027230914255411406,5.808726531146311,51.69633443927696,58.983034046168,push-up_16.mp4,135
161.09162614107038,169.59235950215427,1.2904365150592412,0.017057787626981735,56.24993896484375,0.05141303316850269,5.863423133640247,50.086408085691446,60.71675592926524,push-up_16.mp4,138
130.42082651953277,127.35117348280576,158.54270324101293,0.05883760750293732,0.6743687987327576,0.023816807385590028,1.3062759640455812,63.97346379762522,62.38831963605843,push-up_17.mp4,0
143.7580441723844,132.24706044828056,118.69689175772207,0.09093361347913742,6.458174705505371,0.08341138284325758,1.4236947962671882,65.71546615586983,102.87194042136083,push-up_17.mp4,3
80.69100051438873,101.30792552387246,7.814242797047314,0.03412507846951485,4.595877647399902,0.2265609523997903,1.7243647554608665,104.19806338977759,124.63435915664145,push-up_17.mp4,6
121.70247505350689,128.3002972694445,18.634043158923248,0.0594559870660305,3.0746850967407227,0.05278199241258506,1.489717859088646,150.92651719288818,174.01178450726474,push-up_17.mp4,9
141.037955011638,134.19069966570947,173.34229774299848,0.06616684049367905,2.9585704803466797,0.04975684929285873,1.3685649853218338,54.808869989377285,68.99918241004347,push-up_17.mp4,12
127.10144853241937,129.44274115239503,84.11684374130608,0.11476878821849823,11.924140930175781,0.018252548403860803,1.3596690177220974,62.33135182716462,57.41954034569892,push-up_17.mp4,15
158.56381196397464,159.97260825106935,101.23713961666866,0.060431186109781265,18.488435745239258,0.008845433034901463,1.3554372966445134,31.776987569840724,31.45089409177818,push-up_17.mp4,18
174.51694992376676,178.06204582160956,147.0534164077985,0.016485141590237617,14.692045211791992,0.020109512708482373,1.3716922298121608,19.0592757981811,18.585607994665697,push-up_17.mp4,21
173.7528583292004,176.97722108062615,127.1523600906408,0.048874616622924805,9.94151782989502,0.01838657669083526,1.3418588057353737,19.15483211863086,17.62929359509402,push-up_17.mp4,24
163.53595721170197,164.320630315295,73.04011829073464,0.053140126168727875,9.430191993713379,0.004786684992433913,1.3686644685754525,27.43996050141343,26.789273328930694,push-up_17.mp4,27
134.80446490219873,136.4470372111379,148.54094494332884,0.06950477510690689,1.8164372444152832,0.012111065163818822,1.3331157828159879,63.22334575978031,56.24875466823219,push-up_17.mp4,30
157.91671755625046,142.22239759675765,101.1141130139028,0.10051488876342773,5.655198574066162,0.10458030404662184,1.5594469077178286,41.649485336474335,85.37127448869869,push-up_17.mp4,33
100.98990153439686,111.29692155807746,7.000145044975341,0.02668328955769539,2.35929274559021,0.09710466126473379,1.4784885014727738,131.1293394918972,150.51733931369498,push-up_17.mp4,36
68.07762908383516,66.4911655749751,2.6641068343701875,0.014169525355100632,4.827451705932617,0.023578475424149124,1.7077859101504544,84.25134377008658,88.55482131635449,push-up_17.mp4,39
171.5060378420434,134.4629180033,33.623798407794425,0.15197940170764923,3.8233706951141357,0.24213645947445347,2.7316239424537065,70.2531196717029,103.51197916256483,push-up_17.mp4,42
146.99643062314752,151.9939812106759,153.36921250245314,0.0627383217215538,0.7119849920272827,0.03342950402239651,1.4318200048831484,53.29289998606162,56.60747858572098,push-up_17.mp4,45
139.76338473767606,141.79672069056735,45.50916424146388,0.04398994892835617,26.085357666015625,0.014443352688752952,1.3903776733169522,53.44663620849423,45.14559500296178,push-up_17.mp4,48
160.8435234852447,158.10719554209572,125.34176255620957,0.05154525861144066,8.154111862182617,0.01715831180123109,1.401253717059353,31.851396308745407,33.662133895483386,push-up_17.mp4,51
176.83324803297296,179.61793882868304,173.79113778758455,0.00973252672702074,5.344538688659668,0.015624528116893924,1.3681788021161527,17.055668631172434,13.392394394254367,push-up_17.mp4,54
170.54630420678671,172.79488894803825,161.57737079906784,0.04623910039663315,7.038705348968506,0.013098252036641382,1.3970226006838702,21.656093068952437,19.461812637678825,push-up_17.mp4,57
156.17739787399103,150.55055247312637,159.1469370486446,0.05164939537644386,63.93425369262695,0.0366894858750034,1.333084796235743,36.72742147637113,38.011301338958056,push-up_17.mp4,60
149.28173492242317,131.81194299346086,81.34467870766971,0.06990323215723038,5.218932151794434,0.12429871819593226,1.2907230560899772,50.774396282492226,62.6453527891837,push-up_17.mp4,63
78.46867594485829,87.60872427049124,1.7970028926479245,0.008251304738223553,0.16014547646045685,0.11006974234641453,1.580811732102794,100.18719294100228,111.11677451269222,push-up_17.mp4,69
70.63172139254837,76.95910177910713,4.628677530086492,0.02009245567023754,0.32392364740371704,0.08574219251016303,1.4230050450031269,92.6876641568716,106.95189316990192,push-up_17.mp4,72
155.915450776507,171.44847514182274,27.831214803335257,0.05710525065660477,3.608825922012329,0.0948975933847452,0.7691415373550917,22.496246907066535,51.298022488331064,push-up_17.mp4,75
129.6607927922446,131.4199077905074,49.98329157695761,0.10276228934526443,11.440702438354492,0.0134756417792379,1.4060590380736917,62.33710874501316,57.9198837694728,push-up_17.mp4,78
146.99191038618164,146.3793902472976,153.78089707896376,0.03575268015265465,26.391258239746094,0.004175733192452135,1.396049228759243,42.26828404968092,40.07864212413673,push-up_17.mp4,81
167.9931757633216,167.6639398567313,55.83548722948875,0.03889318183064461,7.993670463562012,0.0019617394732246774,1.4080078202124355,24.06520207840395,23.90260526983872,push-up_17.mp4,84
175.52814354005233,179.88809416285156,173.22517388220987,0.011555430479347706,7.869938850402832,0.024534335577789553,1.4112089792716702,17.52405256550626,14.823829475732106,push-up_17.mp4,87
167.30539517086532,167.66849637687625,88.82591738560001,0.05312005802989006,9.025445938110352,0.0021679373537634283,1.4040106639474867,23.659704396467145,23.83522254319353,push-up_17.mp4,90
158.95829552696244,155.5021429515776,162.20264246588624,0.043257489800453186,70.3377685546875,0.021981477810733865,1.3539546203941475,32.3287124376979,33.3125295843652,push-up_17.mp4,93
132.1460474458558,132.81284513677133,168.95526814048807,0.03884036839008331,5.013515949249268,0.005033216167353884,1.3832338535378073,64.27670858667787,58.56346387809155,push-up_17.mp4,96
163.36617009580766,167.80254422806019,54.62909749127772,0.06798660010099411,2.986180305480957,0.026792229702676282,1.5273191697681106,28.634582007948698,83.94844640861199,push-up_17.mp4,99
57.98204165561225,65.92485536387723,3.1768743662974828,0.014678596518933773,0.37785810232162476,0.12820615961378878,1.5224216697554802,78.62764593148876,91.88404164923134,push-up_17.mp4,102
56.58509752488789,64.23845180713906,3.44366870259131,0.0166713185608387,0.14615437388420105,0.12668646674531145,1.3792452993657809,83.05825431163402,91.56563939948119,push-up_17.mp4,105
127.77793907861803,137.028279606696,51.21265198875008,0.06591466069221497,4.101343154907227,0.06986497956130505,1.3928880817010616,67.34325860920572,53.615929823957764,push-up_17.mp4,111
155.08921960203068,154.3149050789172,167.56593611455088,0.032988883554935455,43.2009162902832,0.005005198453071265,1.362720347458085,36.10302438917588,34.462588303005184,push-up_17.mp4,114
168.14563757457645,169.07644892785754,98.22035881571895,0.04570367932319641,16.603477478027344,0.0055204649430598204,1.352613937926365,25.218633135749716,23.53017126341335,push-up_17.mp4,117
172.02690753221432,176.60223424838912,169.5997159042724,0.03127916902303696,9.746066093444824,0.02624752877976052,1.3842688839039219,19.108556383898062,16.94205512806574,push-up_17.mp4,120
162.77870025211163,164.67599568779053,55.105945538969195,0.04598793387413025,32.59093475341797,0.011588140034046785,1.3776150963855593,27.14280136428425,26.445055018337793,push-up_17.mp4,123
144.7138455647334,144.75913268656453,115.52536975632954,0.0426381416618824,2.033390998840332,0.00031289360481738987,1.355586994740441,43.61407584172417,42.08665707293099,push-up_17.mp4,126
148.97947097051542,129.7427989740189,110.71545705220865,0.08207015693187714,2.6251392364501953,0.13803469669161783,1.3103588502901204,46.60625845608595,64.54280533641756,push-up_17.mp4,129
123.36709148051126,107.88237490055494,3.6932664717775765,0.014110607095062733,14.622204780578613,0.13392218215491763,2.0017004318631786,122.20680715204195,151.1445891976737,push-up_17.mp4,132
65.76050374377007,68.07819784144358,5.0174310963207915,0.02806215174496174,3.5796499252319336,0.034634139007958906,1.591584197945503,81.02781258935701,90.9030450649959,push-up_17.mp4,135
81.44968068031027,79.1013931901397,0.6685181423974029,0.0017945680301636457,1.2781026363372803,0.02925284065138569,1.3497994096300263,109.57239709539017,105.24219502313477,push-up_17.mp4,138
159.2039982361106,140.72533587879082,23.367453504819338,0.10167360305786133,29.46372413635254,0.1232201072419326,0.7386195842639424,15.900930992391567,31.683395821465027,push-up_17.mp4,141
139.91019897784884,137.52945791039176,89.15034231164748,0.058437976986169815,3.490426778793335,0.017162226151513013,1.3754442183038174,58.49509447855573,56.65129539892656,push-up_17.mp4,144
158.07848194194165,155.18967953511608,176.1687077839862,0.007243297528475523,18.667551040649414,0.018443000356020055,1.4042986624295257,32.96121798776308,33.7307875190972,push-up_17.mp4,147
130.42082651953277,127.35117348280576,158.54270324101293,0.05883760750293732,0.6743687987327576,0.023816807385590028,1.3062759640455812,63.97346379762522,62.38831963605843,push-up_17.mp4,0
143.7580441723844,132.24706044828056,118.69689175772207,0.09093361347913742,6.458174705505371,0.08341138284325758,1.4236947962671882,65.71546615586983,102.87194042136083,push-up_17.mp4,3
80.69100051438873,101.30792552387246,7.814242797047314,0.03412507846951485,4.595877647399902,0.2265609523997903,1.7243647554608665,104.19806338977759,124.63435915664145,push-up_17.mp4,6
121.70247505350689,128.3002972694445,18.634043158923248,0.0594559870660305,3.0746850967407227,0.05278199241258506,1.489717859088646,150.92651719288818,174.01178450726474,push-up_17.mp4,9
141.037955011638,134.19069966570947,173.34229774299848,0.06616684049367905,2.9585704803466797,0.04975684929285873,1.3685649853218338,54.808869989377285,68.99918241004347,push-up_17.mp4,12
127.10144853241937,129.44274115239503,84.11684374130608,0.11476878821849823,11.924140930175781,0.018252548403860803,1.3596690177220974,62.33135182716462,57.41954034569892,push-up_17.mp4,15
158.56381196397464,159.97260825106935,101.23713961666866,0.060431186109781265,18.488435745239258,0.008845433034901463,1.3554372966445134,31.776987569840724,31.45089409177818,push-up_17.mp4,18
174.51694992376676,178.06204582160956,147.0534164077985,0.016485141590237617,14.692045211791992,0.020109512708482373,1.3716922298121608,19.0592757981811,18.585607994665697,push-up_17.mp4,21
173.7528583292004,176.97722108062615,127.1523600906408,0.048874616622924805,9.94151782989502,0.01838657669083526,1.3418588057353737,19.15483211863086,17.62929359509402,push-up_17.mp4,24
163.53595721170197,164.320630315295,73.04011829073464,0.053140126168727875,9.430191993713379,0.004786684992433913,1.3686644685754525,27.43996050141343,26.789273328930694,push-up_17.mp4,27
134.80446490219873,136.4470372111379,148.54094494332884,0.06950477510690689,1.8164372444152832,0.012111065163818822,1.3331157828159879,63.22334575978031,56.24875466823219,push-up_17.mp4,30
157.91671755625046,142.22239759675765,101.1141130139028,0.10051488876342773,5.655198574066162,0.10458030404662184,1.5594469077178286,41.649485336474335,85.37127448869869,push-up_17.mp4,33
100.98990153439686,111.29692155807746,7.000145044975341,0.02668328955769539,2.35929274559021,0.09710466126473379,1.4784885014727738,131.1293394918972,150.51733931369498,push-up_17.mp4,36
68.07762908383516,66.4911655749751,2.6641068343701875,0.014169525355100632,4.827451705932617,0.023578475424149124,1.7077859101504544,84.25134377008658,88.55482131635449,push-up_17.mp4,39
171.5060378420434,134.4629180033,33.623798407794425,0.15197940170764923,3.8233706951141357,0.24213645947445347,2.7316239424537065,70.2531196717029,103.51197916256483,push-up_17.mp4,42
146.99643062314752,151.9939812106759,153.36921250245314,0.0627383217215538,0.7119849920272827,0.03342950402239651,1.4318200048831484,53.29289998606162,56.60747858572098,push-up_17.mp4,45
139.76338473767606,141.79672069056735,45.50916424146388,0.04398994892835617,26.085357666015625,0.014443352688752952,1.3903776733169522,53.44663620849423,45.14559500296178,push-up_17.mp4,48
160.8435234852447,158.10719554209572,125.34176255620957,0.05154525861144066,8.154111862182617,0.01715831180123109,1.401253717059353,31.851396308745407,33.662133895483386,push-up_17.mp4,51
176.83324803297296,179.61793882868304,173.79113778758455,0.00973252672702074,5.344538688659668,0.015624528116893924,1.3681788021161527,17.055668631172434,13.392394394254367,push-up_17.mp4,54
170.54630420678671,172.79488894803825,161.57737079906784,0.04623910039663315,7.038705348968506,0.013098252036641382,1.3970226006838702,21.656093068952437,19.461812637678825,push-up_17.mp4,57
156.17739787399103,150.55055247312637,159.1469370486446,0.05164939537644386,63.93425369262695,0.0366894858750034,1.333084796235743,36.72742147637113,38.011301338958056,push-up_17.mp4,60
149.28173492242317,131.81194299346086,81.34467870766971,0.06990323215723038,5.218932151794434,0.12429871819593226,1.2907230560899772,50.774396282492226,62.6453527891837,push-up_17.mp4,63
78.46867594485829,87.60872427049124,1.7970028926479245,0.008251304738223553,0.16014547646045685,0.11006974234641453,1.580811732102794,100.18719294100228,111.11677451269222,push-up_17.mp4,69
70.63172139254837,76.95910177910713,4.628677530086492,0.02009245567023754,0.32392364740371704,0.08574219251016303,1.4230050450031269,92.6876641568716,106.95189316990192,push-up_17.mp4,72
155.915450776507,171.44847514182274,27.831214803335257,0.05710525065660477,3.608825922012329,0.0948975933847452,0.7691415373550917,22.496246907066535,51.298022488331064,push-up_17.mp4,75
129.6607927922446,131.4199077905074,49.98329157695761,0.10276228934526443,11.440702438354492,0.0134756417792379,1.4060590380736917,62.33710874501316,57.9198837694728,push-up_17.mp4,78
146.99191038618164,146.3793902472976,153.78089707896376,0.03575268015265465,26.391258239746094,0.004175733192452135,1.396049228759243,42.26828404968092,40.07864212413673,push-up_17.mp4,81
167.9931757633216,167.6639398567313,55.83548722948875,0.03889318183064461,7.993670463562012,0.0019617394732246774,1.4080078202124355,24.06520207840395,23.90260526983872,push-up_17.mp4,84
175.52814354005233,179.88809416285156,173.22517388220987,0.011555430479347706,7.869938850402832,0.024534335577789553,1.4112089792716702,17.52405256550626,14.823829475732106,push-up_17.mp4,87
167.30539517086532,167.66849637687625,88.82591738560001,0.05312005802989006,9.025445938110352,0.0021679373537634283,1.4040106639474867,23.659704396467145,23.83522254319353,push-up_17.mp4,90
158.95829552696244,155.5021429515776,162.20264246588624,0.043257489800453186,70.3377685546875,0.021981477810733865,1.3539546203941475,32.3287124376979,33.3125295843652,push-up_17.mp4,93
132.1460474458558,132.81284513677133,168.95526814048807,0.03884036839008331,5.013515949249268,0.005033216167353884,1.3832338535378073,64.27670858667787,58.56346387809155,push-up_17.mp4,96
163.36617009580766,167.80254422806019,54.62909749127772,0.06798660010099411,2.986180305480957,0.026792229702676282,1.5273191697681106,28.634582007948698,83.94844640861199,push-up_17.mp4,99
57.98204165561225,65.92485536387723,3.1768743662974828,0.014678596518933773,0.37785810232162476,0.12820615961378878,1.5224216697554802,78.62764593148876,91.88404164923134,push-up_17.mp4,102
56.58509752488789,64.23845180713906,3.44366870259131,0.0166713185608387,0.14615437388420105,0.12668646674531145,1.3792452993657809,83.05825431163402,91.56563939948119,push-up_17.mp4,105
127.77793907861803,137.028279606696,51.21265198875008,0.06591466069221497,4.101343154907227,0.06986497956130505,1.3928880817010616,67.34325860920572,53.615929823957764,push-up_17.mp4,111
155.08921960203068,154.3149050789172,167.56593611455088,0.032988883554935455,43.2009162902832,0.005005198453071265,1.362720347458085,36.10302438917588,34.462588303005184,push-up_17.mp4,114
168.14563757457645,169.07644892785754,98.22035881571895,0.04570367932319641,16.603477478027344,0.0055204649430598204,1.352613937926365,25.218633135749716,23.53017126341335,push-up_17.mp4,117
172.02690753221432,176.60223424838912,169.5997159042724,0.03127916902303696,9.746066093444824,0.02624752877976052,1.3842688839039219,19.108556383898062,16.94205512806574,push-up_17.mp4,120
162.77870025211163,164.67599568779053,55.105945538969195,0.04598793387413025,32.59093475341797,0.011588140034046785,1.3776150963855593,27.14280136428425,26.445055018337793,push-up_17.mp4,123
144.7138455647334,144.75913268656453,115.52536975632954,0.0426381416618824,2.033390998840332,0.00031289360481738987,1.355586994740441,43.61407584172417,42.08665707293099,push-up_17.mp4,126
148.97947097051542,129.7427989740189,110.71545705220865,0.08207015693187714,2.6251392364501953,0.13803469669161783,1.3103588502901204,46.60625845608595,64.54280533641756,push-up_17.mp4,129
123.36709148051126,107.88237490055494,3.6932664717775765,0.014110607095062733,14.622204780578613,0.13392218215491763,2.0017004318631786,122.20680715204195,151.1445891976737,push-up_17.mp4,132
65.76050374377007,68.07819784144358,5.0174310963207915,0.02806215174496174,3.5796499252319336,0.034634139007958906,1.591584197945503,81.02781258935701,90.9030450649959,push-up_17.mp4,135
81.44968068031027,79.1013931901397,0.6685181423974029,0.0017945680301636457,1.2781026363372803,0.02925284065138569,1.3497994096300263,109.57239709539017,105.24219502313477,push-up_17.mp4,138
159.2039982361106,140.72533587879082,23.367453504819338,0.10167360305786133,29.46372413635254,0.1232201072419326,0.7386195842639424,15.900930992391567,31.683395821465027,push-up_17.mp4,141
139.91019897784884,137.52945791039176,89.15034231164748,0.058437976986169815,3.490426778793335,0.017162226151513013,1.3754442183038174,58.49509447855573,56.65129539892656,push-up_17.mp4,144
158.07848194194165,155.18967953511608,176.1687077839862,0.007243297528475523,18.667551040649414,0.018443000356020055,1.4042986624295257,32.96121798776308,33.7307875190972,push-up_17.mp4,147
156.49358640276066,163.05068033516758,4.959383166060661,0.04595918580889702,50.97235107421875,0.04104028527468264,3.5800983739505265,61.027267416117546,71.05646479834878,push-up_18.mp4,0
158.10088591707628,163.45343595677411,1.8453597248916367,0.0173688642680645,46.92927932739258,0.03329173129134741,3.347487791496604,60.431620250816046,65.62783437216049,push-up_18.mp4,3
159.5491007585329,164.7636734936614,1.7694566796898812,0.016768569126725197,47.62966537475586,0.032157677089053066,3.9489962041874414,60.576277007121625,66.51816332609128,push-up_18.mp4,6
162.18350161400824,166.40455169275833,9.257459223171367,0.0872056633234024,48.10095977783203,0.025692048364335175,3.2917568008773768,67.56631029920655,69.89271003172308,push-up_18.mp4,9
158.94814904619656,168.3530388926499,9.659846325971301,0.08765974640846252,53.07354736328125,0.05746932912575042,3.325906608403827,67.63471012282808,75.11164893531927,push-up_18.mp4,12
156.0684929224902,164.8341876668727,6.603073275661302,0.06112993508577347,50.29698181152344,0.05463148346585086,3.1662013343323947,65.6808164640203,71.59681863386565,push-up_18.mp4,15
152.53369790648466,162.91894323014571,3.502690285129944,0.03269673138856888,48.074310302734375,0.06584345140520123,3.087091181788175,64.55104108696808,73.52395065133535,push-up_18.mp4,18
151.86618783605758,159.3910815266991,2.440077727938217,0.022440746426582336,50.14679718017578,0.04835160127213993,3.034268790334991,64.82338578420581,72.65703447000129,push-up_18.mp4,21
142.69119016761792,157.87729090932675,1.0907394777218258,0.010464034974575043,44.93410873413086,0.10104918977064152,3.439050719201457,62.403719273366825,69.30589152133554,push-up_18.mp4,24
138.69337909684526,153.6115411970569,1.494755017112368,0.015331346541643143,44.34772872924805,0.10207260339793094,3.369102295247174,60.752928188211754,70.9115550591731,push-up_18.mp4,27
134.58761037610586,151.32982793587473,3.609288316646939,0.03618530184030533,44.339080810546875,0.11711225211454573,3.49196378210628,62.00672910415878,73.3007559203548,push-up_18.mp4,30
130.53376760612318,146.0932138856167,0.602958668602497,0.006080324295908213,40.2715950012207,0.11249406110414528,2.9372971563718826,56.29050813220915,70.07328004196427,push-up_18.mp4,33
121.766119357364,140.06028080812447,0.0342640200960318,0.00032930393354035914,37.55295944213867,0.1397426801819646,3.4723114858448687,53.07441002708112,67.00382698551542,push-up_18.mp4,36
116.871555189781,135.02124869192673,1.1511408441415654,0.011763235554099083,41.446205139160156,0.14410648674718843,2.2484331919627243,46.668169957862986,67.67026253513994,push-up_18.mp4,39
120.56686501385546,131.10016092105067,1.59458667907802,0.016407711431384087,38.4311637878418,0.08370819234713454,2.0795165666409146,40.81726300018406,66.08021927056225,push-up_18.mp4,42
125.20912610967329,129.3712485956159,1.4923966044938766,0.01594759151339531,39.794673919677734,0.032697905254957825,1.9323410498121185,45.08414457360985,61.73760026334427,push-up_18.mp4,45
117.37292424436114,129.2933156327803,3.3525198725209293,0.03637947514653206,36.457088470458984,0.09665198929822265,2.001533902756722,37.20957029262946,57.14880820780692,push-up_18.mp4,48
94.97328814775605,121.40216806505384,3.153929190620545,0.03465869650244713,32.649295806884766,0.24428722536168263,2.041796971123326,8.474031748385258,53.721243664040436,push-up_18.mp4,51
63.63041743494269,112.95898249384868,2.032399112204672,0.022636190056800842,31.141305923461914,0.5586809296458047,2.352695881795315,16.124272013710097,47.30692011507733,push-up_18.mp4,54
48.26693249980328,101.64742046651376,3.41856126570147,0.037916529923677444,32.95257568359375,0.7121464611024148,2.207971502823799,26.4656682174165,36.25944367722782,push-up_18.mp4,57
51.98677873444331,97.3889489069109,4.014247949022575,0.0457625575363636,32.10138702392578,0.607892204300776,2.02489903641469,29.697294756788743,37.26174815621972,push-up_18.mp4,60
45.50490815894662,96.84723423893082,5.624481504974739,0.06324572116136551,30.281543731689453,0.7213425132230359,2.1086017057150697,35.54581587154941,31.934683391671925,push-up_18.mp4,63
38.900812503301964,86.31966937706207,7.598895299738928,0.08700528740882874,31.89708137512207,0.7573658264478522,1.8011344120041664,39.61646711768888,26.33018671526339,push-up_18.mp4,66
41.96477831272924,85.92323718165693,6.2222677996697655,0.07066710293292999,28.331239700317383,0.6874523574237074,1.9375051195767083,40.170816566012356,24.928595570752154,push-up_18.mp4,69
38.24941404521,84.56635707347533,5.53229510618732,0.06361329555511475,29.106678009033203,0.7542507384252154,1.9663505014425118,45.62716727612581,22.595247181061264,push-up_18.mp4,72
40.11944124119559,79.68471020757346,9.550264125777687,0.11188320815563202,27.784542083740234,0.6604991310889068,1.8702546361641383,51.22492724488004,14.856590484797454,push-up_18.mp4,75
35.12042301540503,78.38275610136206,8.609344312997763,0.09929756075143814,28.751502990722656,0.7623105083506189,1.8178738293534986,52.463927016730395,22.073533469244992,push-up_18.mp4,78
35.44732493038999,72.98663005453966,8.528919100314084,0.10036688297986984,28.31547737121582,0.6923902227741662,1.8885093278269838,51.890088039343304,11.901020174887288,push-up_18.mp4,81
30.679714400928106,70.3760684336718,6.807604771743485,0.08165271580219269,25.927616119384766,0.7856325074976767,1.6803758540382348,52.143774686571554,13.100545163025494,push-up_18.mp4,84
32.8199506988601,72.47732891467969,7.212187107011744,0.08573415130376816,25.82564353942871,0.7532460166372654,1.7725914242576593,52.8254244348988,14.944311829681492,push-up_18.mp4,87
33.35629924548284,65.82627838432879,8.091118191043364,0.09723535180091858,26.532743453979492,0.6547516693917087,1.608743906137085,55.75410185630922,8.499093485802035,push-up_18.mp4,90
36.04248425972599,67.17445356318174,7.974175707305278,0.09787333011627197,24.63300895690918,0.6032337319843719,1.632328232093166,55.3656781987367,9.933987070197047,push-up_18.mp4,93
31.729427131228718,66.98825370518877,7.510552206086004,0.09080976247787476,25.65723991394043,0.7143366066791326,1.6385862837067788,55.16105414503284,10.499268501087792,push-up_18.mp4,96
38.83198885976855,72.7578939215162,7.634503212329889,0.09296692162752151,25.47349739074707,0.6080462532296435,1.7845695990702513,54.445989549859846,13.385433231279471,push-up_18.mp4,99
35.14874669045005,78.00859425347916,5.303375845220273,0.059414152055978775,26.86863899230957,0.7575265944834577,1.910609143495042,49.49270682423675,15.299924338089964,push-up_18.mp4,102
46.74887952879223,85.99339463705464,4.448669834770072,0.051004838198423386,29.72896957397461,0.591288876959132,1.900519791896307,45.84028897986157,20.973858833254525,push-up_18.mp4,105
57.26179336383532,102.81438188845976,3.4020270927466356,0.03747429698705673,29.590105056762695,0.5691363933805801,1.998000389315323,32.42689886699585,37.94730890858652,push-up_18.mp4,108
80.02770284503507,116.50432139230905,0.7370134432257487,0.008318746462464333,28.464784622192383,0.37120279698765624,2.2395949054421678,8.896292269438323,56.5509687010918,push-up_18.mp4,111
98.15297964861696,124.14934196222313,0.4853748021476747,0.005400514230132103,34.644264221191406,0.23388295835358036,1.969382141729911,18.396989888783366,60.60132418041402,push-up_18.mp4,114
111.5575785764989,128.3919714959777,0.6446770821219161,0.006866679526865482,37.11464309692383,0.14031610323415067,1.7001571264430764,27.747731698401424,64.8062808233619,push-up_18.mp4,117
118.56812015319231,140.15850706805327,3.484644789099491,0.03594168648123741,38.12968444824219,0.1668972934617844,2.476606518628895,45.73261576435429,72.42237131876541,push-up_18.mp4,120
127.9481661190696,142.80958386640623,2.0359589414004517,0.02142862230539322,41.01414489746094,0.1097764902251835,2.282970490404453,45.655468094808064,72.71601669469236,push-up_18.mp4,123
137.41239882073833,148.1831261462331,2.2200842349184597,0.022166194394230843,41.221885681152344,0.07542644323114218,2.6083305292180197,56.880819494959624,71.00939692978652,push-up_18.mp4,126
143.11368002536125,153.60066303914928,1.8950653060988714,0.018301911652088165,46.218299865722656,0.07068740193329981,2.536634035072512,61.59483283082575,72.89959106107649,push-up_18.mp4,129
149.57162585221425,158.1736936890976,7.002470487621849,0.06586060672998428,50.59774398803711,0.055903809355765714,3.4413712593209747,70.32628006926971,73.84219652113119,push-up_18.mp4,132
150.7537047259153,160.13946792242484,6.280133376011861,0.0588085874915123,47.177032470703125,0.060379345847687935,3.3311632875882977,65.54315074509529,70.79053879516158,push-up_18.mp4,135
150.59440523110905,161.62929076857165,7.356100977147179,0.06728846579790115,46.66572952270508,0.07068576587136349,3.14298792521212,63.75830405441829,71.86665148902944,push-up_18.mp4,138
156.0995778108328,163.87390815606392,8.517951271203373,0.0758204534649849,49.28359603881836,0.048593590945441086,3.2434949194250597,66.76584417612952,72.88258432370633,push-up_18.mp4,141
156.69070025850957,165.7831223151371,9.598740295876382,0.0864790752530098,49.2982063293457,0.05639169086074264,3.1647664807208398,65.2972639961524,73.02447048004073,push-up_18.mp4,144
157.44316392476907,164.77554242849945,6.8298392799890735,0.06284065544605255,46.55475997924805,0.04551181144456236,3.518486307092956,65.66182200264342,65.71417169328181,push-up_18.mp4,147
156.49358640276066,163.05068033516758,4.959383166060661,0.04595918580889702,50.97235107421875,0.04104028527468264,3.5800983739505265,61.027267416117546,71.05646479834878,push-up_18.mp4,0
158.10088591707628,163.45343595677411,1.8453597248916367,0.0173688642680645,46.92927932739258,0.03329173129134741,3.347487791496604,60.431620250816046,65.62783437216049,push-up_18.mp4,3
159.5491007585329,164.7636734936614,1.7694566796898812,0.016768569126725197,47.62966537475586,0.032157677089053066,3.9489962041874414,60.576277007121625,66.51816332609128,push-up_18.mp4,6
162.18350161400824,166.40455169275833,9.257459223171367,0.0872056633234024,48.10095977783203,0.025692048364335175,3.2917568008773768,67.56631029920655,69.89271003172308,push-up_18.mp4,9
158.94814904619656,168.3530388926499,9.659846325971301,0.08765974640846252,53.07354736328125,0.05746932912575042,3.325906608403827,67.63471012282808,75.11164893531927,push-up_18.mp4,12
156.0684929224902,164.8341876668727,6.603073275661302,0.06112993508577347,50.29698181152344,0.05463148346585086,3.1662013343323947,65.6808164640203,71.59681863386565,push-up_18.mp4,15
152.53369790648466,162.91894323014571,3.502690285129944,0.03269673138856888,48.074310302734375,0.06584345140520123,3.087091181788175,64.55104108696808,73.52395065133535,push-up_18.mp4,18
151.86618783605758,159.3910815266991,2.440077727938217,0.022440746426582336,50.14679718017578,0.04835160127213993,3.034268790334991,64.82338578420581,72.65703447000129,push-up_18.mp4,21
142.69119016761792,157.87729090932675,1.0907394777218258,0.010464034974575043,44.93410873413086,0.10104918977064152,3.439050719201457,62.403719273366825,69.30589152133554,push-up_18.mp4,24
138.69337909684526,153.6115411970569,1.494755017112368,0.015331346541643143,44.34772872924805,0.10207260339793094,3.369102295247174,60.752928188211754,70.9115550591731,push-up_18.mp4,27
134.58761037610586,151.32982793587473,3.609288316646939,0.03618530184030533,44.339080810546875,0.11711225211454573,3.49196378210628,62.00672910415878,73.3007559203548,push-up_18.mp4,30
130.53376760612318,146.0932138856167,0.602958668602497,0.006080324295908213,40.2715950012207,0.11249406110414528,2.9372971563718826,56.29050813220915,70.07328004196427,push-up_18.mp4,33
121.766119357364,140.06028080812447,0.0342640200960318,0.00032930393354035914,37.55295944213867,0.1397426801819646,3.4723114858448687,53.07441002708112,67.00382698551542,push-up_18.mp4,36
116.871555189781,135.02124869192673,1.1511408441415654,0.011763235554099083,41.446205139160156,0.14410648674718843,2.2484331919627243,46.668169957862986,67.67026253513994,push-up_18.mp4,39
120.56686501385546,131.10016092105067,1.59458667907802,0.016407711431384087,38.4311637878418,0.08370819234713454,2.0795165666409146,40.81726300018406,66.08021927056225,push-up_18.mp4,42
125.20912610967329,129.3712485956159,1.4923966044938766,0.01594759151339531,39.794673919677734,0.032697905254957825,1.9323410498121185,45.08414457360985,61.73760026334427,push-up_18.mp4,45
117.37292424436114,129.2933156327803,3.3525198725209293,0.03637947514653206,36.457088470458984,0.09665198929822265,2.001533902756722,37.20957029262946,57.14880820780692,push-up_18.mp4,48
94.97328814775605,121.40216806505384,3.153929190620545,0.03465869650244713,32.649295806884766,0.24428722536168263,2.041796971123326,8.474031748385258,53.721243664040436,push-up_18.mp4,51
63.63041743494269,112.95898249384868,2.032399112204672,0.022636190056800842,31.141305923461914,0.5586809296458047,2.352695881795315,16.124272013710097,47.30692011507733,push-up_18.mp4,54
48.26693249980328,101.64742046651376,3.41856126570147,0.037916529923677444,32.95257568359375,0.7121464611024148,2.207971502823799,26.4656682174165,36.25944367722782,push-up_18.mp4,57
51.98677873444331,97.3889489069109,4.014247949022575,0.0457625575363636,32.10138702392578,0.607892204300776,2.02489903641469,29.697294756788743,37.26174815621972,push-up_18.mp4,60
45.50490815894662,96.84723423893082,5.624481504974739,0.06324572116136551,30.281543731689453,0.7213425132230359,2.1086017057150697,35.54581587154941,31.934683391671925,push-up_18.mp4,63
38.900812503301964,86.31966937706207,7.598895299738928,0.08700528740882874,31.89708137512207,0.7573658264478522,1.8011344120041664,39.61646711768888,26.33018671526339,push-up_18.mp4,66
41.96477831272924,85.92323718165693,6.2222677996697655,0.07066710293292999,28.331239700317383,0.6874523574237074,1.9375051195767083,40.170816566012356,24.928595570752154,push-up_18.mp4,69
38.24941404521,84.56635707347533,5.53229510618732,0.06361329555511475,29.106678009033203,0.7542507384252154,1.9663505014425118,45.62716727612581,22.595247181061264,push-up_18.mp4,72
40.11944124119559,79.68471020757346,9.550264125777687,0.11188320815563202,27.784542083740234,0.6604991310889068,1.8702546361641383,51.22492724488004,14.856590484797454,push-up_18.mp4,75
35.12042301540503,78.38275610136206,8.609344312997763,0.09929756075143814,28.751502990722656,0.7623105083506189,1.8178738293534986,52.463927016730395,22.073533469244992,push-up_18.mp4,78
35.44732493038999,72.98663005453966,8.528919100314084,0.10036688297986984,28.31547737121582,0.6923902227741662,1.8885093278269838,51.890088039343304,11.901020174887288,push-up_18.mp4,81
30.679714400928106,70.3760684336718,6.807604771743485,0.08165271580219269,25.927616119384766,0.7856325074976767,1.6803758540382348,52.143774686571554,13.100545163025494,push-up_18.mp4,84
32.8199506988601,72.47732891467969,7.212187107011744,0.08573415130376816,25.82564353942871,0.7532460166372654,1.7725914242576593,52.8254244348988,14.944311829681492,push-up_18.mp4,87
33.35629924548284,65.82627838432879,8.091118191043364,0.09723535180091858,26.532743453979492,0.6547516693917087,1.608743906137085,55.75410185630922,8.499093485802035,push-up_18.mp4,90
36.04248425972599,67.17445356318174,7.974175707305278,0.09787333011627197,24.63300895690918,0.6032337319843719,1.632328232093166,55.3656781987367,9.933987070197047,push-up_18.mp4,93
31.729427131228718,66.98825370518877,7.510552206086004,0.09080976247787476,25.65723991394043,0.7143366066791326,1.6385862837067788,55.16105414503284,10.499268501087792,push-up_18.mp4,96
38.83198885976855,72.7578939215162,7.634503212329889,0.09296692162752151,25.47349739074707,0.6080462532296435,1.7845695990702513,54.445989549859846,13.385433231279471,push-up_18.mp4,99
35.14874669045005,78.00859425347916,5.303375845220273,0.059414152055978775,26.86863899230957,0.7575265944834577,1.910609143495042,49.49270682423675,15.299924338089964,push-up_18.mp4,102
46.74887952879223,85.99339463705464,4.448669834770072,0.051004838198423386,29.72896957397461,0.591288876959132,1.900519791896307,45.84028897986157,20.973858833254525,push-up_18.mp4,105
57.26179336383532,102.81438188845976,3.4020270927466356,0.03747429698705673,29.590105056762695,0.5691363933805801,1.998000389315323,32.42689886699585,37.94730890858652,push-up_18.mp4,108
80.02770284503507,116.50432139230905,0.7370134432257487,0.008318746462464333,28.464784622192383,0.37120279698765624,2.2395949054421678,8.896292269438323,56.5509687010918,push-up_18.mp4,111
98.15297964861696,124.14934196222313,0.4853748021476747,0.005400514230132103,34.644264221191406,0.23388295835358036,1.969382141729911,18.396989888783366,60.60132418041402,push-up_18.mp4,114
111.5575785764989,128.3919714959777,0.6446770821219161,0.006866679526865482,37.11464309692383,0.14031610323415067,1.7001571264430764,27.747731698401424,64.8062808233619,push-up_18.mp4,117
118.56812015319231,140.15850706805327,3.484644789099491,0.03594168648123741,38.12968444824219,0.1668972934617844,2.476606518628895,45.73261576435429,72.42237131876541,push-up_18.mp4,120
127.9481661190696,142.80958386640623,2.0359589414004517,0.02142862230539322,41.01414489746094,0.1097764902251835,2.282970490404453,45.655468094808064,72.71601669469236,push-up_18.mp4,123
137.41239882073833,148.1831261462331,2.2200842349184597,0.022166194394230843,41.221885681152344,0.07542644323114218,2.6083305292180197,56.880819494959624,71.00939692978652,push-up_18.mp4,126
143.11368002536125,153.60066303914928,1.8950653060988714,0.018301911652088165,46.218299865722656,0.07068740193329981,2.536634035072512,61.59483283082575,72.89959106107649,push-up_18.mp4,129
149.57162585221425,158.1736936890976,7.002470487621849,0.06586060672998428,50.59774398803711,0.055903809355765714,3.4413712593209747,70.32628006926971,73.84219652113119,push-up_18.mp4,132
150.7537047259153,160.13946792242484,6.280133376011861,0.0588085874915123,47.177032470703125,0.060379345847687935,3.3311632875882977,65.54315074509529,70.79053879516158,push-up_18.mp4,135
150.59440523110905,161.62929076857165,7.356100977147179,0.06728846579790115,46.66572952270508,0.07068576587136349,3.14298792521212,63.75830405441829,71.86665148902944,push-up_18.mp4,138
156.0995778108328,163.87390815606392,8.517951271203373,0.0758204534649849,49.28359603881836,0.048593590945441086,3.2434949194250597,66.76584417612952,72.88258432370633,push-up_18.mp4,141
156.69070025850957,165.7831223151371,9.598740295876382,0.0864790752530098,49.2982063293457,0.05639169086074264,3.1647664807208398,65.2972639961524,73.02447048004073,push-up_18.mp4,144
157.44316392476907,164.77554242849945,6.8298392799890735,0.06284065544605255,46.55475997924805,0.04551181144456236,3.518486307092956,65.66182200264342,65.71417169328181,push-up_18.mp4,147
157.2042109738884,167.23291569885933,8.661203952447977,0.09385602921247482,52.46284484863281,0.06182217693652959,2.9284782649945935,61.35980854138693,75.11452006994995,push-up_19.mp4,0
151.87175785977902,162.6116739747979,8.793122153021102,0.10073181241750717,50.786190032958984,0.06830195188577204,2.9244339689767394,61.958311438044376,74.56784723671252,push-up_19.mp4,3
134.14800642431578,151.24495820485905,4.911949712316442,0.05405319109559059,44.02632522583008,0.11981340747315324,2.7213730862643106,53.265926408556574,70.56746888336654,push-up_19.mp4,6
119.3430816867641,136.97888749626787,1.9560473764584003,0.02264532633125782,37.4886589050293,0.13760666606700864,2.3979622517001156,41.5966877499173,64.73548242243932,push-up_19.mp4,9
67.47668477308217,119.02205698860219,0.35608270981586543,0.00419566361233592,33.36487579345703,0.5527691149936741,2.150687339794725,16.283062404314048,48.01631968298496,push-up_19.mp4,12
55.4762511739801,90.79563674114324,5.213572488564779,0.061511002480983734,29.405729293823242,0.48292786906063306,1.963637998464289,37.49103644400246,29.348028050019416,push-up_19.mp4,15
41.446308376931,76.70396759751553,3.9064039353839064,0.04684650897979736,27.547090530395508,0.596827369717021,1.6851798286963644,49.7428384708404,18.872773780027586,push-up_19.mp4,18
34.64044639961235,76.88078515753455,5.397136824078473,0.06470395624637604,27.6027774810791,0.7575299908031763,1.7616888544627773,50.229170060317664,19.05825086522831,push-up_19.mp4,21
49.14311690767037,94.16210882137979,5.761977405808466,0.06704956293106079,28.305316925048828,0.6282951886043243,2.0589048765285143,40.739432648590565,30.947702922244932,push-up_19.mp4,24
69.0222064288518,120.52107343430461,3.7025857303702026,0.042816873639822006,32.219505310058594,0.5433995554222042,2.317857671535076,19.117223700418737,53.22577868637822,push-up_19.mp4,27
126.28737347348208,139.02786931515485,1.5940957032154586,0.01778196543455124,38.76809310913086,0.09604043633348627,2.429166753555681,42.850778923401805,67.23335248323927,push-up_19.mp4,30
144.89626124587903,154.16458339190334,4.1319009257331345,0.044068221002817154,46.40159606933594,0.0619828527352014,2.6176499820171055,53.32729875631224,69.87766406207348,push-up_19.mp4,33
150.2002855338556,165.81774660848478,3.952055315112574,0.04147138446569443,52.96709442138672,0.09883905021973417,3.0861489329508247,55.4413464393496,69.33076671410332,push-up_19.mp4,36
153.49300462041018,167.29967752963069,5.025897394973327,0.052955783903598785,54.1496467590332,0.0860784779545742,2.9015411278169436,56.092372039810144,70.59302665132633,push-up_19.mp4,39
143.86117307935496,158.25797800652455,4.936417854738693,0.053604383021593094,47.23310089111328,0.09530547716306276,2.550763884516062,52.13405498213597,72.64221126177327,push-up_19.mp4,42
129.6411257905358,147.05245567217082,1.1419244361735252,0.012515470385551453,38.67141342163086,0.12585279202786107,3.035592680429236,50.71844337637961,68.1757844059079,push-up_19.mp4,45
124.89289696701353,129.98259975359719,1.9634373484533114,0.022291060537099838,37.7155876159668,0.03993873755673646,1.7866967591524379,30.552648601255456,60.72947052757978,push-up_19.mp4,48
64.47089111875472,106.54512830630713,3.0145429316129935,0.03440074622631073,31.581375122070312,0.49205024569045214,1.937393256291372,23.871459641153475,40.412548000292986,push-up_19.mp4,51
49.415707420257526,85.82196926394894,6.303722442044062,0.07554823905229568,27.10173225402832,0.5384041302144474,2.0101944555464035,46.969952478200604,19.93626848453661,push-up_19.mp4,54
45.13442225953475,75.5997265829466,5.496151404816516,0.06669420003890991,27.842754364013672,0.5046675628311114,1.7139294207570444,49.85428136348968,18.848412441358953,push-up_19.mp4,57
49.621192837345035,91.35505997243881,6.908163924217007,0.08041734248399734,27.37917709350586,0.592069462810937,2.0057933408468696,45.535287582942146,27.011822157810666,push-up_19.mp4,60
67.35206224223242,107.20094440835437,4.126209357954735,0.04786711931228638,32.29194641113281,0.45658201976308377,2.0539315453859417,23.61254021321691,40.43518935117045,push-up_19.mp4,63
117.65490610599875,132.32736660452397,2.4489653636267406,0.027226261794567108,37.021907806396484,0.11738800787298871,1.9929766235012398,32.72920706255205,64.74132423319993,push-up_19.mp4,66
135.95405629190455,147.60682678562168,1.5720920921800143,0.017419330775737762,41.28145217895508,0.08218884330763797,2.9077447081566015,51.345578533176486,66.97571400661839,push-up_19.mp4,69
152.2259685971764,161.5822018929299,3.9440200015565097,0.04204453527927399,51.66185760498047,0.05963027209355901,2.6700063097795326,57.76661101176313,72.4886811957553,push-up_19.mp4,72
151.59570571830187,166.90727690368632,6.856837884659313,0.0730527937412262,57.09135055541992,0.09614711334466104,2.67930351836742,57.506104370548904,72.47486498198039,push-up_19.mp4,75
154.6517026582569,162.5826827365444,8.70660039485145,0.09708048403263092,53.877227783203125,0.05000075933393732,2.879964553852922,60.79227253009421,72.6501453872023,push-up_19.mp4,78
142.05786732076652,152.49486508158475,3.8264337133969093,0.04188681021332741,45.388877868652344,0.07086675228367305,2.915092476946397,53.024655069147336,69.9144108499529,push-up_19.mp4,81
121.54794681822237,138.45648396710243,0.6994157135994215,0.007897633127868176,40.49772262573242,0.1300634539019895,2.403839641411351,41.094278900146044,65.0051749141537,push-up_19.mp4,84
92.58631292641083,118.62368047606596,1.8260634355725927,0.02098989114165306,36.58187484741211,0.24655431431257077,1.8454027714217514,4.1420787933877765,48.868715413285074,push-up_19.mp4,87
59.173734916665175,92.42019718930776,6.548649400029717,0.07600188255310059,29.766437530517578,0.43862523797326375,2.026658375978005,35.29281073537971,25.756082910517815,push-up_19.mp4,90
47.92037380776051,81.5406430981278,7.220017146083109,0.08902755379676819,27.592079162597656,0.519388308448211,1.7861899112115385,48.477697213353636,19.71214025338303,push-up_19.mp4,93
36.91258675691576,70.52032600969663,5.79667190438488,0.07122038304805756,27.093095779418945,0.6256507133114865,1.783775275601636,52.82861316825319,9.516695454934323,push-up_19.mp4,96
47.99388183527224,85.51781471543973,7.735936712794796,0.09243747591972351,27.993392944335938,0.5621070490391785,1.9694792043716862,47.95073463185607,22.170921401020685,push-up_19.mp4,99
59.170827732520095,110.8423803476059,5.850155380604804,0.06804081052541733,31.827877044677734,0.6078533920815538,2.380882717091108,31.394953077114913,40.0581898149917,push-up_19.mp4,102
126.53163410729336,132.54908252538573,2.963193973806824,0.03321556746959686,35.5587158203125,0.0464523064186504,1.5839408927031837,31.497314923925018,61.54794479412413,push-up_19.mp4,105
136.91297557958706,146.40764339933773,1.0123975401266136,0.011096293106675148,42.99612045288086,0.06702419226647918,2.6668739056809527,49.63307637508736,66.92238823877707,push-up_19.mp4,108
152.73730365532282,160.55782572179214,3.478515038626199,0.036712419241666794,48.93517303466797,0.04992431310386393,2.605783451157803,56.17860923356668,71.75120581536537,push-up_19.mp4,111
154.87245388241496,166.1536949700595,3.8535117345694516,0.04182535037398338,54.93387222290039,0.07028238122015884,3.019186270105934,56.052683018126125,69.57174492567353,push-up_19.mp4,114
146.37888448535548,164.75428094591305,4.672860318559657,0.049572307616472244,52.395294189453125,0.11811917533823195,2.8408849645659426,55.370505202181945,70.02948140410005,push-up_19.mp4,117
138.0142453052883,155.66063005721446,0.30261197902171943,0.0032650958746671677,47.756717681884766,0.12017633262051458,2.9813793241609896,49.33484199068765,67.883533104805,push-up_19.mp4,120
123.12500343992284,139.8549145903265,0.9200482594132211,0.010394247248768806,43.96360397338867,0.12723337413527752,2.4903545080704643,39.74456004657919,63.96673291946754,push-up_19.mp4,123
121.50126857305222,126.85343183402408,3.692683238292659,0.041728675365448,36.360755920410156,0.04310096206916297,1.4846452811227386,28.181185244857605,51.8212830836344,push-up_19.mp4,126
58.64472555177476,99.8444041085266,7.200943833078497,0.08285123109817505,30.443513870239258,0.5199054174258818,2.159681873094589,35.876822730933576,31.733777645883066,push-up_19.mp4,129
44.19101591856101,81.72006127442792,6.701507655031662,0.07993317395448685,28.82783317565918,0.596119836197488,1.799289083306747,48.46159353933309,19.727413131769126,push-up_19.mp4,132
37.76030051639143,69.9957871765005,7.219201911161662,0.0882105901837349,26.573543548583984,0.5983046962874371,1.7266680061148387,51.74025356400222,9.821648743126342,push-up_19.mp4,135
43.61507095670311,80.70363692442609,7.524413194848449,0.09024475514888763,28.53691291809082,0.5966691031439332,1.7772022360202664,50.252741711435256,19.278790559440612,push-up_19.mp4,138
52.781608577002274,99.08247451359694,6.510117513254613,0.0753612145781517,30.15374755859375,0.6097671680402857,2.1115525137375535,37.09354450984768,34.646291750579145,push-up_19.mp4,141
93.96501221513614,124.49141933853275,3.952748959331302,0.04478511959314346,34.380226135253906,0.2794736406366419,1.9914937414912783,3.4371811760515927,50.835704928988385,push-up_19.mp4,144
126.55639078935306,139.5284926602196,6.184120302762949,0.0677926316857338,41.438846588134766,0.09750348612588478,2.29842775665778,38.47879230230216,61.4460603448916,push-up_19.mp4,147
157.2042109738884,167.23291569885933,8.661203952447977,0.09385602921247482,52.46284484863281,0.06182217693652959,2.9284782649945935,61.35980854138693,75.11452006994995,push-up_19.mp4,0
151.87175785977902,162.6116739747979,8.793122153021102,0.10073181241750717,50.786190032958984,0.06830195188577204,2.9244339689767394,61.958311438044376,74.56784723671252,push-up_19.mp4,3
134.14800642431578,151.24495820485905,4.911949712316442,0.05405319109559059,44.02632522583008,0.11981340747315324,2.7213730862643106,53.265926408556574,70.56746888336654,push-up_19.mp4,6
119.3430816867641,136.97888749626787,1.9560473764584003,0.02264532633125782,37.4886589050293,0.13760666606700864,2.3979622517001156,41.5966877499173,64.73548242243932,push-up_19.mp4,9
67.47668477308217,119.02205698860219,0.35608270981586543,0.00419566361233592,33.36487579345703,0.5527691149936741,2.150687339794725,16.283062404314048,48.01631968298496,push-up_19.mp4,12
55.4762511739801,90.79563674114324,5.213572488564779,0.061511002480983734,29.405729293823242,0.48292786906063306,1.963637998464289,37.49103644400246,29.348028050019416,push-up_19.mp4,15
41.446308376931,76.70396759751553,3.9064039353839064,0.04684650897979736,27.547090530395508,0.596827369717021,1.6851798286963644,49.7428384708404,18.872773780027586,push-up_19.mp4,18
34.64044639961235,76.88078515753455,5.397136824078473,0.06470395624637604,27.6027774810791,0.7575299908031763,1.7616888544627773,50.229170060317664,19.05825086522831,push-up_19.mp4,21
49.14311690767037,94.16210882137979,5.761977405808466,0.06704956293106079,28.305316925048828,0.6282951886043243,2.0589048765285143,40.739432648590565,30.947702922244932,push-up_19.mp4,24
69.0222064288518,120.52107343430461,3.7025857303702026,0.042816873639822006,32.219505310058594,0.5433995554222042,2.317857671535076,19.117223700418737,53.22577868637822,push-up_19.mp4,27
126.28737347348208,139.02786931515485,1.5940957032154586,0.01778196543455124,38.76809310913086,0.09604043633348627,2.429166753555681,42.850778923401805,67.23335248323927,push-up_19.mp4,30
144.89626124587903,154.16458339190334,4.1319009257331345,0.044068221002817154,46.40159606933594,0.0619828527352014,2.6176499820171055,53.32729875631224,69.87766406207348,push-up_19.mp4,33
150.2002855338556,165.81774660848478,3.952055315112574,0.04147138446569443,52.96709442138672,0.09883905021973417,3.0861489329508247,55.4413464393496,69.33076671410332,push-up_19.mp4,36
153.49300462041018,167.29967752963069,5.025897394973327,0.052955783903598785,54.1496467590332,0.0860784779545742,2.9015411278169436,56.092372039810144,70.59302665132633,push-up_19.mp4,39
143.86117307935496,158.25797800652455,4.936417854738693,0.053604383021593094,47.23310089111328,0.09530547716306276,2.550763884516062,52.13405498213597,72.64221126177327,push-up_19.mp4,42
129.6411257905358,147.05245567217082,1.1419244361735252,0.012515470385551453,38.67141342163086,0.12585279202786107,3.035592680429236,50.71844337637961,68.1757844059079,push-up_19.mp4,45
124.89289696701353,129.98259975359719,1.9634373484533114,0.022291060537099838,37.7155876159668,0.03993873755673646,1.7866967591524379,30.552648601255456,60.72947052757978,push-up_19.mp4,48
64.47089111875472,106.54512830630713,3.0145429316129935,0.03440074622631073,31.581375122070312,0.49205024569045214,1.937393256291372,23.871459641153475,40.412548000292986,push-up_19.mp4,51
49.415707420257526,85.82196926394894,6.303722442044062,0.07554823905229568,27.10173225402832,0.5384041302144474,2.0101944555464035,46.969952478200604,19.93626848453661,push-up_19.mp4,54
45.13442225953475,75.5997265829466,5.496151404816516,0.06669420003890991,27.842754364013672,0.5046675628311114,1.7139294207570444,49.85428136348968,18.848412441358953,push-up_19.mp4,57
49.621192837345035,91.35505997243881,6.908163924217007,0.08041734248399734,27.37917709350586,0.592069462810937,2.0057933408468696,45.535287582942146,27.011822157810666,push-up_19.mp4,60
67.35206224223242,107.20094440835437,4.126209357954735,0.04786711931228638,32.29194641113281,0.45658201976308377,2.0539315453859417,23.61254021321691,40.43518935117045,push-up_19.mp4,63
117.65490610599875,132.32736660452397,2.4489653636267406,0.027226261794567108,37.021907806396484,0.11738800787298871,1.9929766235012398,32.72920706255205,64.74132423319993,push-up_19.mp4,66
135.95405629190455,147.60682678562168,1.5720920921800143,0.017419330775737762,41.28145217895508,0.08218884330763797,2.9077447081566015,51.345578533176486,66.97571400661839,push-up_19.mp4,69
152.2259685971764,161.5822018929299,3.9440200015565097,0.04204453527927399,51.66185760498047,0.05963027209355901,2.6700063097795326,57.76661101176313,72.4886811957553,push-up_19.mp4,72
151.59570571830187,166.90727690368632,6.856837884659313,0.0730527937412262,57.09135055541992,0.09614711334466104,2.67930351836742,57.506104370548904,72.47486498198039,push-up_19.mp4,75
154.6517026582569,162.5826827365444,8.70660039485145,0.09708048403263092,53.877227783203125,0.05000075933393732,2.879964553852922,60.79227253009421,72.6501453872023,push-up_19.mp4,78
142.05786732076652,152.49486508158475,3.8264337133969093,0.04188681021332741,45.388877868652344,0.07086675228367305,2.915092476946397,53.024655069147336,69.9144108499529,push-up_19.mp4,81
121.54794681822237,138.45648396710243,0.6994157135994215,0.007897633127868176,40.49772262573242,0.1300634539019895,2.403839641411351,41.094278900146044,65.0051749141537,push-up_19.mp4,84
92.58631292641083,118.62368047606596,1.8260634355725927,0.02098989114165306,36.58187484741211,0.24655431431257077,1.8454027714217514,4.1420787933877765,48.868715413285074,push-up_19.mp4,87
59.173734916665175,92.42019718930776,6.548649400029717,0.07600188255310059,29.766437530517578,0.43862523797326375,2.026658375978005,35.29281073537971,25.756082910517815,push-up_19.mp4,90
47.92037380776051,81.5406430981278,7.220017146083109,0.08902755379676819,27.592079162597656,0.519388308448211,1.7861899112115385,48.477697213353636,19.71214025338303,push-up_19.mp4,93
36.91258675691576,70.52032600969663,5.79667190438488,0.07122038304805756,27.093095779418945,0.6256507133114865,1.783775275601636,52.82861316825319,9.516695454934323,push-up_19.mp4,96
47.99388183527224,85.51781471543973,7.735936712794796,0.09243747591972351,27.993392944335938,0.5621070490391785,1.9694792043716862,47.95073463185607,22.170921401020685,push-up_19.mp4,99
59.170827732520095,110.8423803476059,5.850155380604804,0.06804081052541733,31.827877044677734,0.6078533920815538,2.380882717091108,31.394953077114913,40.0581898149917,push-up_19.mp4,102
126.53163410729336,132.54908252538573,2.963193973806824,0.03321556746959686,35.5587158203125,0.0464523064186504,1.5839408927031837,31.497314923925018,61.54794479412413,push-up_19.mp4,105
136.91297557958706,146.40764339933773,1.0123975401266136,0.011096293106675148,42.99612045288086,0.06702419226647918,2.6668739056809527,49.63307637508736,66.92238823877707,push-up_19.mp4,108
152.73730365532282,160.55782572179214,3.478515038626199,0.036712419241666794,48.93517303466797,0.04992431310386393,2.605783451157803,56.17860923356668,71.75120581536537,push-up_19.mp4,111
154.87245388241496,166.1536949700595,3.8535117345694516,0.04182535037398338,54.93387222290039,0.07028238122015884,3.019186270105934,56.052683018126125,69.57174492567353,push-up_19.mp4,114
146.37888448535548,164.75428094591305,4.672860318559657,0.049572307616472244,52.395294189453125,0.11811917533823195,2.8408849645659426,55.370505202181945,70.02948140410005,push-up_19.mp4,117
138.0142453052883,155.66063005721446,0.30261197902171943,0.0032650958746671677,47.756717681884766,0.12017633262051458,2.9813793241609896,49.33484199068765,67.883533104805,push-up_19.mp4,120
123.12500343992284,139.8549145903265,0.9200482594132211,0.010394247248768806,43.96360397338867,0.12723337413527752,2.4903545080704643,39.74456004657919,63.96673291946754,push-up_19.mp4,123
121.50126857305222,126.85343183402408,3.692683238292659,0.041728675365448,36.360755920410156,0.04310096206916297,1.4846452811227386,28.181185244857605,51.8212830836344,push-up_19.mp4,126
58.64472555177476,99.8444041085266,7.200943833078497,0.08285123109817505,30.443513870239258,0.5199054174258818,2.159681873094589,35.876822730933576,31.733777645883066,push-up_19.mp4,129
44.19101591856101,81.72006127442792,6.701507655031662,0.07993317395448685,28.82783317565918,0.596119836197488,1.799289083306747,48.46159353933309,19.727413131769126,push-up_19.mp4,132
37.76030051639143,69.9957871765005,7.219201911161662,0.0882105901837349,26.573543548583984,0.5983046962874371,1.7266680061148387,51.74025356400222,9.821648743126342,push-up_19.mp4,135
43.61507095670311,80.70363692442609,7.524413194848449,0.09024475514888763,28.53691291809082,0.5966691031439332,1.7772022360202664,50.252741711435256,19.278790559440612,push-up_19.mp4,138
52.781608577002274,99.08247451359694,6.510117513254613,0.0753612145781517,30.15374755859375,0.6097671680402857,2.1115525137375535,37.09354450984768,34.646291750579145,push-up_19.mp4,141
93.96501221513614,124.49141933853275,3.952748959331302,0.04478511959314346,34.380226135253906,0.2794736406366419,1.9914937414912783,3.4371811760515927,50.835704928988385,push-up_19.mp4,144
126.55639078935306,139.5284926602196,6.184120302762949,0.0677926316857338,41.438846588134766,0.09750348612588478,2.29842775665778,38.47879230230216,61.4460603448916,push-up_19.mp4,147
149.27221602439295,88.95057571411516,10.546149443014855,0.11852388828992844,39.86022186279297,0.5064304709894553,3.5398989332883217,64.6026251140266,7.606561630436831,push-up_2.mp4,0
149.6826446782674,145.23720943875537,7.033552033410814,0.07632137089967728,41.572021484375,0.030146734290381793,1.5334614699645028,63.692190696743396,59.22324296450672,push-up_2.mp4,3
157.9889552828175,159.97297721727384,5.113470605130516,0.05726281553506851,40.56269073486328,0.01247961929817348,2.4160579229620898,67.1325666539031,62.972858902195775,push-up_2.mp4,6
163.47108450726498,162.4798721332988,10.488017763289832,0.12349888682365417,53.910743713378906,0.006081972479431649,2.569990883667952,72.84437200317329,56.79554911294436,push-up_2.mp4,9
168.04600365923443,165.27278523854045,12.262843252085418,0.14401985704898834,54.08940124511719,0.016640036583983234,2.7210249988400648,72.29812454921573,57.34801106062012,push-up_2.mp4,12
170.42642218013327,168.63713389158372,14.044960710265798,0.16051635146141052,55.203800201416016,0.010554294358731349,2.355796313058334,74.49533591391697,64.39755533630463,push-up_2.mp4,15
173.36277178173057,165.86692242686584,12.771565112003316,0.14356596767902374,55.37431716918945,0.04419335619985816,2.6687659353079276,75.74258629471026,63.99960452453677,push-up_2.mp4,18
173.9202009006271,165.7856672461229,13.226781690536598,0.1501283347606659,53.96842956542969,0.04789162871328527,2.5487872264736353,76.63303272752731,62.582587611747456,push-up_2.mp4,21
173.9010456698524,172.6617915571564,13.7271463699241,0.16004648804664612,53.59605407714844,0.007151684944708997,2.123188431621376,74.93175098612677,66.03884621051155,push-up_2.mp4,24
172.83853220001618,171.64668297154347,13.113225546507095,0.15149912238121033,53.43206787109375,0.006919595825783951,2.192416640466627,75.1240113271926,64.02337845227343,push-up_2.mp4,27
168.50994912825365,168.2514529553872,14.100396614368321,0.15922673046588898,55.825279235839844,0.001535188838548912,2.5083479799291477,73.23695554461939,64.00038535076762,push-up_2.mp4,30
160.56781116371192,152.8855760349377,9.918137665852669,0.11703529953956604,44.55868148803711,0.04901676257149921,2.684776724448285,71.48779425834219,50.22553097300585,push-up_2.mp4,33
155.47791591773947,159.84131104819798,11.634419398254408,0.13091957569122314,42.50391387939453,0.027676048634546934,1.465117990310076,71.51633155272087,67.20220307213992,push-up_2.mp4,36
147.78247923932062,90.03340645378825,5.991619020281888,0.06681418418884277,40.313812255859375,0.485662028987038,3.5262812944544586,63.047993055457425,0.7096917097153794,push-up_2.mp4,39
136.98587563726338,73.99329219463034,7.63162362712302,0.08569979667663574,39.187862396240234,0.5971450555044842,3.876233865689215,58.29097782409039,15.835470683887008,push-up_2.mp4,42
122.09540934614178,51.6636312518568,3.7451246946412198,0.04191960021853447,38.79950714111328,0.8106833215916851,3.7137041565015045,43.27273859334446,25.046194425066783,push-up_2.mp4,45
108.72609484202452,43.65340620781049,1.0667954546455292,0.011792336590588093,35.75,0.8540871729581566,3.169898492089938,29.181200748402905,38.00602713124687,push-up_2.mp4,48
108.04615246185064,48.39893809292437,0.749126829554001,0.008220831863582134,33.674293518066406,0.7625322617336134,3.1201602637596744,28.668114825581664,37.62018711720158,push-up_2.mp4,51
116.17922960195588,44.23629187387657,0.04845664264328775,0.0005841342499479651,35.607784271240234,0.896957315179977,3.678749071676845,37.437530556714044,34.452194412124435,push-up_2.mp4,54
126.61132675440952,52.28462507994734,4.018636105676819,0.047011662274599075,36.70389175415039,0.8309489500721926,3.8881004359504714,47.666387788238666,24.716029372072224,push-up_2.mp4,57
134.9301465550199,45.71550179778676,4.242978698352431,0.048500802367925644,34.204166412353516,0.9877309037967428,4.750322946956115,54.586819784661905,7.034974258983882,push-up_2.mp4,60
146.10891991377244,129.6376400721012,5.737194493189207,0.06603994220495224,40.99845504760742,0.11946680199756662,3.0474918751010707,61.16416328317095,34.87377692843813,push-up_2.mp4,63
150.9560763777987,152.0047833828253,6.784777439907771,0.07801201194524765,44.04606246948242,0.006923052739256289,2.2752804718456403,63.616732578359176,60.38532665450597,push-up_2.mp4,66
161.10370709971005,168.8222894461798,4.9991233006530535,0.05834723263978958,46.28488540649414,0.046789779691678045,2.6739989040498804,67.09083551875275,58.290331516557345,push-up_2.mp4,69
163.91694905374385,170.1031399311274,4.115992317326629,0.048601046204566956,54.27368927001953,0.03704083126367734,2.613271568106012,68.28715591669848,55.85883247143719,push-up_2.mp4,72
167.76015465738254,166.78894428143545,8.11882899774696,0.09417051821947098,64.49447631835938,0.005806085737655559,2.371376773708544,71.92678315662651,59.11124088037135,push-up_2.mp4,75
171.61922403320762,173.70296827812405,7.302776188911736,0.08683257550001144,59.30974578857422,0.012068406209108002,2.293165407494419,69.4757682402877,58.25272953555716,push-up_2.mp4,78
171.62707707267023,174.1975488894377,9.328665046729924,0.11160007864236832,59.260345458984375,0.014865753470368111,2.418721948284058,70.03689374885964,59.21185026143921,push-up_2.mp4,81
172.02469197131194,172.37174583023656,7.876440251179702,0.09238501638174057,56.977970123291016,0.0020154323380348516,2.5235758756309443,69.7733844205964,60.586958779959595,push-up_2.mp4,84
171.70201347007898,169.63750564816655,7.110223073851699,0.08247797936201096,55.21043395996094,0.01209650630108991,2.749770784911566,69.4060774597381,58.40033169623363,push-up_2.mp4,87
168.55958461455342,170.17646952966186,10.611256983225246,0.12595310807228088,56.945335388183594,0.00954657701964056,2.608185465319603,69.46747572930543,56.42050054147133,push-up_2.mp4,90
160.77101370288793,156.93058110495357,12.102957679566714,0.1459072381258011,55.288970947265625,0.024176350768759586,2.4605743208398736,72.95460979349626,52.25206255694469,push-up_2.mp4,93
156.83854571909913,153.8291805067715,9.627922294407767,0.1087883859872818,44.47428512573242,0.01937352971218946,1.9931913170250042,68.93911009879692,59.361426228930995,push-up_2.mp4,96
151.60799901927612,143.24507285048753,16.575726218338303,0.19021528959274292,45.34320831298828,0.05672605759713765,2.1848648976758507,71.50667020602108,58.76981952345507,push-up_2.mp4,99
145.77265374522125,80.40983400356488,13.024359680925159,0.1409352421760559,35.89455032348633,0.5779653446402343,3.319813195264422,68.52329567684474,1.5464896131198442,push-up_2.mp4,102
128.4234155897957,61.570358422536565,5.806266972382673,0.06493318825960159,33.653682708740234,0.7037394516192912,3.402537423533684,49.50555616073212,24.244775586659767,push-up_2.mp4,105
116.38368676039194,31.701694652667054,0.25717064798303113,0.002891711425036192,35.95380401611328,1.143691447456503,3.5204417424512155,37.85822406309884,36.30121642006506,push-up_2.mp4,108
121.79626628895436,47.632446480692,1.388889595706729,0.01579214446246624,37.2735595703125,0.8754575136162992,2.887885475065842,38.378125794560546,34.320329943052194,push-up_2.mp4,111
114.2138847990513,56.67193052675126,1.6575299437137403,0.018161214888095856,31.18813705444336,0.6734550104418363,2.9452374089519755,36.4784080242065,26.606045874200696,push-up_2.mp4,114
126.64445098713776,67.56904619983983,2.6628574935591303,0.02974943444132805,31.139278411865234,0.6083552960320109,3.2449058969121354,43.77016656261632,8.659434898741392,push-up_2.mp4,117
135.93931690624015,75.75016812864138,5.1876134721924245,0.05868975818157196,33.708961486816406,0.5686550635019118,3.804633218215553,55.19331550791005,7.318074256433724,push-up_2.mp4,120
145.00018586233577,136.87379003794214,3.8084805653728324,0.043029095977544785,38.756439208984375,0.05765978074732662,2.2081587035862276,59.55021586693344,51.520186087907135,push-up_2.mp4,123
150.05179795336875,145.74658530021847,3.6277940670271107,0.04219389706850052,41.83857727050781,0.029109101988968142,2.4982284350263613,61.69798999289952,56.42643593100294,push-up_2.mp4,126
160.14108641029802,161.69555954747267,3.495472049515797,0.040886085480451584,48.548553466796875,0.009660013281263325,1.8236679398216165,65.93070720163841,61.45885109440226,push-up_2.mp4,129
163.6821508195913,162.436452921293,5.6418424583448825,0.06829243898391724,53.10443878173828,0.007639539014389079,2.423882674409072,67.82996787163873,52.53419242251949,push-up_2.mp4,132
165.99112369972272,166.30580592074568,3.535959330011565,0.04216877371072769,66.05081939697266,0.0018939821164304827,2.322421149892647,71.57002439281891,54.4049257487289,push-up_2.mp4,135
170.48361438416262,171.12586250098894,4.789088348960405,0.05663011968135834,62.9257698059082,0.003760130560091257,2.673787881150026,66.91515304177094,56.82375601893907,push-up_2.mp4,138
171.144100607252,167.6704633871781,1.6446104218525477,0.01943097449839115,59.075565338134766,0.020504651152664154,3.3084743974993565,65.88271012678558,54.03053148438516,push-up_2.mp4,141
171.8688476397791,168.7782270956046,2.29925041382009,0.027124589309096336,66.89169311523438,0.018145586875068915,2.7332206069772558,67.55544744706316,57.87348460231446,push-up_2.mp4,144
171.6297980391753,173.51674548718603,8.024288039373516,0.09658828377723694,67.86984252929688,0.010934181340666364,2.3518964258938357,69.52494519940123,57.67371329949413,push-up_2.mp4,147
149.27221602439295,88.95057571411516,10.546149443014855,0.11852388828992844,39.86022186279297,0.5064304709894553,3.5398989332883217,64.6026251140266,7.606561630436831,push-up_2.mp4,0
149.6826446782674,145.23720943875537,7.033552033410814,0.07632137089967728,41.572021484375,0.030146734290381793,1.5334614699645028,63.692190696743396,59.22324296450672,push-up_2.mp4,3
157.9889552828175,159.97297721727384,5.113470605130516,0.05726281553506851,40.56269073486328,0.01247961929817348,2.4160579229620898,67.1325666539031,62.972858902195775,push-up_2.mp4,6
163.47108450726498,162.4798721332988,10.488017763289832,0.12349888682365417,53.910743713378906,0.006081972479431649,2.569990883667952,72.84437200317329,56.79554911294436,push-up_2.mp4,9
168.04600365923443,165.27278523854045,12.262843252085418,0.14401985704898834,54.08940124511719,0.016640036583983234,2.7210249988400648,72.29812454921573,57.34801106062012,push-up_2.mp4,12
170.42642218013327,168.63713389158372,14.044960710265798,0.16051635146141052,55.203800201416016,0.010554294358731349,2.355796313058334,74.49533591391697,64.39755533630463,push-up_2.mp4,15
173.36277178173057,165.86692242686584,12.771565112003316,0.14356596767902374,55.37431716918945,0.04419335619985816,2.6687659353079276,75.74258629471026,63.99960452453677,push-up_2.mp4,18
173.9202009006271,165.7856672461229,13.226781690536598,0.1501283347606659,53.96842956542969,0.04789162871328527,2.5487872264736353,76.63303272752731,62.582587611747456,push-up_2.mp4,21
173.9010456698524,172.6617915571564,13.7271463699241,0.16004648804664612,53.59605407714844,0.007151684944708997,2.123188431621376,74.93175098612677,66.03884621051155,push-up_2.mp4,24
172.83853220001618,171.64668297154347,13.113225546507095,0.15149912238121033,53.43206787109375,0.006919595825783951,2.192416640466627,75.1240113271926,64.02337845227343,push-up_2.mp4,27
168.50994912825365,168.2514529553872,14.100396614368321,0.15922673046588898,55.825279235839844,0.001535188838548912,2.5083479799291477,73.23695554461939,64.00038535076762,push-up_2.mp4,30
160.56781116371192,152.8855760349377,9.918137665852669,0.11703529953956604,44.55868148803711,0.04901676257149921,2.684776724448285,71.48779425834219,50.22553097300585,push-up_2.mp4,33
155.47791591773947,159.84131104819798,11.634419398254408,0.13091957569122314,42.50391387939453,0.027676048634546934,1.465117990310076,71.51633155272087,67.20220307213992,push-up_2.mp4,36
147.78247923932062,90.03340645378825,5.991619020281888,0.06681418418884277,40.313812255859375,0.485662028987038,3.5262812944544586,63.047993055457425,0.7096917097153794,push-up_2.mp4,39
136.98587563726338,73.99329219463034,7.63162362712302,0.08569979667663574,39.187862396240234,0.5971450555044842,3.876233865689215,58.29097782409039,15.835470683887008,push-up_2.mp4,42
122.09540934614178,51.6636312518568,3.7451246946412198,0.04191960021853447,38.79950714111328,0.8106833215916851,3.7137041565015045,43.27273859334446,25.046194425066783,push-up_2.mp4,45
108.72609484202452,43.65340620781049,1.0667954546455292,0.011792336590588093,35.75,0.8540871729581566,3.169898492089938,29.181200748402905,38.00602713124687,push-up_2.mp4,48
108.04615246185064,48.39893809292437,0.749126829554001,0.008220831863582134,33.674293518066406,0.7625322617336134,3.1201602637596744,28.668114825581664,37.62018711720158,push-up_2.mp4,51
116.17922960195588,44.23629187387657,0.04845664264328775,0.0005841342499479651,35.607784271240234,0.896957315179977,3.678749071676845,37.437530556714044,34.452194412124435,push-up_2.mp4,54
126.61132675440952,52.28462507994734,4.018636105676819,0.047011662274599075,36.70389175415039,0.8309489500721926,3.8881004359504714,47.666387788238666,24.716029372072224,push-up_2.mp4,57
134.9301465550199,45.71550179778676,4.242978698352431,0.048500802367925644,34.204166412353516,0.9877309037967428,4.750322946956115,54.586819784661905,7.034974258983882,push-up_2.mp4,60
146.10891991377244,129.6376400721012,5.737194493189207,0.06603994220495224,40.99845504760742,0.11946680199756662,3.0474918751010707,61.16416328317095,34.87377692843813,push-up_2.mp4,63
150.9560763777987,152.0047833828253,6.784777439907771,0.07801201194524765,44.04606246948242,0.006923052739256289,2.2752804718456403,63.616732578359176,60.38532665450597,push-up_2.mp4,66
161.10370709971005,168.8222894461798,4.9991233006530535,0.05834723263978958,46.28488540649414,0.046789779691678045,2.6739989040498804,67.09083551875275,58.290331516557345,push-up_2.mp4,69
163.91694905374385,170.1031399311274,4.115992317326629,0.048601046204566956,54.27368927001953,0.03704083126367734,2.613271568106012,68.28715591669848,55.85883247143719,push-up_2.mp4,72
167.76015465738254,166.78894428143545,8.11882899774696,0.09417051821947098,64.49447631835938,0.005806085737655559,2.371376773708544,71.92678315662651,59.11124088037135,push-up_2.mp4,75
171.61922403320762,173.70296827812405,7.302776188911736,0.08683257550001144,59.30974578857422,0.012068406209108002,2.293165407494419,69.4757682402877,58.25272953555716,push-up_2.mp4,78
171.62707707267023,174.1975488894377,9.328665046729924,0.11160007864236832,59.260345458984375,0.014865753470368111,2.418721948284058,70.03689374885964,59.21185026143921,push-up_2.mp4,81
172.02469197131194,172.37174583023656,7.876440251179702,0.09238501638174057,56.977970123291016,0.0020154323380348516,2.5235758756309443,69.7733844205964,60.586958779959595,push-up_2.mp4,84
171.70201347007898,169.63750564816655,7.110223073851699,0.08247797936201096,55.21043395996094,0.01209650630108991,2.749770784911566,69.4060774597381,58.40033169623363,push-up_2.mp4,87
168.55958461455342,170.17646952966186,10.611256983225246,0.12595310807228088,56.945335388183594,0.00954657701964056,2.608185465319603,69.46747572930543,56.42050054147133,push-up_2.mp4,90
160.77101370288793,156.93058110495357,12.102957679566714,0.1459072381258011,55.288970947265625,0.024176350768759586,2.4605743208398736,72.95460979349626,52.25206255694469,push-up_2.mp4,93
156.83854571909913,153.8291805067715,9.627922294407767,0.1087883859872818,44.47428512573242,0.01937352971218946,1.9931913170250042,68.93911009879692,59.361426228930995,push-up_2.mp4,96
151.60799901927612,143.24507285048753,16.575726218338303,0.19021528959274292,45.34320831298828,0.05672605759713765,2.1848648976758507,71.50667020602108,58.76981952345507,push-up_2.mp4,99
145.77265374522125,80.40983400356488,13.024359680925159,0.1409352421760559,35.89455032348633,0.5779653446402343,3.319813195264422,68.52329567684474,1.5464896131198442,push-up_2.mp4,102
128.4234155897957,61.570358422536565,5.806266972382673,0.06493318825960159,33.653682708740234,0.7037394516192912,3.402537423533684,49.50555616073212,24.244775586659767,push-up_2.mp4,105
116.38368676039194,31.701694652667054,0.25717064798303113,0.002891711425036192,35.95380401611328,1.143691447456503,3.5204417424512155,37.85822406309884,36.30121642006506,push-up_2.mp4,108
121.79626628895436,47.632446480692,1.388889595706729,0.01579214446246624,37.2735595703125,0.8754575136162992,2.887885475065842,38.378125794560546,34.320329943052194,push-up_2.mp4,111
114.2138847990513,56.67193052675126,1.6575299437137403,0.018161214888095856,31.18813705444336,0.6734550104418363,2.9452374089519755,36.4784080242065,26.606045874200696,push-up_2.mp4,114
126.64445098713776,67.56904619983983,2.6628574935591303,0.02974943444132805,31.139278411865234,0.6083552960320109,3.2449058969121354,43.77016656261632,8.659434898741392,push-up_2.mp4,117
135.93931690624015,75.75016812864138,5.1876134721924245,0.05868975818157196,33.708961486816406,0.5686550635019118,3.804633218215553,55.19331550791005,7.318074256433724,push-up_2.mp4,120
145.00018586233577,136.87379003794214,3.8084805653728324,0.043029095977544785,38.756439208984375,0.05765978074732662,2.2081587035862276,59.55021586693344,51.520186087907135,push-up_2.mp4,123
150.05179795336875,145.74658530021847,3.6277940670271107,0.04219389706850052,41.83857727050781,0.029109101988968142,2.4982284350263613,61.69798999289952,56.42643593100294,push-up_2.mp4,126
160.14108641029802,161.69555954747267,3.495472049515797,0.040886085480451584,48.548553466796875,0.009660013281263325,1.8236679398216165,65.93070720163841,61.45885109440226,push-up_2.mp4,129
163.6821508195913,162.436452921293,5.6418424583448825,0.06829243898391724,53.10443878173828,0.007639539014389079,2.423882674409072,67.82996787163873,52.53419242251949,push-up_2.mp4,132
165.99112369972272,166.30580592074568,3.535959330011565,0.04216877371072769,66.05081939697266,0.0018939821164304827,2.322421149892647,71.57002439281891,54.4049257487289,push-up_2.mp4,135
170.48361438416262,171.12586250098894,4.789088348960405,0.05663011968135834,62.9257698059082,0.003760130560091257,2.673787881150026,66.91515304177094,56.82375601893907,push-up_2.mp4,138
171.144100607252,167.6704633871781,1.6446104218525477,0.01943097449839115,59.075565338134766,0.020504651152664154,3.3084743974993565,65.88271012678558,54.03053148438516,push-up_2.mp4,141
171.8688476397791,168.7782270956046,2.29925041382009,0.027124589309096336,66.89169311523438,0.018145586875068915,2.7332206069772558,67.55544744706316,57.87348460231446,push-up_2.mp4,144
171.6297980391753,173.51674548718603,8.024288039373516,0.09658828377723694,67.86984252929688,0.010934181340666364,2.3518964258938357,69.52494519940123,57.67371329949413,push-up_2.mp4,147
31.05934028085071,84.45753527729966,41.6235226969616,0.14107848703861237,1.5861179828643799,0.9245089903694406,0.6332111521046179,13.699357462681263,1.7732130880122958,push-up_20.mp4,0
43.38862751773148,115.30641541584674,45.442520171334536,0.14868147671222687,17.116195678710938,0.9063646421295772,0.22100938788350732,13.31544716883259,2.1587609216918797,push-up_20.mp4,3
140.4467626483125,131.39084040563455,91.74967397984898,0.23085267841815948,31.611019134521484,0.06662744330394035,1.3277901720981093,49.34773518686726,75.67512077847981,push-up_20.mp4,6
173.66110428235368,149.4369396915897,161.79737269794026,0.20066510140895844,1.1473790407180786,0.1499493113162737,1.9429123708288467,157.72131898759554,143.07558193462543,push-up_20.mp4,9
176.63204003329943,154.28342938410267,156.16618035366824,0.3073312044143677,4.855494022369385,0.13507141680951282,2.1057960571698215,160.6174112292649,144.1841413730526,push-up_20.mp4,12
140.36316918633094,159.74272253521775,167.78982990164295,0.309032678604126,3.9289231300354004,0.1291514354331171,1.98774209841569,150.09395800633214,159.17915729527093,push-up_20.mp4,15
110.08677093537845,136.445431355533,158.48475600281097,0.5139110684394836,1.6920559406280518,0.21383543549455628,1.903251250843582,132.7590846934983,133.92433669666747,push-up_20.mp4,18
81.5790390592859,88.18809855338552,169.78388445565196,0.017667125910520554,5.275765419006348,0.07786029248108511,1.886534213962042,104.7780103264386,100.37758402311832,push-up_20.mp4,21
63.06754971872307,53.82707558510031,6.644876451157813,0.02154708094894886,4.038501739501953,0.15809921302379204,1.7950954984898355,88.13610131984959,64.46725974166088,push-up_20.mp4,24
51.73755261926307,50.03068959039235,165.39425965570294,0.10469812154769897,3.4190900325775146,0.033544119301075634,1.8127194966084323,74.3508254558224,58.73375228965264,push-up_20.mp4,27
45.107847566801695,39.24401722648374,9.75967254640156,0.03492119908332825,3.1329689025878906,0.13903261901056926,1.7912248995829445,68.26460433409207,46.03368149050055,push-up_20.mp4,30
38.26141602823558,34.13043970826009,2.12449091712557,0.009179932065308094,3.1963131427764893,0.11412820621734375,1.8435968613348848,59.70698867761452,40.82992596565402,push-up_20.mp4,33
35.03189966411313,31.61448384861396,6.533179755407275,0.033067263662815094,4.745583534240723,0.10255367614497993,1.8056316688444791,57.507517448391724,37.39202449318224,push-up_20.mp4,36
36.54104343199596,33.001889037832974,1.504932106986189,0.006946191657334566,3.6419992446899414,0.10178329467767094,1.7774032939050712,58.12808604465169,39.90133875918522,push-up_20.mp4,39
35.568519940309095,29.812692800689742,6.173141593900283,0.030788935720920563,3.5973246097564697,0.17606975760515453,1.8129627207433296,57.27251931437174,34.96904364491915,push-up_20.mp4,42
40.05056904374855,37.50721012649013,4.695526259308139,0.02602696791291237,3.1587657928466797,0.06558617187002665,1.7781832239108097,63.268450264064114,46.149693677945464,push-up_20.mp4,45
54.31368701672839,42.86971171728598,4.904166093296936,0.02215525321662426,2.728635311126709,0.23551296720469594,1.7518001444998264,80.43756596664451,54.99121016892155,push-up_20.mp4,48
85.27288699186232,83.20319922054334,174.83225391447573,0.019886841997504234,3.2380166053771973,0.024569513903707735,1.802007802641435,113.21976444711021,95.6320923927754,push-up_20.mp4,51
117.42452230401278,104.1699900883611,174.5824239535303,0.22126661241054535,1.8835086822509766,0.11962870445259123,1.7220753607522936,143.69654548250062,118.07840318095606,push-up_20.mp4,54
149.17842598149545,135.60690969270678,163.7117009687624,0.3665883243083954,5.443696975708008,0.09531049944449842,1.6767806053279117,178.01376927852283,146.39293729747908,push-up_20.mp4,57
175.59415525017533,171.20196434972206,132.14920266840474,0.4611331820487976,6.44525671005249,0.02533010407106396,2.0182398409921087,145.14549013586947,135.39064403869577,push-up_20.mp4,60
178.33269937436643,172.76586663522616,149.3409937721364,0.46179959177970886,8.313883781433105,0.031710939764921585,2.05002862719468,157.63411095375477,158.01772193536755,push-up_20.mp4,63
177.84296233698402,154.54286777115905,113.34317009814919,0.3501755893230438,17.58983612060547,0.14019908464957237,0.7791635740069209,100.28605150783608,126.69931347988083,push-up_20.mp4,66
175.61233045768367,135.35094719579376,127.3772810316525,0.2997293770313263,13.767192840576172,0.2589462239123634,0.8503391259203467,106.67151213474972,141.21705468366392,push-up_20.mp4,69
173.02624514409763,126.91629897255964,112.19524006415294,0.5222132205963135,15.701125144958496,0.3074585254808291,0.6560155578802902,88.64557156970379,123.15626550215362,push-up_20.mp4,72
168.31952431418839,144.2003509878723,103.35250748666591,0.3660397231578827,22.894716262817383,0.15435289229527638,0.8113466828602165,84.71040724719118,129.1385986220851,push-up_20.mp4,75
174.13956750376656,132.2404082506087,144.3967905100605,0.31757619976997375,15.287842750549316,0.27351108146015646,0.7290915015812889,109.61112978499763,143.6893070903901,push-up_20.mp4,78
31.05934028085071,84.45753527729966,41.6235226969616,0.14107848703861237,1.5861179828643799,0.9245089903694406,0.6332111521046179,13.699357462681263,1.7732130880122958,push-up_20.mp4,0
43.38862751773148,115.30641541584674,45.442520171334536,0.14868147671222687,17.116195678710938,0.9063646421295772,0.22100938788350732,13.31544716883259,2.1587609216918797,push-up_20.mp4,3
140.4467626483125,131.39084040563455,91.74967397984898,0.23085267841815948,31.611019134521484,0.06662744330394035,1.3277901720981093,49.34773518686726,75.67512077847981,push-up_20.mp4,6
173.66110428235368,149.4369396915897,161.79737269794026,0.20066510140895844,1.1473790407180786,0.1499493113162737,1.9429123708288467,157.72131898759554,143.07558193462543,push-up_20.mp4,9
176.63204003329943,154.28342938410267,156.16618035366824,0.3073312044143677,4.855494022369385,0.13507141680951282,2.1057960571698215,160.6174112292649,144.1841413730526,push-up_20.mp4,12
140.36316918633094,159.74272253521775,167.78982990164295,0.309032678604126,3.9289231300354004,0.1291514354331171,1.98774209841569,150.09395800633214,159.17915729527093,push-up_20.mp4,15
110.08677093537845,136.445431355533,158.48475600281097,0.5139110684394836,1.6920559406280518,0.21383543549455628,1.903251250843582,132.7590846934983,133.92433669666747,push-up_20.mp4,18
81.5790390592859,88.18809855338552,169.78388445565196,0.017667125910520554,5.275765419006348,0.07786029248108511,1.886534213962042,104.7780103264386,100.37758402311832,push-up_20.mp4,21
63.06754971872307,53.82707558510031,6.644876451157813,0.02154708094894886,4.038501739501953,0.15809921302379204,1.7950954984898355,88.13610131984959,64.46725974166088,push-up_20.mp4,24
51.73755261926307,50.03068959039235,165.39425965570294,0.10469812154769897,3.4190900325775146,0.033544119301075634,1.8127194966084323,74.3508254558224,58.73375228965264,push-up_20.mp4,27
45.107847566801695,39.24401722648374,9.75967254640156,0.03492119908332825,3.1329689025878906,0.13903261901056926,1.7912248995829445,68.26460433409207,46.03368149050055,push-up_20.mp4,30
38.26141602823558,34.13043970826009,2.12449091712557,0.009179932065308094,3.1963131427764893,0.11412820621734375,1.8435968613348848,59.70698867761452,40.82992596565402,push-up_20.mp4,33
35.03189966411313,31.61448384861396,6.533179755407275,0.033067263662815094,4.745583534240723,0.10255367614497993,1.8056316688444791,57.507517448391724,37.39202449318224,push-up_20.mp4,36
36.54104343199596,33.001889037832974,1.504932106986189,0.006946191657334566,3.6419992446899414,0.10178329467767094,1.7774032939050712,58.12808604465169,39.90133875918522,push-up_20.mp4,39
35.568519940309095,29.812692800689742,6.173141593900283,0.030788935720920563,3.5973246097564697,0.17606975760515453,1.8129627207433296,57.27251931437174,34.96904364491915,push-up_20.mp4,42
40.05056904374855,37.50721012649013,4.695526259308139,0.02602696791291237,3.1587657928466797,0.06558617187002665,1.7781832239108097,63.268450264064114,46.149693677945464,push-up_20.mp4,45
54.31368701672839,42.86971171728598,4.904166093296936,0.02215525321662426,2.728635311126709,0.23551296720469594,1.7518001444998264,80.43756596664451,54.99121016892155,push-up_20.mp4,48
85.27288699186232,83.20319922054334,174.83225391447573,0.019886841997504234,3.2380166053771973,0.024569513903707735,1.802007802641435,113.21976444711021,95.6320923927754,push-up_20.mp4,51
117.42452230401278,104.1699900883611,174.5824239535303,0.22126661241054535,1.8835086822509766,0.11962870445259123,1.7220753607522936,143.69654548250062,118.07840318095606,push-up_20.mp4,54
149.17842598149545,135.60690969270678,163.7117009687624,0.3665883243083954,5.443696975708008,0.09531049944449842,1.6767806053279117,178.01376927852283,146.39293729747908,push-up_20.mp4,57
175.59415525017533,171.20196434972206,132.14920266840474,0.4611331820487976,6.44525671005249,0.02533010407106396,2.0182398409921087,145.14549013586947,135.39064403869577,push-up_20.mp4,60
178.33269937436643,172.76586663522616,149.3409937721364,0.46179959177970886,8.313883781433105,0.031710939764921585,2.05002862719468,157.63411095375477,158.01772193536755,push-up_20.mp4,63
177.84296233698402,154.54286777115905,113.34317009814919,0.3501755893230438,17.58983612060547,0.14019908464957237,0.7791635740069209,100.28605150783608,126.69931347988083,push-up_20.mp4,66
175.61233045768367,135.35094719579376,127.3772810316525,0.2997293770313263,13.767192840576172,0.2589462239123634,0.8503391259203467,106.67151213474972,141.21705468366392,push-up_20.mp4,69
173.02624514409763,126.91629897255964,112.19524006415294,0.5222132205963135,15.701125144958496,0.3074585254808291,0.6560155578802902,88.64557156970379,123.15626550215362,push-up_20.mp4,72
168.31952431418839,144.2003509878723,103.35250748666591,0.3660397231578827,22.894716262817383,0.15435289229527638,0.8113466828602165,84.71040724719118,129.1385986220851,push-up_20.mp4,75
174.13956750376656,132.2404082506087,144.3967905100605,0.31757619976997375,15.287842750549316,0.27351108146015646,0.7290915015812889,109.61112978499763,143.6893070903901,push-up_20.mp4,78
168.2905627164223,169.31835163808537,9.623939735722018,0.10893890261650085,57.38380432128906,0.006088636158367785,3.0208148384691573,63.15587833409245,63.608027174820116,push-up_21.mp4,0
162.95823940443117,162.89925831508418,9.975433717266895,0.11393033713102341,60.4495735168457,0.0003620054150035514,2.2762249073106893,61.75143944475137,61.081135248971954,push-up_21.mp4,3
156.09229598709905,158.1113174209217,2.80127964397073,0.030332205817103386,55.88850402832031,0.012851675459255581,1.9476235143042502,57.636221060312195,58.37941127452114,push-up_21.mp4,6
148.92061551274497,146.6869543048784,2.86457363828427,0.0302926916629076,55.27643966674805,0.015112341062474346,2.402703448751395,55.415151015107455,54.585659055365035,push-up_21.mp4,9
128.64763032391556,130.18648913615021,1.9018690144185655,0.020989157259464264,49.64216232299805,0.011890695210080859,1.8796846832188678,41.08354355338989,43.075719708898184,push-up_21.mp4,12
126.16978538366568,124.18225815168135,0.7356847535236,0.00760037824511528,46.18801498413086,0.01587785906531826,1.4377105114042505,40.29165837849694,36.88189888916992,push-up_21.mp4,15
116.64590668926296,117.03786851545203,1.5236704697765049,0.01573428325355053,39.04586410522461,0.003354634491382234,1.9105341722175149,33.48372689846498,34.96240517637431,push-up_21.mp4,18
108.85961404177642,110.24965008693044,0.19281449969864184,0.002024655928835273,40.934165954589844,0.012688062740583156,1.6332087326245153,30.39588389715812,29.708101765693222,push-up_21.mp4,21
102.6604026636128,94.90109797251307,1.2667136643123627,0.012782776728272438,38.409908294677734,0.07855077700984897,1.4661299158299612,25.585635863109786,21.25643785139564,push-up_21.mp4,24
99.61668011263332,98.4233300988575,2.027482079735165,0.021206490695476532,38.23759460449219,0.012051605253922286,2.420512140884799,16.56244528696575,25.33075831661995,push-up_21.mp4,27
96.52125553262917,82.20261960960046,3.563648034187054,0.03863851726055145,35.52775573730469,0.16023193220977155,2.7481798684762238,14.835197835574931,2.054332554295362,push-up_21.mp4,30
105.0510507490534,83.35359600581019,3.2949711355898614,0.03604910150170326,35.73332977294922,0.2303282335862356,1.7423797371553966,17.590156757409975,2.4839617661050846,push-up_21.mp4,33
79.01603774887198,74.7580102739605,5.5478244241995185,0.06007898971438408,36.841739654541016,0.05538031325388861,2.0037510520347968,9.160170459242938,5.829345242087748,push-up_21.mp4,36
79.04139468378324,75.55094964275355,5.578859169562037,0.059200774878263474,35.071861267089844,0.04515676447285145,2.034641365952113,8.778812829026895,5.4369295571613705,push-up_21.mp4,39
104.03375093799583,100.09239570004505,3.290273821631672,0.032732266932725906,38.220760345458984,0.03861685827969554,1.6586498292479022,14.10730584052841,19.853484196541615,push-up_21.mp4,42
118.37883330529917,113.45039033080337,2.488527869840368,0.024673104286193848,40.809783935546875,0.04251787498742495,1.51965321434034,30.07734523707683,31.733011474594566,push-up_21.mp4,45
137.96061765224218,139.97573612734936,8.104403992688674,0.08476100862026215,42.63710021972656,0.014500575025210351,1.3221147845177768,50.34445495012604,53.54636310439813,push-up_21.mp4,48
149.17166799618033,145.981527572445,15.62022262331169,0.17141807079315186,42.82765197753906,0.021616844890256982,1.257022512190623,60.89818734604024,56.12668322763502,push-up_21.mp4,51
162.14610373668796,161.57769499527055,16.50320775172139,0.18004822731018066,47.97907257080078,0.0035116895553796075,2.7887432829257306,67.29299788080205,66.40493304353699,push-up_21.mp4,54
165.9209546525549,165.84809521318965,16.04421061694933,0.1764393150806427,48.79742431640625,0.0004392178197137053,2.9432139792240855,66.72525566133714,66.50259281540367,push-up_21.mp4,57
169.09472000220822,169.54682267710982,16.277799770505794,0.18305031955242157,54.884159088134766,0.0026700957674866354,2.8995114532978485,68.17199339819427,66.7198426774488,push-up_21.mp4,60
167.8148347583324,169.4635949648429,14.793766342405974,0.16576313972473145,51.23984909057617,0.009776849399255912,2.9731019674945425,66.71053859724697,65.37060306575984,push-up_21.mp4,63
168.218741833332,168.3649540463179,15.5466300996423,0.17520570755004883,55.22514343261719,0.0008688015181709546,2.8483880331846216,67.48536897684995,66.00595875042336,push-up_21.mp4,66
169.01330098025315,168.99600431067654,18.309691775577363,0.20542745292186737,53.25969314575195,0.00010234433967267112,2.1321246341772335,69.23210158014845,68.35251882185132,push-up_21.mp4,69
167.95742382355564,169.17319819274138,15.882335094033351,0.17890812456607819,53.78608703613281,0.0072124825796866755,2.9829947439242464,67.3127616249464,66.86267042201193,push-up_21.mp4,72
166.62396702788058,167.8608872350374,14.867481829485484,0.16877628862857819,54.26091003417969,0.007395971395371828,3.0303307439098264,66.98267508401784,65.65123289077412,push-up_21.mp4,75
167.3082860294894,168.44441958964063,14.874175203939217,0.16923941671848297,53.375057220458984,0.006767680743219538,2.617472057573609,66.63781049757849,65.01925128622811,push-up_21.mp4,78
166.64417666506156,167.65751558059156,13.80869605075955,0.15959689021110535,52.76725387573242,0.006062421692950169,2.7557794104706606,65.10299427497958,64.67307417864342,push-up_21.mp4,81
165.43351832926157,165.9437577995159,12.708335336581342,0.14610853791236877,54.62163543701172,0.0030795079023828295,3.420234739041839,63.90952385709892,63.64749073826517,push-up_21.mp4,84
160.086609914905,160.86297352739524,10.690691217167227,0.11911505460739136,54.54909133911133,0.004837916311736247,2.4715861254111693,61.242623912411624,61.25332639668534,push-up_21.mp4,87
146.0582121831251,146.27410211858285,9.707922196758318,0.10729525983333588,48.90354919433594,0.0014770172498612295,1.4609786779486855,56.44796468977964,53.03194748753995,push-up_21.mp4,90
135.01056248810627,130.6461342161103,3.8934493343572,0.04229087010025978,48.404422760009766,0.03285765671365956,1.9075952929505446,48.46276153268118,47.90074194415135,push-up_21.mp4,93
116.1824129172942,112.77897012101258,2.0221660038434948,0.021345745772123337,41.53256607055664,0.029729404593194696,1.8078555786938777,32.17045313656151,32.75638922509749,push-up_21.mp4,96
99.84437204681669,105.9919587334342,1.8262777678363307,0.018647275865077972,38.120880126953125,0.059732765963270366,1.544249456498335,16.226903137561468,26.469752292817052,push-up_21.mp4,99
98.61334015047271,98.09312724884873,1.0114306562808792,0.010324612259864807,36.0248908996582,0.005289230278005314,2.4567757714358502,17.316978821489485,23.13627899838458,push-up_21.mp4,102
107.88203938015558,101.5938102593391,1.8398367518481678,0.018926311284303665,37.537017822265625,0.06003774785149167,2.1974252930124627,20.123370861887995,25.57387432307514,push-up_21.mp4,105
80.06304844907089,78.30259562333187,4.873952765321661,0.0506473146378994,33.647525787353516,0.022232761860068163,2.96323181720984,7.073710524744904,1.2864877284425562,push-up_21.mp4,108
73.98048024160232,71.04849048468526,2.237384105466674,0.023144137114286423,33.78718185424805,0.040433159557487185,2.331952860697096,8.968544686658888,10.547324890296874,push-up_21.mp4,111
168.2905627164223,169.31835163808537,9.623939735722018,0.10893890261650085,57.38380432128906,0.006088636158367785,3.0208148384691573,63.15587833409245,63.608027174820116,push-up_21.mp4,0
162.95823940443117,162.89925831508418,9.975433717266895,0.11393033713102341,60.4495735168457,0.0003620054150035514,2.2762249073106893,61.75143944475137,61.081135248971954,push-up_21.mp4,3
156.09229598709905,158.1113174209217,2.80127964397073,0.030332205817103386,55.88850402832031,0.012851675459255581,1.9476235143042502,57.636221060312195,58.37941127452114,push-up_21.mp4,6
148.92061551274497,146.6869543048784,2.86457363828427,0.0302926916629076,55.27643966674805,0.015112341062474346,2.402703448751395,55.415151015107455,54.585659055365035,push-up_21.mp4,9
128.64763032391556,130.18648913615021,1.9018690144185655,0.020989157259464264,49.64216232299805,0.011890695210080859,1.8796846832188678,41.08354355338989,43.075719708898184,push-up_21.mp4,12
126.16978538366568,124.18225815168135,0.7356847535236,0.00760037824511528,46.18801498413086,0.01587785906531826,1.4377105114042505,40.29165837849694,36.88189888916992,push-up_21.mp4,15
116.64590668926296,117.03786851545203,1.5236704697765049,0.01573428325355053,39.04586410522461,0.003354634491382234,1.9105341722175149,33.48372689846498,34.96240517637431,push-up_21.mp4,18
108.85961404177642,110.24965008693044,0.19281449969864184,0.002024655928835273,40.934165954589844,0.012688062740583156,1.6332087326245153,30.39588389715812,29.708101765693222,push-up_21.mp4,21
102.6604026636128,94.90109797251307,1.2667136643123627,0.012782776728272438,38.409908294677734,0.07855077700984897,1.4661299158299612,25.585635863109786,21.25643785139564,push-up_21.mp4,24
99.61668011263332,98.4233300988575,2.027482079735165,0.021206490695476532,38.23759460449219,0.012051605253922286,2.420512140884799,16.56244528696575,25.33075831661995,push-up_21.mp4,27
96.52125553262917,82.20261960960046,3.563648034187054,0.03863851726055145,35.52775573730469,0.16023193220977155,2.7481798684762238,14.835197835574931,2.054332554295362,push-up_21.mp4,30
105.0510507490534,83.35359600581019,3.2949711355898614,0.03604910150170326,35.73332977294922,0.2303282335862356,1.7423797371553966,17.590156757409975,2.4839617661050846,push-up_21.mp4,33
79.01603774887198,74.7580102739605,5.5478244241995185,0.06007898971438408,36.841739654541016,0.05538031325388861,2.0037510520347968,9.160170459242938,5.829345242087748,push-up_21.mp4,36
79.04139468378324,75.55094964275355,5.578859169562037,0.059200774878263474,35.071861267089844,0.04515676447285145,2.034641365952113,8.778812829026895,5.4369295571613705,push-up_21.mp4,39
104.03375093799583,100.09239570004505,3.290273821631672,0.032732266932725906,38.220760345458984,0.03861685827969554,1.6586498292479022,14.10730584052841,19.853484196541615,push-up_21.mp4,42
118.37883330529917,113.45039033080337,2.488527869840368,0.024673104286193848,40.809783935546875,0.04251787498742495,1.51965321434034,30.07734523707683,31.733011474594566,push-up_21.mp4,45
137.96061765224218,139.97573612734936,8.104403992688674,0.08476100862026215,42.63710021972656,0.014500575025210351,1.3221147845177768,50.34445495012604,53.54636310439813,push-up_21.mp4,48
149.17166799618033,145.981527572445,15.62022262331169,0.17141807079315186,42.82765197753906,0.021616844890256982,1.257022512190623,60.89818734604024,56.12668322763502,push-up_21.mp4,51
162.14610373668796,161.57769499527055,16.50320775172139,0.18004822731018066,47.97907257080078,0.0035116895553796075,2.7887432829257306,67.29299788080205,66.40493304353699,push-up_21.mp4,54
165.9209546525549,165.84809521318965,16.04421061694933,0.1764393150806427,48.79742431640625,0.0004392178197137053,2.9432139792240855,66.72525566133714,66.50259281540367,push-up_21.mp4,57
169.09472000220822,169.54682267710982,16.277799770505794,0.18305031955242157,54.884159088134766,0.0026700957674866354,2.8995114532978485,68.17199339819427,66.7198426774488,push-up_21.mp4,60
167.8148347583324,169.4635949648429,14.793766342405974,0.16576313972473145,51.23984909057617,0.009776849399255912,2.9731019674945425,66.71053859724697,65.37060306575984,push-up_21.mp4,63
168.218741833332,168.3649540463179,15.5466300996423,0.17520570755004883,55.22514343261719,0.0008688015181709546,2.8483880331846216,67.48536897684995,66.00595875042336,push-up_21.mp4,66
169.01330098025315,168.99600431067654,18.309691775577363,0.20542745292186737,53.25969314575195,0.00010234433967267112,2.1321246341772335,69.23210158014845,68.35251882185132,push-up_21.mp4,69
167.95742382355564,169.17319819274138,15.882335094033351,0.17890812456607819,53.78608703613281,0.0072124825796866755,2.9829947439242464,67.3127616249464,66.86267042201193,push-up_21.mp4,72
166.62396702788058,167.8608872350374,14.867481829485484,0.16877628862857819,54.26091003417969,0.007395971395371828,3.0303307439098264,66.98267508401784,65.65123289077412,push-up_21.mp4,75
167.3082860294894,168.44441958964063,14.874175203939217,0.16923941671848297,53.375057220458984,0.006767680743219538,2.617472057573609,66.63781049757849,65.01925128622811,push-up_21.mp4,78
166.64417666506156,167.65751558059156,13.80869605075955,0.15959689021110535,52.76725387573242,0.006062421692950169,2.7557794104706606,65.10299427497958,64.67307417864342,push-up_21.mp4,81
165.43351832926157,165.9437577995159,12.708335336581342,0.14610853791236877,54.62163543701172,0.0030795079023828295,3.420234739041839,63.90952385709892,63.64749073826517,push-up_21.mp4,84
160.086609914905,160.86297352739524,10.690691217167227,0.11911505460739136,54.54909133911133,0.004837916311736247,2.4715861254111693,61.242623912411624,61.25332639668534,push-up_21.mp4,87
146.0582121831251,146.27410211858285,9.707922196758318,0.10729525983333588,48.90354919433594,0.0014770172498612295,1.4609786779486855,56.44796468977964,53.03194748753995,push-up_21.mp4,90
135.01056248810627,130.6461342161103,3.8934493343572,0.04229087010025978,48.404422760009766,0.03285765671365956,1.9075952929505446,48.46276153268118,47.90074194415135,push-up_21.mp4,93
116.1824129172942,112.77897012101258,2.0221660038434948,0.021345745772123337,41.53256607055664,0.029729404593194696,1.8078555786938777,32.17045313656151,32.75638922509749,push-up_21.mp4,96
99.84437204681669,105.9919587334342,1.8262777678363307,0.018647275865077972,38.120880126953125,0.059732765963270366,1.544249456498335,16.226903137561468,26.469752292817052,push-up_21.mp4,99
98.61334015047271,98.09312724884873,1.0114306562808792,0.010324612259864807,36.0248908996582,0.005289230278005314,2.4567757714358502,17.316978821489485,23.13627899838458,push-up_21.mp4,102
107.88203938015558,101.5938102593391,1.8398367518481678,0.018926311284303665,37.537017822265625,0.06003774785149167,2.1974252930124627,20.123370861887995,25.57387432307514,push-up_21.mp4,105
80.06304844907089,78.30259562333187,4.873952765321661,0.0506473146378994,33.647525787353516,0.022232761860068163,2.96323181720984,7.073710524744904,1.2864877284425562,push-up_21.mp4,108
73.98048024160232,71.04849048468526,2.237384105466674,0.023144137114286423,33.78718185424805,0.040433159557487185,2.331952860697096,8.968544686658888,10.547324890296874,push-up_21.mp4,111
163.1067307434626,166.7990795739984,4.793708411318988,0.05576059967279434,54.669227600097656,0.022384260689332674,2.6401489825489692,48.899594353814216,48.000150340825876,push-up_22.mp4,0
162.9869756186587,168.86012341479585,4.7405750812157805,0.055682141333818436,56.071441650390625,0.03539671019118992,2.4177848264129453,47.80879255099426,47.389329940565055,push-up_22.mp4,3
163.02138337359617,169.03568688818487,5.494011628026783,0.064171701669693,56.881168365478516,0.03622451712801813,2.522353088363705,48.126354274396476,48.2282738762769,push-up_22.mp4,6
162.08910471470838,165.32671086109048,6.336018456991269,0.07451362907886505,57.08698654174805,0.019776724228720496,3.1449243300197463,47.62498571541864,45.395311110973395,push-up_22.mp4,9
161.5156899957587,162.15429266959057,8.95462317115522,0.10457874089479446,56.74256134033203,0.003946011110286684,2.4280046058465246,46.818172836326106,44.87200680626836,push-up_22.mp4,12
155.2715994427811,159.8894380602164,10.267628932620966,0.12071777135133743,56.239566802978516,0.029304628859088435,2.0893176145529093,43.362008878428426,43.608986114279936,push-up_22.mp4,15
150.5409127036801,149.10046374473586,9.921349194208744,0.11417774111032486,52.81283187866211,0.00961448633040986,2.1342373676252846,42.952888985467204,38.272918613695055,push-up_22.mp4,18
146.24922374505547,147.0136075154956,9.747436228911255,0.11047006398439407,49.911251068115234,0.005212960450218202,2.2075490909006463,41.007753694823045,39.33681376442478,push-up_22.mp4,21
141.57667005393964,140.97972150551234,8.123035526114478,0.09014029055833817,47.219364166259766,0.0042253409673919185,2.5413914695323654,38.926484901773854,34.74500974742682,push-up_22.mp4,24
136.56727390753207,137.54012087456644,8.57562896521813,0.09469263255596161,46.23774337768555,0.007098290564599583,2.297520320507476,36.89357935544865,35.697955957332134,push-up_22.mp4,27
129.6510339955539,128.32760495367089,11.28613469529131,0.12467602640390396,43.95404815673828,0.010259989333019774,2.2505598440787837,30.880910697883337,27.455608262244365,push-up_22.mp4,30
124.18420256893094,116.49247660637941,10.205982448818617,0.11260528117418289,40.32727813720703,0.06391750117965381,2.6684608828910688,28.363144255599938,17.256124437972726,push-up_22.mp4,33
122.18908620772422,116.21933279176243,10.93956077162241,0.12091825902462006,39.95430374145508,0.05008005540252876,2.2442533454526328,26.592606642834035,17.4939489862635,push-up_22.mp4,36
113.60929795398579,104.92139041936147,8.890858146327872,0.09686045348644257,42.63563919067383,0.07951201361505364,3.2276487189799337,22.379428150777418,13.252012384828765,push-up_22.mp4,39
112.71988581067521,107.54853688475359,4.834928712711644,0.05232347175478935,40.6820182800293,0.04695497305187668,2.310176366836551,22.91304277663017,17.038800513815993,push-up_22.mp4,42
105.06802089701287,101.95541568155812,3.0134387699229137,0.03222217038273811,42.552913665771484,0.030070075802972496,2.8956430187206683,11.675819056254978,16.058871335213016,push-up_22.mp4,45
100.33658631648835,95.33354163732957,5.459051271291429,0.05877571925520897,48.101043701171875,0.051137541856563766,2.2603289181991975,6.160329683288084,15.371590011792117,push-up_22.mp4,48
84.53096432294433,78.32441096715534,2.724407828712401,0.029671402648091316,36.74064254760742,0.07622165795550861,2.5583673749595115,7.70899712784375,8.806047743703138,push-up_22.mp4,51
83.30295770850041,85.31750014050907,2.9122176139226497,0.03096773661673069,37.49693298339844,0.023894401162314092,2.0185896268193533,6.6092181107966175,1.9638360144959144,push-up_22.mp4,54
77.17109267735962,72.35426319316382,2.4416013284534586,0.02703203819692135,35.40376663208008,0.0644282631016345,2.0169777497397203,14.062554274752522,11.777929180864506,push-up_22.mp4,57
78.01356404272994,76.89257500010204,3.4734456334347215,0.03798919543623924,37.91825866699219,0.014473139018950578,1.9590531797316133,10.942943436001844,11.790220071864438,push-up_22.mp4,60
67.7315962449403,74.31525213058607,4.78532359582681,0.0517251119017601,36.866119384765625,0.09269696527501532,2.370777132252324,22.584720977354813,14.339893065217645,push-up_22.mp4,63
67.27519178065296,73.24277802323401,7.554059851078108,0.0824645385146141,36.69572067260742,0.08493698351761948,2.7102838609341457,22.23428291701198,17.829876229581647,push-up_22.mp4,66
74.00980511378005,70.54409112083181,5.177291919882947,0.05619598180055618,37.943729400634766,0.04795047498855878,2.48598161587188,12.773974839865708,18.390160622473786,push-up_22.mp4,69
62.66913956293673,66.50547879564122,4.138152624481478,0.045278944075107574,38.45962905883789,0.05939772505547706,2.607894548181053,23.576969967619306,20.865914727503608,push-up_22.mp4,72
55.981992943256486,67.85225478216215,5.1044582973637205,0.0554821640253067,39.39491271972656,0.19171209995519087,2.3904309411722644,28.383991912957484,22.4220941323888,push-up_22.mp4,75
61.86771928051218,71.34368271518669,3.1525012214136154,0.03442687913775444,38.4041862487793,0.14226955489861842,2.045994053856943,23.305899037894022,18.51400594389803,push-up_22.mp4,78
76.9207450811799,74.59846031878207,7.322389532252316,0.08021862059831619,37.587345123291016,0.030653338713963595,2.17496255745871,10.90533415223373,16.967947590041735,push-up_22.mp4,81
64.7572886538335,74.15726862268714,9.634882747179176,0.10535785555839539,37.093780517578125,0.13533470002200307,2.052248070299953,23.83486760073279,18.92359623864051,push-up_22.mp4,84
57.95925761470317,69.047218099267,8.714312709608322,0.09675028175115585,40.60206985473633,0.1746046478690567,1.746613182774661,30.787236942981163,24.691997174796743,push-up_22.mp4,87
57.413452728197,71.92889903063202,7.167957242310507,0.07804545760154724,40.5808219909668,0.22445001355009284,2.3409832179810723,29.616107224416005,24.37654021507859,push-up_22.mp4,90
66.55131645166541,73.16882017489803,4.56883253438528,0.04960009828209877,38.958587646484375,0.09472512528268605,2.1552369657753023,24.534801897198104,17.247257644475305,push-up_22.mp4,93
90.32909814632146,96.76883348616137,3.0654157299722726,0.03229627385735512,46.98442840576172,0.06883812433041227,2.5445371842175577,4.422572732428929,14.815658208108532,push-up_22.mp4,96
126.57902901085032,111.69621894329875,10.003153872046113,0.11110321432352066,42.86455535888672,0.12492115899856666,2.870151327962975,31.746683194518077,17.268772124101634,push-up_22.mp4,99
132.68271461060618,133.9049518708394,8.818419914692129,0.09822214394807816,48.365203857421875,0.009169495921284729,1.874279682839758,32.80628151316982,31.344371970552015,push-up_22.mp4,102
147.42537722866834,144.3103849179918,8.624729742603478,0.09821949899196625,53.12974548339844,0.02135488832603653,2.584862358842127,41.440813325085024,36.826787769217425,push-up_22.mp4,105
154.12179717559133,156.8790316782977,10.410097789406308,0.12074180692434311,58.41239547729492,0.017731364336663905,3.1931972122035015,43.66315152536283,41.125998612201165,push-up_22.mp4,108
160.12080916250105,158.57740300878717,8.405553037047099,0.09746816754341125,60.133453369140625,0.009685690692763298,2.6115433980094296,46.93623123025411,44.01195106544334,push-up_22.mp4,111
161.24124408896674,162.0989571532141,8.291050358472319,0.09788935631513596,60.649986267089844,0.005305328944265268,3.458865455219982,47.538197256057046,44.74111950270752,push-up_22.mp4,114
161.92594100874268,161.97489026902775,8.33620969886482,0.0983620434999466,59.551513671875,0.0003022484387703992,2.6650014988090223,47.1597378075831,44.40105660304085,push-up_22.mp4,117
162.65321565855783,163.88187754067616,8.683038115484692,0.10099118202924728,57.79021453857422,0.007525450756796105,2.752924769727943,46.65593358803694,45.921449905873,push-up_22.mp4,120
162.0904706360555,162.07561748607117,9.948823184928386,0.1176753118634224,62.34468460083008,9.163913517528192e-05,3.858252234274963,46.82975855767185,45.50923126390132,push-up_22.mp4,123
161.8106604368211,162.1843499116386,9.511406163298659,0.11227764189243317,60.31056594848633,0.002306760677675805,3.4165651918112956,46.98937490775088,44.64372650917371,push-up_22.mp4,126
163.8634848725741,163.69802039976307,12.384385173184171,0.1445123255252838,57.757484436035156,0.0010102803299396853,2.879029569432971,46.49347147768561,44.43221289776928,push-up_22.mp4,129
163.88444873140773,163.23067706813592,11.755321069762232,0.13575856387615204,58.70293045043945,0.003997196165563088,2.8250636163622063,47.00508866031266,45.57654037605496,push-up_22.mp4,132
162.76833329439492,162.6841455898718,12.596278402626297,0.1460667997598648,58.22764587402344,0.0005173578939188535,2.5230631613590915,45.95386695852276,44.05950447998517,push-up_22.mp4,135
162.5316080311712,163.1085171827692,12.871855202665557,0.15055394172668457,57.61980056762695,0.0035432313583528313,2.9918741499243713,46.000652913254456,43.59133177590176,push-up_22.mp4,138
162.24549680372238,162.83519637473245,12.23057944559423,0.14174242317676544,61.36275863647461,0.003628019647948479,2.7047517315768825,45.90469976236174,44.73136686107596,push-up_22.mp4,141
162.4683386666844,163.1412461875512,12.697852387157525,0.14825545251369476,59.57157516479492,0.004133216908636389,2.495524047477306,45.63666450093787,44.715647510158675,push-up_22.mp4,144
160.998517083731,162.9281657544385,13.560827688650221,0.1601971536874771,58.68309020996094,0.011914107561627087,3.269395916777566,43.763940944929715,43.238181594692556,push-up_22.mp4,147
163.1067307434626,166.7990795739984,4.793708411318988,0.05576059967279434,54.669227600097656,0.022384260689332674,2.6401489825489692,48.899594353814216,48.000150340825876,push-up_22.mp4,0
162.9869756186587,168.86012341479585,4.7405750812157805,0.055682141333818436,56.071441650390625,0.03539671019118992,2.4177848264129453,47.80879255099426,47.389329940565055,push-up_22.mp4,3
163.02138337359617,169.03568688818487,5.494011628026783,0.064171701669693,56.881168365478516,0.03622451712801813,2.522353088363705,48.126354274396476,48.2282738762769,push-up_22.mp4,6
162.08910471470838,165.32671086109048,6.336018456991269,0.07451362907886505,57.08698654174805,0.019776724228720496,3.1449243300197463,47.62498571541864,45.395311110973395,push-up_22.mp4,9
161.5156899957587,162.15429266959057,8.95462317115522,0.10457874089479446,56.74256134033203,0.003946011110286684,2.4280046058465246,46.818172836326106,44.87200680626836,push-up_22.mp4,12
155.2715994427811,159.8894380602164,10.267628932620966,0.12071777135133743,56.239566802978516,0.029304628859088435,2.0893176145529093,43.362008878428426,43.608986114279936,push-up_22.mp4,15
150.5409127036801,149.10046374473586,9.921349194208744,0.11417774111032486,52.81283187866211,0.00961448633040986,2.1342373676252846,42.952888985467204,38.272918613695055,push-up_22.mp4,18
146.24922374505547,147.0136075154956,9.747436228911255,0.11047006398439407,49.911251068115234,0.005212960450218202,2.2075490909006463,41.007753694823045,39.33681376442478,push-up_22.mp4,21
141.57667005393964,140.97972150551234,8.123035526114478,0.09014029055833817,47.219364166259766,0.0042253409673919185,2.5413914695323654,38.926484901773854,34.74500974742682,push-up_22.mp4,24
136.56727390753207,137.54012087456644,8.57562896521813,0.09469263255596161,46.23774337768555,0.007098290564599583,2.297520320507476,36.89357935544865,35.697955957332134,push-up_22.mp4,27
129.6510339955539,128.32760495367089,11.28613469529131,0.12467602640390396,43.95404815673828,0.010259989333019774,2.2505598440787837,30.880910697883337,27.455608262244365,push-up_22.mp4,30
124.18420256893094,116.49247660637941,10.205982448818617,0.11260528117418289,40.32727813720703,0.06391750117965381,2.6684608828910688,28.363144255599938,17.256124437972726,push-up_22.mp4,33
122.18908620772422,116.21933279176243,10.93956077162241,0.12091825902462006,39.95430374145508,0.05008005540252876,2.2442533454526328,26.592606642834035,17.4939489862635,push-up_22.mp4,36
113.60929795398579,104.92139041936147,8.890858146327872,0.09686045348644257,42.63563919067383,0.07951201361505364,3.2276487189799337,22.379428150777418,13.252012384828765,push-up_22.mp4,39
112.71988581067521,107.54853688475359,4.834928712711644,0.05232347175478935,40.6820182800293,0.04695497305187668,2.310176366836551,22.91304277663017,17.038800513815993,push-up_22.mp4,42
105.06802089701287,101.95541568155812,3.0134387699229137,0.03222217038273811,42.552913665771484,0.030070075802972496,2.8956430187206683,11.675819056254978,16.058871335213016,push-up_22.mp4,45
100.33658631648835,95.33354163732957,5.459051271291429,0.05877571925520897,48.101043701171875,0.051137541856563766,2.2603289181991975,6.160329683288084,15.371590011792117,push-up_22.mp4,48
84.53096432294433,78.32441096715534,2.724407828712401,0.029671402648091316,36.74064254760742,0.07622165795550861,2.5583673749595115,7.70899712784375,8.806047743703138,push-up_22.mp4,51
83.30295770850041,85.31750014050907,2.9122176139226497,0.03096773661673069,37.49693298339844,0.023894401162314092,2.0185896268193533,6.6092181107966175,1.9638360144959144,push-up_22.mp4,54
77.17109267735962,72.35426319316382,2.4416013284534586,0.02703203819692135,35.40376663208008,0.0644282631016345,2.0169777497397203,14.062554274752522,11.777929180864506,push-up_22.mp4,57
78.01356404272994,76.89257500010204,3.4734456334347215,0.03798919543623924,37.91825866699219,0.014473139018950578,1.9590531797316133,10.942943436001844,11.790220071864438,push-up_22.mp4,60
67.7315962449403,74.31525213058607,4.78532359582681,0.0517251119017601,36.866119384765625,0.09269696527501532,2.370777132252324,22.584720977354813,14.339893065217645,push-up_22.mp4,63
67.27519178065296,73.24277802323401,7.554059851078108,0.0824645385146141,36.69572067260742,0.08493698351761948,2.7102838609341457,22.23428291701198,17.829876229581647,push-up_22.mp4,66
74.00980511378005,70.54409112083181,5.177291919882947,0.05619598180055618,37.943729400634766,0.04795047498855878,2.48598161587188,12.773974839865708,18.390160622473786,push-up_22.mp4,69
62.66913956293673,66.50547879564122,4.138152624481478,0.045278944075107574,38.45962905883789,0.05939772505547706,2.607894548181053,23.576969967619306,20.865914727503608,push-up_22.mp4,72
55.981992943256486,67.85225478216215,5.1044582973637205,0.0554821640253067,39.39491271972656,0.19171209995519087,2.3904309411722644,28.383991912957484,22.4220941323888,push-up_22.mp4,75
61.86771928051218,71.34368271518669,3.1525012214136154,0.03442687913775444,38.4041862487793,0.14226955489861842,2.045994053856943,23.305899037894022,18.51400594389803,push-up_22.mp4,78
76.9207450811799,74.59846031878207,7.322389532252316,0.08021862059831619,37.587345123291016,0.030653338713963595,2.17496255745871,10.90533415223373,16.967947590041735,push-up_22.mp4,81
64.7572886538335,74.15726862268714,9.634882747179176,0.10535785555839539,37.093780517578125,0.13533470002200307,2.052248070299953,23.83486760073279,18.92359623864051,push-up_22.mp4,84
57.95925761470317,69.047218099267,8.714312709608322,0.09675028175115585,40.60206985473633,0.1746046478690567,1.746613182774661,30.787236942981163,24.691997174796743,push-up_22.mp4,87
57.413452728197,71.92889903063202,7.167957242310507,0.07804545760154724,40.5808219909668,0.22445001355009284,2.3409832179810723,29.616107224416005,24.37654021507859,push-up_22.mp4,90
66.55131645166541,73.16882017489803,4.56883253438528,0.04960009828209877,38.958587646484375,0.09472512528268605,2.1552369657753023,24.534801897198104,17.247257644475305,push-up_22.mp4,93
90.32909814632146,96.76883348616137,3.0654157299722726,0.03229627385735512,46.98442840576172,0.06883812433041227,2.5445371842175577,4.422572732428929,14.815658208108532,push-up_22.mp4,96
126.57902901085032,111.69621894329875,10.003153872046113,0.11110321432352066,42.86455535888672,0.12492115899856666,2.870151327962975,31.746683194518077,17.268772124101634,push-up_22.mp4,99
132.68271461060618,133.9049518708394,8.818419914692129,0.09822214394807816,48.365203857421875,0.009169495921284729,1.874279682839758,32.80628151316982,31.344371970552015,push-up_22.mp4,102
147.42537722866834,144.3103849179918,8.624729742603478,0.09821949899196625,53.12974548339844,0.02135488832603653,2.584862358842127,41.440813325085024,36.826787769217425,push-up_22.mp4,105
154.12179717559133,156.8790316782977,10.410097789406308,0.12074180692434311,58.41239547729492,0.017731364336663905,3.1931972122035015,43.66315152536283,41.125998612201165,push-up_22.mp4,108
160.12080916250105,158.57740300878717,8.405553037047099,0.09746816754341125,60.133453369140625,0.009685690692763298,2.6115433980094296,46.93623123025411,44.01195106544334,push-up_22.mp4,111
161.24124408896674,162.0989571532141,8.291050358472319,0.09788935631513596,60.649986267089844,0.005305328944265268,3.458865455219982,47.538197256057046,44.74111950270752,push-up_22.mp4,114
161.92594100874268,161.97489026902775,8.33620969886482,0.0983620434999466,59.551513671875,0.0003022484387703992,2.6650014988090223,47.1597378075831,44.40105660304085,push-up_22.mp4,117
162.65321565855783,163.88187754067616,8.683038115484692,0.10099118202924728,57.79021453857422,0.007525450756796105,2.752924769727943,46.65593358803694,45.921449905873,push-up_22.mp4,120
162.0904706360555,162.07561748607117,9.948823184928386,0.1176753118634224,62.34468460083008,9.163913517528192e-05,3.858252234274963,46.82975855767185,45.50923126390132,push-up_22.mp4,123
161.8106604368211,162.1843499116386,9.511406163298659,0.11227764189243317,60.31056594848633,0.002306760677675805,3.4165651918112956,46.98937490775088,44.64372650917371,push-up_22.mp4,126
163.8634848725741,163.69802039976307,12.384385173184171,0.1445123255252838,57.757484436035156,0.0010102803299396853,2.879029569432971,46.49347147768561,44.43221289776928,push-up_22.mp4,129
163.88444873140773,163.23067706813592,11.755321069762232,0.13575856387615204,58.70293045043945,0.003997196165563088,2.8250636163622063,47.00508866031266,45.57654037605496,push-up_22.mp4,132
162.76833329439492,162.6841455898718,12.596278402626297,0.1460667997598648,58.22764587402344,0.0005173578939188535,2.5230631613590915,45.95386695852276,44.05950447998517,push-up_22.mp4,135
162.5316080311712,163.1085171827692,12.871855202665557,0.15055394172668457,57.61980056762695,0.0035432313583528313,2.9918741499243713,46.000652913254456,43.59133177590176,push-up_22.mp4,138
162.24549680372238,162.83519637473245,12.23057944559423,0.14174242317676544,61.36275863647461,0.003628019647948479,2.7047517315768825,45.90469976236174,44.73136686107596,push-up_22.mp4,141
162.4683386666844,163.1412461875512,12.697852387157525,0.14825545251369476,59.57157516479492,0.004133216908636389,2.495524047477306,45.63666450093787,44.715647510158675,push-up_22.mp4,144
160.998517083731,162.9281657544385,13.560827688650221,0.1601971536874771,58.68309020996094,0.011914107561627087,3.269395916777566,43.763940944929715,43.238181594692556,push-up_22.mp4,147
176.19429687918245,177.54951655843607,67.67021638583658,0.29129207134246826,63.016448974609375,0.007662153387695134,1.8000024593173027,77.95878481437165,91.48283876691994,push-up_23.mp4,0
174.91989673151787,179.63900555636968,51.69833628498847,0.2353944033384323,58.77581024169922,0.02661960421470444,1.9533592919258842,59.21311044187255,85.29584369997252,push-up_23.mp4,3
174.15084986290918,177.08771516839246,58.683789038702216,0.26291513442993164,46.30434036254883,0.016722909144225397,1.702580903632259,60.04823592337756,87.64432622539692,push-up_23.mp4,6
169.79608006490704,179.9515433573567,50.5345072874282,0.2200392782688141,54.10239791870117,0.05807309392457879,1.856322647797748,55.406153246724934,86.64594673394878,push-up_23.mp4,9
173.89979220948334,179.817615751313,48.59899386263692,0.1867191344499588,55.67691421508789,0.03346074243813055,1.760255625486092,60.54642128696721,86.05318920898321,push-up_23.mp4,12
174.44882071715193,179.32304678384648,41.49254121604224,0.14200538396835327,50.88262939453125,0.027555758467316744,1.6470680444946824,55.60794410697961,87.11833633916126,push-up_23.mp4,15
170.48103269700658,179.85463003741117,35.64269908533379,0.12822921574115753,41.40861511230469,0.053512093329251026,1.8974059948281463,54.06874810115985,85.52653830835604,push-up_23.mp4,18
160.17635262238304,179.28645866421243,29.59208423415069,0.15044203400611877,38.861427307128906,0.11259027738208098,1.8647309108522627,33.52216049134554,72.69938117678342,push-up_23.mp4,21
155.15870575405262,177.99943513098629,10.583997229067649,0.04325322434306145,37.05535888671875,0.1371164415568953,1.729351034440582,27.90177978090742,60.755491861737966,push-up_23.mp4,24
157.01111355698947,176.26503214479433,27.058937989358895,0.10697591304779053,32.95673751831055,0.11554333447574919,1.7744624681538481,29.671972509389793,70.4769450543817,push-up_23.mp4,27
160.26486871893985,173.5519252034745,16.267196383706448,0.06710384786128998,34.00626754760742,0.07960687854202338,1.9184369674139312,42.277189100539424,71.22726257545351,push-up_23.mp4,30
145.3235160029374,172.27150046113638,34.174719247933666,0.15950368344783783,37.60636901855469,0.16970029793428662,1.9383742442911591,50.83017246908786,78.7508155598164,push-up_23.mp4,33
163.08634071967063,177.43226894252018,19.435175749532704,0.09815675765275955,43.762962341308594,0.08425929048095981,1.9790659997790416,51.75151294274977,74.3407192816994,push-up_23.mp4,36
130.00774605832765,152.31334395513588,11.368498141851973,0.06157929077744484,30.15717124938965,0.15801581026585368,2.0155930608360153,30.720317480755646,60.96043904749958,push-up_23.mp4,39
122.28228192831092,155.12167094125644,13.26221353282179,0.06688546389341354,30.512269973754883,0.23676222831897623,1.9446535105273257,35.23278176095279,72.8525815695306,push-up_23.mp4,42
113.78025801359284,128.0178767725303,10.900368890552016,0.05378462374210358,31.4313907623291,0.11776450444111984,1.9901634609801828,35.53879538208375,55.927271109161076,push-up_23.mp4,45
111.51176902444588,117.78090320358483,21.922185816193263,0.10546287149190903,26.25278091430664,0.054682377053064425,1.9576515770916538,36.431778926787906,46.0227483558671,push-up_23.mp4,48
110.1194044607371,120.62524612180788,23.880048958496616,0.13687898218631744,24.73242950439453,0.09106032694190229,1.9854995433955696,34.798950707992454,50.627178693385304,push-up_23.mp4,51
101.33535050668688,94.36586420779311,18.23079037838005,0.09755869954824448,27.903108596801758,0.07122578476645598,1.9462511350147471,31.358576190947517,27.430554549302755,push-up_23.mp4,54
103.66724334228745,57.667881295393336,13.605527285485692,0.07379213720560074,26.663084030151367,0.5702336939980978,2.2573194605391915,32.21095433714056,2.980320926476681,push-up_23.mp4,57
97.31328886169506,48.38106060385622,32.459435232573725,0.17369675636291504,23.24253273010254,0.6717107209351125,2.3176156317664782,20.68944283606183,15.730920304138271,push-up_23.mp4,60
97.16937550775982,25.330886030211907,12.568169460503896,0.06298422068357468,19.16595458984375,1.1728707935089582,2.1408398888285114,39.75200534380568,30.443165165841606,push-up_23.mp4,63
91.30397945614374,51.14863043016217,19.131963009839154,0.08433109521865845,18.596820831298828,0.563771335014926,2.1559440420553524,29.137366011986835,4.7845866680107,push-up_23.mp4,66
99.00448614022734,26.998983810318585,4.9853091466302715,0.021378908306360245,19.29239845275879,1.1429130064143407,2.000285516916246,36.23508113239016,36.34941303721762,push-up_23.mp4,69
93.02127952314865,28.537956408033203,27.2848305396914,0.12692609429359436,22.51797866821289,1.0609366309544968,1.9293096588715313,41.31442222656247,33.19097804348107,push-up_23.mp4,72
70.8770830461403,31.975464174816775,8.869642370288972,0.04886750876903534,15.709136962890625,0.7564541651603741,1.9934566302497418,20.899466329081907,19.797649703142856,push-up_23.mp4,75
80.25263161322982,48.869504339812735,10.642720079110859,0.0530143678188324,17.88159942626953,0.486099878100376,2.3502120298211238,13.351032442801706,8.617735601024396,push-up_23.mp4,78
95.97558296375782,84.37671103695646,34.625766137051244,0.23237095773220062,19.436664581298828,0.12862461208012596,2.1461494670115857,32.55902183329428,21.79365637717517,push-up_23.mp4,81
104.21165261384853,128.54012908280552,54.24709154597198,0.3305269777774811,26.62525749206543,0.20905082909882386,2.067048461705061,33.81741809868722,60.226655518133626,push-up_23.mp4,84
139.618937728524,163.5881170641591,19.572110248338106,0.07252226024866104,26.493131637573242,0.15810436437255027,1.8820360229289328,49.31441665928109,78.88366476256695,push-up_23.mp4,87
148.55231322293284,177.69904772141095,39.383732677151954,0.141380175948143,38.60016632080078,0.17867655426240714,1.665357530915427,47.20557818074992,82.04133411472955,push-up_23.mp4,90
151.77945073999635,176.74285694380157,20.405401501582077,0.05875364691019058,38.57499694824219,0.1519738880431368,1.625534806806968,22.971400370630114,77.60853510016267,push-up_23.mp4,93
150.33919841569764,178.46596151140668,22.508400303545756,0.06417407840490341,45.1302375793457,0.17108468189455847,1.5635025336745878,44.97521456630124,80.05377900630816,push-up_23.mp4,96
168.27070617154368,179.4016019038301,47.91707004211446,0.21705074608325958,58.00104904174805,0.06403095946239874,1.7167600497870878,61.46885517726004,79.78166759357151,push-up_23.mp4,99
166.18376554269534,177.595963970764,44.32370835063858,0.230441153049469,58.86561965942383,0.06639250338709601,1.638783878518893,40.800363551048115,70.82130649303508,push-up_23.mp4,102
173.38823063426454,176.208627727973,49.06530495494363,0.23052221536636353,63.1201171875,0.01613513981173188,1.57823070937714,54.463928414268764,85.10655416132326,push-up_23.mp4,105
171.32307176530148,178.24041422916056,45.49936856267456,0.18299871683120728,61.903751373291016,0.03957703101729952,1.9239672204455842,37.424922194634725,89.66603803723493,push-up_23.mp4,108
160.95143632660236,178.662355660213,20.92407514728353,0.11304593086242676,59.694847106933594,0.10430035382248677,1.6315838480305054,4.412019728074731,58.29994939204433,push-up_23.mp4,111
167.37733065351338,176.3054613379447,28.128698500151444,0.1524823009967804,70.56078338623047,0.051955645685357585,1.4094495334211268,18.18022411137343,66.91035658571177,push-up_23.mp4,114
176.19429687918245,177.54951655843607,67.67021638583658,0.29129207134246826,63.016448974609375,0.007662153387695134,1.8000024593173027,77.95878481437165,91.48283876691994,push-up_23.mp4,0
174.91989673151787,179.63900555636968,51.69833628498847,0.2353944033384323,58.77581024169922,0.02661960421470444,1.9533592919258842,59.21311044187255,85.29584369997252,push-up_23.mp4,3
174.15084986290918,177.08771516839246,58.683789038702216,0.26291513442993164,46.30434036254883,0.016722909144225397,1.702580903632259,60.04823592337756,87.64432622539692,push-up_23.mp4,6
169.79608006490704,179.9515433573567,50.5345072874282,0.2200392782688141,54.10239791870117,0.05807309392457879,1.856322647797748,55.406153246724934,86.64594673394878,push-up_23.mp4,9
173.89979220948334,179.817615751313,48.59899386263692,0.1867191344499588,55.67691421508789,0.03346074243813055,1.760255625486092,60.54642128696721,86.05318920898321,push-up_23.mp4,12
174.44882071715193,179.32304678384648,41.49254121604224,0.14200538396835327,50.88262939453125,0.027555758467316744,1.6470680444946824,55.60794410697961,87.11833633916126,push-up_23.mp4,15
170.48103269700658,179.85463003741117,35.64269908533379,0.12822921574115753,41.40861511230469,0.053512093329251026,1.8974059948281463,54.06874810115985,85.52653830835604,push-up_23.mp4,18
160.17635262238304,179.28645866421243,29.59208423415069,0.15044203400611877,38.861427307128906,0.11259027738208098,1.8647309108522627,33.52216049134554,72.69938117678342,push-up_23.mp4,21
155.15870575405262,177.99943513098629,10.583997229067649,0.04325322434306145,37.05535888671875,0.1371164415568953,1.729351034440582,27.90177978090742,60.755491861737966,push-up_23.mp4,24
157.01111355698947,176.26503214479433,27.058937989358895,0.10697591304779053,32.95673751831055,0.11554333447574919,1.7744624681538481,29.671972509389793,70.4769450543817,push-up_23.mp4,27
160.26486871893985,173.5519252034745,16.267196383706448,0.06710384786128998,34.00626754760742,0.07960687854202338,1.9184369674139312,42.277189100539424,71.22726257545351,push-up_23.mp4,30
145.3235160029374,172.27150046113638,34.174719247933666,0.15950368344783783,37.60636901855469,0.16970029793428662,1.9383742442911591,50.83017246908786,78.7508155598164,push-up_23.mp4,33
163.08634071967063,177.43226894252018,19.435175749532704,0.09815675765275955,43.762962341308594,0.08425929048095981,1.9790659997790416,51.75151294274977,74.3407192816994,push-up_23.mp4,36
130.00774605832765,152.31334395513588,11.368498141851973,0.06157929077744484,30.15717124938965,0.15801581026585368,2.0155930608360153,30.720317480755646,60.96043904749958,push-up_23.mp4,39
122.28228192831092,155.12167094125644,13.26221353282179,0.06688546389341354,30.512269973754883,0.23676222831897623,1.9446535105273257,35.23278176095279,72.8525815695306,push-up_23.mp4,42
113.78025801359284,128.0178767725303,10.900368890552016,0.05378462374210358,31.4313907623291,0.11776450444111984,1.9901634609801828,35.53879538208375,55.927271109161076,push-up_23.mp4,45
111.51176902444588,117.78090320358483,21.922185816193263,0.10546287149190903,26.25278091430664,0.054682377053064425,1.9576515770916538,36.431778926787906,46.0227483558671,push-up_23.mp4,48
110.1194044607371,120.62524612180788,23.880048958496616,0.13687898218631744,24.73242950439453,0.09106032694190229,1.9854995433955696,34.798950707992454,50.627178693385304,push-up_23.mp4,51
101.33535050668688,94.36586420779311,18.23079037838005,0.09755869954824448,27.903108596801758,0.07122578476645598,1.9462511350147471,31.358576190947517,27.430554549302755,push-up_23.mp4,54
103.66724334228745,57.667881295393336,13.605527285485692,0.07379213720560074,26.663084030151367,0.5702336939980978,2.2573194605391915,32.21095433714056,2.980320926476681,push-up_23.mp4,57
97.31328886169506,48.38106060385622,32.459435232573725,0.17369675636291504,23.24253273010254,0.6717107209351125,2.3176156317664782,20.68944283606183,15.730920304138271,push-up_23.mp4,60
97.16937550775982,25.330886030211907,12.568169460503896,0.06298422068357468,19.16595458984375,1.1728707935089582,2.1408398888285114,39.75200534380568,30.443165165841606,push-up_23.mp4,63
91.30397945614374,51.14863043016217,19.131963009839154,0.08433109521865845,18.596820831298828,0.563771335014926,2.1559440420553524,29.137366011986835,4.7845866680107,push-up_23.mp4,66
99.00448614022734,26.998983810318585,4.9853091466302715,0.021378908306360245,19.29239845275879,1.1429130064143407,2.000285516916246,36.23508113239016,36.34941303721762,push-up_23.mp4,69
93.02127952314865,28.537956408033203,27.2848305396914,0.12692609429359436,22.51797866821289,1.0609366309544968,1.9293096588715313,41.31442222656247,33.19097804348107,push-up_23.mp4,72
70.8770830461403,31.975464174816775,8.869642370288972,0.04886750876903534,15.709136962890625,0.7564541651603741,1.9934566302497418,20.899466329081907,19.797649703142856,push-up_23.mp4,75
80.25263161322982,48.869504339812735,10.642720079110859,0.0530143678188324,17.88159942626953,0.486099878100376,2.3502120298211238,13.351032442801706,8.617735601024396,push-up_23.mp4,78
95.97558296375782,84.37671103695646,34.625766137051244,0.23237095773220062,19.436664581298828,0.12862461208012596,2.1461494670115857,32.55902183329428,21.79365637717517,push-up_23.mp4,81
104.21165261384853,128.54012908280552,54.24709154597198,0.3305269777774811,26.62525749206543,0.20905082909882386,2.067048461705061,33.81741809868722,60.226655518133626,push-up_23.mp4,84
139.618937728524,163.5881170641591,19.572110248338106,0.07252226024866104,26.493131637573242,0.15810436437255027,1.8820360229289328,49.31441665928109,78.88366476256695,push-up_23.mp4,87
148.55231322293284,177.69904772141095,39.383732677151954,0.141380175948143,38.60016632080078,0.17867655426240714,1.665357530915427,47.20557818074992,82.04133411472955,push-up_23.mp4,90
151.77945073999635,176.74285694380157,20.405401501582077,0.05875364691019058,38.57499694824219,0.1519738880431368,1.625534806806968,22.971400370630114,77.60853510016267,push-up_23.mp4,93
150.33919841569764,178.46596151140668,22.508400303545756,0.06417407840490341,45.1302375793457,0.17108468189455847,1.5635025336745878,44.97521456630124,80.05377900630816,push-up_23.mp4,96
168.27070617154368,179.4016019038301,47.91707004211446,0.21705074608325958,58.00104904174805,0.06403095946239874,1.7167600497870878,61.46885517726004,79.78166759357151,push-up_23.mp4,99
166.18376554269534,177.595963970764,44.32370835063858,0.230441153049469,58.86561965942383,0.06639250338709601,1.638783878518893,40.800363551048115,70.82130649303508,push-up_23.mp4,102
173.38823063426454,176.208627727973,49.06530495494363,0.23052221536636353,63.1201171875,0.01613513981173188,1.57823070937714,54.463928414268764,85.10655416132326,push-up_23.mp4,105
171.32307176530148,178.24041422916056,45.49936856267456,0.18299871683120728,61.903751373291016,0.03957703101729952,1.9239672204455842,37.424922194634725,89.66603803723493,push-up_23.mp4,108
160.95143632660236,178.662355660213,20.92407514728353,0.11304593086242676,59.694847106933594,0.10430035382248677,1.6315838480305054,4.412019728074731,58.29994939204433,push-up_23.mp4,111
167.37733065351338,176.3054613379447,28.128698500151444,0.1524823009967804,70.56078338623047,0.051955645685357585,1.4094495334211268,18.18022411137343,66.91035658571177,push-up_23.mp4,114
174.55791869524515,175.88943537497607,7.4444214028830515,0.08890492469072342,67.31371307373047,0.007598954104039951,8.354913829321411,63.49349955308991,63.43475443799843,push-up_24.mp4,0
173.70549080500155,174.93674003087654,6.509786172312147,0.07708152383565903,69.00011444091797,0.007063110070877188,5.532752251626189,62.011811000722794,62.66019945676696,push-up_24.mp4,3
174.84516115303737,175.5481172592187,4.419870367435209,0.05267542973160744,69.09868621826172,0.004012383510132759,3.7317470523657112,60.32439878160908,63.135180832132086,push-up_24.mp4,6
172.25331352568622,174.32159217996121,6.153961549965004,0.07503827661275864,69.95450592041016,0.011935536129275434,13.535059947200972,61.65370086281369,62.03852569407795,push-up_24.mp4,9
173.057677824932,174.93070711642943,7.812911428468112,0.09279551357030869,68.1698226928711,0.010764895453697687,7.882639350167421,62.54424519884229,62.562778354995515,push-up_24.mp4,12
172.70684838814358,175.05430402905031,3.4428157782821245,0.041368141770362854,64.6144790649414,0.013500390279881464,14.778596351429428,58.32274170263698,61.443468959719134,push-up_24.mp4,15
171.89491775163205,174.4594572784312,1.7484284001357082,0.020474577322602272,63.1446647644043,0.014808760689548315,5.967621233635353,57.18420083158027,61.39849155430793,push-up_24.mp4,18
171.60587890978766,174.18287319172617,2.262091299632317,0.026898019015789032,63.386085510253906,0.014905020861881462,16.60932192416364,57.84125859806233,60.06633954282436,push-up_24.mp4,21
174.61984573244052,175.2014310108073,3.0411157707255825,0.03577515110373497,68.66454315185547,0.0033250423403699586,7.5654826856725785,59.4841039224017,62.63269223659966,push-up_24.mp4,24
170.23251383977478,173.04858588063186,2.456865065447232,0.028789034113287926,67.1955337524414,0.016406799227517598,14.581770775027218,59.11777504321424,61.447380313270735,push-up_24.mp4,27
168.92950304478066,168.9710377800591,3.574838812637182,0.04257187619805336,61.27943801879883,0.0002458400047366437,5.598081324384679,57.57069863275832,60.02533910022864,push-up_24.mp4,30
159.07207146567657,162.2213558705096,4.8897638633351335,0.06046825274825096,61.42168045043945,0.019603789787693133,8.274227552954883,53.646186680044835,58.28074877632019,push-up_24.mp4,33
152.96624462116083,154.30728682287966,0.11364091540156096,0.0013952574227005243,56.52936935424805,0.008728654208623635,7.187806739358034,49.878321937943355,54.596272610905125,push-up_24.mp4,36
141.87447112819547,147.10942065480222,3.832825202404564,0.04633555933833122,51.76993942260742,0.03623004378761537,5.941916371781009,41.195496633821186,49.43549941309729,push-up_24.mp4,39
130.81012155414098,137.5998847491505,6.4945262939059205,0.07799851894378662,47.64836120605469,0.050592474464885594,7.546396644723749,35.68266598847794,41.892086363315045,push-up_24.mp4,42
126.0180517102429,129.77108764649574,12.428892188773148,0.1432986855506897,45.02061462402344,0.0293447637823171,7.127713188187742,30.114414565794327,37.36613081736786,push-up_24.mp4,45
112.79039924782343,122.17822773022463,6.444302892582527,0.06970091164112091,41.8377685546875,0.07990708038889176,4.931642155957397,28.729688084750588,36.497480520450246,push-up_24.mp4,48
103.58830163704963,106.43460347588149,6.148957962484076,0.07093743979930878,37.46699905395508,0.027104680199537115,2.2113256554764824,18.64561493089743,25.04767868566121,push-up_24.mp4,51
89.79525445194673,92.65808158609913,7.448031616618522,0.08885886520147324,40.63393020629883,0.03138147206642941,2.1383634389085104,7.867763020278573,14.00951113499447,push-up_24.mp4,54
83.33546388565689,86.94916681487355,8.762059422695529,0.09605184942483902,43.148887634277344,0.042443089718083415,2.417188573787174,2.1955285736797534,8.642838226161668,push-up_24.mp4,57
74.90475543000453,72.35263797251733,9.910560723655635,0.10998443514108658,42.082000732421875,0.03466199419286329,1.8845646729496965,6.82495559809628,2.7245515216651577,push-up_24.mp4,60
75.69897015800058,71.09871490649988,10.146059290115119,0.11265929788351059,41.71316909790039,0.06267476560654785,1.835541351592681,5.440676765014256,2.262091299632303,push-up_24.mp4,63
61.764044156723116,69.2479394345237,9.182132944517775,0.10001281648874283,41.536231994628906,0.11424749206378094,3.6107725381638054,9.065141494988296,8.22521317414006,push-up_24.mp4,66
64.01990811946948,67.3926593410987,9.663529405739126,0.1077437773346901,40.03641128540039,0.05133072561939346,4.70651816555293,9.974940838049053,9.331403507550053,push-up_24.mp4,69
63.5925437732772,63.64442653369881,8.357006893224991,0.09398994594812393,42.9109992980957,0.0008155296419969565,3.709038296265261,6.670797506959691,5.317545079944825,push-up_24.mp4,72
61.72387755810919,61.61161761578036,8.820847741859382,0.09760315716266632,42.70099639892578,0.001820399588464816,2.6348844149939246,9.579612935313598,9.10172116668284,push-up_24.mp4,75
55.75414316975764,59.8450091774299,9.672070426937779,0.10507554560899734,40.79900360107422,0.07077674748662272,4.343836820039799,13.550599485621614,11.073911233768975,push-up_24.mp4,78
50.03243635426211,58.883379998350954,10.451050109108877,0.11402913182973862,40.7215690612793,0.16252816056456057,3.862951037100864,15.50844810284726,10.800954594693074,push-up_24.mp4,81
48.59096668225749,58.87907571554429,9.553248296513118,0.10647118836641312,40.10728454589844,0.1914600348849818,4.042591412417856,11.82868331977755,11.809792521950639,push-up_24.mp4,84
57.21433928796727,61.91361523449311,9.642551846490278,0.10731664299964905,38.804203033447266,0.0788945964087688,2.130336885648453,12.58879081180595,9.755299858933261,push-up_24.mp4,87
60.655308111021604,59.34668350353371,7.249575501599537,0.08292151242494583,38.12187957763672,0.021810048148053682,2.4055782678955278,14.727134158692351,12.38250606252971,push-up_24.mp4,90
72.20340262370779,71.839447843651,7.420740573738641,0.0877772718667984,38.648536682128906,0.005053423739892759,2.073728582850166,6.455915757304132,0.42520627661361654,push-up_24.mp4,93
88.55692098576982,81.54445999253174,2.9397147004230817,0.03322708234190941,39.22515106201172,0.08245037110113293,1.6123463639529365,10.657281564524608,8.41911574603183,push-up_24.mp4,96
105.27785427839304,107.96365413456178,5.199648299940748,0.059067849069833755,36.497291564941406,0.02519021625909278,2.8422213214080467,16.500682931557314,22.67036927637203,push-up_24.mp4,99
126.22667975167327,123.72582044090531,7.912964937799529,0.09167015552520752,42.50637435913086,0.020010676499264066,2.669563668290238,26.01518605427043,29.227759285494248,push-up_24.mp4,102
142.38930798146257,145.092562373469,5.678062657916172,0.06686124950647354,45.84584426879883,0.018806433871248605,4.525277275924948,40.13052182823327,44.21414577655882,push-up_24.mp4,105
154.7021160079661,155.2492072439329,3.480653240045541,0.041012074798345566,53.70271301269531,0.003530175191555167,6.676308336718553,46.310629512786484,47.62576696472433,push-up_24.mp4,108
163.19012505166768,162.25314749751172,4.670638016689111,0.05748237296938896,59.06183624267578,0.005758162071175508,11.101537427345328,50.39023935498119,50.24732263396614,push-up_24.mp4,111
169.30496500789064,171.9703559719415,4.576371915998891,0.05572772026062012,68.07384490966797,0.01562017995557534,4.290198725202547,51.8426284653061,55.77276520789708,push-up_24.mp4,114
172.18990277158036,175.94179411778484,4.346903532983845,0.05453803390264511,70.83013916015625,0.021554436896889677,4.131380264025858,52.13030863896359,58.54912145364461,push-up_24.mp4,117
173.38399059960358,175.99527619181126,2.4965376695572843,0.03136509656906128,68.42578125,0.014948142837374832,3.1145951374842906,53.296039400227244,59.35636536894319,push-up_24.mp4,120
172.6455262533255,175.14679150486685,2.1920491984738533,0.02703426033258438,65.76134490966797,0.014383671655912745,4.440256955420069,52.434932887294416,58.33680600857059,push-up_24.mp4,123
174.55791869524515,175.88943537497607,7.4444214028830515,0.08890492469072342,67.31371307373047,0.007598954104039951,8.354913829321411,63.49349955308991,63.43475443799843,push-up_24.mp4,0
173.70549080500155,174.93674003087654,6.509786172312147,0.07708152383565903,69.00011444091797,0.007063110070877188,5.532752251626189,62.011811000722794,62.66019945676696,push-up_24.mp4,3
174.84516115303737,175.5481172592187,4.419870367435209,0.05267542973160744,69.09868621826172,0.004012383510132759,3.7317470523657112,60.32439878160908,63.135180832132086,push-up_24.mp4,6
172.25331352568622,174.32159217996121,6.153961549965004,0.07503827661275864,69.95450592041016,0.011935536129275434,13.535059947200972,61.65370086281369,62.03852569407795,push-up_24.mp4,9
173.057677824932,174.93070711642943,7.812911428468112,0.09279551357030869,68.1698226928711,0.010764895453697687,7.882639350167421,62.54424519884229,62.562778354995515,push-up_24.mp4,12
172.70684838814358,175.05430402905031,3.4428157782821245,0.041368141770362854,64.6144790649414,0.013500390279881464,14.778596351429428,58.32274170263698,61.443468959719134,push-up_24.mp4,15
171.89491775163205,174.4594572784312,1.7484284001357082,0.020474577322602272,63.1446647644043,0.014808760689548315,5.967621233635353,57.18420083158027,61.39849155430793,push-up_24.mp4,18
171.60587890978766,174.18287319172617,2.262091299632317,0.026898019015789032,63.386085510253906,0.014905020861881462,16.60932192416364,57.84125859806233,60.06633954282436,push-up_24.mp4,21
174.61984573244052,175.2014310108073,3.0411157707255825,0.03577515110373497,68.66454315185547,0.0033250423403699586,7.5654826856725785,59.4841039224017,62.63269223659966,push-up_24.mp4,24
170.23251383977478,173.04858588063186,2.456865065447232,0.028789034113287926,67.1955337524414,0.016406799227517598,14.581770775027218,59.11777504321424,61.447380313270735,push-up_24.mp4,27
168.92950304478066,168.9710377800591,3.574838812637182,0.04257187619805336,61.27943801879883,0.0002458400047366437,5.598081324384679,57.57069863275832,60.02533910022864,push-up_24.mp4,30
159.07207146567657,162.2213558705096,4.8897638633351335,0.06046825274825096,61.42168045043945,0.019603789787693133,8.274227552954883,53.646186680044835,58.28074877632019,push-up_24.mp4,33
152.96624462116083,154.30728682287966,0.11364091540156096,0.0013952574227005243,56.52936935424805,0.008728654208623635,7.187806739358034,49.878321937943355,54.596272610905125,push-up_24.mp4,36
141.87447112819547,147.10942065480222,3.832825202404564,0.04633555933833122,51.76993942260742,0.03623004378761537,5.941916371781009,41.195496633821186,49.43549941309729,push-up_24.mp4,39
130.81012155414098,137.5998847491505,6.4945262939059205,0.07799851894378662,47.64836120605469,0.050592474464885594,7.546396644723749,35.68266598847794,41.892086363315045,push-up_24.mp4,42
126.0180517102429,129.77108764649574,12.428892188773148,0.1432986855506897,45.02061462402344,0.0293447637823171,7.127713188187742,30.114414565794327,37.36613081736786,push-up_24.mp4,45
112.79039924782343,122.17822773022463,6.444302892582527,0.06970091164112091,41.8377685546875,0.07990708038889176,4.931642155957397,28.729688084750588,36.497480520450246,push-up_24.mp4,48
103.58830163704963,106.43460347588149,6.148957962484076,0.07093743979930878,37.46699905395508,0.027104680199537115,2.2113256554764824,18.64561493089743,25.04767868566121,push-up_24.mp4,51
89.79525445194673,92.65808158609913,7.448031616618522,0.08885886520147324,40.63393020629883,0.03138147206642941,2.1383634389085104,7.867763020278573,14.00951113499447,push-up_24.mp4,54
83.33546388565689,86.94916681487355,8.762059422695529,0.09605184942483902,43.148887634277344,0.042443089718083415,2.417188573787174,2.1955285736797534,8.642838226161668,push-up_24.mp4,57
74.90475543000453,72.35263797251733,9.910560723655635,0.10998443514108658,42.082000732421875,0.03466199419286329,1.8845646729496965,6.82495559809628,2.7245515216651577,push-up_24.mp4,60
75.69897015800058,71.09871490649988,10.146059290115119,0.11265929788351059,41.71316909790039,0.06267476560654785,1.835541351592681,5.440676765014256,2.262091299632303,push-up_24.mp4,63
61.764044156723116,69.2479394345237,9.182132944517775,0.10001281648874283,41.536231994628906,0.11424749206378094,3.6107725381638054,9.065141494988296,8.22521317414006,push-up_24.mp4,66
64.01990811946948,67.3926593410987,9.663529405739126,0.1077437773346901,40.03641128540039,0.05133072561939346,4.70651816555293,9.974940838049053,9.331403507550053,push-up_24.mp4,69
63.5925437732772,63.64442653369881,8.357006893224991,0.09398994594812393,42.9109992980957,0.0008155296419969565,3.709038296265261,6.670797506959691,5.317545079944825,push-up_24.mp4,72
61.72387755810919,61.61161761578036,8.820847741859382,0.09760315716266632,42.70099639892578,0.001820399588464816,2.6348844149939246,9.579612935313598,9.10172116668284,push-up_24.mp4,75
55.75414316975764,59.8450091774299,9.672070426937779,0.10507554560899734,40.79900360107422,0.07077674748662272,4.343836820039799,13.550599485621614,11.073911233768975,push-up_24.mp4,78
50.03243635426211,58.883379998350954,10.451050109108877,0.11402913182973862,40.7215690612793,0.16252816056456057,3.862951037100864,15.50844810284726,10.800954594693074,push-up_24.mp4,81
48.59096668225749,58.87907571554429,9.553248296513118,0.10647118836641312,40.10728454589844,0.1914600348849818,4.042591412417856,11.82868331977755,11.809792521950639,push-up_24.mp4,84
57.21433928796727,61.91361523449311,9.642551846490278,0.10731664299964905,38.804203033447266,0.0788945964087688,2.130336885648453,12.58879081180595,9.755299858933261,push-up_24.mp4,87
60.655308111021604,59.34668350353371,7.249575501599537,0.08292151242494583,38.12187957763672,0.021810048148053682,2.4055782678955278,14.727134158692351,12.38250606252971,push-up_24.mp4,90
72.20340262370779,71.839447843651,7.420740573738641,0.0877772718667984,38.648536682128906,0.005053423739892759,2.073728582850166,6.455915757304132,0.42520627661361654,push-up_24.mp4,93
88.55692098576982,81.54445999253174,2.9397147004230817,0.03322708234190941,39.22515106201172,0.08245037110113293,1.6123463639529365,10.657281564524608,8.41911574603183,push-up_24.mp4,96
105.27785427839304,107.96365413456178,5.199648299940748,0.059067849069833755,36.497291564941406,0.02519021625909278,2.8422213214080467,16.500682931557314,22.67036927637203,push-up_24.mp4,99
126.22667975167327,123.72582044090531,7.912964937799529,0.09167015552520752,42.50637435913086,0.020010676499264066,2.669563668290238,26.01518605427043,29.227759285494248,push-up_24.mp4,102
142.38930798146257,145.092562373469,5.678062657916172,0.06686124950647354,45.84584426879883,0.018806433871248605,4.525277275924948,40.13052182823327,44.21414577655882,push-up_24.mp4,105
154.7021160079661,155.2492072439329,3.480653240045541,0.041012074798345566,53.70271301269531,0.003530175191555167,6.676308336718553,46.310629512786484,47.62576696472433,push-up_24.mp4,108
163.19012505166768,162.25314749751172,4.670638016689111,0.05748237296938896,59.06183624267578,0.005758162071175508,11.101537427345328,50.39023935498119,50.24732263396614,push-up_24.mp4,111
169.30496500789064,171.9703559719415,4.576371915998891,0.05572772026062012,68.07384490966797,0.01562017995557534,4.290198725202547,51.8426284653061,55.77276520789708,push-up_24.mp4,114
172.18990277158036,175.94179411778484,4.346903532983845,0.05453803390264511,70.83013916015625,0.021554436896889677,4.131380264025858,52.13030863896359,58.54912145364461,push-up_24.mp4,117
173.38399059960358,175.99527619181126,2.4965376695572843,0.03136509656906128,68.42578125,0.014948142837374832,3.1145951374842906,53.296039400227244,59.35636536894319,push-up_24.mp4,120
172.6455262533255,175.14679150486685,2.1920491984738533,0.02703426033258438,65.76134490966797,0.014383671655912745,4.440256955420069,52.434932887294416,58.33680600857059,push-up_24.mp4,123
162.72907670683475,176.86306207269362,32.10777185201775,0.1769980788230896,68.50067901611328,0.08324094554517948,1.4343508120181803,27.589699553615684,68.45767023901377,push-up_25.mp4,0
154.38061034091152,178.5489565192665,1.624496608296397,0.008263256400823593,43.41411590576172,0.14518594071583366,1.1828375839280563,12.69886222670852,47.944010500908455,push-up_25.mp4,3
158.04390286023258,174.6419264879707,4.379761297981304,0.018198905512690544,49.26198959350586,0.09978196943498854,1.484130758767285,8.093059074654498,59.236716890688264,push-up_25.mp4,6
159.4572657062812,176.64286981065385,16.822234449274845,0.10746071487665176,48.27015686035156,0.1022647853321483,1.3771979551915678,19.914904064997536,65.56932380771646,push-up_25.mp4,9
152.01016043707114,177.99279387955335,2.1667244646258155,0.009887641295790672,51.9881591796875,0.1574690959739283,2.08944690087776,4.2806158749584755,66.54182556804633,push-up_25.mp4,12
114.0409350832404,122.65791511128621,57.493636741864265,0.3751652240753174,27.84710693359375,0.07280964838624361,2.828268575304905,19.09260948354354,62.196793279373324,push-up_25.mp4,30
129.40422109410957,106.86170064043417,15.164167444752962,0.09178818762302399,5.020349502563477,0.19082329172298515,2.233994365261655,146.78029890614692,93.73303247536771,push-up_25.mp4,33
163.30642010955756,117.97713844137229,80.98742014135871,0.4459666311740875,84.40995025634766,0.32230310155136815,1.6719958317777635,3.8525461193892565,36.671247628300016,push-up_25.mp4,66
155.33934870581558,174.411348391887,17.3348910179121,0.09458887577056885,51.1242561340332,0.11567526530760015,1.4228967743748877,19.605480185924403,74.65450443840686,push-up_25.mp4,72
161.60990432683332,176.36062030893726,3.5686443290531145,0.02210235595703125,54.82277297973633,0.08728995522908825,1.5501954033580856,1.0160633084743873,60.66535480856747,push-up_25.mp4,75
153.99528054030907,177.44495429938678,36.53118242348822,0.20303939282894135,46.38149642944336,0.1415016723628582,1.6084191158221604,23.40250727108369,86.24654309400904,push-up_25.mp4,87
160.82665025521842,172.7320449893906,3.8119752137145326,0.016206640750169754,62.5694694519043,0.07138410662891927,1.3991607489344255,17.537589645850336,52.62702072187575,push-up_25.mp4,96
162.72907670683475,176.86306207269362,32.10777185201775,0.1769980788230896,68.50067901611328,0.08324094554517948,1.4343508120181803,27.589699553615684,68.45767023901377,push-up_25.mp4,0
154.38061034091152,178.5489565192665,1.624496608296397,0.008263256400823593,43.41411590576172,0.14518594071583366,1.1828375839280563,12.69886222670852,47.944010500908455,push-up_25.mp4,3
158.04390286023258,174.6419264879707,4.379761297981304,0.018198905512690544,49.26198959350586,0.09978196943498854,1.484130758767285,8.093059074654498,59.236716890688264,push-up_25.mp4,6
159.4572657062812,176.64286981065385,16.822234449274845,0.10746071487665176,48.27015686035156,0.1022647853321483,1.3771979551915678,19.914904064997536,65.56932380771646,push-up_25.mp4,9
152.01016043707114,177.99279387955335,2.1667244646258155,0.009887641295790672,51.9881591796875,0.1574690959739283,2.08944690087776,4.2806158749584755,66.54182556804633,push-up_25.mp4,12
114.0409350832404,122.65791511128621,57.493636741864265,0.3751652240753174,27.84710693359375,0.07280964838624361,2.828268575304905,19.09260948354354,62.196793279373324,push-up_25.mp4,30
129.40422109410957,106.86170064043417,15.164167444752962,0.09178818762302399,5.020349502563477,0.19082329172298515,2.233994365261655,146.78029890614692,93.73303247536771,push-up_25.mp4,33
163.30642010955756,117.97713844137229,80.98742014135871,0.4459666311740875,84.40995025634766,0.32230310155136815,1.6719958317777635,3.8525461193892565,36.671247628300016,push-up_25.mp4,66
155.33934870581558,174.411348391887,17.3348910179121,0.09458887577056885,51.1242561340332,0.11567526530760015,1.4228967743748877,19.605480185924403,74.65450443840686,push-up_25.mp4,72
161.60990432683332,176.36062030893726,3.5686443290531145,0.02210235595703125,54.82277297973633,0.08728995522908825,1.5501954033580856,1.0160633084743873,60.66535480856747,push-up_25.mp4,75
153.99528054030907,177.44495429938678,36.53118242348822,0.20303939282894135,46.38149642944336,0.1415016723628582,1.6084191158221604,23.40250727108369,86.24654309400904,push-up_25.mp4,87
160.82665025521842,172.7320449893906,3.8119752137145326,0.016206640750169754,62.5694694519043,0.07138410662891927,1.3991607489344255,17.537589645850336,52.62702072187575,push-up_25.mp4,96
168.64136406016814,170.25262428490004,7.259176460922248,0.08965947479009628,67.45234680175781,0.009508933649724573,2.3340410138662966,68.40619492520264,56.646029551529836,push-up_3.mp4,0
162.2092917031958,162.6174115438731,2.3798148321739347,0.028544316068291664,62.89363479614258,0.0025128466138873945,1.716366568742348,70.17226232117798,59.08541423724163,push-up_3.mp4,3
161.88938715005264,166.75163807389598,7.208813234856962,0.08545229583978653,52.74724197387695,0.02959004232980352,2.6122430051234145,71.25650180138994,58.136663288081635,push-up_3.mp4,6
153.73014973798814,151.5478356092258,8.203031164356105,0.0922618880867958,43.87351989746094,0.014297225699260497,1.9419965093885314,69.75717854379315,63.306933764234685,push-up_3.mp4,9
150.61670545173175,115.79806485831062,7.654681433984138,0.08676637709140778,41.30402755737305,0.2613867133034752,3.0556355875568033,67.53710244416824,28.899049333847813,push-up_3.mp4,12
151.60235440968606,58.67205570310796,6.7035266140330805,0.07340940833091736,38.097198486328125,0.8838954645667919,3.7912502615205814,69.74128768176286,25.46308247219127,push-up_3.mp4,15
126.49023623015322,33.021709699520436,6.135872102225193,0.0741807222366333,39.962188720703125,1.1719313683483192,3.069731963162674,46.47168106782252,41.02598748098291,push-up_3.mp4,18
128.00436621501098,54.76750560809297,0.7467722796189946,0.008151703514158726,39.68846893310547,0.801401877393918,2.480417974650769,47.94585487853668,36.04423128248922,push-up_3.mp4,21
124.65706603902721,30.091972235353023,3.7049647376325083,0.04185088723897934,37.021846771240234,1.222173589680138,2.7764976786420936,45.713846420132256,43.070684069498014,push-up_3.mp4,24
125.20217962772166,63.60405453261307,2.83800469122221,0.0313570499420166,33.58842086791992,0.6525009660729667,2.721163569027226,41.050673641797154,26.13019299517451,push-up_3.mp4,27
145.51537752550857,81.15312175920714,7.388092711453595,0.08268024772405624,37.235145568847656,0.5678976652636389,3.9397618782936603,63.955866163812566,6.625872578440919,push-up_3.mp4,30
149.61483613752767,135.20826159582788,5.435307370810932,0.060865368694067,39.597938537597656,0.10116156067642296,2.410597379019624,63.69785745431591,48.460785969098126,push-up_3.mp4,33
155.79407557153743,154.63817710387133,3.664579022687178,0.040898676961660385,44.17361068725586,0.007447025608352139,1.7613043605266805,64.75645234848226,64.0270614137677,push-up_3.mp4,36
161.03437961527126,162.74998972199538,1.1951763435957616,0.01344203483313322,43.23877716064453,0.010597238589593968,2.7784542719076004,65.79474231997072,58.07764389764774,push-up_3.mp4,39
165.4692188842017,168.35823336867787,5.1833436675130145,0.06189146265387535,53.226036071777344,0.017308429639199978,2.5123674980029707,69.73179170127531,58.57630735167738,push-up_3.mp4,42
165.06531883123347,167.36933180310666,9.271480913415303,0.1069733127951622,68.01347351074219,0.013861448964340842,1.9371700522568644,72.19146559254811,61.46921085186127,push-up_3.mp4,45
167.57593240693723,177.9025815334661,7.49794823287732,0.09242355823516846,61.616554260253906,0.05978171556168192,2.1060232618263157,68.12452647510757,58.50379808507123,push-up_3.mp4,48
172.03747679052245,167.25252584984014,2.0765056892084033,0.025234339758753777,55.030364990234375,0.02820567009605771,3.200893356797234,65.06171554846689,54.13232840527546,push-up_3.mp4,51
173.01722201674934,170.85320399283205,6.862384979313447,0.08251162618398666,60.617919921875,0.01258624098053141,2.7718744681411978,67.79928809143418,56.260529658025675,push-up_3.mp4,54
173.45006310495162,172.2457924433492,5.782486827421167,0.06996550410985947,59.61259841918945,0.006967226492735171,2.619907465623023,67.9941277168273,57.02672369178537,push-up_3.mp4,57
170.59407907765424,161.05158866491942,4.779588947171192,0.05857846140861511,62.28764724731445,0.05754629920353302,2.5997411419399916,67.6582170488024,53.38498024124653,push-up_3.mp4,60
167.459498155249,165.60769338362215,7.295518600257026,0.08723525702953339,64.37899017333984,0.011119706885994755,1.9364231873541589,73.17874056580068,57.88611779998682,push-up_3.mp4,63
163.45853307992545,159.7560128215973,7.2002081924677555,0.0873110294342041,60.40155029296875,0.022910604149952066,2.4076372405854713,71.93723475139605,53.785503286638885,push-up_3.mp4,66
156.9425328416236,159.78100777820086,6.389974850712576,0.06916378438472748,42.72575378417969,0.017923990941894577,2.094316885598986,67.455123479479,60.74418577416179,push-up_3.mp4,69
152.39988302700274,143.63850033391947,7.562342283852445,0.0825577974319458,41.958473205566406,0.059190856223543344,1.6859804583574667,68.78277202882359,59.77991416266709,push-up_3.mp4,72
147.4093264327436,86.22645530349234,9.565771741964795,0.11001370847225189,43.10750198364258,0.5237457265713169,3.2790465853698114,65.89112681443933,4.117038944437268,push-up_3.mp4,75
136.1585483471498,68.64776260353098,3.9939023706286036,0.04378240555524826,37.69465255737305,0.65926470166123,3.152434359089922,50.98991910347371,26.140884157786555,push-up_3.mp4,78
136.0374978789071,62.20584070115127,0.10835235982844438,0.0011905633145943284,38.60297775268555,0.7448588962089109,2.948978300584609,50.61704799506857,23.837876002955735,push-up_3.mp4,81
132.78272739485777,37.130408023999976,1.589916288465588,0.017297660931944847,38.9884033203125,1.125896701688925,2.9490969494035664,49.75042315013502,43.02115755325388,push-up_3.mp4,84
126.5605701118778,51.87056696502513,1.2577217071212203,0.013712377287447453,38.399444580078125,0.8371857554734031,3.3327631779340625,41.48034376489788,35.87884477643577,push-up_3.mp4,87
133.1174451185059,34.64882667048102,0.7677033168056084,0.008472057990729809,38.601619720458984,1.173878603821831,3.3743323929367186,47.821775725556456,38.739530906809705,push-up_3.mp4,90
141.7948984700209,57.133420126716544,2.637375443179792,0.028067396953701973,35.40079116821289,0.8511757294337566,3.7573053341623925,54.32683380312566,27.742985483735414,push-up_3.mp4,93
144.12493134234307,78.78294992893747,3.332840274281182,0.03721627965569496,36.15497589111328,0.5862689200646426,3.6283285154089473,64.67536566817992,2.1822953870939314,push-up_3.mp4,96
156.87470094130106,146.53502144779617,2.5579551259260427,0.0280653964728117,46.28824234008789,0.06815654694311428,2.0013242258467816,65.64186125660493,59.77521092553302,push-up_3.mp4,99
160.1866268593087,158.76471973073214,2.528478116846088,0.027696678414940834,46.11508560180664,0.008916138111836698,2.395350291905022,67.43847185543325,63.668897888470546,push-up_3.mp4,102
164.55286277507003,161.75945302700163,0.3642321376310633,0.00402663741260767,46.74012756347656,0.01712108071190774,2.314115646101048,66.86095277270404,60.66251072795052,push-up_3.mp4,105
166.87157989140323,166.28772801545608,1.6479388629107348,0.018924588337540627,62.8812255859375,0.00350494110229316,2.420972529883314,68.27841068240544,56.92899885288847,push-up_3.mp4,108
168.50739491644848,169.79646562724776,5.423035215304537,0.06336546689271927,72.8614273071289,0.007620786287969538,2.282851754927315,72.91985633325764,59.477011745994524,push-up_3.mp4,111
171.37160456905553,168.56130650494723,1.3563849089991038,0.01604621112346649,59.0118408203125,0.01653442766238373,2.9336560959207394,66.39638941270452,53.06472909535298,push-up_3.mp4,114
170.97347868971713,165.28670904908827,1.9620413796419314,0.02299414947628975,57.06676483154297,0.03382362734565608,2.993977207067451,66.5239866677978,54.437396444584685,push-up_3.mp4,117
171.9128863427212,169.80101635197053,0.9381607548333193,0.011172101832926273,59.99961471557617,0.012360456944226536,3.157844435125509,65.84012618228499,55.91935892967548,push-up_3.mp4,120
171.96759376724847,170.5176542742765,2.400695637944125,0.029059354215860367,57.675601959228516,0.008467164651694224,2.894346656811221,66.79492449262267,53.34778931347199,push-up_3.mp4,123
169.81037478944666,169.08654568793014,0.7692311090369799,0.009155530482530594,56.43305587768555,0.004271677066270858,2.552367040047888,64.54942613000766,52.109263281330215,push-up_3.mp4,126
164.47995876964367,163.23882259029716,5.0321307273414675,0.06064851954579353,61.57199478149414,0.007574397623451091,2.737518142899739,66.49671639189145,53.599558052779244,push-up_3.mp4,129
160.95482691802476,164.4362922695378,6.302478192532931,0.07335900515317917,54.593963623046875,0.02139865009349714,1.8576657857774643,67.95511644514023,60.83451742060016,push-up_3.mp4,132
156.17910587549207,149.4981325793729,2.1737586813963787,0.02329189144074917,47.13717269897461,0.043712599144706335,2.5293042060843463,64.65272090060752,57.246932419354025,push-up_3.mp4,135
148.27906115700196,84.51607098913605,6.496850751532946,0.07192661613225937,44.18712615966797,0.5478034663357002,3.6636506795553303,65.7813389556758,2.0481307680935057,push-up_3.mp4,138
146.9978852405736,75.26220222859281,3.2071721566074416,0.034651994705200195,37.84600830078125,0.6455111561308324,3.4371463523495263,65.06068547466721,9.426878014433433,push-up_3.mp4,141
137.42459273345486,52.443006372012874,3.865637588206255,0.040733784437179565,41.958316802978516,0.8951668084688466,2.6553329550195905,55.99972452717568,36.288887445765745,push-up_3.mp4,144
129.70446254759258,49.42228591754019,2.415002244760501,0.02671184577047825,36.137908935546875,0.8963728456856281,3.087678629844625,46.65276844628337,35.0158809374759,push-up_3.mp4,147
168.64136406016814,170.25262428490004,7.259176460922248,0.08965947479009628,67.45234680175781,0.009508933649724573,2.3340410138662966,68.40619492520264,56.646029551529836,push-up_3.mp4,0
162.2092917031958,162.6174115438731,2.3798148321739347,0.028544316068291664,62.89363479614258,0.0025128466138873945,1.716366568742348,70.17226232117798,59.08541423724163,push-up_3.mp4,3
161.88938715005264,166.75163807389598,7.208813234856962,0.08545229583978653,52.74724197387695,0.02959004232980352,2.6122430051234145,71.25650180138994,58.136663288081635,push-up_3.mp4,6
153.73014973798814,151.5478356092258,8.203031164356105,0.0922618880867958,43.87351989746094,0.014297225699260497,1.9419965093885314,69.75717854379315,63.306933764234685,push-up_3.mp4,9
150.61670545173175,115.79806485831062,7.654681433984138,0.08676637709140778,41.30402755737305,0.2613867133034752,3.0556355875568033,67.53710244416824,28.899049333847813,push-up_3.mp4,12
151.60235440968606,58.67205570310796,6.7035266140330805,0.07340940833091736,38.097198486328125,0.8838954645667919,3.7912502615205814,69.74128768176286,25.46308247219127,push-up_3.mp4,15
126.49023623015322,33.021709699520436,6.135872102225193,0.0741807222366333,39.962188720703125,1.1719313683483192,3.069731963162674,46.47168106782252,41.02598748098291,push-up_3.mp4,18
128.00436621501098,54.76750560809297,0.7467722796189946,0.008151703514158726,39.68846893310547,0.801401877393918,2.480417974650769,47.94585487853668,36.04423128248922,push-up_3.mp4,21
124.65706603902721,30.091972235353023,3.7049647376325083,0.04185088723897934,37.021846771240234,1.222173589680138,2.7764976786420936,45.713846420132256,43.070684069498014,push-up_3.mp4,24
125.20217962772166,63.60405453261307,2.83800469122221,0.0313570499420166,33.58842086791992,0.6525009660729667,2.721163569027226,41.050673641797154,26.13019299517451,push-up_3.mp4,27
145.51537752550857,81.15312175920714,7.388092711453595,0.08268024772405624,37.235145568847656,0.5678976652636389,3.9397618782936603,63.955866163812566,6.625872578440919,push-up_3.mp4,30
149.61483613752767,135.20826159582788,5.435307370810932,0.060865368694067,39.597938537597656,0.10116156067642296,2.410597379019624,63.69785745431591,48.460785969098126,push-up_3.mp4,33
155.79407557153743,154.63817710387133,3.664579022687178,0.040898676961660385,44.17361068725586,0.007447025608352139,1.7613043605266805,64.75645234848226,64.0270614137677,push-up_3.mp4,36
161.03437961527126,162.74998972199538,1.1951763435957616,0.01344203483313322,43.23877716064453,0.010597238589593968,2.7784542719076004,65.79474231997072,58.07764389764774,push-up_3.mp4,39
165.4692188842017,168.35823336867787,5.1833436675130145,0.06189146265387535,53.226036071777344,0.017308429639199978,2.5123674980029707,69.73179170127531,58.57630735167738,push-up_3.mp4,42
165.06531883123347,167.36933180310666,9.271480913415303,0.1069733127951622,68.01347351074219,0.013861448964340842,1.9371700522568644,72.19146559254811,61.46921085186127,push-up_3.mp4,45
167.57593240693723,177.9025815334661,7.49794823287732,0.09242355823516846,61.616554260253906,0.05978171556168192,2.1060232618263157,68.12452647510757,58.50379808507123,push-up_3.mp4,48
172.03747679052245,167.25252584984014,2.0765056892084033,0.025234339758753777,55.030364990234375,0.02820567009605771,3.200893356797234,65.06171554846689,54.13232840527546,push-up_3.mp4,51
173.01722201674934,170.85320399283205,6.862384979313447,0.08251162618398666,60.617919921875,0.01258624098053141,2.7718744681411978,67.79928809143418,56.260529658025675,push-up_3.mp4,54
173.45006310495162,172.2457924433492,5.782486827421167,0.06996550410985947,59.61259841918945,0.006967226492735171,2.619907465623023,67.9941277168273,57.02672369178537,push-up_3.mp4,57
170.59407907765424,161.05158866491942,4.779588947171192,0.05857846140861511,62.28764724731445,0.05754629920353302,2.5997411419399916,67.6582170488024,53.38498024124653,push-up_3.mp4,60
167.459498155249,165.60769338362215,7.295518600257026,0.08723525702953339,64.37899017333984,0.011119706885994755,1.9364231873541589,73.17874056580068,57.88611779998682,push-up_3.mp4,63
163.45853307992545,159.7560128215973,7.2002081924677555,0.0873110294342041,60.40155029296875,0.022910604149952066,2.4076372405854713,71.93723475139605,53.785503286638885,push-up_3.mp4,66
156.9425328416236,159.78100777820086,6.389974850712576,0.06916378438472748,42.72575378417969,0.017923990941894577,2.094316885598986,67.455123479479,60.74418577416179,push-up_3.mp4,69
152.39988302700274,143.63850033391947,7.562342283852445,0.0825577974319458,41.958473205566406,0.059190856223543344,1.6859804583574667,68.78277202882359,59.77991416266709,push-up_3.mp4,72
147.4093264327436,86.22645530349234,9.565771741964795,0.11001370847225189,43.10750198364258,0.5237457265713169,3.2790465853698114,65.89112681443933,4.117038944437268,push-up_3.mp4,75
136.1585483471498,68.64776260353098,3.9939023706286036,0.04378240555524826,37.69465255737305,0.65926470166123,3.152434359089922,50.98991910347371,26.140884157786555,push-up_3.mp4,78
136.0374978789071,62.20584070115127,0.10835235982844438,0.0011905633145943284,38.60297775268555,0.7448588962089109,2.948978300584609,50.61704799506857,23.837876002955735,push-up_3.mp4,81
132.78272739485777,37.130408023999976,1.589916288465588,0.017297660931944847,38.9884033203125,1.125896701688925,2.9490969494035664,49.75042315013502,43.02115755325388,push-up_3.mp4,84
126.5605701118778,51.87056696502513,1.2577217071212203,0.013712377287447453,38.399444580078125,0.8371857554734031,3.3327631779340625,41.48034376489788,35.87884477643577,push-up_3.mp4,87
133.1174451185059,34.64882667048102,0.7677033168056084,0.008472057990729809,38.601619720458984,1.173878603821831,3.3743323929367186,47.821775725556456,38.739530906809705,push-up_3.mp4,90
141.7948984700209,57.133420126716544,2.637375443179792,0.028067396953701973,35.40079116821289,0.8511757294337566,3.7573053341623925,54.32683380312566,27.742985483735414,push-up_3.mp4,93
144.12493134234307,78.78294992893747,3.332840274281182,0.03721627965569496,36.15497589111328,0.5862689200646426,3.6283285154089473,64.67536566817992,2.1822953870939314,push-up_3.mp4,96
156.87470094130106,146.53502144779617,2.5579551259260427,0.0280653964728117,46.28824234008789,0.06815654694311428,2.0013242258467816,65.64186125660493,59.77521092553302,push-up_3.mp4,99
160.1866268593087,158.76471973073214,2.528478116846088,0.027696678414940834,46.11508560180664,0.008916138111836698,2.395350291905022,67.43847185543325,63.668897888470546,push-up_3.mp4,102
164.55286277507003,161.75945302700163,0.3642321376310633,0.00402663741260767,46.74012756347656,0.01712108071190774,2.314115646101048,66.86095277270404,60.66251072795052,push-up_3.mp4,105
166.87157989140323,166.28772801545608,1.6479388629107348,0.018924588337540627,62.8812255859375,0.00350494110229316,2.420972529883314,68.27841068240544,56.92899885288847,push-up_3.mp4,108
168.50739491644848,169.79646562724776,5.423035215304537,0.06336546689271927,72.8614273071289,0.007620786287969538,2.282851754927315,72.91985633325764,59.477011745994524,push-up_3.mp4,111
171.37160456905553,168.56130650494723,1.3563849089991038,0.01604621112346649,59.0118408203125,0.01653442766238373,2.9336560959207394,66.39638941270452,53.06472909535298,push-up_3.mp4,114
170.97347868971713,165.28670904908827,1.9620413796419314,0.02299414947628975,57.06676483154297,0.03382362734565608,2.993977207067451,66.5239866677978,54.437396444584685,push-up_3.mp4,117
171.9128863427212,169.80101635197053,0.9381607548333193,0.011172101832926273,59.99961471557617,0.012360456944226536,3.157844435125509,65.84012618228499,55.91935892967548,push-up_3.mp4,120
171.96759376724847,170.5176542742765,2.400695637944125,0.029059354215860367,57.675601959228516,0.008467164651694224,2.894346656811221,66.79492449262267,53.34778931347199,push-up_3.mp4,123
169.81037478944666,169.08654568793014,0.7692311090369799,0.009155530482530594,56.43305587768555,0.004271677066270858,2.552367040047888,64.54942613000766,52.109263281330215,push-up_3.mp4,126
164.47995876964367,163.23882259029716,5.0321307273414675,0.06064851954579353,61.57199478149414,0.007574397623451091,2.737518142899739,66.49671639189145,53.599558052779244,push-up_3.mp4,129
160.95482691802476,164.4362922695378,6.302478192532931,0.07335900515317917,54.593963623046875,0.02139865009349714,1.8576657857774643,67.95511644514023,60.83451742060016,push-up_3.mp4,132
156.17910587549207,149.4981325793729,2.1737586813963787,0.02329189144074917,47.13717269897461,0.043712599144706335,2.5293042060843463,64.65272090060752,57.246932419354025,push-up_3.mp4,135
148.27906115700196,84.51607098913605,6.496850751532946,0.07192661613225937,44.18712615966797,0.5478034663357002,3.6636506795553303,65.7813389556758,2.0481307680935057,push-up_3.mp4,138
146.9978852405736,75.26220222859281,3.2071721566074416,0.034651994705200195,37.84600830078125,0.6455111561308324,3.4371463523495263,65.06068547466721,9.426878014433433,push-up_3.mp4,141
137.42459273345486,52.443006372012874,3.865637588206255,0.040733784437179565,41.958316802978516,0.8951668084688466,2.6553329550195905,55.99972452717568,36.288887445765745,push-up_3.mp4,144
129.70446254759258,49.42228591754019,2.415002244760501,0.02671184577047825,36.137908935546875,0.8963728456856281,3.087678629844625,46.65276844628337,35.0158809374759,push-up_3.mp4,147
154.36156656760895,155.7512576981631,34.6130043655582,0.3898434340953827,76.38227081298828,0.008962487338886481,1.8722587577093133,75.85519534445851,69.85687482005122,push-up_4.mp4,0
139.69654535439452,132.32384679437416,32.38039606679783,0.34583780169487,68.5428466796875,0.054206954866738113,2.023844082834089,72.39004121286978,55.91025839073995,push-up_4.mp4,3
124.51227603784378,120.56344615710456,29.5991305109265,0.3331785202026367,63.5485954284668,0.03222538605923657,1.7474721806301152,60.10730931134535,47.3640354036792,push-up_4.mp4,6
112.16276563236642,99.95517430809706,23.65942356488827,0.25682124495506287,60.731380462646484,0.11510192233335607,1.6333725741465863,50.25459387213945,30.13162415369954,push-up_4.mp4,9
91.7717619278489,68.95820809845506,29.344871405063827,0.3425230383872986,63.13767623901367,0.2838742995554635,1.8098430324438768,35.22378868170113,7.766398081120275,push-up_4.mp4,12
79.81181729834319,66.98292183203277,20.708621756193025,0.24870629608631134,57.69868850708008,0.17478685601827207,1.5362185440852218,24.676067137878405,0.23490244801451995,push-up_4.mp4,15
70.1093583407991,55.201026411839294,27.91488393814464,0.3110215365886688,64.93421936035156,0.23794248111820465,1.6528605336346713,10.340504582955438,13.95301330420536,push-up_4.mp4,18
63.69704222020415,53.404600491809,27.35941324407085,0.30429354310035706,65.43463897705078,0.17578646191509453,1.6942719401211164,7.423278566418584,14.393419475984484,push-up_4.mp4,21
64.68572878007984,50.78566349515947,28.540615508681498,0.32161954045295715,60.543033599853516,0.2407534023975042,1.7011867696320497,6.550715258183325,17.242569124769656,push-up_4.mp4,24
67.76407470203968,48.599767843496615,27.466435371890924,0.30113473534584045,58.871089935302734,0.32938594050026415,1.700349748313713,10.655970358766353,12.508312418994356,push-up_4.mp4,27
64.48607775092351,53.4546112699762,28.903607007768727,0.3194318413734436,58.945491790771484,0.18706803517134754,2.037698454682671,6.690641696107039,12.58658129215353,push-up_4.mp4,30
85.46666143496371,74.568543401021,28.6464807255079,0.3175276517868042,56.00151443481445,0.13619650807598072,1.591721361790022,26.43819853552079,4.640596328424743,push-up_4.mp4,33
120.66737062171708,101.30237937398431,24.99456515294594,0.2787420153617859,54.63332748413086,0.17448315590847666,1.9657453152721118,51.61507812289513,44.54327370678125,push-up_4.mp4,36
135.9347991188372,128.06175016569279,21.873654370083045,0.247090682387352,54.6057243347168,0.05964508986561788,1.6291071136863011,59.629373895737395,53.66353644131947,push-up_4.mp4,39
153.16635110275172,140.13518098917334,27.087406613773283,0.3210742175579071,67.20333862304688,0.08885852058552643,2.0073656308484122,68.02575766466741,51.80054418820904,push-up_4.mp4,42
156.43174900278578,153.32561210675405,17.63983384179562,0.19871802628040314,64.35633850097656,0.02005529027562513,2.4422284489013424,63.63820450035771,58.80365324354746,push-up_4.mp4,45
162.3531014070821,161.46313185914067,16.68554118393908,0.19076508283615112,67.00172424316406,0.005496756842389384,1.9431656952619343,65.45580467416393,60.18751182840076,push-up_4.mp4,48
167.4917664222061,166.1479024981229,18.11575369689993,0.20856566727161407,74.15145874023438,0.008055780228004607,1.905613083736737,69.19139909435636,63.87110774487919,push-up_4.mp4,51
171.07066582037285,171.47651697993706,17.73187792652442,0.20693667232990265,71.07048034667969,0.0023696073413676326,1.6352251238576516,69.99295598068286,65.15488752891922,push-up_4.mp4,54
171.70816814659068,174.8320643420128,19.134151084094924,0.2226630449295044,74.9317626953125,0.018029053498282443,1.7854433757366142,71.33328883612033,65.85598782387723,push-up_4.mp4,57
172.40030415150977,173.33137835558554,17.789970586174945,0.2076513171195984,74.3397216796875,0.0053861086570026,1.7488486838884922,70.99664363179636,64.83056481255717,push-up_4.mp4,60
172.59363122773314,173.46507958973936,17.807231964705323,0.2085864096879959,74.00991821289062,0.0050364191668382085,1.6779920643882227,70.85345121542039,65.50475537191494,push-up_4.mp4,63
169.13475869288305,166.0026120258496,19.811690499029453,0.23115724325180054,75.38220977783203,0.018691718326227118,1.2732188992362898,70.13971868947164,65.62694393209841,push-up_4.mp4,66
164.19723940764203,162.36491133256513,20.442227907048675,0.23339371383190155,67.29959106445312,0.011221925571739571,1.8175356433194565,68.91826563460651,63.6184061060319,push-up_4.mp4,69
153.18260642797838,151.46375211239302,20.818258029869156,0.2274322211742401,62.5333137512207,0.011284259715565122,2.125993024391462,66.24985526800782,59.04471187959503,push-up_4.mp4,72
145.80510736770725,144.92636977920594,24.386252512597196,0.2824651598930359,60.09209060668945,0.0060450116865554465,1.8415277610014824,67.1198827839827,54.02183007418786,push-up_4.mp4,75
129.00993146560003,118.60747939790427,21.87064754994111,0.24305422604084015,57.947444915771484,0.0840203605345827,1.9277257466495887,64.00008138010247,45.153480623782585,push-up_4.mp4,78
119.2188221085544,109.66401669602021,17.123316239111745,0.19090276956558228,56.36998748779297,0.08349079784607447,1.5430221910169704,57.589332872833765,35.62708368767068,push-up_4.mp4,81
107.29271578110678,76.59723755932946,21.90446080088401,0.24675652384757996,46.32640075683594,0.3338461690177348,1.9928186798091863,45.32312878333707,17.434992770692087,push-up_4.mp4,84
88.22880610310324,61.221856599513636,25.369938184714016,0.29172056913375854,48.763214111328125,0.36141625624409773,1.8441202128223169,28.45036512793782,2.799182512496169,push-up_4.mp4,87
80.06049664814367,53.320541168179844,26.088762185082885,0.29106026887893677,48.8722038269043,0.40095587675343947,2.125308001673543,25.203776749635356,3.0181773158019904,push-up_4.mp4,90
71.98301220445077,50.20715486426849,24.745637052136033,0.2844151556491852,52.2636604309082,0.356425690586635,1.854360354479074,14.995951631729575,17.2969353272931,push-up_4.mp4,93
79.8838172057787,52.20928331093673,23.623809079401042,0.2639753818511963,47.12830352783203,0.41901558501672015,2.4928538818180064,17.94866807007943,12.533516537380887,push-up_4.mp4,96
73.63620510769681,53.668924595743675,25.69620253337851,0.28345662355422974,48.109161376953125,0.3136916879699547,2.1780477150185837,13.07629537707305,10.302478875865745,push-up_4.mp4,99
93.78671805568243,73.27089104511508,23.913745330518594,0.265652596950531,42.807857513427734,0.24561379898821276,1.9461551564834336,32.4667393475518,4.577613011404713,push-up_4.mp4,102
108.09330993685477,94.77048375453323,20.665108977819386,0.22596898674964905,44.42350387573242,0.13134750109809384,1.5972388837929732,43.18452798476543,35.79788582587802,push-up_4.mp4,105
134.4671720498009,129.92262209863307,20.36788338786215,0.22533507645130157,48.198768615722656,0.03437765036131779,1.5020059156116425,58.4496567413916,51.811294564389804,push-up_4.mp4,108
149.50511734964041,140.05911582616378,17.52355351811309,0.19897133111953735,58.70790481567383,0.065242874921929,2.592653465720075,64.37225795122009,52.58977938297351,push-up_4.mp4,111
157.04624716767628,158.25662280692856,15.97443362199624,0.18869589269161224,55.85444641113281,0.0076775427978169886,2.6239221338840233,63.751360855336785,61.39966820030947,push-up_4.mp4,114
165.024308074625,165.8355573566204,13.207767817813618,0.15193204581737518,60.549102783203125,0.00490388449465161,2.0456270978748115,64.24845082856818,60.92806949505874,push-up_4.mp4,117
166.51098811265337,164.6497205910608,14.380884632387023,0.16379599273204803,66.27738952636719,0.011240871713786686,1.9842021411316961,65.49938865474293,60.29773577485794,push-up_4.mp4,120
170.97169395271743,170.91634490901208,15.957548524348141,0.1835155487060547,65.91239166259766,0.0003237846160961089,2.378736562423203,68.10665490986953,62.640554062171624,push-up_4.mp4,123
171.32257376340962,172.40660751371945,17.487301732908406,0.20302101969718933,70.14844512939453,0.0063074874602272075,1.9984276807853194,69.45344781779498,64.2885597949271,push-up_4.mp4,126
169.9546834288735,167.00552660082164,16.93530342865745,0.19688357412815094,68.37953186035156,0.017504481183650472,1.7303627584966337,69.40307676281947,62.80013882596732,push-up_4.mp4,129
164.20344811239406,163.58528891939645,17.636655500645105,0.19951288402080536,67.27957153320312,0.0037716926981396395,1.9424550528852556,67.8931319899267,62.898010134672724,push-up_4.mp4,132
160.99827584148846,161.97118234239673,17.57858130893598,0.19357788562774658,67.40631866455078,0.006024758541436658,2.1550787887664287,65.79544437101748,63.84758442960791,push-up_4.mp4,135
146.7709122479958,146.2265361739282,17.90046508898496,0.20637160539627075,63.15558624267578,0.0037159099985313456,1.9223801124930624,64.02521899773124,54.5291108615706,push-up_4.mp4,138
131.9806941018151,122.4507885206696,14.456577062135892,0.16996079683303833,52.74382019042969,0.07491137089575962,1.9615030746168254,57.51398736090629,41.76269052494712,push-up_4.mp4,141
122.36453905090983,98.7743835037017,17.127456608234468,0.19670714437961578,54.4034309387207,0.21335145595079402,1.865905973590889,51.18475099503479,24.41028600258252,push-up_4.mp4,144
109.514291953407,71.20818419542002,20.829296005342854,0.23113702237606049,48.35588073730469,0.4239219003002312,2.2577781443402487,46.6079597529517,13.422425302149508,push-up_4.mp4,147
154.36156656760895,155.7512576981631,34.6130043655582,0.3898434340953827,76.38227081298828,0.008962487338886481,1.8722587577093133,75.85519534445851,69.85687482005122,push-up_4.mp4,0
139.69654535439452,132.32384679437416,32.38039606679783,0.34583780169487,68.5428466796875,0.054206954866738113,2.023844082834089,72.39004121286978,55.91025839073995,push-up_4.mp4,3
124.51227603784378,120.56344615710456,29.5991305109265,0.3331785202026367,63.5485954284668,0.03222538605923657,1.7474721806301152,60.10730931134535,47.3640354036792,push-up_4.mp4,6
112.16276563236642,99.95517430809706,23.65942356488827,0.25682124495506287,60.731380462646484,0.11510192233335607,1.6333725741465863,50.25459387213945,30.13162415369954,push-up_4.mp4,9
91.7717619278489,68.95820809845506,29.344871405063827,0.3425230383872986,63.13767623901367,0.2838742995554635,1.8098430324438768,35.22378868170113,7.766398081120275,push-up_4.mp4,12
79.81181729834319,66.98292183203277,20.708621756193025,0.24870629608631134,57.69868850708008,0.17478685601827207,1.5362185440852218,24.676067137878405,0.23490244801451995,push-up_4.mp4,15
70.1093583407991,55.201026411839294,27.91488393814464,0.3110215365886688,64.93421936035156,0.23794248111820465,1.6528605336346713,10.340504582955438,13.95301330420536,push-up_4.mp4,18
63.69704222020415,53.404600491809,27.35941324407085,0.30429354310035706,65.43463897705078,0.17578646191509453,1.6942719401211164,7.423278566418584,14.393419475984484,push-up_4.mp4,21
64.68572878007984,50.78566349515947,28.540615508681498,0.32161954045295715,60.543033599853516,0.2407534023975042,1.7011867696320497,6.550715258183325,17.242569124769656,push-up_4.mp4,24
67.76407470203968,48.599767843496615,27.466435371890924,0.30113473534584045,58.871089935302734,0.32938594050026415,1.700349748313713,10.655970358766353,12.508312418994356,push-up_4.mp4,27
64.48607775092351,53.4546112699762,28.903607007768727,0.3194318413734436,58.945491790771484,0.18706803517134754,2.037698454682671,6.690641696107039,12.58658129215353,push-up_4.mp4,30
85.46666143496371,74.568543401021,28.6464807255079,0.3175276517868042,56.00151443481445,0.13619650807598072,1.591721361790022,26.43819853552079,4.640596328424743,push-up_4.mp4,33
120.66737062171708,101.30237937398431,24.99456515294594,0.2787420153617859,54.63332748413086,0.17448315590847666,1.9657453152721118,51.61507812289513,44.54327370678125,push-up_4.mp4,36
135.9347991188372,128.06175016569279,21.873654370083045,0.247090682387352,54.6057243347168,0.05964508986561788,1.6291071136863011,59.629373895737395,53.66353644131947,push-up_4.mp4,39
153.16635110275172,140.13518098917334,27.087406613773283,0.3210742175579071,67.20333862304688,0.08885852058552643,2.0073656308484122,68.02575766466741,51.80054418820904,push-up_4.mp4,42
156.43174900278578,153.32561210675405,17.63983384179562,0.19871802628040314,64.35633850097656,0.02005529027562513,2.4422284489013424,63.63820450035771,58.80365324354746,push-up_4.mp4,45
162.3531014070821,161.46313185914067,16.68554118393908,0.19076508283615112,67.00172424316406,0.005496756842389384,1.9431656952619343,65.45580467416393,60.18751182840076,push-up_4.mp4,48
167.4917664222061,166.1479024981229,18.11575369689993,0.20856566727161407,74.15145874023438,0.008055780228004607,1.905613083736737,69.19139909435636,63.87110774487919,push-up_4.mp4,51
171.07066582037285,171.47651697993706,17.73187792652442,0.20693667232990265,71.07048034667969,0.0023696073413676326,1.6352251238576516,69.99295598068286,65.15488752891922,push-up_4.mp4,54
171.70816814659068,174.8320643420128,19.134151084094924,0.2226630449295044,74.9317626953125,0.018029053498282443,1.7854433757366142,71.33328883612033,65.85598782387723,push-up_4.mp4,57
172.40030415150977,173.33137835558554,17.789970586174945,0.2076513171195984,74.3397216796875,0.0053861086570026,1.7488486838884922,70.99664363179636,64.83056481255717,push-up_4.mp4,60
172.59363122773314,173.46507958973936,17.807231964705323,0.2085864096879959,74.00991821289062,0.0050364191668382085,1.6779920643882227,70.85345121542039,65.50475537191494,push-up_4.mp4,63
169.13475869288305,166.0026120258496,19.811690499029453,0.23115724325180054,75.38220977783203,0.018691718326227118,1.2732188992362898,70.13971868947164,65.62694393209841,push-up_4.mp4,66
164.19723940764203,162.36491133256513,20.442227907048675,0.23339371383190155,67.29959106445312,0.011221925571739571,1.8175356433194565,68.91826563460651,63.6184061060319,push-up_4.mp4,69
153.18260642797838,151.46375211239302,20.818258029869156,0.2274322211742401,62.5333137512207,0.011284259715565122,2.125993024391462,66.24985526800782,59.04471187959503,push-up_4.mp4,72
145.80510736770725,144.92636977920594,24.386252512597196,0.2824651598930359,60.09209060668945,0.0060450116865554465,1.8415277610014824,67.1198827839827,54.02183007418786,push-up_4.mp4,75
129.00993146560003,118.60747939790427,21.87064754994111,0.24305422604084015,57.947444915771484,0.0840203605345827,1.9277257466495887,64.00008138010247,45.153480623782585,push-up_4.mp4,78
119.2188221085544,109.66401669602021,17.123316239111745,0.19090276956558228,56.36998748779297,0.08349079784607447,1.5430221910169704,57.589332872833765,35.62708368767068,push-up_4.mp4,81
107.29271578110678,76.59723755932946,21.90446080088401,0.24675652384757996,46.32640075683594,0.3338461690177348,1.9928186798091863,45.32312878333707,17.434992770692087,push-up_4.mp4,84
88.22880610310324,61.221856599513636,25.369938184714016,0.29172056913375854,48.763214111328125,0.36141625624409773,1.8441202128223169,28.45036512793782,2.799182512496169,push-up_4.mp4,87
80.06049664814367,53.320541168179844,26.088762185082885,0.29106026887893677,48.8722038269043,0.40095587675343947,2.125308001673543,25.203776749635356,3.0181773158019904,push-up_4.mp4,90
71.98301220445077,50.20715486426849,24.745637052136033,0.2844151556491852,52.2636604309082,0.356425690586635,1.854360354479074,14.995951631729575,17.2969353272931,push-up_4.mp4,93
79.8838172057787,52.20928331093673,23.623809079401042,0.2639753818511963,47.12830352783203,0.41901558501672015,2.4928538818180064,17.94866807007943,12.533516537380887,push-up_4.mp4,96
73.63620510769681,53.668924595743675,25.69620253337851,0.28345662355422974,48.109161376953125,0.3136916879699547,2.1780477150185837,13.07629537707305,10.302478875865745,push-up_4.mp4,99
93.78671805568243,73.27089104511508,23.913745330518594,0.265652596950531,42.807857513427734,0.24561379898821276,1.9461551564834336,32.4667393475518,4.577613011404713,push-up_4.mp4,102
108.09330993685477,94.77048375453323,20.665108977819386,0.22596898674964905,44.42350387573242,0.13134750109809384,1.5972388837929732,43.18452798476543,35.79788582587802,push-up_4.mp4,105
134.4671720498009,129.92262209863307,20.36788338786215,0.22533507645130157,48.198768615722656,0.03437765036131779,1.5020059156116425,58.4496567413916,51.811294564389804,push-up_4.mp4,108
149.50511734964041,140.05911582616378,17.52355351811309,0.19897133111953735,58.70790481567383,0.065242874921929,2.592653465720075,64.37225795122009,52.58977938297351,push-up_4.mp4,111
157.04624716767628,158.25662280692856,15.97443362199624,0.18869589269161224,55.85444641113281,0.0076775427978169886,2.6239221338840233,63.751360855336785,61.39966820030947,push-up_4.mp4,114
165.024308074625,165.8355573566204,13.207767817813618,0.15193204581737518,60.549102783203125,0.00490388449465161,2.0456270978748115,64.24845082856818,60.92806949505874,push-up_4.mp4,117
166.51098811265337,164.6497205910608,14.380884632387023,0.16379599273204803,66.27738952636719,0.011240871713786686,1.9842021411316961,65.49938865474293,60.29773577485794,push-up_4.mp4,120
170.97169395271743,170.91634490901208,15.957548524348141,0.1835155487060547,65.91239166259766,0.0003237846160961089,2.378736562423203,68.10665490986953,62.640554062171624,push-up_4.mp4,123
171.32257376340962,172.40660751371945,17.487301732908406,0.20302101969718933,70.14844512939453,0.0063074874602272075,1.9984276807853194,69.45344781779498,64.2885597949271,push-up_4.mp4,126
169.9546834288735,167.00552660082164,16.93530342865745,0.19688357412815094,68.37953186035156,0.017504481183650472,1.7303627584966337,69.40307676281947,62.80013882596732,push-up_4.mp4,129
164.20344811239406,163.58528891939645,17.636655500645105,0.19951288402080536,67.27957153320312,0.0037716926981396395,1.9424550528852556,67.8931319899267,62.898010134672724,push-up_4.mp4,132
160.99827584148846,161.97118234239673,17.57858130893598,0.19357788562774658,67.40631866455078,0.006024758541436658,2.1550787887664287,65.79544437101748,63.84758442960791,push-up_4.mp4,135
146.7709122479958,146.2265361739282,17.90046508898496,0.20637160539627075,63.15558624267578,0.0037159099985313456,1.9223801124930624,64.02521899773124,54.5291108615706,push-up_4.mp4,138
131.9806941018151,122.4507885206696,14.456577062135892,0.16996079683303833,52.74382019042969,0.07491137089575962,1.9615030746168254,57.51398736090629,41.76269052494712,push-up_4.mp4,141
122.36453905090983,98.7743835037017,17.127456608234468,0.19670714437961578,54.4034309387207,0.21335145595079402,1.865905973590889,51.18475099503479,24.41028600258252,push-up_4.mp4,144
109.514291953407,71.20818419542002,20.829296005342854,0.23113702237606049,48.35588073730469,0.4239219003002312,2.2577781443402487,46.6079597529517,13.422425302149508,push-up_4.mp4,147
95.7641286447936,65.08485698492852,22.79646772026109,0.2561968266963959,46.54079818725586,0.3814667719507966,2.2564102816438742,33.43068370305118,3.0061541647024335,push-up_5.mp4,0
88.62725485889189,52.693067450267826,27.48871409627384,0.31703856587409973,53.956668853759766,0.5085494686321556,2.5717983998188343,29.506279339420594,6.755228103143421,push-up_5.mp4,3
74.90549822946684,55.743681956979266,20.644409445987918,0.24646241962909698,49.16924285888672,0.293332361445242,1.9668069799555306,11.499750473066365,19.417011371816447,push-up_5.mp4,6
75.2163014323928,56.82824820768626,14.64420715712717,0.17805343866348267,49.85540771484375,0.2785128697068958,2.032401461700477,13.001640120344126,18.69271737465148,push-up_5.mp4,9
80.52470318972217,56.83389065807956,22.13027093664067,0.24474653601646423,47.75579071044922,0.344948384633187,2.4961270734757615,17.52401853998493,6.058771906595415,push-up_5.mp4,12
88.87388565063974,68.90640836663381,21.61016472533774,0.2362724393606186,47.469696044921875,0.2531048304653294,2.4645314932840154,23.919793634752832,6.687885805601147,push-up_5.mp4,15
114.9129345435571,102.76197504683759,25.03183156648953,0.28062471747398376,45.37263870239258,0.1116431794512682,1.771262811180541,48.27740225721228,37.5675102724286,push-up_5.mp4,18
140.24899868867593,132.73361910137604,18.172943898919613,0.20520120859146118,46.318233489990234,0.0550612317234051,1.8410572176810243,60.230524981193504,53.75161636130736,push-up_5.mp4,21
144.62819510419536,138.19336081834075,17.437283613212458,0.20106394588947296,48.44332504272461,0.04550455332066051,2.099863463517416,60.51448533430209,53.176489166269256,push-up_5.mp4,24
157.89971887529012,158.71141657603332,14.044960710265798,0.15113979578018188,59.872920989990234,0.005127410945835087,2.639146239263262,63.98653108855546,57.563184781220656,push-up_5.mp4,27
162.24218212052645,164.12678976334908,13.698867167524526,0.1623956263065338,66.29707336425781,0.01154893880961936,2.037245055551402,64.66097182516384,63.28658684219876,push-up_5.mp4,30
167.82820648492773,167.07072170539507,12.036452831760727,0.1414763182401657,69.20387268066406,0.004523662011257214,2.3312420866579973,64.656019826446,60.09182918381732,push-up_5.mp4,33
168.4605925701997,167.3491693224103,10.403631991092226,0.12280849367380142,71.9872817993164,0.00661936235281239,2.22867707120255,64.44323576209008,57.442245702218926,push-up_5.mp4,36
170.22291640221673,171.02613353427074,11.035583183759059,0.13071268796920776,72.95789337158203,0.0047075127810817866,2.1788421725682166,64.84206735736444,59.54825491055663,push-up_5.mp4,39
169.29115382062074,166.4158738682989,11.841305060713921,0.1396457701921463,72.57464599609375,0.017129697713604036,2.087695677454783,65.90424930788296,58.20977272297973,push-up_5.mp4,42
168.38023794635467,167.38516248353153,12.128080705578157,0.14294135570526123,71.9754638671875,0.005927206683887773,2.2999050830126966,65.26984776902799,60.23386908406313,push-up_5.mp4,45
162.83373838312912,160.33120996171624,12.857007295365037,0.14994153380393982,65.85871887207031,0.015487622863989931,1.898561796058991,63.77209593565139,59.06366573487684,push-up_5.mp4,48
149.7928990277656,149.03441127749429,18.59826895198421,0.21572746336460114,65.9433364868164,0.005076428586774744,2.090717589753821,64.71330023964157,58.37913856019565,push-up_5.mp4,51
140.1807459189269,132.3320646107521,16.2773245901503,0.1915617287158966,59.03925704956055,0.05760229247879718,1.8339047703788507,58.427564913350004,51.073177957942626,push-up_5.mp4,54
118.22502314488034,77.22998165593452,16.55585487018655,0.1990015208721161,59.16208267211914,0.41948315962257626,2.7219222705706527,53.470524925289716,6.04759893525997,push-up_5.mp4,57
95.15844751430437,70.35821094611708,14.548968384449296,0.1779903620481491,54.26513671875,0.299670580579266,1.971322093524633,30.540224248305837,6.8113491338004115,push-up_5.mp4,60
87.08422755449138,66.85296216449565,15.429458818540326,0.19096513092517853,57.57542419433594,0.26285091246537606,2.0249153964751248,24.665749995734224,15.704143653597427,push-up_5.mp4,63
77.17611700156408,54.61878565110465,18.794744310243487,0.20981360971927643,48.45270538330078,0.34230961738948046,2.124435915916722,11.442360813912257,15.305786081438471,push-up_5.mp4,66
77.85768848591871,59.35369789145893,17.323953180417703,0.19731979072093964,49.426048278808594,0.2697150882736155,2.173202126766833,10.207659142036572,16.53060795576619,push-up_5.mp4,69
72.54061868563838,54.749232691413404,15.662313839855301,0.17773322761058807,48.852298736572266,0.27954131145183286,2.1660979269494796,5.612097936955177,15.872648347933856,push-up_5.mp4,72
91.30424846452146,59.64045644370456,20.914902697991636,0.24405068159103394,50.95806884765625,0.4195416068429616,2.8116033563440364,22.705723161304107,12.572453284324075,push-up_5.mp4,75
110.98265266227398,93.9193532232689,16.638100414719588,0.1969807893037796,43.8682975769043,0.16655082867794416,1.9837901544221919,37.3766971520475,22.407396917077246,push-up_5.mp4,78
140.14804436498778,122.59358786167115,11.262640476807974,0.13598443567752838,50.29683303833008,0.1336252374969868,2.0323923719391903,56.82196479136732,37.38000493696901,push-up_5.mp4,81
146.6221049862548,136.16812395625595,13.521300827602118,0.1601339876651764,53.12777328491211,0.07393452785898112,2.1905268987755218,59.886392248306954,43.03424033061979,push-up_5.mp4,84
158.6706587628774,157.77289323023905,11.160803269877448,0.12956389784812927,58.704750061035156,0.00567409591368684,2.419967401257734,64.77827180505811,59.665253055487305,push-up_5.mp4,87
162.22560649080225,162.2790917651113,10.77973974771146,0.12270703166723251,64.17781066894531,0.0003296425265736764,1.770409258991883,63.16364418421635,59.497509854208616,push-up_5.mp4,90
167.2383256344439,169.0252237552834,12.278012446324112,0.13801269233226776,66.07151794433594,0.010627962049900963,2.100454891165741,66.07419862870739,62.76397836222525,push-up_5.mp4,93
170.70106693567362,173.36498815971498,9.919644436961988,0.11412914842367172,69.3799057006836,0.015484940665261597,1.9878564042393017,65.51014249995795,62.06588124553514,push-up_5.mp4,96
168.27126056133503,169.55077624783672,10.632359833219198,0.12220080196857452,69.36302947998047,0.007575087158831303,2.0901974977421425,65.29146921461864,59.92382741010509,push-up_5.mp4,99
169.32343811457764,169.82138424759833,13.298517720389526,0.1541319042444229,72.10209655761719,0.002936480819919042,2.2311393956798775,66.33740173122827,61.21212116814529,push-up_5.mp4,102
168.4260899263935,168.9991536696282,13.391037836143369,0.15598641335964203,72.12269592285156,0.003396685660666254,2.163106888406665,65.91305923709282,60.749100171384406,push-up_5.mp4,105
169.33551887930747,168.63633657488498,12.660993560038463,0.14771544933319092,71.03175354003906,0.004137517921324415,1.595576458275587,65.6282824017367,62.918145251243516,push-up_5.mp4,108
170.35901819510627,168.0838200934167,11.83314740438098,0.1353708654642105,70.14752197265625,0.013445095267461142,2.2246166946596464,66.45007741070394,61.574595156079425,push-up_5.mp4,111
168.49064356903426,160.9534873556695,13.160392585380436,0.15056641399860382,68.49626922607422,0.04575680976442968,2.5385495952591106,66.14896696363114,59.00973692173656,push-up_5.mp4,114
155.91293195144135,156.26090367993314,16.349009571632422,0.1871768981218338,62.95288848876953,0.002229345888568844,2.0944766662066514,63.16296675077651,60.343334754821946,push-up_5.mp4,117
144.37307460689195,134.61448456170555,20.569141041873536,0.239957794547081,61.758724212646484,0.06995716994885133,2.114176496861083,63.78134861919794,45.99948976731577,push-up_5.mp4,120
135.3579307706435,127.94138879537098,16.489485035541264,0.1772213578224182,54.2374382019043,0.05633544353625291,1.85865540893964,54.83066392144206,50.30057989954755,push-up_5.mp4,123
118.27447632192909,91.28061298511534,17.422621740075158,0.211879700422287,55.089927673339844,0.2576302339024731,2.2472288691582634,53.85771595431043,12.450659298441893,push-up_5.mp4,126
105.32050396238247,70.29609129009631,19.90247814244688,0.23762306571006775,51.88914489746094,0.398873610115634,2.4005223792218118,40.07665298091016,3.7434512349008515,push-up_5.mp4,129
81.82773976497396,56.2074739845943,17.686970501104412,0.23220019042491913,51.35895538330078,0.37121347639395086,2.026091672999403,23.68714266293586,17.578366460354054,push-up_5.mp4,132
68.70739988756188,54.9442146406162,22.787696107566546,0.2626101076602936,50.80503463745117,0.22261230149662595,1.9619333178339065,6.8875197097543435,18.33479757002331,push-up_5.mp4,135
76.22426538385481,50.54580438410983,23.13022021085459,0.2686358094215393,52.458717346191406,0.40511866952106146,2.1050597929432935,13.293780809979381,15.811950128668379,push-up_5.mp4,138
92.91907763163981,70.22067786165645,22.184428702730173,0.24864234030246735,47.7825927734375,0.27826938567302284,2.5471253562420113,26.44210248471296,11.614606469658854,push-up_5.mp4,141
113.03612732977228,82.50086069401817,19.081487073506707,0.22204966843128204,44.129276275634766,0.31232215392454515,2.553525723014261,40.92685443714416,14.840612157644204,push-up_5.mp4,144
140.12005735817868,135.50954653980338,19.07491513050772,0.2277044802904129,45.6230354309082,0.03345439497915309,1.4667306322863645,59.68888036975205,54.50650142198721,push-up_5.mp4,147
95.7641286447936,65.08485698492852,22.79646772026109,0.2561968266963959,46.54079818725586,0.3814667719507966,2.2564102816438742,33.43068370305118,3.0061541647024335,push-up_5.mp4,0
88.62725485889189,52.693067450267826,27.48871409627384,0.31703856587409973,53.956668853759766,0.5085494686321556,2.5717983998188343,29.506279339420594,6.755228103143421,push-up_5.mp4,3
74.90549822946684,55.743681956979266,20.644409445987918,0.24646241962909698,49.16924285888672,0.293332361445242,1.9668069799555306,11.499750473066365,19.417011371816447,push-up_5.mp4,6
75.2163014323928,56.82824820768626,14.64420715712717,0.17805343866348267,49.85540771484375,0.2785128697068958,2.032401461700477,13.001640120344126,18.69271737465148,push-up_5.mp4,9
80.52470318972217,56.83389065807956,22.13027093664067,0.24474653601646423,47.75579071044922,0.344948384633187,2.4961270734757615,17.52401853998493,6.058771906595415,push-up_5.mp4,12
88.87388565063974,68.90640836663381,21.61016472533774,0.2362724393606186,47.469696044921875,0.2531048304653294,2.4645314932840154,23.919793634752832,6.687885805601147,push-up_5.mp4,15
114.9129345435571,102.76197504683759,25.03183156648953,0.28062471747398376,45.37263870239258,0.1116431794512682,1.771262811180541,48.27740225721228,37.5675102724286,push-up_5.mp4,18
140.24899868867593,132.73361910137604,18.172943898919613,0.20520120859146118,46.318233489990234,0.0550612317234051,1.8410572176810243,60.230524981193504,53.75161636130736,push-up_5.mp4,21
144.62819510419536,138.19336081834075,17.437283613212458,0.20106394588947296,48.44332504272461,0.04550455332066051,2.099863463517416,60.51448533430209,53.176489166269256,push-up_5.mp4,24
157.89971887529012,158.71141657603332,14.044960710265798,0.15113979578018188,59.872920989990234,0.005127410945835087,2.639146239263262,63.98653108855546,57.563184781220656,push-up_5.mp4,27
162.24218212052645,164.12678976334908,13.698867167524526,0.1623956263065338,66.29707336425781,0.01154893880961936,2.037245055551402,64.66097182516384,63.28658684219876,push-up_5.mp4,30
167.82820648492773,167.07072170539507,12.036452831760727,0.1414763182401657,69.20387268066406,0.004523662011257214,2.3312420866579973,64.656019826446,60.09182918381732,push-up_5.mp4,33
168.4605925701997,167.3491693224103,10.403631991092226,0.12280849367380142,71.9872817993164,0.00661936235281239,2.22867707120255,64.44323576209008,57.442245702218926,push-up_5.mp4,36
170.22291640221673,171.02613353427074,11.035583183759059,0.13071268796920776,72.95789337158203,0.0047075127810817866,2.1788421725682166,64.84206735736444,59.54825491055663,push-up_5.mp4,39
169.29115382062074,166.4158738682989,11.841305060713921,0.1396457701921463,72.57464599609375,0.017129697713604036,2.087695677454783,65.90424930788296,58.20977272297973,push-up_5.mp4,42
168.38023794635467,167.38516248353153,12.128080705578157,0.14294135570526123,71.9754638671875,0.005927206683887773,2.2999050830126966,65.26984776902799,60.23386908406313,push-up_5.mp4,45
162.83373838312912,160.33120996171624,12.857007295365037,0.14994153380393982,65.85871887207031,0.015487622863989931,1.898561796058991,63.77209593565139,59.06366573487684,push-up_5.mp4,48
149.7928990277656,149.03441127749429,18.59826895198421,0.21572746336460114,65.9433364868164,0.005076428586774744,2.090717589753821,64.71330023964157,58.37913856019565,push-up_5.mp4,51
140.1807459189269,132.3320646107521,16.2773245901503,0.1915617287158966,59.03925704956055,0.05760229247879718,1.8339047703788507,58.427564913350004,51.073177957942626,push-up_5.mp4,54
118.22502314488034,77.22998165593452,16.55585487018655,0.1990015208721161,59.16208267211914,0.41948315962257626,2.7219222705706527,53.470524925289716,6.04759893525997,push-up_5.mp4,57
95.15844751430437,70.35821094611708,14.548968384449296,0.1779903620481491,54.26513671875,0.299670580579266,1.971322093524633,30.540224248305837,6.8113491338004115,push-up_5.mp4,60
87.08422755449138,66.85296216449565,15.429458818540326,0.19096513092517853,57.57542419433594,0.26285091246537606,2.0249153964751248,24.665749995734224,15.704143653597427,push-up_5.mp4,63
77.17611700156408,54.61878565110465,18.794744310243487,0.20981360971927643,48.45270538330078,0.34230961738948046,2.124435915916722,11.442360813912257,15.305786081438471,push-up_5.mp4,66
77.85768848591871,59.35369789145893,17.323953180417703,0.19731979072093964,49.426048278808594,0.2697150882736155,2.173202126766833,10.207659142036572,16.53060795576619,push-up_5.mp4,69
72.54061868563838,54.749232691413404,15.662313839855301,0.17773322761058807,48.852298736572266,0.27954131145183286,2.1660979269494796,5.612097936955177,15.872648347933856,push-up_5.mp4,72
91.30424846452146,59.64045644370456,20.914902697991636,0.24405068159103394,50.95806884765625,0.4195416068429616,2.8116033563440364,22.705723161304107,12.572453284324075,push-up_5.mp4,75
110.98265266227398,93.9193532232689,16.638100414719588,0.1969807893037796,43.8682975769043,0.16655082867794416,1.9837901544221919,37.3766971520475,22.407396917077246,push-up_5.mp4,78
140.14804436498778,122.59358786167115,11.262640476807974,0.13598443567752838,50.29683303833008,0.1336252374969868,2.0323923719391903,56.82196479136732,37.38000493696901,push-up_5.mp4,81
146.6221049862548,136.16812395625595,13.521300827602118,0.1601339876651764,53.12777328491211,0.07393452785898112,2.1905268987755218,59.886392248306954,43.03424033061979,push-up_5.mp4,84
158.6706587628774,157.77289323023905,11.160803269877448,0.12956389784812927,58.704750061035156,0.00567409591368684,2.419967401257734,64.77827180505811,59.665253055487305,push-up_5.mp4,87
162.22560649080225,162.2790917651113,10.77973974771146,0.12270703166723251,64.17781066894531,0.0003296425265736764,1.770409258991883,63.16364418421635,59.497509854208616,push-up_5.mp4,90
167.2383256344439,169.0252237552834,12.278012446324112,0.13801269233226776,66.07151794433594,0.010627962049900963,2.100454891165741,66.07419862870739,62.76397836222525,push-up_5.mp4,93
170.70106693567362,173.36498815971498,9.919644436961988,0.11412914842367172,69.3799057006836,0.015484940665261597,1.9878564042393017,65.51014249995795,62.06588124553514,push-up_5.mp4,96
168.27126056133503,169.55077624783672,10.632359833219198,0.12220080196857452,69.36302947998047,0.007575087158831303,2.0901974977421425,65.29146921461864,59.92382741010509,push-up_5.mp4,99
169.32343811457764,169.82138424759833,13.298517720389526,0.1541319042444229,72.10209655761719,0.002936480819919042,2.2311393956798775,66.33740173122827,61.21212116814529,push-up_5.mp4,102
168.4260899263935,168.9991536696282,13.391037836143369,0.15598641335964203,72.12269592285156,0.003396685660666254,2.163106888406665,65.91305923709282,60.749100171384406,push-up_5.mp4,105
169.33551887930747,168.63633657488498,12.660993560038463,0.14771544933319092,71.03175354003906,0.004137517921324415,1.595576458275587,65.6282824017367,62.918145251243516,push-up_5.mp4,108
170.35901819510627,168.0838200934167,11.83314740438098,0.1353708654642105,70.14752197265625,0.013445095267461142,2.2246166946596464,66.45007741070394,61.574595156079425,push-up_5.mp4,111
168.49064356903426,160.9534873556695,13.160392585380436,0.15056641399860382,68.49626922607422,0.04575680976442968,2.5385495952591106,66.14896696363114,59.00973692173656,push-up_5.mp4,114
155.91293195144135,156.26090367993314,16.349009571632422,0.1871768981218338,62.95288848876953,0.002229345888568844,2.0944766662066514,63.16296675077651,60.343334754821946,push-up_5.mp4,117
144.37307460689195,134.61448456170555,20.569141041873536,0.239957794547081,61.758724212646484,0.06995716994885133,2.114176496861083,63.78134861919794,45.99948976731577,push-up_5.mp4,120
135.3579307706435,127.94138879537098,16.489485035541264,0.1772213578224182,54.2374382019043,0.05633544353625291,1.85865540893964,54.83066392144206,50.30057989954755,push-up_5.mp4,123
118.27447632192909,91.28061298511534,17.422621740075158,0.211879700422287,55.089927673339844,0.2576302339024731,2.2472288691582634,53.85771595431043,12.450659298441893,push-up_5.mp4,126
105.32050396238247,70.29609129009631,19.90247814244688,0.23762306571006775,51.88914489746094,0.398873610115634,2.4005223792218118,40.07665298091016,3.7434512349008515,push-up_5.mp4,129
81.82773976497396,56.2074739845943,17.686970501104412,0.23220019042491913,51.35895538330078,0.37121347639395086,2.026091672999403,23.68714266293586,17.578366460354054,push-up_5.mp4,132
68.70739988756188,54.9442146406162,22.787696107566546,0.2626101076602936,50.80503463745117,0.22261230149662595,1.9619333178339065,6.8875197097543435,18.33479757002331,push-up_5.mp4,135
76.22426538385481,50.54580438410983,23.13022021085459,0.2686358094215393,52.458717346191406,0.40511866952106146,2.1050597929432935,13.293780809979381,15.811950128668379,push-up_5.mp4,138
92.91907763163981,70.22067786165645,22.184428702730173,0.24864234030246735,47.7825927734375,0.27826938567302284,2.5471253562420113,26.44210248471296,11.614606469658854,push-up_5.mp4,141
113.03612732977228,82.50086069401817,19.081487073506707,0.22204966843128204,44.129276275634766,0.31232215392454515,2.553525723014261,40.92685443714416,14.840612157644204,push-up_5.mp4,144
140.12005735817868,135.50954653980338,19.07491513050772,0.2277044802904129,45.6230354309082,0.03345439497915309,1.4667306322863645,59.68888036975205,54.50650142198721,push-up_5.mp4,147
149.01517484485217,145.1909674261342,13.117966300022943,0.15372306108474731,46.86150360107422,0.025996788436834117,1.9413700103510414,61.204128745837195,53.69992785946693,push-up_6.mp4,0
154.1353525824745,152.11992457164476,10.976372665815234,0.1303613781929016,51.760955810546875,0.013161752049193245,1.9957398486727544,64.3785340352964,56.70193839523972,push-up_6.mp4,3
161.28499291770402,163.0779848883747,16.589403505519385,0.19788983464241028,62.436763763427734,0.011055466211329551,1.763820702880591,64.57372194751707,62.3791119619855,push-up_6.mp4,6
163.1292744816144,163.89988427016874,12.486170360751288,0.14607706665992737,65.82673645019531,0.0047127894741596146,2.5500049607462394,63.48555767500529,61.212070511132644,push-up_6.mp4,9
166.83329403613396,159.75232188173703,11.541609497510564,0.13718901574611664,67.75035095214844,0.04336364989312719,2.4630086845324533,66.2940461219735,57.5537318954202,push-up_6.mp4,12
168.8982975124641,166.47706334394965,11.934970773743345,0.14207564294338226,66.3829574584961,0.014438950806234465,2.355392908194283,64.97074581267101,60.29922783214843,push-up_6.mp4,15
170.61265347089824,167.96846116129612,11.364339367769446,0.13628730177879333,67.19132995605469,0.015619254561640528,2.5265764123967815,66.02431905416812,60.83248371172718,push-up_6.mp4,18
168.94263636964138,166.1197159317284,14.301330493368908,0.17168086767196655,68.81580352783203,0.01685012009570043,2.2751679921935803,67.26554453069714,61.38109121410789,push-up_6.mp4,21
168.27697396135449,164.1689853360173,13.257493667851548,0.16013860702514648,68.8341293334961,0.024713722699589817,2.348010796085783,67.04595024967054,60.39264471467266,push-up_6.mp4,24
169.7429908150619,165.94770953110176,9.585767336161666,0.11151803284883499,64.65785217285156,0.022611774946678206,2.5020149321820226,65.24068049629872,60.30064123620191,push-up_6.mp4,27
163.2598553420339,161.2394919341983,7.990627898369894,0.09014076739549637,66.19501495361328,0.012452187807427184,1.9767696544515776,61.258308179987075,57.07374928125158,push-up_6.mp4,30
159.68300456029405,155.06324649857396,10.431018240885606,0.1178751215338707,66.00823974609375,0.029355444560043662,2.6524286667462667,60.92231180317407,57.340279782255536,push-up_6.mp4,33
150.23521305955447,146.2337244427677,12.191700148053968,0.14560097455978394,56.895118713378906,0.026994319543209584,2.1903413367049,59.104272472535925,54.991622949233914,push-up_6.mp4,36
139.49597149075223,134.6930440441812,11.338347665810318,0.12944069504737854,55.17018127441406,0.03503369700788841,1.9249381984007332,56.878748074974354,47.465731336810656,push-up_6.mp4,39
122.45806536957241,119.78604374492848,29.885411227877796,0.32593676447868347,59.121028900146484,0.02206057050808162,1.630915705216538,60.48053781443109,32.14828578317522,push-up_6.mp4,42
98.60145408424566,79.09942299688821,14.002342918337348,0.1693142205476761,50.1773567199707,0.21949279494499405,2.131051978659179,34.5656843424146,7.72735668055247,push-up_6.mp4,45
92.59064982585147,63.64293251397018,18.3313340548884,0.21733243763446808,46.94740295410156,0.37056971847342635,2.428505825756642,23.317989259517635,11.739654484353146,push-up_6.mp4,48
83.21289613140534,56.400527088867925,17.582674254141722,0.1999758630990982,46.2430305480957,0.38409442908988134,2.1524114274576482,14.840932155646565,16.563212006272874,push-up_6.mp4,51
75.67746556136396,54.20238008584238,17.84954042629647,0.18948784470558167,48.060054779052734,0.330691576795595,2.390546192333271,8.817662475109833,20.142827453519004,push-up_6.mp4,54
82.67188832750278,60.159117459446804,13.433234407594114,0.1507789045572281,46.536766052246094,0.31523646765656205,2.0962653496090082,11.843152250117273,14.430685986008326,push-up_6.mp4,57
90.03154598733262,70.03643957108709,16.394335428494855,0.20036159455776215,49.03010559082031,0.24983267386654226,2.222632422554046,27.62479320052036,7.673323625760834,push-up_6.mp4,60
109.55115153952075,83.7656505070846,15.151916683527588,0.18658655881881714,52.040531158447266,0.2667693729613808,2.3376112323656324,44.56473057730496,8.100478691756862,push-up_6.mp4,63
139.26070340696845,131.98942343225045,15.817914899459595,0.1823589950799942,48.27261734008789,0.0536130991675295,1.6234887544836236,56.84579450683906,47.22575933562217,push-up_6.mp4,66
148.75543724079287,140.07929156642786,14.560750342644951,0.16804799437522888,44.57359313964844,0.06007688694634645,2.215112186790406,61.107937754506985,56.642864983785365,push-up_6.mp4,69
156.55036788348926,153.03620580896487,10.619673447676462,0.12672337889671326,52.74655532836914,0.02270228991271043,2.431593236654789,63.40605326404196,56.26564246557354,push-up_6.mp4,72
161.21368450827924,161.1165657864463,11.24906341500045,0.13197800517082214,56.028343200683594,0.0006026038309723678,1.817991048296789,62.164670485830165,58.989875826771396,push-up_6.mp4,75
163.81506813617517,160.2768973455039,10.367315662254356,0.11998506635427475,62.70570755004883,0.02183436288161415,2.7579606715796303,62.092702368550086,57.593523630790685,push-up_6.mp4,78
168.36756209063654,167.4245034058589,12.559456155766867,0.14194057881832123,65.4110336303711,0.005616920598664248,2.099896017789007,66.2850942632861,62.9676141741427,push-up_6.mp4,81
169.50568035419695,166.71528185011374,12.521818583365786,0.14447078108787537,68.75801849365234,0.016598599241338073,2.1916320909388114,67.06733699063629,62.65156621653056,push-up_6.mp4,84
169.0503842282656,162.93463487214828,11.019729149490587,0.12793931365013123,60.95234680175781,0.03684352608855241,2.8692146753607,64.90257888977187,60.1443147819578,push-up_6.mp4,87
168.24109226777696,163.4789248494012,9.275994773303864,0.10623666644096375,62.91313552856445,0.028711968965644576,2.648492700378805,64.31602360347131,58.827987831444446,push-up_6.mp4,90
167.124236218087,161.31822918941225,12.389766157766758,0.14289863407611847,64.97687530517578,0.03535478898242477,2.6096276780091614,65.96783742999449,58.89773550474285,push-up_6.mp4,93
167.37929988528896,166.24664235957243,12.206665671504993,0.14055876433849335,63.7865104675293,0.0067899847241808435,2.334501500961752,64.78650475867384,61.77034498526438,push-up_6.mp4,96
167.3868826875248,165.72800816397586,12.895396325993204,0.1462142914533615,62.051368713378906,0.0099597740545826,2.134008156939488,65.96596032706796,61.764676000669304,push-up_6.mp4,99
156.8435213891809,155.5339611775184,14.94664241219806,0.16987811028957367,56.32715606689453,0.008384472535614862,2.067473621780308,63.52791119707016,59.929549588721855,push-up_6.mp4,102
148.15224729784458,146.38162924972227,18.587579451831175,0.21870042383670807,52.884620666503906,0.012023187749245974,1.8154370744968584,62.888798713353374,51.157847541481864,push-up_6.mp4,105
139.86693492372765,133.19713923614145,14.48425260623074,0.16959601640701294,47.92535400390625,0.048851506432012574,1.878049138353233,57.99850580196909,50.81441402547278,push-up_6.mp4,108
124.4021711114735,92.42043752754718,20.265541447584724,0.2413284331560135,51.96001052856445,0.29500367867237903,2.655735722297436,52.05527675287403,8.545551489218234,push-up_6.mp4,111
108.53846051017301,88.07633760323185,9.70859050710348,0.11805279552936554,47.65209197998047,0.20814428113532812,1.946938905763791,37.44572067888414,13.447016497262096,push-up_6.mp4,114
84.68528461193253,65.68065906305382,14.408002518429498,0.16376012563705444,44.51768112182617,0.25277832312823323,2.2202229405345535,15.486259703897819,5.809304367367898,push-up_6.mp4,117
87.8950914792682,63.92867205467016,14.056242200484093,0.16038104891777039,41.05287170410156,0.31571367836946873,2.1725043900018055,16.13581471124962,14.974330633538278,push-up_6.mp4,120
72.8293869104588,58.407564729775565,15.308308673903298,0.17254024744033813,42.29308319091797,0.219782949854221,2.1257323177528273,5.793729401507937,16.717970278357598,push-up_6.mp4,123
84.21447649189592,61.45515982022654,17.75790745719553,0.19931252300739288,44.71833419799805,0.3124785267247266,2.349517768762,16.892329048187147,8.389323955267546,push-up_6.mp4,126
94.93589743712364,74.4009162700544,21.63837376281228,0.26174190640449524,44.68279266357422,0.24253416274359468,2.7938220385897363,25.76126156379985,3.376958281347443,push-up_6.mp4,129
129.1968926426603,119.19204325331772,16.388526579709037,0.19135822355747223,44.39914321899414,0.0805579310789629,1.8716040843682502,53.45352728808535,46.81239788665663,push-up_6.mp4,132
139.6482759644463,124.26741281197437,13.393175828449898,0.15676671266555786,43.07794952392578,0.11655891488513981,2.2629845611698896,56.796014404705375,36.39400922320156,push-up_6.mp4,135
151.7619132439542,147.81355377632744,16.27848205715793,0.19644224643707275,45.250816345214844,0.026359698321755193,2.1883320340474537,62.37384870969204,55.37102399495118,push-up_6.mp4,138
158.79781109275697,158.2643586656666,10.95908682712539,0.12731045484542847,58.45344543457031,0.003364970519799419,2.1641396393942136,64.15199735682901,59.33652027290517,push-up_6.mp4,141
162.06879435741138,162.64280689457138,14.391289856190667,0.1732005625963211,58.40532684326172,0.0035355221984480698,2.2357291010787157,62.78100588820569,60.37681181756112,push-up_6.mp4,144
165.8201163911998,162.07713777720338,11.35440421597437,0.1316133737564087,59.93682098388672,0.022830191875129822,2.224191503065475,62.710017286982435,60.46556456231817,push-up_6.mp4,147
149.01517484485217,145.1909674261342,13.117966300022943,0.15372306108474731,46.86150360107422,0.025996788436834117,1.9413700103510414,61.204128745837195,53.69992785946693,push-up_6.mp4,0
154.1353525824745,152.11992457164476,10.976372665815234,0.1303613781929016,51.760955810546875,0.013161752049193245,1.9957398486727544,64.3785340352964,56.70193839523972,push-up_6.mp4,3
161.28499291770402,163.0779848883747,16.589403505519385,0.19788983464241028,62.436763763427734,0.011055466211329551,1.763820702880591,64.57372194751707,62.3791119619855,push-up_6.mp4,6
163.1292744816144,163.89988427016874,12.486170360751288,0.14607706665992737,65.82673645019531,0.0047127894741596146,2.5500049607462394,63.48555767500529,61.212070511132644,push-up_6.mp4,9
166.83329403613396,159.75232188173703,11.541609497510564,0.13718901574611664,67.75035095214844,0.04336364989312719,2.4630086845324533,66.2940461219735,57.5537318954202,push-up_6.mp4,12
168.8982975124641,166.47706334394965,11.934970773743345,0.14207564294338226,66.3829574584961,0.014438950806234465,2.355392908194283,64.97074581267101,60.29922783214843,push-up_6.mp4,15
170.61265347089824,167.96846116129612,11.364339367769446,0.13628730177879333,67.19132995605469,0.015619254561640528,2.5265764123967815,66.02431905416812,60.83248371172718,push-up_6.mp4,18
168.94263636964138,166.1197159317284,14.301330493368908,0.17168086767196655,68.81580352783203,0.01685012009570043,2.2751679921935803,67.26554453069714,61.38109121410789,push-up_6.mp4,21
168.27697396135449,164.1689853360173,13.257493667851548,0.16013860702514648,68.8341293334961,0.024713722699589817,2.348010796085783,67.04595024967054,60.39264471467266,push-up_6.mp4,24
169.7429908150619,165.94770953110176,9.585767336161666,0.11151803284883499,64.65785217285156,0.022611774946678206,2.5020149321820226,65.24068049629872,60.30064123620191,push-up_6.mp4,27
163.2598553420339,161.2394919341983,7.990627898369894,0.09014076739549637,66.19501495361328,0.012452187807427184,1.9767696544515776,61.258308179987075,57.07374928125158,push-up_6.mp4,30
159.68300456029405,155.06324649857396,10.431018240885606,0.1178751215338707,66.00823974609375,0.029355444560043662,2.6524286667462667,60.92231180317407,57.340279782255536,push-up_6.mp4,33
150.23521305955447,146.2337244427677,12.191700148053968,0.14560097455978394,56.895118713378906,0.026994319543209584,2.1903413367049,59.104272472535925,54.991622949233914,push-up_6.mp4,36
139.49597149075223,134.6930440441812,11.338347665810318,0.12944069504737854,55.17018127441406,0.03503369700788841,1.9249381984007332,56.878748074974354,47.465731336810656,push-up_6.mp4,39
122.45806536957241,119.78604374492848,29.885411227877796,0.32593676447868347,59.121028900146484,0.02206057050808162,1.630915705216538,60.48053781443109,32.14828578317522,push-up_6.mp4,42
98.60145408424566,79.09942299688821,14.002342918337348,0.1693142205476761,50.1773567199707,0.21949279494499405,2.131051978659179,34.5656843424146,7.72735668055247,push-up_6.mp4,45
92.59064982585147,63.64293251397018,18.3313340548884,0.21733243763446808,46.94740295410156,0.37056971847342635,2.428505825756642,23.317989259517635,11.739654484353146,push-up_6.mp4,48
83.21289613140534,56.400527088867925,17.582674254141722,0.1999758630990982,46.2430305480957,0.38409442908988134,2.1524114274576482,14.840932155646565,16.563212006272874,push-up_6.mp4,51
75.67746556136396,54.20238008584238,17.84954042629647,0.18948784470558167,48.060054779052734,0.330691576795595,2.390546192333271,8.817662475109833,20.142827453519004,push-up_6.mp4,54
82.67188832750278,60.159117459446804,13.433234407594114,0.1507789045572281,46.536766052246094,0.31523646765656205,2.0962653496090082,11.843152250117273,14.430685986008326,push-up_6.mp4,57
90.03154598733262,70.03643957108709,16.394335428494855,0.20036159455776215,49.03010559082031,0.24983267386654226,2.222632422554046,27.62479320052036,7.673323625760834,push-up_6.mp4,60
109.55115153952075,83.7656505070846,15.151916683527588,0.18658655881881714,52.040531158447266,0.2667693729613808,2.3376112323656324,44.56473057730496,8.100478691756862,push-up_6.mp4,63
139.26070340696845,131.98942343225045,15.817914899459595,0.1823589950799942,48.27261734008789,0.0536130991675295,1.6234887544836236,56.84579450683906,47.22575933562217,push-up_6.mp4,66
148.75543724079287,140.07929156642786,14.560750342644951,0.16804799437522888,44.57359313964844,0.06007688694634645,2.215112186790406,61.107937754506985,56.642864983785365,push-up_6.mp4,69
156.55036788348926,153.03620580896487,10.619673447676462,0.12672337889671326,52.74655532836914,0.02270228991271043,2.431593236654789,63.40605326404196,56.26564246557354,push-up_6.mp4,72
161.21368450827924,161.1165657864463,11.24906341500045,0.13197800517082214,56.028343200683594,0.0006026038309723678,1.817991048296789,62.164670485830165,58.989875826771396,push-up_6.mp4,75
163.81506813617517,160.2768973455039,10.367315662254356,0.11998506635427475,62.70570755004883,0.02183436288161415,2.7579606715796303,62.092702368550086,57.593523630790685,push-up_6.mp4,78
168.36756209063654,167.4245034058589,12.559456155766867,0.14194057881832123,65.4110336303711,0.005616920598664248,2.099896017789007,66.2850942632861,62.9676141741427,push-up_6.mp4,81
169.50568035419695,166.71528185011374,12.521818583365786,0.14447078108787537,68.75801849365234,0.016598599241338073,2.1916320909388114,67.06733699063629,62.65156621653056,push-up_6.mp4,84
169.0503842282656,162.93463487214828,11.019729149490587,0.12793931365013123,60.95234680175781,0.03684352608855241,2.8692146753607,64.90257888977187,60.1443147819578,push-up_6.mp4,87
168.24109226777696,163.4789248494012,9.275994773303864,0.10623666644096375,62.91313552856445,0.028711968965644576,2.648492700378805,64.31602360347131,58.827987831444446,push-up_6.mp4,90
167.124236218087,161.31822918941225,12.389766157766758,0.14289863407611847,64.97687530517578,0.03535478898242477,2.6096276780091614,65.96783742999449,58.89773550474285,push-up_6.mp4,93
167.37929988528896,166.24664235957243,12.206665671504993,0.14055876433849335,63.7865104675293,0.0067899847241808435,2.334501500961752,64.78650475867384,61.77034498526438,push-up_6.mp4,96
167.3868826875248,165.72800816397586,12.895396325993204,0.1462142914533615,62.051368713378906,0.0099597740545826,2.134008156939488,65.96596032706796,61.764676000669304,push-up_6.mp4,99
156.8435213891809,155.5339611775184,14.94664241219806,0.16987811028957367,56.32715606689453,0.008384472535614862,2.067473621780308,63.52791119707016,59.929549588721855,push-up_6.mp4,102
148.15224729784458,146.38162924972227,18.587579451831175,0.21870042383670807,52.884620666503906,0.012023187749245974,1.8154370744968584,62.888798713353374,51.157847541481864,push-up_6.mp4,105
139.86693492372765,133.19713923614145,14.48425260623074,0.16959601640701294,47.92535400390625,0.048851506432012574,1.878049138353233,57.99850580196909,50.81441402547278,push-up_6.mp4,108
124.4021711114735,92.42043752754718,20.265541447584724,0.2413284331560135,51.96001052856445,0.29500367867237903,2.655735722297436,52.05527675287403,8.545551489218234,push-up_6.mp4,111
108.53846051017301,88.07633760323185,9.70859050710348,0.11805279552936554,47.65209197998047,0.20814428113532812,1.946938905763791,37.44572067888414,13.447016497262096,push-up_6.mp4,114
84.68528461193253,65.68065906305382,14.408002518429498,0.16376012563705444,44.51768112182617,0.25277832312823323,2.2202229405345535,15.486259703897819,5.809304367367898,push-up_6.mp4,117
87.8950914792682,63.92867205467016,14.056242200484093,0.16038104891777039,41.05287170410156,0.31571367836946873,2.1725043900018055,16.13581471124962,14.974330633538278,push-up_6.mp4,120
72.8293869104588,58.407564729775565,15.308308673903298,0.17254024744033813,42.29308319091797,0.219782949854221,2.1257323177528273,5.793729401507937,16.717970278357598,push-up_6.mp4,123
84.21447649189592,61.45515982022654,17.75790745719553,0.19931252300739288,44.71833419799805,0.3124785267247266,2.349517768762,16.892329048187147,8.389323955267546,push-up_6.mp4,126
94.93589743712364,74.4009162700544,21.63837376281228,0.26174190640449524,44.68279266357422,0.24253416274359468,2.7938220385897363,25.76126156379985,3.376958281347443,push-up_6.mp4,129
129.1968926426603,119.19204325331772,16.388526579709037,0.19135822355747223,44.39914321899414,0.0805579310789629,1.8716040843682502,53.45352728808535,46.81239788665663,push-up_6.mp4,132
139.6482759644463,124.26741281197437,13.393175828449898,0.15676671266555786,43.07794952392578,0.11655891488513981,2.2629845611698896,56.796014404705375,36.39400922320156,push-up_6.mp4,135
151.7619132439542,147.81355377632744,16.27848205715793,0.19644224643707275,45.250816345214844,0.026359698321755193,2.1883320340474537,62.37384870969204,55.37102399495118,push-up_6.mp4,138
158.79781109275697,158.2643586656666,10.95908682712539,0.12731045484542847,58.45344543457031,0.003364970519799419,2.1641396393942136,64.15199735682901,59.33652027290517,push-up_6.mp4,141
162.06879435741138,162.64280689457138,14.391289856190667,0.1732005625963211,58.40532684326172,0.0035355221984480698,2.2357291010787157,62.78100588820569,60.37681181756112,push-up_6.mp4,144
165.8201163911998,162.07713777720338,11.35440421597437,0.1316133737564087,59.93682098388672,0.022830191875129822,2.224191503065475,62.710017286982435,60.46556456231817,push-up_6.mp4,147
171.4204327094427,173.31302329981986,34.2371019602229,0.41280457377433777,79.65025329589844,0.010980022724143734,1.5504405230032035,80.46500478215268,78.14329616790765,push-up_7.mp4,0
169.00194589152918,172.15835095092586,33.25202096456874,0.39617136120796204,81.11044311523438,0.01850394133555518,1.4075794749863806,79.57755423157136,76.11044508291509,push-up_7.mp4,3
162.57732123104586,164.81780051560318,31.976902267678952,0.3760397732257843,80.22216796875,0.01368669925565411,1.2969982540987919,74.17745079986324,71.55693530662617,push-up_7.mp4,6
150.1738121504164,153.76744258483978,31.39390414795446,0.3433954417705536,72.86233520507812,0.023646875035464053,1.1440813450628562,74.02855812867718,69.0321984328983,push-up_7.mp4,9
142.74501535438807,140.43637576835891,34.15989404783642,0.3719467222690582,67.98795318603516,0.0163050232706037,1.0954848662374457,75.72566961428956,66.49759340329283,push-up_7.mp4,12
127.10519955349996,128.69459552541412,27.374360754276296,0.3101196587085724,66.7950210571289,0.012426874473639276,0.7776542590659661,66.62565271985183,60.1676173271076,push-up_7.mp4,15
118.51919831143718,125.17316714216433,23.594484116047767,0.26479288935661316,61.947837829589844,0.05460957973255878,0.8889311768185445,62.30480168539869,57.49976346716708,push-up_7.mp4,18
104.95650803019231,98.60937664774981,21.280059711840323,0.25191131234169006,57.20105743408203,0.062359480248708465,0.9517856072229278,48.96239989872117,34.33751614552408,push-up_7.mp4,21
95.23508477784382,81.70372358134004,18.24738667879697,0.2304750382900238,58.36983108520508,0.15294961373352606,1.0194542543278473,44.31748106883194,11.269457903643177,push-up_7.mp4,24
87.8949227451107,76.52837915317804,17.697061820000698,0.22859269380569458,58.76872634887695,0.13825952235120473,1.134545449994124,38.366006158592356,4.554791643342179,push-up_7.mp4,27
99.6387874780525,90.17029576982551,17.529155669201515,0.21645154058933258,54.396724700927734,0.0997685837390803,0.9264988483640871,44.76526585199686,17.544218442194346,push-up_7.mp4,30
107.92344056999073,101.46736815555111,19.517608755591283,0.2357836365699768,54.72547149658203,0.06166528945310001,1.3038356014784847,50.29611007278456,26.47718335050496,push-up_7.mp4,33
126.86883214376392,126.58486397826937,16.510359370393928,0.18596599996089935,50.47946548461914,0.002240789302656932,0.8468564222697469,54.549865184100874,50.86592756113596,push-up_7.mp4,36
144.10599011321233,144.82147941350357,16.865311609493602,0.19283504784107208,62.1552848815918,0.004952726035106749,1.1780271656799806,64.46809805264655,56.24359977774487,push-up_7.mp4,39
156.22120821613055,151.15972224502116,16.532924316514766,0.18180491030216217,63.322261810302734,0.03293298620389912,1.418393769325266,68.04676367220557,55.410003033604426,push-up_7.mp4,42
164.83711203334275,163.2708974378246,12.812731669009821,0.14546136558055878,56.644561767578125,0.009546945215037666,1.2754490026026413,63.517886580219475,57.324162013442226,push-up_7.mp4,45
166.32783665606604,160.51360218199457,15.268417116975485,0.1730175018310547,60.652950286865234,0.035578318922725304,1.7058993442748156,65.20451131356562,62.35860485691599,push-up_7.mp4,48
172.17398565577585,171.37135417470319,16.91702791343255,0.19314496219158173,64.1845703125,0.004672637861824707,1.5277788691174645,69.58423884493335,66.81672082571235,push-up_7.mp4,51
171.25328840576108,168.62325806132037,20.148786832168128,0.2370695322751999,70.6229019165039,0.015476386186567553,1.3105129318096889,70.55210259394892,67.64152333001277,push-up_7.mp4,54
170.66202743404705,169.68637543331255,18.578481208615102,0.21935485303401947,71.4793472290039,0.005733254468155853,1.39172328988839,70.24190549477456,67.30047764023007,push-up_7.mp4,57
170.69660852806285,171.13496582117835,17.758041822958575,0.20924778282642365,67.75546264648438,0.002564756014420378,1.361974792689817,69.20302923537999,65.83243418638133,push-up_7.mp4,60
169.26099961507566,168.3568456953553,18.71264407473015,0.21965642273426056,70.93067932128906,0.005356078964896012,1.3426889316080528,70.23719897050233,66.17992166890053,push-up_7.mp4,63
168.18381829043736,167.84240346477526,18.73997139493906,0.21865810453891754,71.0013198852539,0.0020320725202857045,1.4063892969647382,70.01584941029881,66.36021116645097,push-up_7.mp4,66
162.76121023800803,163.9363639595801,19.145941700547723,0.2134760171175003,62.063724517822266,0.007194138030919819,1.0837474676041452,68.7801947907865,66.0136253926385,push-up_7.mp4,69
158.73056655862732,157.58661920111516,19.438644531313514,0.21740026772022247,63.1876220703125,0.007232913094902418,0.9151833989218088,67.16876588280616,63.255280459167096,push-up_7.mp4,72
142.6074018903214,137.80345869765887,20.74984000842366,0.23443755507469177,61.83858871459961,0.03426360293313439,1.0035306047952337,70.39036205834691,56.22813324598521,push-up_7.mp4,75
135.1371424694237,135.31405109240558,15.862343618118132,0.1823558658361435,55.0909538269043,0.001308248047656892,0.8510696411272303,65.14282897667967,53.777028698534444,push-up_7.mp4,78
125.55349833518969,122.9903631125,14.114407815827661,0.16570909321308136,51.00834655761719,0.020625214461224072,0.9597020601042021,60.20283348564849,46.93373972074136,push-up_7.mp4,81
99.58787836359078,82.04063238346023,9.843846409168918,0.12625519931316376,54.82548904418945,0.1932212724528486,1.4206270576174354,51.34750268281072,1.9530434790891387,push-up_7.mp4,84
111.4821175398512,69.01307698603172,15.357527994033262,0.18905049562454224,48.75426483154297,0.47058361487545797,1.6392455480182884,44.28969425213897,0.6923861455561083,push-up_7.mp4,87
109.13740652498518,70.65488025947285,14.807803230184021,0.1797095537185669,47.484127044677734,0.428077610600133,1.6523067913789404,45.302709059497296,14.027655490374773,push-up_7.mp4,90
107.4613933005416,79.66124316212168,11.478901778705989,0.14868029952049255,50.47014236450195,0.2971329462212543,1.5793804452199076,46.38799713692857,1.7090332150438678,push-up_7.mp4,93
105.6363523561819,95.7941556531255,18.070249939995023,0.22113938629627228,43.96823501586914,0.09772299936414426,1.0644631702710707,48.77044249069727,29.752154365276763,push-up_7.mp4,96
140.81128321478175,127.9274290450284,14.443602972698926,0.16617195308208466,42.086204528808594,0.09588387219253731,0.6967151339665535,58.958707278140345,50.58265096636154,push-up_7.mp4,99
148.4267206205586,136.0469491559401,20.685624347678754,0.24463610351085663,48.23085021972656,0.08703632553652411,1.0933836918649829,67.69193440743476,53.11285674101068,push-up_7.mp4,102
155.47921601708524,156.1673804837784,16.909421154710657,0.19978787004947662,52.76618576049805,0.004416313057288654,0.9794358469273611,66.35586992538707,60.57505761790156,push-up_7.mp4,105
163.67615955089573,162.32052855282467,16.169781535259517,0.18442505598068237,55.22352981567383,0.008316839081750124,1.003502854768822,64.65391124504802,59.389535976084254,push-up_7.mp4,108
169.713286678449,164.46950921378638,18.27342471385242,0.20518575608730316,57.515045166015625,0.031382689528718886,1.154492720039492,68.83241767127734,65.57807445982992,push-up_7.mp4,111
169.85140138864293,170.35828411816235,24.674586496098954,0.29111942648887634,58.76387023925781,0.002979825390710571,1.1635222392847768,72.56905262071955,70.25681885280493,push-up_7.mp4,114
168.91411144679444,171.18371890444868,28.876739053141165,0.33485522866249084,65.17247772216797,0.013346791747011507,1.281988792251821,74.9386562757982,73.13110866866559,push-up_7.mp4,117
171.39357629919922,170.83890713868956,32.24997018871929,0.3665936589241028,69.89501953125,0.0032414758233218805,1.1754024442298645,80.47496837045395,74.1326997653936,push-up_7.mp4,120
171.88155791815137,171.9507232487163,31.258419421471416,0.36168360710144043,71.62120819091797,0.00040232016802021516,1.1758780305834802,79.30894990002508,74.22760023223535,push-up_7.mp4,123
172.16844481706386,171.7525212238898,25.389833503031213,0.29307660460472107,66.81941223144531,0.00241871612517237,1.3044907762586901,74.9171527667447,71.02275776973794,push-up_7.mp4,126
171.15782033958394,169.93920829282624,25.875424974310135,0.29533693194389343,66.91172790527344,0.007145251611505296,1.3544764318484488,75.24872647393823,70.6552494426684,push-up_7.mp4,129
170.98966612817188,169.66077022595817,26.656611602938796,0.30147838592529297,68.2890396118164,0.007802108909276261,1.2362716326645182,75.58321432036007,70.98033850145232,push-up_7.mp4,132
163.38801646488608,166.65081634649806,23.228488289867073,0.26038673520088196,63.20030212402344,0.019772218037606863,1.2045133854999959,71.71263496440837,69.68021347302229,push-up_7.mp4,135
158.6808576895558,161.81956792394678,21.595731575872975,0.2402234971523285,60.08119583129883,0.019586309306035055,0.9817723422077242,71.3149200125864,66.1520381230624,push-up_7.mp4,138
154.17664654916058,151.43842699673164,19.434190424872355,0.22192227840423584,60.267337799072266,0.01791940116473191,0.9906306543592799,70.41909954846408,61.72670444810019,push-up_7.mp4,141
128.49044177653008,126.36549648368229,18.55199789957379,0.21773642301559448,51.221797943115234,0.01667565847085091,1.0369726140432962,65.51544121238894,49.39732646602155,push-up_7.mp4,144
113.64308436104542,122.0469630591393,16.170701245027885,0.18759480118751526,46.56516647338867,0.07131297048883499,0.7700566812661905,62.718482673072955,52.934245388902774,push-up_7.mp4,147
171.4204327094427,173.31302329981986,34.2371019602229,0.41280457377433777,79.65025329589844,0.010980022724143734,1.5504405230032035,80.46500478215268,78.14329616790765,push-up_7.mp4,0
169.00194589152918,172.15835095092586,33.25202096456874,0.39617136120796204,81.11044311523438,0.01850394133555518,1.4075794749863806,79.57755423157136,76.11044508291509,push-up_7.mp4,3
162.57732123104586,164.81780051560318,31.976902267678952,0.3760397732257843,80.22216796875,0.01368669925565411,1.2969982540987919,74.17745079986324,71.55693530662617,push-up_7.mp4,6
150.1738121504164,153.76744258483978,31.39390414795446,0.3433954417705536,72.86233520507812,0.023646875035464053,1.1440813450628562,74.02855812867718,69.0321984328983,push-up_7.mp4,9
142.74501535438807,140.43637576835891,34.15989404783642,0.3719467222690582,67.98795318603516,0.0163050232706037,1.0954848662374457,75.72566961428956,66.49759340329283,push-up_7.mp4,12
127.10519955349996,128.69459552541412,27.374360754276296,0.3101196587085724,66.7950210571289,0.012426874473639276,0.7776542590659661,66.62565271985183,60.1676173271076,push-up_7.mp4,15
118.51919831143718,125.17316714216433,23.594484116047767,0.26479288935661316,61.947837829589844,0.05460957973255878,0.8889311768185445,62.30480168539869,57.49976346716708,push-up_7.mp4,18
104.95650803019231,98.60937664774981,21.280059711840323,0.25191131234169006,57.20105743408203,0.062359480248708465,0.9517856072229278,48.96239989872117,34.33751614552408,push-up_7.mp4,21
95.23508477784382,81.70372358134004,18.24738667879697,0.2304750382900238,58.36983108520508,0.15294961373352606,1.0194542543278473,44.31748106883194,11.269457903643177,push-up_7.mp4,24
87.8949227451107,76.52837915317804,17.697061820000698,0.22859269380569458,58.76872634887695,0.13825952235120473,1.134545449994124,38.366006158592356,4.554791643342179,push-up_7.mp4,27
99.6387874780525,90.17029576982551,17.529155669201515,0.21645154058933258,54.396724700927734,0.0997685837390803,0.9264988483640871,44.76526585199686,17.544218442194346,push-up_7.mp4,30
107.92344056999073,101.46736815555111,19.517608755591283,0.2357836365699768,54.72547149658203,0.06166528945310001,1.3038356014784847,50.29611007278456,26.47718335050496,push-up_7.mp4,33
126.86883214376392,126.58486397826937,16.510359370393928,0.18596599996089935,50.47946548461914,0.002240789302656932,0.8468564222697469,54.549865184100874,50.86592756113596,push-up_7.mp4,36
144.10599011321233,144.82147941350357,16.865311609493602,0.19283504784107208,62.1552848815918,0.004952726035106749,1.1780271656799806,64.46809805264655,56.24359977774487,push-up_7.mp4,39
156.22120821613055,151.15972224502116,16.532924316514766,0.18180491030216217,63.322261810302734,0.03293298620389912,1.418393769325266,68.04676367220557,55.410003033604426,push-up_7.mp4,42
164.83711203334275,163.2708974378246,12.812731669009821,0.14546136558055878,56.644561767578125,0.009546945215037666,1.2754490026026413,63.517886580219475,57.324162013442226,push-up_7.mp4,45
166.32783665606604,160.51360218199457,15.268417116975485,0.1730175018310547,60.652950286865234,0.035578318922725304,1.7058993442748156,65.20451131356562,62.35860485691599,push-up_7.mp4,48
172.17398565577585,171.37135417470319,16.91702791343255,0.19314496219158173,64.1845703125,0.004672637861824707,1.5277788691174645,69.58423884493335,66.81672082571235,push-up_7.mp4,51
171.25328840576108,168.62325806132037,20.148786832168128,0.2370695322751999,70.6229019165039,0.015476386186567553,1.3105129318096889,70.55210259394892,67.64152333001277,push-up_7.mp4,54
170.66202743404705,169.68637543331255,18.578481208615102,0.21935485303401947,71.4793472290039,0.005733254468155853,1.39172328988839,70.24190549477456,67.30047764023007,push-up_7.mp4,57
170.69660852806285,171.13496582117835,17.758041822958575,0.20924778282642365,67.75546264648438,0.002564756014420378,1.361974792689817,69.20302923537999,65.83243418638133,push-up_7.mp4,60
169.26099961507566,168.3568456953553,18.71264407473015,0.21965642273426056,70.93067932128906,0.005356078964896012,1.3426889316080528,70.23719897050233,66.17992166890053,push-up_7.mp4,63
168.18381829043736,167.84240346477526,18.73997139493906,0.21865810453891754,71.0013198852539,0.0020320725202857045,1.4063892969647382,70.01584941029881,66.36021116645097,push-up_7.mp4,66
162.76121023800803,163.9363639595801,19.145941700547723,0.2134760171175003,62.063724517822266,0.007194138030919819,1.0837474676041452,68.7801947907865,66.0136253926385,push-up_7.mp4,69
158.73056655862732,157.58661920111516,19.438644531313514,0.21740026772022247,63.1876220703125,0.007232913094902418,0.9151833989218088,67.16876588280616,63.255280459167096,push-up_7.mp4,72
142.6074018903214,137.80345869765887,20.74984000842366,0.23443755507469177,61.83858871459961,0.03426360293313439,1.0035306047952337,70.39036205834691,56.22813324598521,push-up_7.mp4,75
135.1371424694237,135.31405109240558,15.862343618118132,0.1823558658361435,55.0909538269043,0.001308248047656892,0.8510696411272303,65.14282897667967,53.777028698534444,push-up_7.mp4,78
125.55349833518969,122.9903631125,14.114407815827661,0.16570909321308136,51.00834655761719,0.020625214461224072,0.9597020601042021,60.20283348564849,46.93373972074136,push-up_7.mp4,81
99.58787836359078,82.04063238346023,9.843846409168918,0.12625519931316376,54.82548904418945,0.1932212724528486,1.4206270576174354,51.34750268281072,1.9530434790891387,push-up_7.mp4,84
111.4821175398512,69.01307698603172,15.357527994033262,0.18905049562454224,48.75426483154297,0.47058361487545797,1.6392455480182884,44.28969425213897,0.6923861455561083,push-up_7.mp4,87
109.13740652498518,70.65488025947285,14.807803230184021,0.1797095537185669,47.484127044677734,0.428077610600133,1.6523067913789404,45.302709059497296,14.027655490374773,push-up_7.mp4,90
107.4613933005416,79.66124316212168,11.478901778705989,0.14868029952049255,50.47014236450195,0.2971329462212543,1.5793804452199076,46.38799713692857,1.7090332150438678,push-up_7.mp4,93
105.6363523561819,95.7941556531255,18.070249939995023,0.22113938629627228,43.96823501586914,0.09772299936414426,1.0644631702710707,48.77044249069727,29.752154365276763,push-up_7.mp4,96
140.81128321478175,127.9274290450284,14.443602972698926,0.16617195308208466,42.086204528808594,0.09588387219253731,0.6967151339665535,58.958707278140345,50.58265096636154,push-up_7.mp4,99
148.4267206205586,136.0469491559401,20.685624347678754,0.24463610351085663,48.23085021972656,0.08703632553652411,1.0933836918649829,67.69193440743476,53.11285674101068,push-up_7.mp4,102
155.47921601708524,156.1673804837784,16.909421154710657,0.19978787004947662,52.76618576049805,0.004416313057288654,0.9794358469273611,66.35586992538707,60.57505761790156,push-up_7.mp4,105
163.67615955089573,162.32052855282467,16.169781535259517,0.18442505598068237,55.22352981567383,0.008316839081750124,1.003502854768822,64.65391124504802,59.389535976084254,push-up_7.mp4,108
169.713286678449,164.46950921378638,18.27342471385242,0.20518575608730316,57.515045166015625,0.031382689528718886,1.154492720039492,68.83241767127734,65.57807445982992,push-up_7.mp4,111
169.85140138864293,170.35828411816235,24.674586496098954,0.29111942648887634,58.76387023925781,0.002979825390710571,1.1635222392847768,72.56905262071955,70.25681885280493,push-up_7.mp4,114
168.91411144679444,171.18371890444868,28.876739053141165,0.33485522866249084,65.17247772216797,0.013346791747011507,1.281988792251821,74.9386562757982,73.13110866866559,push-up_7.mp4,117
171.39357629919922,170.83890713868956,32.24997018871929,0.3665936589241028,69.89501953125,0.0032414758233218805,1.1754024442298645,80.47496837045395,74.1326997653936,push-up_7.mp4,120
171.88155791815137,171.9507232487163,31.258419421471416,0.36168360710144043,71.62120819091797,0.00040232016802021516,1.1758780305834802,79.30894990002508,74.22760023223535,push-up_7.mp4,123
172.16844481706386,171.7525212238898,25.389833503031213,0.29307660460472107,66.81941223144531,0.00241871612517237,1.3044907762586901,74.9171527667447,71.02275776973794,push-up_7.mp4,126
171.15782033958394,169.93920829282624,25.875424974310135,0.29533693194389343,66.91172790527344,0.007145251611505296,1.3544764318484488,75.24872647393823,70.6552494426684,push-up_7.mp4,129
170.98966612817188,169.66077022595817,26.656611602938796,0.30147838592529297,68.2890396118164,0.007802108909276261,1.2362716326645182,75.58321432036007,70.98033850145232,push-up_7.mp4,132
163.38801646488608,166.65081634649806,23.228488289867073,0.26038673520088196,63.20030212402344,0.019772218037606863,1.2045133854999959,71.71263496440837,69.68021347302229,push-up_7.mp4,135
158.6808576895558,161.81956792394678,21.595731575872975,0.2402234971523285,60.08119583129883,0.019586309306035055,0.9817723422077242,71.3149200125864,66.1520381230624,push-up_7.mp4,138
154.17664654916058,151.43842699673164,19.434190424872355,0.22192227840423584,60.267337799072266,0.01791940116473191,0.9906306543592799,70.41909954846408,61.72670444810019,push-up_7.mp4,141
128.49044177653008,126.36549648368229,18.55199789957379,0.21773642301559448,51.221797943115234,0.01667565847085091,1.0369726140432962,65.51544121238894,49.39732646602155,push-up_7.mp4,144
113.64308436104542,122.0469630591393,16.170701245027885,0.18759480118751526,46.56516647338867,0.07131297048883499,0.7700566812661905,62.718482673072955,52.934245388902774,push-up_7.mp4,147
100.82164034499293,84.76628440844496,17.051697693649345,0.20776890218257904,45.1334342956543,0.17302155792601537,1.3009363299701215,50.496050677568746,21.250427183331222,push-up_8.mp4,0
103.3462282184661,69.34077477690158,18.98543893003972,0.22434081137180328,47.89027786254883,0.3938391755223954,1.6367201924767183,49.05841977008071,1.8052607047863614,push-up_8.mp4,3
109.70217477754308,65.60406965767471,18.61560803896313,0.22876614332199097,41.99995040893555,0.5030979388319994,1.862029885236564,46.78449901026139,1.0204832012151244,push-up_8.mp4,6
96.20052680839633,72.75808701394844,11.74764131382554,0.1566857397556305,43.24123001098633,0.27749327795855333,1.5191318453528966,50.40269456645268,0.8339216126280126,push-up_8.mp4,9
100.02861915179433,95.90561226618492,16.048534846607538,0.19011427462100983,40.93118667602539,0.042085620830736366,0.9682496766776068,51.76136618605273,36.25302230076972,push-up_8.mp4,12
134.65977625350988,130.76365446344434,14.680702428701068,0.1666642427444458,41.626678466796875,0.02935778336932382,0.7496240988256374,57.81070798922605,53.03208426714173,push-up_8.mp4,15
145.19398274344158,134.8914148849315,23.469731321101023,0.2799157202243805,46.30210494995117,0.07356733300448522,0.9675680656920227,67.998181296382,53.66201870348342,push-up_8.mp4,18
152.26614959881144,152.11939875284867,16.80783188886832,0.19272097945213318,48.341827392578125,0.0009642431893200656,1.1583999752954668,64.93845598462633,62.51112520244887,push-up_8.mp4,21
167.72536046021528,167.61254197096534,14.781389715446153,0.1732623130083084,48.053958892822266,0.0006728645251969348,0.9571245155320219,64.57200141497806,61.978331432918964,push-up_8.mp4,24
165.63397310752944,163.66808140926346,14.32423453432213,0.16331075131893158,51.33547592163086,0.011939747543638395,1.1495349191724802,66.04004209590217,59.752659928177614,push-up_8.mp4,27
169.0480291875659,165.12952375232098,14.631666271365532,0.16478487849235535,55.97346496582031,0.02345163761462937,1.2847728057264007,66.4481588299632,63.65995252498824,push-up_8.mp4,30
171.44907229233897,166.30358456649205,15.877779545326774,0.18367700278759003,59.12432098388672,0.030468969651940035,1.422362200838255,68.59785100325553,62.04794589425746,push-up_8.mp4,33
169.23319545069455,166.842397646028,16.006690439827196,0.18619950115680695,58.66167068481445,0.014227738364674941,1.3563852600520951,67.97758990006369,63.89462061920925,push-up_8.mp4,36
170.40736487234054,167.47125266291079,15.836396781841444,0.18080081045627594,58.49356460571289,0.017379686414298903,1.3604687966492583,67.99595285490435,64.53754210355295,push-up_8.mp4,39
170.54389264048217,168.6256301464511,16.114616191126544,0.18428944051265717,59.30830383300781,0.011311526332135237,1.2670968068109962,68.41874641531572,64.55967903699597,push-up_8.mp4,42
168.58771791089913,168.18213398066882,15.756885482015718,0.1808817982673645,57.51834487915039,0.0024086712510174193,1.2459070998909954,69.76180480695609,63.93940637502642,push-up_8.mp4,45
168.28909882387327,162.60352795010425,18.39496625682935,0.2040364295244217,57.311397552490234,0.034365050253311685,1.1458872383213936,68.94471826333651,63.70423627283819,push-up_8.mp4,48
162.7347600378031,160.91677888205595,18.25787596089006,0.20522095263004303,53.657474517822266,0.011234188237228321,1.0313694544653382,67.72189220353597,62.00003602776955,push-up_8.mp4,51
151.96815880770035,153.19959799752027,19.109975120668366,0.22824627161026,49.46934509277344,0.008070572086066837,0.9954400271342748,65.40704331769275,58.80374906127994,push-up_8.mp4,54
144.79568442637148,146.70260244521663,20.17859802390629,0.23917652666568756,46.82375717163086,0.013083562440867376,0.9079473383735037,68.40771181267834,60.280869464466875,push-up_8.mp4,57
123.60316719478483,114.44145874581392,15.862343618118132,0.1907227784395218,43.448604583740234,0.07697471356700243,1.1075933370393383,58.63135947571911,36.6080307940253,push-up_8.mp4,60
112.56748594272021,83.59114696493373,9.124318489365237,0.10569826513528824,36.06510925292969,0.2954378152852211,1.216046526281355,54.4727704540281,37.027016865946166,push-up_8.mp4,63
103.48084191815191,76.19663402673149,9.766338671893749,0.11433515697717667,39.944271087646484,0.30370203886646246,1.4210772539269518,47.10172982022423,29.970167722090952,push-up_8.mp4,66
111.25329874530041,73.05081839342402,9.806201083177086,0.12115229666233063,37.201045989990234,0.41455916389672015,1.7838446920651914,36.14659746727419,3.1315037770597893,push-up_8.mp4,69
102.04200698070986,66.4927744235407,11.893300601004285,0.14922800660133362,35.740692138671875,0.4218622679659237,1.7797361011209425,35.09029725702079,0.027976455118293345,push-up_8.mp4,72
113.41709809187597,70.34172590612816,13.749363696339373,0.1646573543548584,35.77493667602539,0.46882507461209777,1.7839536959714661,46.35593791330163,24.384647834887,push-up_8.mp4,75
118.42730766385463,93.39423833672836,13.524995771137128,0.16328155994415283,42.45835494995117,0.23635999075426795,1.557163420811057,51.05403554616229,18.21883330998496,push-up_8.mp4,78
134.56659165402596,116.55388125821035,18.345585790676864,0.21934080123901367,41.12638854980469,0.14345871674199048,1.1033649310744185,58.43555737250664,37.193449955510836,push-up_8.mp4,81
148.08954901569518,144.74810792151828,13.115769207712844,0.1494554877281189,46.00728988647461,0.022821116171499282,1.0059847308050822,64.84711741858881,52.57872463426349,push-up_8.mp4,84
153.14590111295962,148.25432934464885,16.42123576068724,0.18251864612102509,56.018775939941406,0.032458978288662996,1.2865158330531012,63.43763905050614,50.98832368890518,push-up_8.mp4,87
155.0890250134469,158.32670075518627,10.91186683924252,0.12804356217384338,53.960052490234375,0.020660582577974745,1.1133477322002023,61.287479369007734,54.16803173978235,push-up_8.mp4,90
165.93989150023864,162.30906197945646,10.993936093434996,0.12739722430706024,54.15053176879883,0.022122413383455202,1.053841194224492,63.08754534248309,56.74092135593376,push-up_8.mp4,93
167.95364328971579,164.52904483402634,12.302414746056911,0.1382683962583542,55.69073486328125,0.020600161018999547,1.097016921913694,63.166623695054064,61.65027055596178,push-up_8.mp4,96
170.0605111196635,167.59941515636822,15.188470565083549,0.17731977999210358,61.64698791503906,0.01457736480865874,1.2837161962040504,67.20938960713409,64.58522052457838,push-up_8.mp4,99
169.39961632501175,169.3344116816435,15.542424744707716,0.18207122385501862,58.52865219116211,0.00038499021637687994,1.2698497307268786,68.16560492741208,64.29039811423898,push-up_8.mp4,102
169.87847463868985,168.76202367901462,15.311813756990034,0.17616423964500427,59.090736389160156,0.006593723817567775,1.2622588867573306,67.62069676333617,63.504371517595,push-up_8.mp4,105
169.92434227960896,168.50976054313116,15.063353022990498,0.17236974835395813,58.38539123535156,0.008359569704585639,1.2237747662793068,67.64192952695987,62.736435380505434,push-up_8.mp4,108
169.60147539514102,168.36781615174843,14.658397577305323,0.16782213747501373,57.674503326416016,0.007300422104896699,1.2584038094679515,67.64221017143144,62.09898781850822,push-up_8.mp4,111
172.24888103372385,170.10627982548158,14.145310368404438,0.16191567480564117,59.718849182128906,0.01251683312069842,1.1200631725016974,67.65413703895923,63.687468504577936,push-up_8.mp4,114
167.80073402302438,169.43893384957067,13.896617401293383,0.15675030648708344,58.083003997802734,0.009715344798436876,1.0079820005441271,65.8443781038337,63.181747761822564,push-up_8.mp4,117
161.41737100267417,166.38326954040238,16.17418341804421,0.19156762957572937,46.33816146850586,0.03029828452745586,1.020008241861393,62.63461496500815,62.71401757933284,push-up_8.mp4,120
146.353228958606,146.62528334611298,19.929797345431695,0.23749615252017975,46.39055252075195,0.0018571627343375086,1.017737764721971,68.72233703629391,58.85085967712971,push-up_8.mp4,123
146.6114668769152,140.23447966054795,14.96105500255399,0.17832030355930328,43.049278259277344,0.04446280167695786,0.8956308720392557,65.06824605367797,54.07202512035491,push-up_8.mp4,126
125.20943123351557,111.22010378340919,15.206500502588796,0.17988453805446625,36.066280364990234,0.11833823933295781,1.1886995477235907,60.458024111743335,35.005178390074555,push-up_8.mp4,129
108.57248119474484,96.39229676453729,11.81586483276044,0.13971981406211853,36.53752136230469,0.11885148806032651,1.1314100695774583,57.08497393558907,42.288300509738164,push-up_8.mp4,132
110.10336959788015,74.95981106293263,10.614372214775813,0.1166846975684166,33.09843063354492,0.37980065412751424,1.3275816650591608,49.407225914599,19.26553602499774,push-up_8.mp4,135
112.5210858964901,81.12845998446838,10.076614183754174,0.11272748559713364,32.902400970458984,0.32422101243985985,1.372145804882874,40.40524090726522,15.09361263424573,push-up_8.mp4,138
117.750039051365,81.09054859434949,7.877362271714844,0.08900772780179977,30.18339729309082,0.36873246947282,1.2798587320775119,39.92873824575624,11.032871026197304,push-up_8.mp4,141
115.99798651974585,87.44420626613002,9.562215830988464,0.11911021918058395,39.14521789550781,0.2807065718532522,1.5232960869262133,53.28161492674049,16.729921177377626,push-up_8.mp4,144
129.28258463084265,113.06827043175731,10.300282684930977,0.12416136264801025,41.87173843383789,0.13380859906516218,1.1999861033621677,53.02108127253878,33.846578546811486,push-up_8.mp4,147
100.82164034499293,84.76628440844496,17.051697693649345,0.20776890218257904,45.1334342956543,0.17302155792601537,1.3009363299701215,50.496050677568746,21.250427183331222,push-up_8.mp4,0
103.3462282184661,69.34077477690158,18.98543893003972,0.22434081137180328,47.89027786254883,0.3938391755223954,1.6367201924767183,49.05841977008071,1.8052607047863614,push-up_8.mp4,3
109.70217477754308,65.60406965767471,18.61560803896313,0.22876614332199097,41.99995040893555,0.5030979388319994,1.862029885236564,46.78449901026139,1.0204832012151244,push-up_8.mp4,6
96.20052680839633,72.75808701394844,11.74764131382554,0.1566857397556305,43.24123001098633,0.27749327795855333,1.5191318453528966,50.40269456645268,0.8339216126280126,push-up_8.mp4,9
100.02861915179433,95.90561226618492,16.048534846607538,0.19011427462100983,40.93118667602539,0.042085620830736366,0.9682496766776068,51.76136618605273,36.25302230076972,push-up_8.mp4,12
134.65977625350988,130.76365446344434,14.680702428701068,0.1666642427444458,41.626678466796875,0.02935778336932382,0.7496240988256374,57.81070798922605,53.03208426714173,push-up_8.mp4,15
145.19398274344158,134.8914148849315,23.469731321101023,0.2799157202243805,46.30210494995117,0.07356733300448522,0.9675680656920227,67.998181296382,53.66201870348342,push-up_8.mp4,18
152.26614959881144,152.11939875284867,16.80783188886832,0.19272097945213318,48.341827392578125,0.0009642431893200656,1.1583999752954668,64.93845598462633,62.51112520244887,push-up_8.mp4,21
167.72536046021528,167.61254197096534,14.781389715446153,0.1732623130083084,48.053958892822266,0.0006728645251969348,0.9571245155320219,64.57200141497806,61.978331432918964,push-up_8.mp4,24
165.63397310752944,163.66808140926346,14.32423453432213,0.16331075131893158,51.33547592163086,0.011939747543638395,1.1495349191724802,66.04004209590217,59.752659928177614,push-up_8.mp4,27
169.0480291875659,165.12952375232098,14.631666271365532,0.16478487849235535,55.97346496582031,0.02345163761462937,1.2847728057264007,66.4481588299632,63.65995252498824,push-up_8.mp4,30
171.44907229233897,166.30358456649205,15.877779545326774,0.18367700278759003,59.12432098388672,0.030468969651940035,1.422362200838255,68.59785100325553,62.04794589425746,push-up_8.mp4,33
169.23319545069455,166.842397646028,16.006690439827196,0.18619950115680695,58.66167068481445,0.014227738364674941,1.3563852600520951,67.97758990006369,63.89462061920925,push-up_8.mp4,36
170.40736487234054,167.47125266291079,15.836396781841444,0.18080081045627594,58.49356460571289,0.017379686414298903,1.3604687966492583,67.99595285490435,64.53754210355295,push-up_8.mp4,39
170.54389264048217,168.6256301464511,16.114616191126544,0.18428944051265717,59.30830383300781,0.011311526332135237,1.2670968068109962,68.41874641531572,64.55967903699597,push-up_8.mp4,42
168.58771791089913,168.18213398066882,15.756885482015718,0.1808817982673645,57.51834487915039,0.0024086712510174193,1.2459070998909954,69.76180480695609,63.93940637502642,push-up_8.mp4,45
168.28909882387327,162.60352795010425,18.39496625682935,0.2040364295244217,57.311397552490234,0.034365050253311685,1.1458872383213936,68.94471826333651,63.70423627283819,push-up_8.mp4,48
162.7347600378031,160.91677888205595,18.25787596089006,0.20522095263004303,53.657474517822266,0.011234188237228321,1.0313694544653382,67.72189220353597,62.00003602776955,push-up_8.mp4,51
151.96815880770035,153.19959799752027,19.109975120668366,0.22824627161026,49.46934509277344,0.008070572086066837,0.9954400271342748,65.40704331769275,58.80374906127994,push-up_8.mp4,54
144.79568442637148,146.70260244521663,20.17859802390629,0.23917652666568756,46.82375717163086,0.013083562440867376,0.9079473383735037,68.40771181267834,60.280869464466875,push-up_8.mp4,57
123.60316719478483,114.44145874581392,15.862343618118132,0.1907227784395218,43.448604583740234,0.07697471356700243,1.1075933370393383,58.63135947571911,36.6080307940253,push-up_8.mp4,60
112.56748594272021,83.59114696493373,9.124318489365237,0.10569826513528824,36.06510925292969,0.2954378152852211,1.216046526281355,54.4727704540281,37.027016865946166,push-up_8.mp4,63
103.48084191815191,76.19663402673149,9.766338671893749,0.11433515697717667,39.944271087646484,0.30370203886646246,1.4210772539269518,47.10172982022423,29.970167722090952,push-up_8.mp4,66
111.25329874530041,73.05081839342402,9.806201083177086,0.12115229666233063,37.201045989990234,0.41455916389672015,1.7838446920651914,36.14659746727419,3.1315037770597893,push-up_8.mp4,69
102.04200698070986,66.4927744235407,11.893300601004285,0.14922800660133362,35.740692138671875,0.4218622679659237,1.7797361011209425,35.09029725702079,0.027976455118293345,push-up_8.mp4,72
113.41709809187597,70.34172590612816,13.749363696339373,0.1646573543548584,35.77493667602539,0.46882507461209777,1.7839536959714661,46.35593791330163,24.384647834887,push-up_8.mp4,75
118.42730766385463,93.39423833672836,13.524995771137128,0.16328155994415283,42.45835494995117,0.23635999075426795,1.557163420811057,51.05403554616229,18.21883330998496,push-up_8.mp4,78
134.56659165402596,116.55388125821035,18.345585790676864,0.21934080123901367,41.12638854980469,0.14345871674199048,1.1033649310744185,58.43555737250664,37.193449955510836,push-up_8.mp4,81
148.08954901569518,144.74810792151828,13.115769207712844,0.1494554877281189,46.00728988647461,0.022821116171499282,1.0059847308050822,64.84711741858881,52.57872463426349,push-up_8.mp4,84
153.14590111295962,148.25432934464885,16.42123576068724,0.18251864612102509,56.018775939941406,0.032458978288662996,1.2865158330531012,63.43763905050614,50.98832368890518,push-up_8.mp4,87
155.0890250134469,158.32670075518627,10.91186683924252,0.12804356217384338,53.960052490234375,0.020660582577974745,1.1133477322002023,61.287479369007734,54.16803173978235,push-up_8.mp4,90
165.93989150023864,162.30906197945646,10.993936093434996,0.12739722430706024,54.15053176879883,0.022122413383455202,1.053841194224492,63.08754534248309,56.74092135593376,push-up_8.mp4,93
167.95364328971579,164.52904483402634,12.302414746056911,0.1382683962583542,55.69073486328125,0.020600161018999547,1.097016921913694,63.166623695054064,61.65027055596178,push-up_8.mp4,96
170.0605111196635,167.59941515636822,15.188470565083549,0.17731977999210358,61.64698791503906,0.01457736480865874,1.2837161962040504,67.20938960713409,64.58522052457838,push-up_8.mp4,99
169.39961632501175,169.3344116816435,15.542424744707716,0.18207122385501862,58.52865219116211,0.00038499021637687994,1.2698497307268786,68.16560492741208,64.29039811423898,push-up_8.mp4,102
169.87847463868985,168.76202367901462,15.311813756990034,0.17616423964500427,59.090736389160156,0.006593723817567775,1.2622588867573306,67.62069676333617,63.504371517595,push-up_8.mp4,105
169.92434227960896,168.50976054313116,15.063353022990498,0.17236974835395813,58.38539123535156,0.008359569704585639,1.2237747662793068,67.64192952695987,62.736435380505434,push-up_8.mp4,108
169.60147539514102,168.36781615174843,14.658397577305323,0.16782213747501373,57.674503326416016,0.007300422104896699,1.2584038094679515,67.64221017143144,62.09898781850822,push-up_8.mp4,111
172.24888103372385,170.10627982548158,14.145310368404438,0.16191567480564117,59.718849182128906,0.01251683312069842,1.1200631725016974,67.65413703895923,63.687468504577936,push-up_8.mp4,114
167.80073402302438,169.43893384957067,13.896617401293383,0.15675030648708344,58.083003997802734,0.009715344798436876,1.0079820005441271,65.8443781038337,63.181747761822564,push-up_8.mp4,117
161.41737100267417,166.38326954040238,16.17418341804421,0.19156762957572937,46.33816146850586,0.03029828452745586,1.020008241861393,62.63461496500815,62.71401757933284,push-up_8.mp4,120
146.353228958606,146.62528334611298,19.929797345431695,0.23749615252017975,46.39055252075195,0.0018571627343375086,1.017737764721971,68.72233703629391,58.85085967712971,push-up_8.mp4,123
146.6114668769152,140.23447966054795,14.96105500255399,0.17832030355930328,43.049278259277344,0.04446280167695786,0.8956308720392557,65.06824605367797,54.07202512035491,push-up_8.mp4,126
125.20943123351557,111.22010378340919,15.206500502588796,0.17988453805446625,36.066280364990234,0.11833823933295781,1.1886995477235907,60.458024111743335,35.005178390074555,push-up_8.mp4,129
108.57248119474484,96.39229676453729,11.81586483276044,0.13971981406211853,36.53752136230469,0.11885148806032651,1.1314100695774583,57.08497393558907,42.288300509738164,push-up_8.mp4,132
110.10336959788015,74.95981106293263,10.614372214775813,0.1166846975684166,33.09843063354492,0.37980065412751424,1.3275816650591608,49.407225914599,19.26553602499774,push-up_8.mp4,135
112.5210858964901,81.12845998446838,10.076614183754174,0.11272748559713364,32.902400970458984,0.32422101243985985,1.372145804882874,40.40524090726522,15.09361263424573,push-up_8.mp4,138
117.750039051365,81.09054859434949,7.877362271714844,0.08900772780179977,30.18339729309082,0.36873246947282,1.2798587320775119,39.92873824575624,11.032871026197304,push-up_8.mp4,141
115.99798651974585,87.44420626613002,9.562215830988464,0.11911021918058395,39.14521789550781,0.2807065718532522,1.5232960869262133,53.28161492674049,16.729921177377626,push-up_8.mp4,144
129.28258463084265,113.06827043175731,10.300282684930977,0.12416136264801025,41.87173843383789,0.13380859906516218,1.1999861033621677,53.02108127253878,33.846578546811486,push-up_8.mp4,147
152.1240730175696,138.38511560358063,11.346092326286225,0.13246150314807892,42.5560302734375,0.09458535531491083,0.968231166455219,62.164133673709614,51.44545238353276,push-up_9.mp4,0
151.37567447023775,153.02257655582568,11.773444457190095,0.13448403775691986,50.35477066040039,0.010820706623882096,0.901761487271894,63.31436058456223,57.816764860791665,push-up_9.mp4,3
157.48231483969244,158.55346995221655,8.517328726291822,0.097479909658432,52.90414047241211,0.006778695097641571,1.2183233580192685,60.321794708182516,57.32350474596742,push-up_9.mp4,6
168.01001430889983,167.0551167944057,10.231546514461968,0.12182784080505371,51.40785217285156,0.005699772526910369,1.13079976855608,62.99982053077655,58.51445519485917,push-up_9.mp4,9
169.7523736097341,168.86655932418816,11.492159422500265,0.13427898287773132,55.470951080322266,0.005231924144765942,1.0929849590078171,63.72361818579477,62.44701627332111,push-up_9.mp4,12
170.95238891971965,170.2130269228109,14.626027556052719,0.1733250766992569,57.22010040283203,0.0043343314566796735,1.139099139807209,67.92945734271684,62.80999297561485,push-up_9.mp4,15
171.07920671844968,172.19885460750785,14.070380764867934,0.16702067852020264,59.35319900512695,0.006523270871044782,1.122690182767976,67.52159533687073,64.54852787173715,push-up_9.mp4,18
171.94343414870227,170.02017086617866,14.02300528482624,0.1642536073923111,60.49977111816406,0.01124835072691384,1.2152630777242728,68.39638619277194,63.687678045220544,push-up_9.mp4,21
170.74305028118738,172.71306537100236,14.839585451849587,0.1735871583223343,58.611331939697266,0.011471713561274702,1.1779356521601394,68.9659066184709,64.8030803345071,push-up_9.mp4,24
170.26277570017285,172.45183942010004,14.440576782545293,0.17155537009239197,59.853424072265625,0.012774848946310367,1.1072189918098703,68.74152898230062,65.04118212289684,push-up_9.mp4,27
169.2937271406999,169.10815851675127,14.40455717131104,0.16375252604484558,60.345298767089844,0.0010967351649834997,1.2029615988487397,68.9448994044426,64.34551934874308,push-up_9.mp4,30
168.24375702146008,168.5928105861109,14.984055269393878,0.16879154741764069,57.983829498291016,0.0020725396124892507,1.2273433137289103,67.55581509831276,63.74908761473296,push-up_9.mp4,33
165.22126086847928,161.32782717647865,15.588902372252022,0.17615510523319244,55.191680908203125,0.023845932109690018,1.0754442358498244,66.2583413280775,60.882761222455635,push-up_9.mp4,36
159.7467176226735,164.58172546939767,16.885381684321686,0.19933712482452393,46.27478790283203,0.02981550307847411,0.9496054444948334,65.27479761076687,64.57008611195202,push-up_9.mp4,39
151.7281371495127,140.60735516831164,12.932605233114856,0.1443515121936798,36.844757080078125,0.07608232509182047,1.013253839486684,63.69931838521492,55.36410095701943,push-up_9.mp4,42
131.81985650416152,120.46212495013594,12.722469965332095,0.14972540736198425,38.80119705200195,0.09003997422687997,1.2435467520840524,61.782315728613405,38.26623026609646,push-up_9.mp4,45
113.03040691782296,103.30744357650488,10.065306552137969,0.12255802005529404,42.530982971191406,0.08988684429563568,1.2910393800057818,54.53507775365103,26.57253522758812,push-up_9.mp4,48
118.01500895740125,76.30441838440625,11.616370476033495,0.12957897782325745,36.771522521972656,0.42929923316031754,1.564683601672133,57.82129211920681,33.136520939399944,push-up_9.mp4,51
108.8345669469226,78.2617694021959,8.167386654217921,0.09181990474462509,31.17091941833496,0.32681342821890863,1.4540779720820998,40.8237568314636,10.646177441635114,push-up_9.mp4,54
112.27728479972234,72.99052818739995,12.66058844534345,0.14958707988262177,32.62877655029297,0.42410773872581053,1.9097049994680673,47.67411617415147,17.21827731530489,push-up_9.mp4,57
121.52570052908213,100.45462690733801,16.050424796381407,0.18843257427215576,33.07429885864258,0.18984631534773566,1.2694491204522242,53.4288381406946,30.920178845220807,push-up_9.mp4,60
128.5186987537366,100.14418078540285,18.81199347447597,0.22997283935546875,45.826236724853516,0.24817773681081434,1.3661541988695214,61.93844058344981,20.25256219483785,push-up_9.mp4,63
147.789590249179,133.67071327762255,13.906595939838667,0.16112394630908966,41.342220306396484,0.10032588464264208,0.8464636176251444,63.63052606868513,49.53251784608961,push-up_9.mp4,66
152.51128590372616,153.45982995795333,16.16404139578239,0.18053816258907318,49.827816009521484,0.00620021959625744,0.8675940769120211,67.9053010660064,61.80555572023446,push-up_9.mp4,69
161.51100490469898,159.43791703214637,14.562611229000794,0.1745186299085617,48.627708435058594,0.012918490955146668,0.9774557863449967,66.65708469054606,60.350846451734995,push-up_9.mp4,72
166.93093683061926,168.07517300074997,15.035495869848148,0.18004807829856873,48.306278228759766,0.006831136128870488,1.057716071727223,64.9035706943702,61.50914761651625,push-up_9.mp4,75
168.94343768046093,168.36744353065708,13.955335864159167,0.15527769923210144,51.16618728637695,0.0034152123864829654,0.975233587194643,66.74176464740474,63.84790021019705,push-up_9.mp4,78
170.25373377071668,169.44622178610166,14.508264446164674,0.16163824498653412,56.09163284301758,0.004754266059831462,1.231779282321705,67.63306677905938,65.58471112282898,push-up_9.mp4,81
172.38704273423275,170.1296015606002,14.827539806671155,0.1655455380678177,54.685577392578125,0.013181497665785682,1.1217965338427887,68.66917689084846,64.36940576540354,push-up_9.mp4,84
172.15722464554923,170.28424320941681,14.549879203064307,0.1639973372220993,55.40544128417969,0.010938987312866457,1.1400089824170514,68.17743247885542,63.92535670534533,push-up_9.mp4,87
171.22888800288834,170.02346232075234,14.931593303811155,0.168483704328537,55.738582611083984,0.007064717245128308,1.1527010003847287,68.18341210201864,64.09989541871148,push-up_9.mp4,90
170.54098294077266,169.4032927343657,15.411824879679699,0.17255544662475586,57.68205642700195,0.006693392345833679,1.2743038895858998,69.17226869329293,64.08763994390203,push-up_9.mp4,93
169.88617301653787,169.0538008255275,14.917179430244232,0.16769808530807495,59.25328063964844,0.004911620081721147,1.339968225608487,69.3850822868015,64.55145711452614,push-up_9.mp4,96
169.14175417306254,168.66743818839228,15.822336938377049,0.1768300086259842,62.29054260253906,0.0028081887372842043,1.345920097557831,68.37133702368713,66.03865935241724,push-up_9.mp4,99
167.06495351236757,167.0702027696924,16.16049574590275,0.1814572662115097,58.21274185180664,3.141996420396561e-05,1.2509963826715993,68.85178389001398,64.23777114537855,push-up_9.mp4,102
162.69255797348907,161.4481631068447,15.020929063996078,0.1675838828086853,48.970672607421875,0.007678115002008429,0.8832706258969051,66.42611363109695,63.00395993947492,push-up_9.mp4,105
150.73619941576703,153.23323194502862,20.085457605335165,0.24049928784370422,51.201053619384766,0.016429497651017037,0.9589874563501548,67.85157450100566,60.59950926162742,push-up_9.mp4,108
143.96654222345046,142.92472057301546,15.838173740953238,0.18339675664901733,45.602134704589844,0.0072628328955009975,0.8885148400635919,68.67733406693706,57.28452256685162,push-up_9.mp4,111
130.1130635821547,118.67819780018819,16.785708887272648,0.19447636604309082,38.94929885864258,0.09192337157206967,0.9388031278529699,61.46652285504895,37.76255354484141,push-up_9.mp4,114
123.25982603168907,86.3715874786478,7.295518600257026,0.08296050131320953,35.33177947998047,0.3519342634325397,1.2296968605852592,50.81365178585791,17.6605358447483,push-up_9.mp4,117
114.30838704554607,74.3029412771193,5.905811820926743,0.0678114965558052,31.960399627685547,0.4242104238827878,1.4995064356353787,42.51512803908973,17.988653327918623,push-up_9.mp4,120
116.3840889458062,77.41646848930735,6.486278351600276,0.07450307905673981,33.16862869262695,0.4021414692735919,1.4309498877814635,33.66620620210055,8.096503004829888,push-up_9.mp4,123
118.83689711061868,78.2171677244208,6.912222975758283,0.0799989402294159,32.73579788208008,0.41226989577913054,1.4917944551124966,41.845861301871075,14.602489664475959,push-up_9.mp4,126
124.09858330531621,99.01082071506198,16.694447750629422,0.20055362582206726,40.105323791503906,0.22489202282090076,1.061514386400171,55.798423662777275,34.77484559921285,push-up_9.mp4,129
135.06665832029134,126.1442632108793,19.036442773669023,0.22517646849155426,39.55436706542969,0.06831563593980365,0.9209968425775992,60.21139456633697,45.504276183201206,push-up_9.mp4,132
144.3609345988358,138.13347196577587,13.61108646771271,0.16251397132873535,45.1953010559082,0.04408910398468788,0.8376817380859516,67.82999368578818,49.738050064423255,push-up_9.mp4,135
151.59582058638597,149.42690046660857,8.304514999610262,0.09927238523960114,47.467899322509766,0.014410341599400812,0.8213165355353356,63.616235089945256,57.666490935419176,push-up_9.mp4,138
157.38696485206302,156.348398431517,13.017129443499243,0.14740516245365143,53.82245635986328,0.0066206525759562665,0.8034803002489536,67.05694257398889,60.622747966382065,push-up_9.mp4,141
166.26947202204735,160.92302633176772,13.328030401294967,0.16175949573516846,52.762718200683594,0.032680735146306254,1.3187321222722759,65.94618925236018,60.345747675952566,push-up_9.mp4,144
168.55805234713725,166.84253267196857,11.249991228939848,0.13024061918258667,54.39468002319336,0.010229676105490129,0.9858532056195481,64.62147300145926,60.05762018532233,push-up_9.mp4,147
152.1240730175696,138.38511560358063,11.346092326286225,0.13246150314807892,42.5560302734375,0.09458535531491083,0.968231166455219,62.164133673709614,51.44545238353276,push-up_9.mp4,0
151.37567447023775,153.02257655582568,11.773444457190095,0.13448403775691986,50.35477066040039,0.010820706623882096,0.901761487271894,63.31436058456223,57.816764860791665,push-up_9.mp4,3
157.48231483969244,158.55346995221655,8.517328726291822,0.097479909658432,52.90414047241211,0.006778695097641571,1.2183233580192685,60.321794708182516,57.32350474596742,push-up_9.mp4,6
168.01001430889983,167.0551167944057,10.231546514461968,0.12182784080505371,51.40785217285156,0.005699772526910369,1.13079976855608,62.99982053077655,58.51445519485917,push-up_9.mp4,9
169.7523736097341,168.86655932418816,11.492159422500265,0.13427898287773132,55.470951080322266,0.005231924144765942,1.0929849590078171,63.72361818579477,62.44701627332111,push-up_9.mp4,12
170.95238891971965,170.2130269228109,14.626027556052719,0.1733250766992569,57.22010040283203,0.0043343314566796735,1.139099139807209,67.92945734271684,62.80999297561485,push-up_9.mp4,15
171.07920671844968,172.19885460750785,14.070380764867934,0.16702067852020264,59.35319900512695,0.006523270871044782,1.122690182767976,67.52159533687073,64.54852787173715,push-up_9.mp4,18
171.94343414870227,170.02017086617866,14.02300528482624,0.1642536073923111,60.49977111816406,0.01124835072691384,1.2152630777242728,68.39638619277194,63.687678045220544,push-up_9.mp4,21
170.74305028118738,172.71306537100236,14.839585451849587,0.1735871583223343,58.611331939697266,0.011471713561274702,1.1779356521601394,68.9659066184709,64.8030803345071,push-up_9.mp4,24
170.26277570017285,172.45183942010004,14.440576782545293,0.17155537009239197,59.853424072265625,0.012774848946310367,1.1072189918098703,68.74152898230062,65.04118212289684,push-up_9.mp4,27
169.2937271406999,169.10815851675127,14.40455717131104,0.16375252604484558,60.345298767089844,0.0010967351649834997,1.2029615988487397,68.9448994044426,64.34551934874308,push-up_9.mp4,30
168.24375702146008,168.5928105861109,14.984055269393878,0.16879154741764069,57.983829498291016,0.0020725396124892507,1.2273433137289103,67.55581509831276,63.74908761473296,push-up_9.mp4,33
165.22126086847928,161.32782717647865,15.588902372252022,0.17615510523319244,55.191680908203125,0.023845932109690018,1.0754442358498244,66.2583413280775,60.882761222455635,push-up_9.mp4,36
159.7467176226735,164.58172546939767,16.885381684321686,0.19933712482452393,46.27478790283203,0.02981550307847411,0.9496054444948334,65.27479761076687,64.57008611195202,push-up_9.mp4,39
151.7281371495127,140.60735516831164,12.932605233114856,0.1443515121936798,36.844757080078125,0.07608232509182047,1.013253839486684,63.69931838521492,55.36410095701943,push-up_9.mp4,42
131.81985650416152,120.46212495013594,12.722469965332095,0.14972540736198425,38.80119705200195,0.09003997422687997,1.2435467520840524,61.782315728613405,38.26623026609646,push-up_9.mp4,45
113.03040691782296,103.30744357650488,10.065306552137969,0.12255802005529404,42.530982971191406,0.08988684429563568,1.2910393800057818,54.53507775365103,26.57253522758812,push-up_9.mp4,48
118.01500895740125,76.30441838440625,11.616370476033495,0.12957897782325745,36.771522521972656,0.42929923316031754,1.564683601672133,57.82129211920681,33.136520939399944,push-up_9.mp4,51
108.8345669469226,78.2617694021959,8.167386654217921,0.09181990474462509,31.17091941833496,0.32681342821890863,1.4540779720820998,40.8237568314636,10.646177441635114,push-up_9.mp4,54
112.27728479972234,72.99052818739995,12.66058844534345,0.14958707988262177,32.62877655029297,0.42410773872581053,1.9097049994680673,47.67411617415147,17.21827731530489,push-up_9.mp4,57
121.52570052908213,100.45462690733801,16.050424796381407,0.18843257427215576,33.07429885864258,0.18984631534773566,1.2694491204522242,53.4288381406946,30.920178845220807,push-up_9.mp4,60
128.5186987537366,100.14418078540285,18.81199347447597,0.22997283935546875,45.826236724853516,0.24817773681081434,1.3661541988695214,61.93844058344981,20.25256219483785,push-up_9.mp4,63
147.789590249179,133.67071327762255,13.906595939838667,0.16112394630908966,41.342220306396484,0.10032588464264208,0.8464636176251444,63.63052606868513,49.53251784608961,push-up_9.mp4,66
152.51128590372616,153.45982995795333,16.16404139578239,0.18053816258907318,49.827816009521484,0.00620021959625744,0.8675940769120211,67.9053010660064,61.80555572023446,push-up_9.mp4,69
161.51100490469898,159.43791703214637,14.562611229000794,0.1745186299085617,48.627708435058594,0.012918490955146668,0.9774557863449967,66.65708469054606,60.350846451734995,push-up_9.mp4,72
166.93093683061926,168.07517300074997,15.035495869848148,0.18004807829856873,48.306278228759766,0.006831136128870488,1.057716071727223,64.9035706943702,61.50914761651625,push-up_9.mp4,75
168.94343768046093,168.36744353065708,13.955335864159167,0.15527769923210144,51.16618728637695,0.0034152123864829654,0.975233587194643,66.74176464740474,63.84790021019705,push-up_9.mp4,78
170.25373377071668,169.44622178610166,14.508264446164674,0.16163824498653412,56.09163284301758,0.004754266059831462,1.231779282321705,67.63306677905938,65.58471112282898,push-up_9.mp4,81
172.38704273423275,170.1296015606002,14.827539806671155,0.1655455380678177,54.685577392578125,0.013181497665785682,1.1217965338427887,68.66917689084846,64.36940576540354,push-up_9.mp4,84
172.15722464554923,170.28424320941681,14.549879203064307,0.1639973372220993,55.40544128417969,0.010938987312866457,1.1400089824170514,68.17743247885542,63.92535670534533,push-up_9.mp4,87
171.22888800288834,170.02346232075234,14.931593303811155,0.168483704328537,55.738582611083984,0.007064717245128308,1.1527010003847287,68.18341210201864,64.09989541871148,push-up_9.mp4,90
170.54098294077266,169.4032927343657,15.411824879679699,0.17255544662475586,57.68205642700195,0.006693392345833679,1.2743038895858998,69.17226869329293,64.08763994390203,push-up_9.mp4,93
169.88617301653787,169.0538008255275,14.917179430244232,0.16769808530807495,59.25328063964844,0.004911620081721147,1.339968225608487,69.3850822868015,64.55145711452614,push-up_9.mp4,96
169.14175417306254,168.66743818839228,15.822336938377049,0.1768300086259842,62.29054260253906,0.0028081887372842043,1.345920097557831,68.37133702368713,66.03865935241724,push-up_9.mp4,99
167.06495351236757,167.0702027696924,16.16049574590275,0.1814572662115097,58.21274185180664,3.141996420396561e-05,1.2509963826715993,68.85178389001398,64.23777114537855,push-up_9.mp4,102
162.69255797348907,161.4481631068447,15.020929063996078,0.1675838828086853,48.970672607421875,0.007678115002008429,0.8832706258969051,66.42611363109695,63.00395993947492,push-up_9.mp4,105
150.73619941576703,153.23323194502862,20.085457605335165,0.24049928784370422,51.201053619384766,0.016429497651017037,0.9589874563501548,67.85157450100566,60.59950926162742,push-up_9.mp4,108
143.96654222345046,142.92472057301546,15.838173740953238,0.18339675664901733,45.602134704589844,0.0072628328955009975,0.8885148400635919,68.67733406693706,57.28452256685162,push-up_9.mp4,111
130.1130635821547,118.67819780018819,16.785708887272648,0.19447636604309082,38.94929885864258,0.09192337157206967,0.9388031278529699,61.46652285504895,37.76255354484141,push-up_9.mp4,114
123.25982603168907,86.3715874786478,7.295518600257026,0.08296050131320953,35.33177947998047,0.3519342634325397,1.2296968605852592,50.81365178585791,17.6605358447483,push-up_9.mp4,117
114.30838704554607,74.3029412771193,5.905811820926743,0.0678114965558052,31.960399627685547,0.4242104238827878,1.4995064356353787,42.51512803908973,17.988653327918623,push-up_9.mp4,120
116.3840889458062,77.41646848930735,6.486278351600276,0.07450307905673981,33.16862869262695,0.4021414692735919,1.4309498877814635,33.66620620210055,8.096503004829888,push-up_9.mp4,123
118.83689711061868,78.2171677244208,6.912222975758283,0.0799989402294159,32.73579788208008,0.41226989577913054,1.4917944551124966,41.845861301871075,14.602489664475959,push-up_9.mp4,126
124.09858330531621,99.01082071506198,16.694447750629422,0.20055362582206726,40.105323791503906,0.22489202282090076,1.061514386400171,55.798423662777275,34.77484559921285,push-up_9.mp4,129
135.06665832029134,126.1442632108793,19.036442773669023,0.22517646849155426,39.55436706542969,0.06831563593980365,0.9209968425775992,60.21139456633697,45.504276183201206,push-up_9.mp4,132
144.3609345988358,138.13347196577587,13.61108646771271,0.16251397132873535,45.1953010559082,0.04408910398468788,0.8376817380859516,67.82999368578818,49.738050064423255,push-up_9.mp4,135
151.59582058638597,149.42690046660857,8.304514999610262,0.09927238523960114,47.467899322509766,0.014410341599400812,0.8213165355353356,63.616235089945256,57.666490935419176,push-up_9.mp4,138
157.38696485206302,156.348398431517,13.017129443499243,0.14740516245365143,53.82245635986328,0.0066206525759562665,0.8034803002489536,67.05694257398889,60.622747966382065,push-up_9.mp4,141
166.26947202204735,160.92302633176772,13.328030401294967,0.16175949573516846,52.762718200683594,0.032680735146306254,1.3187321222722759,65.94618925236018,60.345747675952566,push-up_9.mp4,144
168.55805234713725,166.84253267196857,11.249991228939848,0.13024061918258667,54.39468002319336,0.010229676105490129,0.9858532056195481,64.62147300145926,60.05762018532233,push-up_9.mp4,147
