left_elbow_angle,right_elbow_angle,left_shoulder_abduction,right_shoulder_abduction,trunk_lean_angle,left_wrist_over_elbow,right_wrist_over_elbow,elbow_symmetry_ratio,shoulder_symmetry_ratio,head_forward_lean,_video,_frame_idx
15.106420642225935,35.42987928880422,115.82321796982649,107.35839342748218,5.749731540679932,6.755632220991756,13.485268778938284,0.8043113039266785,0.07585593176200518,3.8011345863342285,shoulder press_1.mp4,0
16.79593483838563,36.16898039030953,116.47527445707196,109.29000304883292,5.445308208465576,7.475843953079548,13.708781058686244,0.7315425869473697,0.06365258189936773,4.147021770477295,shoulder press_1.mp4,3
13.585638228505347,36.15995804470977,112.72183883241149,111.27874228724424,5.4018168449401855,7.174522828987874,13.450026275206975,0.9075906816844923,0.012884757155128834,4.337642192840576,shoulder press_1.mp4,6
17.802384773010925,36.10283892407937,112.17465109353944,113.94666563727402,5.2196269035339355,5.072037359886622,13.083393070018165,0.6789862983930544,0.015673131302734122,4.546174049377441,shoulder press_1.mp4,9
20.31550035911982,37.25130065738905,114.38299942877731,115.77722336334307,4.550368785858154,5.303344491537636,11.527665809865384,0.588387751246154,0.012115246654284088,4.8477091789245605,shoulder press_1.mp4,12
18.085074451724967,35.89029340404594,114.71996137379674,117.28818429286606,4.963896751403809,7.33777526744135,10.107780429235959,0.6597535008894723,0.02213907543366358,5.155208587646484,shoulder press_1.mp4,15
17.442479667580972,37.92427230429949,118.87284773677268,118.60812319184559,4.656229019165039,10.629015909364062,9.032177821026721,0.739858919198322,0.0022294379536342873,6.545110702514648,shoulder press_1.mp4,18
28.69542451727512,40.964796740451945,124.44640438149051,130.01588347959955,5.560300827026367,10.468716009852388,5.120354732264406,0.3522633721699769,0.04377449519081113,7.22222900390625,shoulder press_1.mp4,21
47.74104042503922,52.65274873971565,147.22386655573996,147.07597258130846,5.070878028869629,15.015402100051325,1.0856137066628968,0.09784884813174821,0.001005056440840434,9.192187309265137,shoulder press_1.mp4,24
98.15725590130047,80.14983686463262,162.49194648890563,178.34459660665624,4.996811389923096,14.928710023159734,4.138316809028766,0.20198208335219192,0.09302200975149508,6.260015964508057,shoulder press_1.mp4,27
129.34960974467575,110.41255630116716,129.63787954332025,148.50156733799852,5.734005928039551,15.005682862559697,8.934324108623038,0.15796531834708064,0.1356419451191858,8.167618751525879,shoulder press_1.mp4,30
145.8095982167097,134.34428836252582,108.98107936679537,131.17828818115206,5.954898834228516,12.373297241169608,10.69564933425006,0.0818500859950852,0.18485399125582763,5.3391337394714355,shoulder press_1.mp4,33
164.66474430967304,154.66683917218592,96.2421311870874,115.04112911563124,6.291619777679443,3.285176821588039,7.841127546388911,0.06261770306885475,0.17795066113244704,4.142780780792236,shoulder press_1.mp4,36
166.91244892151778,164.40271246759914,97.98492300615746,102.52222240934269,5.895981311798096,6.07213455709414,3.9949510995394317,0.01515014551942611,0.045258231508735806,4.308573246002197,shoulder press_1.mp4,39
166.47354404999953,160.995035090365,91.74911844788735,113.58536869984982,5.821784496307373,3.00654236774222,5.225861118250413,0.033459753445757266,0.2126895540567561,2.079796552658081,shoulder press_1.mp4,42
159.83437540272297,153.75043464793097,102.57507333912444,111.87398126214218,6.378794193267822,6.3538513296396,7.06507810410896,0.038802522059721234,0.08672370172307407,3.8380277156829834,shoulder press_1.mp4,45
151.89251856179672,144.28097988072543,100.65353610747191,125.2088418857558,6.783377647399902,10.436930384900155,9.003447858294178,0.05139918811843628,0.21743599794225282,4.405876159667969,shoulder press_1.mp4,48
143.4810911063838,135.35200172353333,117.09723099186242,124.71637820573225,6.014764308929443,10.689645792614622,10.368764678706064,0.05830792392930951,0.06301669487629173,6.715948581695557,shoulder press_1.mp4,51
134.88485449597678,124.89737714237613,124.04191183124149,134.56813999135517,5.8257622718811035,14.229998637909521,9.699444291334705,0.07689115064269972,0.08140617958140728,7.313614845275879,shoulder press_1.mp4,54
127.32078483540008,108.87868785037773,134.56310205413212,148.1381991380238,5.776718616485596,13.406796599168297,9.747568659427063,0.15615696999930512,0.09603844783625172,12.930941581726074,shoulder press_1.mp4,57
114.81884853950477,106.4080576960949,146.7494800752337,151.64229813789476,5.346197128295898,13.3952100204805,8.627681104973647,0.07603768444379586,0.03279459033329219,8.712955474853516,shoulder press_1.mp4,60
94.12183742917804,99.07008567277383,164.69916973056655,163.2044551736617,5.345562934875488,13.693717138923333,6.974629572219285,0.0512262434593032,0.009116791907020964,7.197606086730957,shoulder press_1.mp4,63
65.56553529595467,81.54101166918241,164.90497101499267,178.6077329941796,5.653935432434082,14.47786214602356,4.782887970218527,0.21719599437017278,0.07978023414715428,9.10295295715332,shoulder press_1.mp4,66
45.097969292985866,63.00801104658543,147.05507420615746,157.90361330913336,5.825873851776123,15.535188601815841,3.607391083138297,0.3313422938738893,0.07114759832793387,9.520590782165527,shoulder press_1.mp4,69
32.037835899150245,50.44360370876881,133.4379214950041,140.80335521427466,5.384053707122803,11.273187710734462,0.9461733692085579,0.4463008380336617,0.05371499000917065,8.906208038330078,shoulder press_1.mp4,72
28.720422129122706,42.95532972640327,126.73353666902952,132.05599409860397,5.601585865020752,8.281052807747793,1.4766267827630553,0.397202881832989,0.041133483366090864,8.741286277770996,shoulder press_1.mp4,75
32.04140223772248,44.91947718800564,129.94600904430936,133.67396169882758,5.316943168640137,8.41564227068166,1.6639533866243343,0.3346654832007546,0.028282778759205766,7.163620471954346,shoulder press_1.mp4,78
46.15062184996326,55.10593304793761,149.96785730263508,145.61271792584367,5.418862819671631,15.059698373849214,1.1004007438878831,0.1768835846134442,0.029468373376193374,7.401003837585449,shoulder press_1.mp4,81
85.00752762604891,83.03357156336538,169.53963473242604,175.99068224769061,5.656050682067871,16.00152182591778,4.719067778812164,0.023493729476959716,0.037339979725343746,4.921300411224365,shoulder press_1.mp4,84
120.41138110660984,104.98257735291722,143.70990084311475,149.89781244534538,6.34351921081543,13.934751219203543,8.911081499986564,0.13690521129441097,0.042150879027835375,10.539084434509277,shoulder press_1.mp4,87
140.54530210725912,129.94562595243812,117.94248202922948,130.8641756298662,6.210339069366455,13.81604028124437,8.61902204269345,0.07837361667435777,0.1038693556049571,8.332802772521973,shoulder press_1.mp4,90
162.75506918133178,154.39912197679752,100.58266490445281,111.52490738915954,6.502985000610352,5.236948132208117,6.863382527567672,0.05269327940470499,0.10317634930600025,3.686551332473755,shoulder press_1.mp4,93
169.5234702968151,165.4894728073875,93.33356410123456,107.83205571018817,5.800294876098633,2.4110484139937567,2.104791525401325,0.024082636641133408,0.14414482576639917,4.188265800476074,shoulder press_1.mp4,96
171.06571668990915,161.26521666902366,88.52994369359044,112.74286659012728,5.909074306488037,1.3294352203255433,5.752302049994646,0.05898036587704882,0.24059805060013692,2.178314208984375,shoulder press_1.mp4,99
166.469850488034,157.76987807785923,96.80516385580532,110.21012207866727,6.952270030975342,4.007018266360772,6.285001769914616,0.05366382737028932,0.12950694111646496,4.45274543762207,shoulder press_1.mp4,102
157.1858489025835,148.41392584609457,101.25834483207585,118.56388757802851,7.650609493255615,7.55257046011756,8.982432183558084,0.05740791572050643,0.15745034117993242,5.164723873138428,shoulder press_1.mp4,105
145.42230281892486,136.3783251079868,110.54742201709134,130.2266400445305,6.666500568389893,10.286315924606775,10.402095392283545,0.06418706571004326,0.16346626259437055,4.871199607849121,shoulder press_1.mp4,108
136.59015357790122,136.19998891303135,122.3560164675224,125.30951944543004,6.1716461181640625,13.282750351363767,8.40187433480416,0.0028605481217697628,0.023850738594050656,7.371740818023682,shoulder press_1.mp4,111
129.69660163955456,122.63516983629223,127.8808147101657,139.46429688570282,5.455925464630127,14.592272229659004,7.511028299295793,0.05596942281157206,0.08665564974344672,9.349559783935547,shoulder press_1.mp4,114
118.51054294082947,116.60840888159926,140.98903048366563,141.21508648716716,5.640466213226318,14.506800030084161,9.649452684364535,0.016180184919051314,0.0016020744553835833,9.689826011657715,shoulder press_1.mp4,117
101.19784792993816,111.45512318570462,156.39750545530637,149.80378154686642,5.5300211906433105,15.374993111869827,7.845085121830896,0.09646961621983123,0.043067904599585614,6.678361415863037,shoulder press_1.mp4,120
90.15055096280389,91.22073520458304,164.93814508888732,174.57504995120493,5.144653797149658,13.550011948274133,7.081426693187278,0.011801032725670546,0.056768956276822234,5.351933479309082,shoulder press_1.mp4,123
63.61051858461955,83.14737970391273,162.06876108001126,178.78985434367308,5.184384822845459,13.773510155015693,4.624708901799446,0.2662461284486765,0.09811160702438254,7.145882606506348,shoulder press_1.mp4,126
51.04072940333143,60.44985498270815,155.35465074366653,151.8507795740698,5.724919319152832,14.414905478497202,2.5755400788659126,0.16878780627424703,0.022811258029994706,8.922952651977539,shoulder press_1.mp4,129
38.661435607965565,47.62644188233563,136.59727035402443,138.54751620662984,4.602275848388672,12.928279445747823,3.005746177144704,0.2077929492558844,0.014176142510157894,6.325223445892334,shoulder press_1.mp4,132
30.570044432342204,39.691998606853865,128.87075922010456,127.1686182288618,4.510115623474121,9.486989053284942,3.2576940596473305,0.25965524997395617,0.013295931338389752,5.302988052368164,shoulder press_1.mp4,135
27.528655680804096,41.67496222479745,125.270282480869,127.59930082809022,5.10805082321167,9.822137568740803,5.933420471811541,0.40883141581672444,0.018420707755709774,6.8707427978515625,shoulder press_1.mp4,138
34.3892955830798,43.47831257655562,132.18925311949934,132.35747780784246,4.722262859344482,9.442558726979165,2.8437908594703902,0.23344795630148396,0.0012717956313685796,5.188702583312988,shoulder press_1.mp4,141
45.49495374522304,47.32745849517062,149.16879592366914,137.80718063991344,5.48255729675293,15.341027815612462,0.9112973459104368,0.039484100999265366,0.07918164732676437,6.322351455688477,shoulder press_1.mp4,144
81.19450327409794,81.55269700153612,174.36410088267584,173.76196623015034,5.175089359283447,15.434360213319179,3.7737134931165706,0.004401841958958784,0.003459290811051835,5.904651641845703,shoulder press_1.mp4,147
118.00768250854915,114.13125654766783,143.6665503091357,143.33097684572027,5.210251808166504,14.574966209603312,8.710841984409429,0.03339746426550668,0.00233851118329914,5.980348110198975,shoulder press_1.mp4,150
135.66983536439454,133.71594731650632,124.81018666186772,124.55761686276024,4.860164165496826,14.15514958950327,9.563845042683507,0.014506244750137334,0.002025680906176264,6.937378406524658,shoulder press_1.mp4,153
155.92909523098422,151.4931762412254,103.07929786791938,115.90543487298066,5.42780876159668,7.944459287846468,7.292481443464108,0.02885880042793072,0.11714183764798806,2.5622551441192627,shoulder press_1.mp4,156
171.05319104614506,162.48915414482764,96.27311954732353,103.96438609018418,5.753935813903809,1.2271001615154766,5.413166495772439,0.05135202186345488,0.07682143780580483,5.893449783325195,shoulder press_1.mp4,159
169.3772693383381,166.89516143356934,92.72533005644793,107.0588696442889,6.3940043449401855,1.652360602121399,2.86332255141109,0.014762482306807717,0.14349022204270048,3.6027486324310303,shoulder press_1.mp4,162
162.72503965224394,157.29906377989906,98.33288684660909,109.96408000988855,6.591012477874756,5.078734413674739,7.5514308972246225,0.03390979500702132,0.11167894894304974,2.8305885791778564,shoulder press_1.mp4,165
154.723134624869,146.5640476782433,108.0501753061482,117.23434123717702,7.137074947357178,8.872798697306948,6.999247487225688,0.05416152711347138,0.08153392937914201,7.075085639953613,shoulder press_1.mp4,168
141.417614370939,136.24501609941277,118.34517383441373,122.94834617085768,6.146008491516113,11.840955393882615,11.93578202403153,0.03725815218824375,0.0381541314192224,6.819947242736816,shoulder press_1.mp4,171
132.12846399036547,126.0065046865811,126.93187432124202,135.09769971690767,6.135191440582275,13.08396039617827,7.657046551059631,0.04743223543220099,0.06232750959994128,7.869237899780273,shoulder press_1.mp4,174
118.60942829680548,114.2773630226521,139.72580894837049,147.05072264330977,5.909167289733887,13.41927371078641,9.197634902875379,0.03720318571619598,0.05108447092434106,9.203375816345215,shoulder press_1.mp4,177
101.6831765183335,101.3510916515281,155.1013923252787,162.6602727849503,5.359197616577148,14.668289591068815,6.993564527451607,0.003271219876317384,0.0475757858145002,5.228699684143066,shoulder press_1.mp4,180
68.8281474974592,85.8300242119852,170.67580246086834,179.59651699655177,5.729234218597412,16.03411642189545,2.9207454918358073,0.21986392993791953,0.0509358806856438,7.420986652374268,shoulder press_1.mp4,183
50.91785219180193,65.28631138787814,150.5593405005161,160.14578174665078,5.057591915130615,13.430627074510136,3.2813934081475824,0.24729680509638371,0.06170764856917061,7.516488075256348,shoulder press_1.mp4,186
36.990212700361376,48.67076644100394,136.10774462380823,140.5196045891819,4.901853084564209,13.371203814487739,0.4014886264337536,0.27271585867274023,0.03189749659912877,6.398464679718018,shoulder press_1.mp4,189
31.163919928309234,44.76752571222728,126.28619989387208,135.66504617160084,4.641498565673828,8.73226535254638,2.6272021586327527,0.3583128351939522,0.07160757139811107,4.937016487121582,shoulder press_1.mp4,192
26.17525595226622,43.64224395334603,120.79053895878913,130.45405249439548,4.749512672424316,8.238806677782994,6.554562062939738,0.5003613141316662,0.07692514676406076,5.523477554321289,shoulder press_1.mp4,195
24.828471521717642,40.75449063454624,121.22752860643202,125.46138760621474,5.119558811187744,7.733003262774278,6.757933236546404,0.4856755044056054,0.03432549029590874,6.536785125732422,shoulder press_1.mp4,198
31.037694818833334,44.86552501068392,127.48748753772892,132.1684183754493,5.036473274230957,8.27483722904485,4.010869853414805,0.3643542453906077,0.036054876712764285,5.644519805908203,shoulder press_1.mp4,201
47.42173834537404,49.76126843607858,152.1565717855121,137.99703858512544,5.65484619140625,15.74542538792016,0.9654969026530079,0.04814689662701487,0.0976002551358883,6.961914539337158,shoulder press_1.mp4,204
82.59564805528893,72.18616038752043,174.16060967426478,164.08617283421327,5.8918938636779785,14.244088136374277,2.681636955499768,0.13450531134755056,0.0595685597677429,5.350617408752441,shoulder press_1.mp4,207
114.89162002413318,104.65167112831342,141.70970072081434,157.711286058563,5.311783313751221,14.69077215416097,8.485352113378712,0.09328409756515245,0.10688352549942742,6.973255157470703,shoulder press_1.mp4,210
131.16646947658938,118.87736778965176,129.06507534393756,138.37298640578481,5.519357204437256,14.047355063685085,9.157296034438014,0.09829557745790361,0.06960797577539961,6.388366222381592,shoulder press_1.mp4,213
146.01471240260202,139.12903568501852,111.65090744228002,124.25771049051271,7.36873722076416,12.40438025359044,9.603572961320403,0.04829617877834463,0.10687869869869872,5.560837745666504,shoulder press_1.mp4,216
164.68863888497393,155.93019212562612,96.9750456641792,112.64863529279859,6.281682968139648,3.7309673063623974,7.7208646310087925,0.054634637221656145,0.14954025763755344,2.1245920658111572,shoulder press_1.mp4,219
172.71589301693908,167.4543088520247,94.2419476547764,104.76418857406391,5.614412784576416,0.022005694187015486,0.9773402927935112,0.03093500921601114,0.10574790424741295,2.220060348510742,shoulder press_1.mp4,222
166.01769919199154,162.43515149838177,90.8113731768053,114.22871028004106,5.905449867248535,3.0903034914596192,4.37651260028268,0.021814684732250796,0.22841716320471814,0.8820139765739441,shoulder press_1.mp4,225
157.53695234297268,155.27293018951664,97.66413320015111,116.82296872507384,6.878758907318115,8.094839626623923,6.178489016646331,0.014475387638821748,0.1786479033280232,2.20876145362854,shoulder press_1.mp4,228
140.7607281169292,136.20349716013163,117.54388381999418,125.95642241709392,5.546152114868164,11.553670723578712,9.741281636104937,0.03290844478010641,0.06909673936022678,5.606227874755859,shoulder press_1.mp4,231
130.01081809954346,121.15161042383095,129.30014691334517,136.11351306387226,5.3470282554626465,13.854226806100185,10.754410433899578,0.07054564432902855,0.051341488234719596,6.663367748260498,shoulder press_1.mp4,234
114.35679668281392,115.86902549794627,143.84892730633086,145.614677114849,5.011357307434082,13.139197642749776,8.980025837898644,0.013136917490906213,0.012200150772315461,3.9202661514282227,shoulder press_1.mp4,237
91.21597775604687,96.88809833727068,162.9837311078172,169.4563138190232,5.761916160583496,14.249920918239024,7.11372429235657,0.060308321850611,0.038939849816410736,5.803985595703125,shoulder press_1.mp4,240
60.2757140481346,71.9083876287494,161.64614810991594,164.93545122022604,5.564362049102783,15.076938282615886,1.3542835389515702,0.17600715113304863,0.020143836131961235,8.806994438171387,shoulder press_1.mp4,243
41.894955510001296,55.288017361602215,139.69995087603928,151.19504204853496,4.928853988647461,14.182095079872154,1.6737663558747886,0.2756256874194537,0.07903258187380505,9.995758056640625,shoulder press_1.mp4,246
30.372913993415153,43.874041600702455,127.21176596499078,135.24162097160672,5.089280605316162,10.203765454991403,1.827465866549954,0.3636816486077433,0.06119071352320379,10.23475170135498,shoulder press_1.mp4,249
25.479036066201115,43.19668790568107,123.33754434686465,127.43403055748085,4.904080867767334,8.527693940735254,6.283135509445209,0.5159800527689834,0.03267105701416736,9.543779373168945,shoulder press_1.mp4,252
23.901517967405567,42.01091203322415,118.83035169055911,125.5153255951009,5.0215020179748535,6.037843857465416,7.383894024974387,0.5494986018766285,0.05471734944364506,9.221883773803711,shoulder press_1.mp4,255
27.19617901752542,43.79200248182044,123.80418911239865,130.2608624453105,5.015528678894043,9.178407812969112,5.5927441174594,0.4675658148658998,0.050826930294623845,12.00771713256836,shoulder press_1.mp4,258
40.56741501972262,46.52635176953022,140.74231088462665,140.07557182421777,5.036871433258057,14.939447291477324,0.33398773814887384,0.1368395688804431,0.004748551295788779,10.399212837219238,shoulder press_1.mp4,261
65.87025151499437,64.45310597241995,168.78567016550969,158.4882482013511,5.438318252563477,16.633393819270353,3.2439798451138433,0.021748143539215902,0.06292846075571225,9.815296173095703,shoulder press_1.mp4,264
106.91155935143027,104.98291143696697,154.5399202921403,152.12059646449205,5.143581390380859,14.471616682017611,8.120361122056343,0.0182038531471573,0.0157785152991719,7.419984817504883,shoulder press_1.mp4,267
127.7585673001952,113.20715816923824,131.02229849519216,146.48624430339316,5.258754730224609,13.73872984660494,10.477912258675653,0.12077575848273746,0.11144843075641588,9.613443374633789,shoulder press_1.mp4,270
144.6533996204989,139.3935261533682,113.87507834364628,122.46148949627968,6.2129411697387695,13.219889928585758,9.348242180216674,0.03703524305218591,0.0726625695812685,8.929790496826172,shoulder press_1.mp4,273
162.8791893297862,159.22009653412684,95.69610798542737,111.79747721828674,6.016612529754639,4.359110260968566,7.398444052521319,0.022720278847220512,0.1551987182355665,4.6991658210754395,shoulder press_1.mp4,276
167.92716322674224,162.0709907978939,95.34511909617592,110.13748520406732,5.967234134674072,2.213672045348031,3.548164069573408,0.03549215265253359,0.1439768213787807,5.889758586883545,shoulder press_1.mp4,279
164.08662122586196,162.27939470258937,95.34141641214701,110.35442682812584,6.440418720245361,3.82323992193032,4.919038182407423,0.011074845021050137,0.14597291009368782,4.512109279632568,shoulder press_1.mp4,282
156.44348726838734,148.49868491453563,103.71545647110908,118.75227693279884,6.011064052581787,6.372217679782642,7.793274370382369,0.05210694406076399,0.13518203500000794,3.099602699279785,shoulder press_1.mp4,285
139.8308458280076,136.35634084741594,115.77012595395054,125.57442215443604,6.058265209197998,13.809826391979085,10.814876067494865,0.025160508149676877,0.08124729791768437,6.098822593688965,shoulder press_1.mp4,288
124.39183241181742,115.2303297918886,135.00319635216164,141.6257578579086,5.7259321212768555,14.24431911795603,10.169113143423962,0.07646623781101274,0.04788046518599671,7.717905044555664,shoulder press_1.mp4,291
115.05786075096023,110.66596471585919,146.94533563658797,148.12776528559118,5.96590518951416,12.259715170041792,8.857775574891274,0.038913889803330784,0.00801448620906355,9.577519416809082,shoulder press_1.mp4,294
83.63828724071416,90.55092946702402,176.11334641727734,169.59251073883797,5.443366050720215,14.528007185406814,7.818793847363863,0.0793693473908683,0.03772476250232962,8.93142032623291,shoulder press_1.mp4,297
60.311643091140596,71.64082535732706,158.63792401305264,168.05689061487868,5.935309886932373,13.920825859940186,3.583925944062756,0.1717161095870053,0.05766217387045574,12.79671573638916,shoulder press_1.mp4,300
43.741851829697225,56.31020339617915,141.99935308980005,153.71921057298886,5.255655288696289,14.166414792788075,2.933074937437819,0.2512362497323569,0.07926358993514579,10.789102554321289,shoulder press_1.mp4,303
33.939897802568574,43.8381975133331,133.03874710063462,133.9372159985282,5.181770324707031,10.385031831481076,0.5683920137015693,0.2545266677092522,0.006730710041936225,9.236542701721191,shoulder press_1.mp4,306
26.174636593331137,42.71490346522677,120.54889554918338,128.76441138122138,4.876057147979736,7.548201288231121,6.604121051699228,0.48019675723879046,0.06590515310385206,10.791699409484863,shoulder press_1.mp4,309
16.54003945197618,40.84465878069258,115.66946726840035,123.33800217531503,4.908836841583252,10.379947541698835,9.568938571519821,0.8470766624988515,0.06416983473163428,10.148356437683105,shoulder press_1.mp4,312
26.188445064236305,39.97963163701182,122.13510922972603,123.38709780994611,4.892967224121094,7.57693059306751,7.679580947650506,0.41685317936754757,0.010198577108894972,9.787050247192383,shoulder press_1.mp4,315
34.26244203411608,41.78884387986318,133.50419783340513,128.99000723902304,5.185956954956055,10.51234844929095,3.408419171732724,0.1979296406443444,0.03439459239213694,10.678742408752441,shoulder press_1.mp4,318
48.24383167915644,53.23285582703733,149.15722344904566,146.30210502885964,5.11206579208374,15.550596747206225,0.4658166659199593,0.09832847859911427,0.019326642586609176,9.382107734680176,shoulder press_1.mp4,321
80.72648356583922,90.85165440472355,175.4642561110307,174.02617261119215,5.376202583312988,16.89211314753588,4.350946875629379,0.11802402052668833,0.00822960162369161,8.896336555480957,shoulder press_1.mp4,324
110.545689646419,114.60948513981445,144.77904168043514,149.50607298940653,5.179314136505127,14.314039536005136,7.383325942123895,0.03609773124027631,0.032125520954565744,4.165882587432861,shoulder press_1.mp4,327
126.41764896365989,118.34639614660425,135.55347125052427,138.75462113401943,5.695568084716797,14.016241139873133,10.121242491700482,0.06595129454916146,0.023339813679339606,11.427474975585938,shoulder press_1.mp4,330
146.05859140186774,135.6073880969626,112.51490643970992,125.74048277764346,6.4187445640563965,12.211239531155112,10.42266228009475,0.07420990865493243,0.11102016522168355,7.49219274520874,shoulder press_1.mp4,333
155.86001021178046,152.7659462249931,97.55019063383405,118.78109101472587,6.338074207305908,9.65036158128167,8.774674602750375,0.020050575282194314,0.19628137196896375,3.5032224655151367,shoulder press_1.mp4,336
168.62498946220597,162.2857126524067,98.05444439241526,104.38637751257578,6.201594829559326,2.7999921773067036,5.114535909276292,0.03831412383636747,0.0625558922412615,6.589387893676758,shoulder press_1.mp4,339
171.7814973003604,166.5738089242883,93.75009864732273,104.92215382306216,5.447909355163574,0.7267534581170975,2.704441179439504,0.03078236563912191,0.11246719193869104,4.151078701019287,shoulder press_1.mp4,342
164.2549025448159,162.14856560518098,92.95279878163642,113.4703708188743,6.80127477645874,4.077756266367834,4.38756612668896,0.012906339210017053,0.19879136704416847,2.9734814167022705,shoulder press_1.mp4,345
153.97695878598157,150.16600609642632,105.21586730511329,117.49022028533237,6.6735382080078125,7.639732294344685,7.356659285833761,0.02506027184307022,0.11022916448329417,5.491251468658447,shoulder press_1.mp4,348
138.91613944543053,135.83686337636672,119.70544106390828,124.99005420460266,6.218582630157471,13.238322694828147,10.021549374978031,0.022414867444131296,0.04319338314663641,8.465351104736328,shoulder press_1.mp4,351
128.13672276207896,118.40550494973981,130.17450973059638,142.36849081435022,6.02508020401001,14.189899324987886,8.179773580891805,0.07894159067722788,0.08948298844125231,13.370412826538086,shoulder press_1.mp4,354
117.52299636619149,113.21228786110166,139.04711801550968,151.45231610388865,6.558915615081787,13.456797444065938,7.183729228306821,0.03736497016072699,0.08540600518540288,9.609040260314941,shoulder press_1.mp4,357
86.73301003019326,93.88948592088717,171.55277747677127,171.9995512731304,5.604498386383057,13.375091429882175,4.38735203780781,0.07924235409339225,0.0026009068137295625,7.45290994644165,shoulder press_1.mp4,360
56.44701807817366,66.39531792571871,158.93970829770353,157.9781325943141,5.726304054260254,15.215455460421841,1.3392920896617353,0.161968587885366,0.006068296443538266,10.442378997802734,shoulder press_1.mp4,363
39.869747101323206,53.1458596832405,137.36040953067723,147.87476219901671,5.6740946769714355,13.8399310375449,0.2534095395003752,0.28545989304067015,0.07372409653816128,10.456814765930176,shoulder press_1.mp4,366
30.750340627662517,45.72489887917541,126.10402153817391,135.62987281816342,5.396803379058838,8.61912170236717,2.9001176645883864,0.3916184728044942,0.07279035299127556,9.36637020111084,shoulder press_1.mp4,369
23.165960168087253,42.810440778396135,119.61901218866045,127.21763664889953,5.328944683074951,8.087401600125856,6.864546575619181,0.5955002191236064,0.06156804101841163,10.89483642578125,shoulder press_1.mp4,372
22.732789887078344,40.30738257884037,116.60294311001113,125.16401800918285,5.213258266448975,7.009232197387185,7.63064213206776,0.5575680396897182,0.07082088354455526,7.596158504486084,shoulder press_1.mp4,375
27.873246258485203,41.164490242459046,122.85023647753475,127.64606581670091,5.5342254638671875,8.75292998161093,6.4903647650891125,0.38504286662967446,0.038290619823464926,9.239755630493164,shoulder press_1.mp4,378
41.060719377895865,47.631457309984654,139.78125798713805,140.78159930449957,5.982445240020752,14.314224577420044,0.6352467203838185,0.14816950440199667,0.007130960434450446,9.745312690734863,shoulder press_1.mp4,381
62.93586070109725,63.19386431098106,165.3837539644985,156.38346140159692,5.221346855163574,15.942360620044882,1.8953914871214552,0.004091083364513929,0.05594288126999747,7.448473930358887,shoulder press_1.mp4,384
99.26527750917502,101.68232037663134,163.81204217645603,156.79555215037564,4.807823657989502,14.324381551556069,5.432068376711158,0.02405644947126826,0.04376995523647944,4.656709671020508,shoulder press_1.mp4,387
120.84733720245217,105.65950770952358,134.2965114831165,155.23293911160744,6.478609561920166,16.116983113203933,9.675035751390277,0.13410481699862822,0.14462382037810195,6.2168426513671875,shoulder press_1.mp4,390
134.41153981416326,120.53043777695572,119.96324829187526,141.0097219801531,5.9866623878479,15.534221746812015,11.018031402224663,0.1088961666365539,0.16129236423480786,5.475233554840088,shoulder press_1.mp4,393
147.54526104301993,140.23299009498515,109.8200089334885,121.20013562707072,6.475523948669434,11.879861070028404,11.44704777210302,0.05081878786265995,0.09852064386185214,4.256066799163818,shoulder press_1.mp4,396
161.24796745595742,155.10882358759312,99.4598153401756,111.95715964370875,6.923689365386963,6.675553489836783,7.365223655139537,0.03881151941207527,0.11822460617919434,4.570079803466797,shoulder press_1.mp4,399
169.69104982822938,165.38767919576645,89.57341792837512,111.70171939890159,5.758528709411621,1.8420026530212656,2.5206712710188754,0.02568572851519175,0.21988112157683423,1.9617512226104736,shoulder press_1.mp4,402
169.70969194100334,164.38953378366827,95.96711882952305,105.90539578524547,6.473038196563721,2.162137394344833,2.6955336443782225,0.03184777304284668,0.09846092198026613,5.10256814956665,shoulder press_1.mp4,405
163.2931692113948,158.01729313635374,98.10497455636663,111.27464859609961,6.913153171539307,4.745382456433526,5.965819242973149,0.032839740333951956,0.12579709373288037,4.2401509284973145,shoulder press_1.mp4,408
149.65715562374626,141.31046908353352,110.11766596796193,124.22635501507747,7.4188313484191895,9.66961474947787,8.084009611395665,0.057371926162642355,0.12041006199289088,5.076939105987549,shoulder press_1.mp4,411
131.87369617566316,130.71500303599495,128.38762749011076,128.05014834773007,5.753556728363037,14.397066757403037,9.031290158034377,0.008825156171204794,0.00263205482326514,5.730846405029297,shoulder press_1.mp4,414
121.54907289709352,111.78714221859722,135.4394550135118,147.2946135509671,6.009495735168457,15.585625778062463,9.514658994084957,0.08367265813115399,0.08386084208137572,7.104076862335205,shoulder press_1.mp4,417
108.47666134087783,112.97839440152374,148.76201532857777,152.52289688797546,5.667258262634277,12.354465617961775,6.421705683862586,0.0406559520219974,0.024965614983696864,5.538428783416748,shoulder press_1.mp4,420
77.42048197850335,90.19238224441852,179.1611652670812,174.38919431251583,5.725063323974609,17.96038964010403,4.118122811959947,0.15239761369304922,0.026994575597319007,5.874701023101807,shoulder press_1.mp4,423
59.55185194782027,67.31972582389507,162.6923398671216,159.7886870033962,5.909153461456299,15.002852503938238,2.2626100040101558,0.12245254630712989,0.018008208990796033,6.390068054199219,shoulder press_1.mp4,426
43.40974703221894,54.2985447165706,143.29790761086684,146.48402387131694,4.925831317901611,12.370655017794684,0.9211525055571298,0.2228838001251119,0.02198975101141514,7.109816551208496,shoulder press_1.mp4,429
31.866064038927817,45.63440498895748,131.48898136304706,133.95242247670134,5.374502658843994,11.572231029844021,2.9561268696041942,0.35530987419123106,0.01856109166105455,4.089705467224121,shoulder press_1.mp4,432
25.60160513464569,41.88826058522145,119.53838026750388,128.751991181371,5.110872268676758,7.360240583501103,6.20473321605615,0.4826400312656548,0.07421641733509017,5.012728691101074,shoulder press_1.mp4,435
15.106420642225935,35.42987928880422,115.82321796982649,107.35839342748218,5.749731540679932,6.755632220991756,13.485268778938284,0.8043113039266785,0.07585593176200518,3.8011345863342285,shoulder press_1.mp4,0
16.79593483838563,36.16898039030953,116.47527445707196,109.29000304883292,5.445308208465576,7.475843953079548,13.708781058686244,0.7315425869473697,0.06365258189936773,4.147021770477295,shoulder press_1.mp4,3
13.585638228505347,36.15995804470977,112.72183883241149,111.27874228724424,5.4018168449401855,7.174522828987874,13.450026275206975,0.9075906816844923,0.012884757155128834,4.337642192840576,shoulder press_1.mp4,6
17.802384773010925,36.10283892407937,112.17465109353944,113.94666563727402,5.2196269035339355,5.072037359886622,13.083393070018165,0.6789862983930544,0.015673131302734122,4.546174049377441,shoulder press_1.mp4,9
20.31550035911982,37.25130065738905,114.38299942877731,115.77722336334307,4.550368785858154,5.303344491537636,11.527665809865384,0.588387751246154,0.012115246654284088,4.8477091789245605,shoulder press_1.mp4,12
18.085074451724967,35.89029340404594,114.71996137379674,117.28818429286606,4.963896751403809,7.33777526744135,10.107780429235959,0.6597535008894723,0.02213907543366358,5.155208587646484,shoulder press_1.mp4,15
17.442479667580972,37.92427230429949,118.87284773677268,118.60812319184559,4.656229019165039,10.629015909364062,9.032177821026721,0.739858919198322,0.0022294379536342873,6.545110702514648,shoulder press_1.mp4,18
28.69542451727512,40.964796740451945,124.44640438149051,130.01588347959955,5.560300827026367,10.468716009852388,5.120354732264406,0.3522633721699769,0.04377449519081113,7.22222900390625,shoulder press_1.mp4,21
47.74104042503922,52.65274873971565,147.22386655573996,147.07597258130846,5.070878028869629,15.015402100051325,1.0856137066628968,0.09784884813174821,0.001005056440840434,9.192187309265137,shoulder press_1.mp4,24
98.15725590130047,80.14983686463262,162.49194648890563,178.34459660665624,4.996811389923096,14.928710023159734,4.138316809028766,0.20198208335219192,0.09302200975149508,6.260015964508057,shoulder press_1.mp4,27
129.34960974467575,110.41255630116716,129.63787954332025,148.50156733799852,5.734005928039551,15.005682862559697,8.934324108623038,0.15796531834708064,0.1356419451191858,8.167618751525879,shoulder press_1.mp4,30
145.8095982167097,134.34428836252582,108.98107936679537,131.17828818115206,5.954898834228516,12.373297241169608,10.69564933425006,0.0818500859950852,0.18485399125582763,5.3391337394714355,shoulder press_1.mp4,33
164.66474430967304,154.66683917218592,96.2421311870874,115.04112911563124,6.291619777679443,3.285176821588039,7.841127546388911,0.06261770306885475,0.17795066113244704,4.142780780792236,shoulder press_1.mp4,36
166.91244892151778,164.40271246759914,97.98492300615746,102.52222240934269,5.895981311798096,6.07213455709414,3.9949510995394317,0.01515014551942611,0.045258231508735806,4.308573246002197,shoulder press_1.mp4,39
166.47354404999953,160.995035090365,91.74911844788735,113.58536869984982,5.821784496307373,3.00654236774222,5.225861118250413,0.033459753445757266,0.2126895540567561,2.079796552658081,shoulder press_1.mp4,42
159.83437540272297,153.75043464793097,102.57507333912444,111.87398126214218,6.378794193267822,6.3538513296396,7.06507810410896,0.038802522059721234,0.08672370172307407,3.8380277156829834,shoulder press_1.mp4,45
151.89251856179672,144.28097988072543,100.65353610747191,125.2088418857558,6.783377647399902,10.436930384900155,9.003447858294178,0.05139918811843628,0.21743599794225282,4.405876159667969,shoulder press_1.mp4,48
143.4810911063838,135.35200172353333,117.09723099186242,124.71637820573225,6.014764308929443,10.689645792614622,10.368764678706064,0.05830792392930951,0.06301669487629173,6.715948581695557,shoulder press_1.mp4,51
134.88485449597678,124.89737714237613,124.04191183124149,134.56813999135517,5.8257622718811035,14.229998637909521,9.699444291334705,0.07689115064269972,0.08140617958140728,7.313614845275879,shoulder press_1.mp4,54
127.32078483540008,108.87868785037773,134.56310205413212,148.1381991380238,5.776718616485596,13.406796599168297,9.747568659427063,0.15615696999930512,0.09603844783625172,12.930941581726074,shoulder press_1.mp4,57
114.81884853950477,106.4080576960949,146.7494800752337,151.64229813789476,5.346197128295898,13.3952100204805,8.627681104973647,0.07603768444379586,0.03279459033329219,8.712955474853516,shoulder press_1.mp4,60
94.12183742917804,99.07008567277383,164.69916973056655,163.2044551736617,5.345562934875488,13.693717138923333,6.974629572219285,0.0512262434593032,0.009116791907020964,7.197606086730957,shoulder press_1.mp4,63
65.56553529595467,81.54101166918241,164.90497101499267,178.6077329941796,5.653935432434082,14.47786214602356,4.782887970218527,0.21719599437017278,0.07978023414715428,9.10295295715332,shoulder press_1.mp4,66
45.097969292985866,63.00801104658543,147.05507420615746,157.90361330913336,5.825873851776123,15.535188601815841,3.607391083138297,0.3313422938738893,0.07114759832793387,9.520590782165527,shoulder press_1.mp4,69
32.037835899150245,50.44360370876881,133.4379214950041,140.80335521427466,5.384053707122803,11.273187710734462,0.9461733692085579,0.4463008380336617,0.05371499000917065,8.906208038330078,shoulder press_1.mp4,72
28.720422129122706,42.95532972640327,126.73353666902952,132.05599409860397,5.601585865020752,8.281052807747793,1.4766267827630553,0.397202881832989,0.041133483366090864,8.741286277770996,shoulder press_1.mp4,75
32.04140223772248,44.91947718800564,129.94600904430936,133.67396169882758,5.316943168640137,8.41564227068166,1.6639533866243343,0.3346654832007546,0.028282778759205766,7.163620471954346,shoulder press_1.mp4,78
46.15062184996326,55.10593304793761,149.96785730263508,145.61271792584367,5.418862819671631,15.059698373849214,1.1004007438878831,0.1768835846134442,0.029468373376193374,7.401003837585449,shoulder press_1.mp4,81
85.00752762604891,83.03357156336538,169.53963473242604,175.99068224769061,5.656050682067871,16.00152182591778,4.719067778812164,0.023493729476959716,0.037339979725343746,4.921300411224365,shoulder press_1.mp4,84
120.41138110660984,104.98257735291722,143.70990084311475,149.89781244534538,6.34351921081543,13.934751219203543,8.911081499986564,0.13690521129441097,0.042150879027835375,10.539084434509277,shoulder press_1.mp4,87
140.54530210725912,129.94562595243812,117.94248202922948,130.8641756298662,6.210339069366455,13.81604028124437,8.61902204269345,0.07837361667435777,0.1038693556049571,8.332802772521973,shoulder press_1.mp4,90
162.75506918133178,154.39912197679752,100.58266490445281,111.52490738915954,6.502985000610352,5.236948132208117,6.863382527567672,0.05269327940470499,0.10317634930600025,3.686551332473755,shoulder press_1.mp4,93
169.5234702968151,165.4894728073875,93.33356410123456,107.83205571018817,5.800294876098633,2.4110484139937567,2.104791525401325,0.024082636641133408,0.14414482576639917,4.188265800476074,shoulder press_1.mp4,96
171.06571668990915,161.26521666902366,88.52994369359044,112.74286659012728,5.909074306488037,1.3294352203255433,5.752302049994646,0.05898036587704882,0.24059805060013692,2.178314208984375,shoulder press_1.mp4,99
166.469850488034,157.76987807785923,96.80516385580532,110.21012207866727,6.952270030975342,4.007018266360772,6.285001769914616,0.05366382737028932,0.12950694111646496,4.45274543762207,shoulder press_1.mp4,102
157.1858489025835,148.41392584609457,101.25834483207585,118.56388757802851,7.650609493255615,7.55257046011756,8.982432183558084,0.05740791572050643,0.15745034117993242,5.164723873138428,shoulder press_1.mp4,105
145.42230281892486,136.3783251079868,110.54742201709134,130.2266400445305,6.666500568389893,10.286315924606775,10.402095392283545,0.06418706571004326,0.16346626259437055,4.871199607849121,shoulder press_1.mp4,108
136.59015357790122,136.19998891303135,122.3560164675224,125.30951944543004,6.1716461181640625,13.282750351363767,8.40187433480416,0.0028605481217697628,0.023850738594050656,7.371740818023682,shoulder press_1.mp4,111
129.69660163955456,122.63516983629223,127.8808147101657,139.46429688570282,5.455925464630127,14.592272229659004,7.511028299295793,0.05596942281157206,0.08665564974344672,9.349559783935547,shoulder press_1.mp4,114
118.51054294082947,116.60840888159926,140.98903048366563,141.21508648716716,5.640466213226318,14.506800030084161,9.649452684364535,0.016180184919051314,0.0016020744553835833,9.689826011657715,shoulder press_1.mp4,117
101.19784792993816,111.45512318570462,156.39750545530637,149.80378154686642,5.5300211906433105,15.374993111869827,7.845085121830896,0.09646961621983123,0.043067904599585614,6.678361415863037,shoulder press_1.mp4,120
90.15055096280389,91.22073520458304,164.93814508888732,174.57504995120493,5.144653797149658,13.550011948274133,7.081426693187278,0.011801032725670546,0.056768956276822234,5.351933479309082,shoulder press_1.mp4,123
63.61051858461955,83.14737970391273,162.06876108001126,178.78985434367308,5.184384822845459,13.773510155015693,4.624708901799446,0.2662461284486765,0.09811160702438254,7.145882606506348,shoulder press_1.mp4,126
51.04072940333143,60.44985498270815,155.35465074366653,151.8507795740698,5.724919319152832,14.414905478497202,2.5755400788659126,0.16878780627424703,0.022811258029994706,8.922952651977539,shoulder press_1.mp4,129
38.661435607965565,47.62644188233563,136.59727035402443,138.54751620662984,4.602275848388672,12.928279445747823,3.005746177144704,0.2077929492558844,0.014176142510157894,6.325223445892334,shoulder press_1.mp4,132
30.570044432342204,39.691998606853865,128.87075922010456,127.1686182288618,4.510115623474121,9.486989053284942,3.2576940596473305,0.25965524997395617,0.013295931338389752,5.302988052368164,shoulder press_1.mp4,135
27.528655680804096,41.67496222479745,125.270282480869,127.59930082809022,5.10805082321167,9.822137568740803,5.933420471811541,0.40883141581672444,0.018420707755709774,6.8707427978515625,shoulder press_1.mp4,138
34.3892955830798,43.47831257655562,132.18925311949934,132.35747780784246,4.722262859344482,9.442558726979165,2.8437908594703902,0.23344795630148396,0.0012717956313685796,5.188702583312988,shoulder press_1.mp4,141
45.49495374522304,47.32745849517062,149.16879592366914,137.80718063991344,5.48255729675293,15.341027815612462,0.9112973459104368,0.039484100999265366,0.07918164732676437,6.322351455688477,shoulder press_1.mp4,144
81.19450327409794,81.55269700153612,174.36410088267584,173.76196623015034,5.175089359283447,15.434360213319179,3.7737134931165706,0.004401841958958784,0.003459290811051835,5.904651641845703,shoulder press_1.mp4,147
118.00768250854915,114.13125654766783,143.6665503091357,143.33097684572027,5.210251808166504,14.574966209603312,8.710841984409429,0.03339746426550668,0.00233851118329914,5.980348110198975,shoulder press_1.mp4,150
135.66983536439454,133.71594731650632,124.81018666186772,124.55761686276024,4.860164165496826,14.15514958950327,9.563845042683507,0.014506244750137334,0.002025680906176264,6.937378406524658,shoulder press_1.mp4,153
155.92909523098422,151.4931762412254,103.07929786791938,115.90543487298066,5.42780876159668,7.944459287846468,7.292481443464108,0.02885880042793072,0.11714183764798806,2.5622551441192627,shoulder press_1.mp4,156
171.05319104614506,162.48915414482764,96.27311954732353,103.96438609018418,5.753935813903809,1.2271001615154766,5.413166495772439,0.05135202186345488,0.07682143780580483,5.893449783325195,shoulder press_1.mp4,159
169.3772693383381,166.89516143356934,92.72533005644793,107.0588696442889,6.3940043449401855,1.652360602121399,2.86332255141109,0.014762482306807717,0.14349022204270048,3.6027486324310303,shoulder press_1.mp4,162
162.72503965224394,157.29906377989906,98.33288684660909,109.96408000988855,6.591012477874756,5.078734413674739,7.5514308972246225,0.03390979500702132,0.11167894894304974,2.8305885791778564,shoulder press_1.mp4,165
154.723134624869,146.5640476782433,108.0501753061482,117.23434123717702,7.137074947357178,8.872798697306948,6.999247487225688,0.05416152711347138,0.08153392937914201,7.075085639953613,shoulder press_1.mp4,168
141.417614370939,136.24501609941277,118.34517383441373,122.94834617085768,6.146008491516113,11.840955393882615,11.93578202403153,0.03725815218824375,0.0381541314192224,6.819947242736816,shoulder press_1.mp4,171
132.12846399036547,126.0065046865811,126.93187432124202,135.09769971690767,6.135191440582275,13.08396039617827,7.657046551059631,0.04743223543220099,0.06232750959994128,7.869237899780273,shoulder press_1.mp4,174
118.60942829680548,114.2773630226521,139.72580894837049,147.05072264330977,5.909167289733887,13.41927371078641,9.197634902875379,0.03720318571619598,0.05108447092434106,9.203375816345215,shoulder press_1.mp4,177
101.6831765183335,101.3510916515281,155.1013923252787,162.6602727849503,5.359197616577148,14.668289591068815,6.993564527451607,0.003271219876317384,0.0475757858145002,5.228699684143066,shoulder press_1.mp4,180
68.8281474974592,85.8300242119852,170.67580246086834,179.59651699655177,5.729234218597412,16.03411642189545,2.9207454918358073,0.21986392993791953,0.0509358806856438,7.420986652374268,shoulder press_1.mp4,183
50.91785219180193,65.28631138787814,150.5593405005161,160.14578174665078,5.057591915130615,13.430627074510136,3.2813934081475824,0.24729680509638371,0.06170764856917061,7.516488075256348,shoulder press_1.mp4,186
36.990212700361376,48.67076644100394,136.10774462380823,140.5196045891819,4.901853084564209,13.371203814487739,0.4014886264337536,0.27271585867274023,0.03189749659912877,6.398464679718018,shoulder press_1.mp4,189
31.163919928309234,44.76752571222728,126.28619989387208,135.66504617160084,4.641498565673828,8.73226535254638,2.6272021586327527,0.3583128351939522,0.07160757139811107,4.937016487121582,shoulder press_1.mp4,192
26.17525595226622,43.64224395334603,120.79053895878913,130.45405249439548,4.749512672424316,8.238806677782994,6.554562062939738,0.5003613141316662,0.07692514676406076,5.523477554321289,shoulder press_1.mp4,195
24.828471521717642,40.75449063454624,121.22752860643202,125.46138760621474,5.119558811187744,7.733003262774278,6.757933236546404,0.4856755044056054,0.03432549029590874,6.536785125732422,shoulder press_1.mp4,198
31.037694818833334,44.86552501068392,127.48748753772892,132.1684183754493,5.036473274230957,8.27483722904485,4.010869853414805,0.3643542453906077,0.036054876712764285,5.644519805908203,shoulder press_1.mp4,201
47.42173834537404,49.76126843607858,152.1565717855121,137.99703858512544,5.65484619140625,15.74542538792016,0.9654969026530079,0.04814689662701487,0.0976002551358883,6.961914539337158,shoulder press_1.mp4,204
82.59564805528893,72.18616038752043,174.16060967426478,164.08617283421327,5.8918938636779785,14.244088136374277,2.681636955499768,0.13450531134755056,0.0595685597677429,5.350617408752441,shoulder press_1.mp4,207
114.89162002413318,104.65167112831342,141.70970072081434,157.711286058563,5.311783313751221,14.69077215416097,8.485352113378712,0.09328409756515245,0.10688352549942742,6.973255157470703,shoulder press_1.mp4,210
131.16646947658938,118.87736778965176,129.06507534393756,138.37298640578481,5.519357204437256,14.047355063685085,9.157296034438014,0.09829557745790361,0.06960797577539961,6.388366222381592,shoulder press_1.mp4,213
146.01471240260202,139.12903568501852,111.65090744228002,124.25771049051271,7.36873722076416,12.40438025359044,9.603572961320403,0.04829617877834463,0.10687869869869872,5.560837745666504,shoulder press_1.mp4,216
164.68863888497393,155.93019212562612,96.9750456641792,112.64863529279859,6.281682968139648,3.7309673063623974,7.7208646310087925,0.054634637221656145,0.14954025763755344,2.1245920658111572,shoulder press_1.mp4,219
172.71589301693908,167.4543088520247,94.2419476547764,104.76418857406391,5.614412784576416,0.022005694187015486,0.9773402927935112,0.03093500921601114,0.10574790424741295,2.220060348510742,shoulder press_1.mp4,222
166.01769919199154,162.43515149838177,90.8113731768053,114.22871028004106,5.905449867248535,3.0903034914596192,4.37651260028268,0.021814684732250796,0.22841716320471814,0.8820139765739441,shoulder press_1.mp4,225
157.53695234297268,155.27293018951664,97.66413320015111,116.82296872507384,6.878758907318115,8.094839626623923,6.178489016646331,0.014475387638821748,0.1786479033280232,2.20876145362854,shoulder press_1.mp4,228
140.7607281169292,136.20349716013163,117.54388381999418,125.95642241709392,5.546152114868164,11.553670723578712,9.741281636104937,0.03290844478010641,0.06909673936022678,5.606227874755859,shoulder press_1.mp4,231
130.01081809954346,121.15161042383095,129.30014691334517,136.11351306387226,5.3470282554626465,13.854226806100185,10.754410433899578,0.07054564432902855,0.051341488234719596,6.663367748260498,shoulder press_1.mp4,234
114.35679668281392,115.86902549794627,143.84892730633086,145.614677114849,5.011357307434082,13.139197642749776,8.980025837898644,0.013136917490906213,0.012200150772315461,3.9202661514282227,shoulder press_1.mp4,237
91.21597775604687,96.88809833727068,162.9837311078172,169.4563138190232,5.761916160583496,14.249920918239024,7.11372429235657,0.060308321850611,0.038939849816410736,5.803985595703125,shoulder press_1.mp4,240
60.2757140481346,71.9083876287494,161.64614810991594,164.93545122022604,5.564362049102783,15.076938282615886,1.3542835389515702,0.17600715113304863,0.020143836131961235,8.806994438171387,shoulder press_1.mp4,243
41.894955510001296,55.288017361602215,139.69995087603928,151.19504204853496,4.928853988647461,14.182095079872154,1.6737663558747886,0.2756256874194537,0.07903258187380505,9.995758056640625,shoulder press_1.mp4,246
30.372913993415153,43.874041600702455,127.21176596499078,135.24162097160672,5.089280605316162,10.203765454991403,1.827465866549954,0.3636816486077433,0.06119071352320379,10.23475170135498,shoulder press_1.mp4,249
25.479036066201115,43.19668790568107,123.33754434686465,127.43403055748085,4.904080867767334,8.527693940735254,6.283135509445209,0.5159800527689834,0.03267105701416736,9.543779373168945,shoulder press_1.mp4,252
23.901517967405567,42.01091203322415,118.83035169055911,125.5153255951009,5.0215020179748535,6.037843857465416,7.383894024974387,0.5494986018766285,0.05471734944364506,9.221883773803711,shoulder press_1.mp4,255
27.19617901752542,43.79200248182044,123.80418911239865,130.2608624453105,5.015528678894043,9.178407812969112,5.5927441174594,0.4675658148658998,0.050826930294623845,12.00771713256836,shoulder press_1.mp4,258
40.56741501972262,46.52635176953022,140.74231088462665,140.07557182421777,5.036871433258057,14.939447291477324,0.33398773814887384,0.1368395688804431,0.004748551295788779,10.399212837219238,shoulder press_1.mp4,261
65.87025151499437,64.45310597241995,168.78567016550969,158.4882482013511,5.438318252563477,16.633393819270353,3.2439798451138433,0.021748143539215902,0.06292846075571225,9.815296173095703,shoulder press_1.mp4,264
106.91155935143027,104.98291143696697,154.5399202921403,152.12059646449205,5.143581390380859,14.471616682017611,8.120361122056343,0.0182038531471573,0.0157785152991719,7.419984817504883,shoulder press_1.mp4,267
127.7585673001952,113.20715816923824,131.02229849519216,146.48624430339316,5.258754730224609,13.73872984660494,10.477912258675653,0.12077575848273746,0.11144843075641588,9.613443374633789,shoulder press_1.mp4,270
144.6533996204989,139.3935261533682,113.87507834364628,122.46148949627968,6.2129411697387695,13.219889928585758,9.348242180216674,0.03703524305218591,0.0726625695812685,8.929790496826172,shoulder press_1.mp4,273
162.8791893297862,159.22009653412684,95.69610798542737,111.79747721828674,6.016612529754639,4.359110260968566,7.398444052521319,0.022720278847220512,0.1551987182355665,4.6991658210754395,shoulder press_1.mp4,276
167.92716322674224,162.0709907978939,95.34511909617592,110.13748520406732,5.967234134674072,2.213672045348031,3.548164069573408,0.03549215265253359,0.1439768213787807,5.889758586883545,shoulder press_1.mp4,279
164.08662122586196,162.27939470258937,95.34141641214701,110.35442682812584,6.440418720245361,3.82323992193032,4.919038182407423,0.011074845021050137,0.14597291009368782,4.512109279632568,shoulder press_1.mp4,282
156.44348726838734,148.49868491453563,103.71545647110908,118.75227693279884,6.011064052581787,6.372217679782642,7.793274370382369,0.05210694406076399,0.13518203500000794,3.099602699279785,shoulder press_1.mp4,285
139.8308458280076,136.35634084741594,115.77012595395054,125.57442215443604,6.058265209197998,13.809826391979085,10.814876067494865,0.025160508149676877,0.08124729791768437,6.098822593688965,shoulder press_1.mp4,288
124.39183241181742,115.2303297918886,135.00319635216164,141.6257578579086,5.7259321212768555,14.24431911795603,10.169113143423962,0.07646623781101274,0.04788046518599671,7.717905044555664,shoulder press_1.mp4,291
115.05786075096023,110.66596471585919,146.94533563658797,148.12776528559118,5.96590518951416,12.259715170041792,8.857775574891274,0.038913889803330784,0.00801448620906355,9.577519416809082,shoulder press_1.mp4,294
83.63828724071416,90.55092946702402,176.11334641727734,169.59251073883797,5.443366050720215,14.528007185406814,7.818793847363863,0.0793693473908683,0.03772476250232962,8.93142032623291,shoulder press_1.mp4,297
60.311643091140596,71.64082535732706,158.63792401305264,168.05689061487868,5.935309886932373,13.920825859940186,3.583925944062756,0.1717161095870053,0.05766217387045574,12.79671573638916,shoulder press_1.mp4,300
43.741851829697225,56.31020339617915,141.99935308980005,153.71921057298886,5.255655288696289,14.166414792788075,2.933074937437819,0.2512362497323569,0.07926358993514579,10.789102554321289,shoulder press_1.mp4,303
33.939897802568574,43.8381975133331,133.03874710063462,133.9372159985282,5.181770324707031,10.385031831481076,0.5683920137015693,0.2545266677092522,0.006730710041936225,9.236542701721191,shoulder press_1.mp4,306
26.174636593331137,42.71490346522677,120.54889554918338,128.76441138122138,4.876057147979736,7.548201288231121,6.604121051699228,0.48019675723879046,0.06590515310385206,10.791699409484863,shoulder press_1.mp4,309
16.54003945197618,40.84465878069258,115.66946726840035,123.33800217531503,4.908836841583252,10.379947541698835,9.568938571519821,0.8470766624988515,0.06416983473163428,10.148356437683105,shoulder press_1.mp4,312
26.188445064236305,39.97963163701182,122.13510922972603,123.38709780994611,4.892967224121094,7.57693059306751,7.679580947650506,0.41685317936754757,0.010198577108894972,9.787050247192383,shoulder press_1.mp4,315
34.26244203411608,41.78884387986318,133.50419783340513,128.99000723902304,5.185956954956055,10.51234844929095,3.408419171732724,0.1979296406443444,0.03439459239213694,10.678742408752441,shoulder press_1.mp4,318
48.24383167915644,53.23285582703733,149.15722344904566,146.30210502885964,5.11206579208374,15.550596747206225,0.4658166659199593,0.09832847859911427,0.019326642586609176,9.382107734680176,shoulder press_1.mp4,321
80.72648356583922,90.85165440472355,175.4642561110307,174.02617261119215,5.376202583312988,16.89211314753588,4.350946875629379,0.11802402052668833,0.00822960162369161,8.896336555480957,shoulder press_1.mp4,324
110.545689646419,114.60948513981445,144.77904168043514,149.50607298940653,5.179314136505127,14.314039536005136,7.383325942123895,0.03609773124027631,0.032125520954565744,4.165882587432861,shoulder press_1.mp4,327
126.41764896365989,118.34639614660425,135.55347125052427,138.75462113401943,5.695568084716797,14.016241139873133,10.121242491700482,0.06595129454916146,0.023339813679339606,11.427474975585938,shoulder press_1.mp4,330
146.05859140186774,135.6073880969626,112.51490643970992,125.74048277764346,6.4187445640563965,12.211239531155112,10.42266228009475,0.07420990865493243,0.11102016522168355,7.49219274520874,shoulder press_1.mp4,333
155.86001021178046,152.7659462249931,97.55019063383405,118.78109101472587,6.338074207305908,9.65036158128167,8.774674602750375,0.020050575282194314,0.19628137196896375,3.5032224655151367,shoulder press_1.mp4,336
168.62498946220597,162.2857126524067,98.05444439241526,104.38637751257578,6.201594829559326,2.7999921773067036,5.114535909276292,0.03831412383636747,0.0625558922412615,6.589387893676758,shoulder press_1.mp4,339
171.7814973003604,166.5738089242883,93.75009864732273,104.92215382306216,5.447909355163574,0.7267534581170975,2.704441179439504,0.03078236563912191,0.11246719193869104,4.151078701019287,shoulder press_1.mp4,342
164.2549025448159,162.14856560518098,92.95279878163642,113.4703708188743,6.80127477645874,4.077756266367834,4.38756612668896,0.012906339210017053,0.19879136704416847,2.9734814167022705,shoulder press_1.mp4,345
153.97695878598157,150.16600609642632,105.21586730511329,117.49022028533237,6.6735382080078125,7.639732294344685,7.356659285833761,0.02506027184307022,0.11022916448329417,5.491251468658447,shoulder press_1.mp4,348
138.91613944543053,135.83686337636672,119.70544106390828,124.99005420460266,6.218582630157471,13.238322694828147,10.021549374978031,0.022414867444131296,0.04319338314663641,8.465351104736328,shoulder press_1.mp4,351
128.13672276207896,118.40550494973981,130.17450973059638,142.36849081435022,6.02508020401001,14.189899324987886,8.179773580891805,0.07894159067722788,0.08948298844125231,13.370412826538086,shoulder press_1.mp4,354
117.52299636619149,113.21228786110166,139.04711801550968,151.45231610388865,6.558915615081787,13.456797444065938,7.183729228306821,0.03736497016072699,0.08540600518540288,9.609040260314941,shoulder press_1.mp4,357
86.73301003019326,93.88948592088717,171.55277747677127,171.9995512731304,5.604498386383057,13.375091429882175,4.38735203780781,0.07924235409339225,0.0026009068137295625,7.45290994644165,shoulder press_1.mp4,360
56.44701807817366,66.39531792571871,158.93970829770353,157.9781325943141,5.726304054260254,15.215455460421841,1.3392920896617353,0.161968587885366,0.006068296443538266,10.442378997802734,shoulder press_1.mp4,363
39.869747101323206,53.1458596832405,137.36040953067723,147.87476219901671,5.6740946769714355,13.8399310375449,0.2534095395003752,0.28545989304067015,0.07372409653816128,10.456814765930176,shoulder press_1.mp4,366
30.750340627662517,45.72489887917541,126.10402153817391,135.62987281816342,5.396803379058838,8.61912170236717,2.9001176645883864,0.3916184728044942,0.07279035299127556,9.36637020111084,shoulder press_1.mp4,369
23.165960168087253,42.810440778396135,119.61901218866045,127.21763664889953,5.328944683074951,8.087401600125856,6.864546575619181,0.5955002191236064,0.06156804101841163,10.89483642578125,shoulder press_1.mp4,372
22.732789887078344,40.30738257884037,116.60294311001113,125.16401800918285,5.213258266448975,7.009232197387185,7.63064213206776,0.5575680396897182,0.07082088354455526,7.596158504486084,shoulder press_1.mp4,375
27.873246258485203,41.164490242459046,122.85023647753475,127.64606581670091,5.5342254638671875,8.75292998161093,6.4903647650891125,0.38504286662967446,0.038290619823464926,9.239755630493164,shoulder press_1.mp4,378
41.060719377895865,47.631457309984654,139.78125798713805,140.78159930449957,5.982445240020752,14.314224577420044,0.6352467203838185,0.14816950440199667,0.007130960434450446,9.745312690734863,shoulder press_1.mp4,381
62.93586070109725,63.19386431098106,165.3837539644985,156.38346140159692,5.221346855163574,15.942360620044882,1.8953914871214552,0.004091083364513929,0.05594288126999747,7.448473930358887,shoulder press_1.mp4,384
99.26527750917502,101.68232037663134,163.81204217645603,156.79555215037564,4.807823657989502,14.324381551556069,5.432068376711158,0.02405644947126826,0.04376995523647944,4.656709671020508,shoulder press_1.mp4,387
120.84733720245217,105.65950770952358,134.2965114831165,155.23293911160744,6.478609561920166,16.116983113203933,9.675035751390277,0.13410481699862822,0.14462382037810195,6.2168426513671875,shoulder press_1.mp4,390
134.41153981416326,120.53043777695572,119.96324829187526,141.0097219801531,5.9866623878479,15.534221746812015,11.018031402224663,0.1088961666365539,0.16129236423480786,5.475233554840088,shoulder press_1.mp4,393
147.54526104301993,140.23299009498515,109.8200089334885,121.20013562707072,6.475523948669434,11.879861070028404,11.44704777210302,0.05081878786265995,0.09852064386185214,4.256066799163818,shoulder press_1.mp4,396
161.24796745595742,155.10882358759312,99.4598153401756,111.95715964370875,6.923689365386963,6.675553489836783,7.365223655139537,0.03881151941207527,0.11822460617919434,4.570079803466797,shoulder press_1.mp4,399
169.69104982822938,165.38767919576645,89.57341792837512,111.70171939890159,5.758528709411621,1.8420026530212656,2.5206712710188754,0.02568572851519175,0.21988112157683423,1.9617512226104736,shoulder press_1.mp4,402
169.70969194100334,164.38953378366827,95.96711882952305,105.90539578524547,6.473038196563721,2.162137394344833,2.6955336443782225,0.03184777304284668,0.09846092198026613,5.10256814956665,shoulder press_1.mp4,405
163.2931692113948,158.01729313635374,98.10497455636663,111.27464859609961,6.913153171539307,4.745382456433526,5.965819242973149,0.032839740333951956,0.12579709373288037,4.2401509284973145,shoulder press_1.mp4,408
149.65715562374626,141.31046908353352,110.11766596796193,124.22635501507747,7.4188313484191895,9.66961474947787,8.084009611395665,0.057371926162642355,0.12041006199289088,5.076939105987549,shoulder press_1.mp4,411
131.87369617566316,130.71500303599495,128.38762749011076,128.05014834773007,5.753556728363037,14.397066757403037,9.031290158034377,0.008825156171204794,0.00263205482326514,5.730846405029297,shoulder press_1.mp4,414
121.54907289709352,111.78714221859722,135.4394550135118,147.2946135509671,6.009495735168457,15.585625778062463,9.514658994084957,0.08367265813115399,0.08386084208137572,7.104076862335205,shoulder press_1.mp4,417
108.47666134087783,112.97839440152374,148.76201532857777,152.52289688797546,5.667258262634277,12.354465617961775,6.421705683862586,0.0406559520219974,0.024965614983696864,5.538428783416748,shoulder press_1.mp4,420
77.42048197850335,90.19238224441852,179.1611652670812,174.38919431251583,5.725063323974609,17.96038964010403,4.118122811959947,0.15239761369304922,0.026994575597319007,5.874701023101807,shoulder press_1.mp4,423
59.55185194782027,67.31972582389507,162.6923398671216,159.7886870033962,5.909153461456299,15.002852503938238,2.2626100040101558,0.12245254630712989,0.018008208990796033,6.390068054199219,shoulder press_1.mp4,426
43.40974703221894,54.2985447165706,143.29790761086684,146.48402387131694,4.925831317901611,12.370655017794684,0.9211525055571298,0.2228838001251119,0.02198975101141514,7.109816551208496,shoulder press_1.mp4,429
31.866064038927817,45.63440498895748,131.48898136304706,133.95242247670134,5.374502658843994,11.572231029844021,2.9561268696041942,0.35530987419123106,0.01856109166105455,4.089705467224121,shoulder press_1.mp4,432
25.60160513464569,41.88826058522145,119.53838026750388,128.751991181371,5.110872268676758,7.360240583501103,6.20473321605615,0.4826400312656548,0.07421641733509017,5.012728691101074,shoulder press_1.mp4,435
2.2631293292271892,18.22600846038301,108.25594487901303,95.58752583406918,3.4689111709594727,7.081645462720427,3.9986404462110112,1.5581796847742815,0.12429555875032318,6.6208672523498535,shoulder press_10.mp4,0
1.4472624040782176,19.498720160469073,105.50148685370507,100.19087528256387,3.42983341217041,7.465040419393493,3.481701153814253,1.7236200498843495,0.051636448879156596,5.701456546783447,shoulder press_10.mp4,3
3.7293540680225012,20.479927974161022,103.94686604522587,103.98617385856654,3.4372730255126953,6.693544452157155,2.939734315707103,1.3838141814326785,0.00037808145698112726,7.23525333404541,shoulder press_10.mp4,6
4.401352471382289,18.652044260614517,105.17676670723799,103.42144453132391,3.4131112098693848,6.362836070787387,0.7975052282852471,1.2363203526925883,0.01682969537937803,7.839439868927002,shoulder press_10.mp4,9
5.672018931836071,18.147194225539774,107.13978103615838,102.32650009864122,3.141028881072998,6.130821332744041,0.00459794679057869,1.047488446514082,0.04595757285077909,7.003350734710693,shoulder press_10.mp4,12
6.0622006415194605,18.541722987814964,107.08299646363699,102.74007437772511,2.857117176055908,6.155866534789071,0.11386909104040238,1.014433513475598,0.04139603970619008,6.029995441436768,shoulder press_10.mp4,15
6.936244864172962,18.04775410621819,103.76324351285345,107.807217994942,2.3401708602905273,5.4965366951623755,0.8405613737692813,0.8894900496284533,0.038228157685798125,2.917752981185913,shoulder press_10.mp4,18
7.6847734001463035,21.940153141517783,104.5427501121819,111.91528461624002,3.082885265350342,4.615070910528033,2.519526409740568,0.9623908920970933,0.06811975830149272,3.6034860610961914,shoulder press_10.mp4,21
9.331951104135795,25.09736201510931,106.4818437168371,118.37154009608903,3.1431047916412354,5.815385827254384,4.996814301131416,0.9158132697199267,0.10575510297095583,3.143933057785034,shoulder press_10.mp4,24
14.02692283098334,34.45058256969379,114.68529501851799,126.12829598522242,3.172837257385254,7.598439691697674,6.184544599579599,0.8426035774697754,0.09503617232738906,4.999895095825195,shoulder press_10.mp4,27
25.555355691044888,45.67770748660234,127.77267225207153,139.41783125309436,2.483912944793701,8.639714691276765,9.68820614821941,0.5649722445706027,0.08716746177917722,0.8546231985092163,shoulder press_10.mp4,30
32.3914647542083,56.792047100861446,130.59705122295028,154.83846394607554,2.307790756225586,8.521665109182361,10.195383309266418,0.5471994057894024,0.1698556166619298,3.7638020515441895,shoulder press_10.mp4,33
61.80567971530335,76.36352157369981,159.38811282068974,175.93432125220085,2.629850387573242,8.56096011744271,11.942950048235991,0.2107248463852142,0.09868834739470117,2.992293119430542,shoulder press_10.mp4,36
92.93280863099831,93.35802243651715,168.3861059924376,170.642494707758,2.417691707611084,6.960940875118363,11.349263812271133,0.004565053503516026,0.013310904806616865,2.360835552215576,shoulder press_10.mp4,39
121.51342566714399,114.11460335754417,138.43700197141624,152.97039248095209,2.377452850341797,5.857433444439336,10.616663666933214,0.06280086745388516,0.09974620264422555,3.464907646179199,shoulder press_10.mp4,42
163.37128895490068,149.6007684803843,106.58475207070204,117.7923776998944,0.5915396809577942,3.913264665687648,6.373974053016093,0.08799840207692533,0.09989989301183289,1.8273403644561768,shoulder press_10.mp4,54
166.73808420169988,155.55150623280582,103.09809013157108,116.32255179036886,1.9376349449157715,6.32376292227373,3.2531454382497285,0.06941941844173427,0.12053981378381394,1.8110896348953247,shoulder press_10.mp4,57
166.2690259985655,158.10474108482111,105.0386524499844,111.55730685229929,1.862654209136963,4.6048299106007695,2.840152200834213,0.05033874956753573,0.060191837588413996,0.11019385606050491,shoulder press_10.mp4,60
167.88626437500878,161.6464192503691,102.85022723002487,110.65010466336645,1.814864993095398,5.662784487319721,1.4926825688909846,0.03787087250946749,0.07306665394071937,1.0956929922103882,shoulder press_10.mp4,63
167.51188691588624,162.03401877700765,102.98146864924512,110.00008969038933,1.9951050281524658,5.215279933602261,1.5304835055994153,0.03324494733054553,0.06590825136091698,0.1536031812429428,shoulder press_10.mp4,66
169.1929967830014,159.06036247493208,104.05629427581462,109.37376837103722,2.047969341278076,5.416581452328641,2.964668790231149,0.06173666786518612,0.0498287263685159,0.08327553421258926,shoulder press_10.mp4,69
160.9477324557212,151.86238573567525,107.41819238875381,117.23436044161197,1.7031400203704834,2.7820253313746752,5.1196273531527625,0.05808857317388291,0.08738977527017294,1.453609585762024,shoulder press_10.mp4,72
160.8284700453509,148.18714903949748,110.30122942231951,117.1162312498743,1.2533838748931885,2.0551939622028623,6.113727083518011,0.08181671232859217,0.059933848592022915,0.6205425262451172,shoulder press_10.mp4,75
149.80564883629157,136.77901046748036,116.27863084133297,129.9720910645863,1.9586684703826904,0.9537604497736574,8.014695462402655,0.09090953019228656,0.11121559455557616,3.54897141456604,shoulder press_10.mp4,78
139.17222086850987,129.59352942046047,128.0442592312702,134.13417238602688,1.8122401237487793,4.497020647952345,7.3446563363658655,0.07127910783089454,0.046456248267181324,1.693665623664856,shoulder press_10.mp4,81
20.832609189024684,41.20014749443174,117.16039030238505,135.42176570828812,1.448944330215454,3.2954926873476045,8.76246639162293,0.6566704236388996,0.14459750992965165,0.8973566293716431,shoulder press_10.mp4,108
16.48181905546489,28.709077558320896,115.3653662188133,118.92032981354943,1.190589427947998,2.187008385994603,7.130002185203707,0.5411381237842491,0.030347252563340976,0.21892082691192627,shoulder press_10.mp4,117
14.037556804050139,27.541812424253152,112.82212838492062,117.37958709485541,1.1271361112594604,2.832726938974866,6.049931167923462,0.6495651988395531,0.039595349673536034,1.5516408681869507,shoulder press_10.mp4,120
11.718285193664531,27.05821728543905,110.36554061311415,118.95691041711109,1.47129487991333,4.5351235447092355,6.137707511746827,0.7911973030595584,0.07492829215282178,1.479151725769043,shoulder press_10.mp4,123
13.135890697575839,27.736917749812097,109.63000651516539,118.35020674664652,1.7327629327774048,3.03144913723576,4.539990051924207,0.7144616485569328,0.07649962342536168,1.0857839584350586,shoulder press_10.mp4,126
14.267211795607926,27.098856794174473,110.77388484159407,119.79550972772331,0.9621976017951965,3.6458874728791892,6.075417344950841,0.6203947068702593,0.07825518129134891,0.807324230670929,shoulder press_10.mp4,129
17.80088791661835,32.33624078529283,113.3829008035237,126.9873879276755,1.9417592287063599,3.732223811364738,7.673938831828891,0.5798239047590455,0.11319607923228316,1.1878687143325806,shoulder press_10.mp4,132
18.98453613349486,38.81686176884766,116.51640021016823,132.05540076425322,2.5153696537017822,4.155370623921463,7.827946544647801,0.6862230449464287,0.1250262539288114,2.5920584201812744,shoulder press_10.mp4,135
22.221770623373335,43.21778286492199,123.02728793427083,136.57442245704036,2.4255316257476807,8.12399786343151,8.147996655948576,0.641691794101378,0.1043686076054678,1.5400989055633545,shoulder press_10.mp4,138
25.26351339368778,50.85620119150541,121.73678534532546,148.82363590156638,2.64489483833313,6.809501147912762,9.677427961478223,0.6724325738025276,0.2002277379034949,2.43377947807312,shoulder press_10.mp4,141
43.148770767725146,61.10961694751871,141.15801810713492,157.7757643050552,2.4065475463867188,7.073544120185346,10.74364406750984,0.3445448672935399,0.11118011530062934,1.7881674766540527,shoulder press_10.mp4,144
69.48090433936014,80.12262007252512,167.7353721236525,175.8617527253175,2.5233314037323,7.506782928429758,10.541004043783053,0.1422655752930852,0.047301796283871704,4.192713737487793,shoulder press_10.mp4,147
97.8149163312018,100.0735044721359,158.66510108453193,170.3565103273947,2.824899435043335,6.822564360053264,10.813673594827652,0.022826885289854208,0.07106772830326587,4.685546875,shoulder press_10.mp4,150
116.32704405953348,119.87481441844693,148.20587671037524,145.64102683536032,3.6630477905273438,5.499892236002244,8.031265934036547,0.030040156176368016,0.017457048851397615,5.469767093658447,shoulder press_10.mp4,153
133.37722876271792,131.89076434084473,124.95948773451315,140.97933095981526,3.7981438636779785,5.4584229085190294,6.303485927169329,0.011207265561758648,0.12047765951547984,4.985807418823242,shoulder press_10.mp4,156
148.51113135870204,145.72880562938263,114.2911299337494,128.32585058065175,2.5394954681396484,0.5194327637076015,3.9026784209907617,0.01891195163919629,0.11569446307629137,0.14716659486293793,shoulder press_10.mp4,159
164.25081287409,154.46862633110396,102.9854403415617,120.80918168630849,2.658428907394409,7.601666978272384,2.8399248196171207,0.061384310711517,0.159286592173132,0.8129721283912659,shoulder press_10.mp4,162
163.31137845288322,161.0898346601372,102.16204820599201,115.68630696438996,2.437671661376953,7.368461890065066,2.867227504662517,0.013696273028251837,0.12416213790386853,0.13287903368473053,shoulder press_10.mp4,165
165.6426746179919,156.95344358719228,95.13541459944354,123.37234617251985,2.326697826385498,5.861226177367563,3.213687241160789,0.053870648407944664,0.2584524364106649,1.305765986442566,shoulder press_10.mp4,168
157.7415600074734,153.5891287477148,107.7443445921658,119.37809071390532,2.739976644515991,1.7795035886634245,3.171828605054251,0.026675373869254653,0.10244471098649358,0.6455525159835815,shoulder press_10.mp4,171
151.83406226160923,145.60759668114906,117.04966295674882,121.15623954244194,3.2716541290283203,0.3201154869696972,5.475002187020494,0.04186680240146479,0.034479217707101696,7.37537956237793,shoulder press_10.mp4,174
139.135121415762,137.23651666316775,125.99891876928116,129.34030078435592,3.2920336723327637,4.507554295221401,5.673520042010865,0.013739505007037115,0.02617210173130383,3.9606189727783203,shoulder press_10.mp4,177
118.42092752704451,124.81149273477968,145.12045372289245,142.5278095040638,2.5887787342071533,6.997024916928797,5.580229057065001,0.05254698531434361,0.018026489642199064,5.680474758148193,shoulder press_10.mp4,180
109.8706664700459,110.0516011800484,152.46154085004375,153.7501335097132,3.2353172302246094,7.841152423225186,10.047215489119495,0.001645442382309046,0.008416352265887427,6.843864917755127,shoulder press_10.mp4,183
90.95045651634359,92.20196213077249,168.80234699989208,173.34536190414084,2.418980836868286,8.074148248376272,10.934616234407688,0.013666274501569075,0.02655586921099629,5.339531898498535,shoulder press_10.mp4,186
51.464778323168474,75.44811712399245,149.58160705761478,169.16078773868105,2.5361974239349365,5.800856013594897,8.974790370530028,0.37794959631677816,0.12285269233532038,3.9958927631378174,shoulder press_10.mp4,189
39.15960888915785,60.611660368183955,135.09331672085082,158.00062175448977,2.2846970558166504,6.4878713682760205,9.175188052360738,0.43002462810600206,0.1563137412721775,4.0678629875183105,shoulder press_10.mp4,192
26.224312371781092,49.99092526737352,125.64245815648384,144.50075335629643,2.5770528316497803,7.102147063402128,9.568600863698693,0.6236708992004149,0.139617020869839,3.6512606143951416,shoulder press_10.mp4,195
19.965813781608478,44.3731989165661,120.11823484441075,135.83961334795987,3.3402044773101807,6.112003042048038,7.7690628159203525,0.7587118331907542,0.12284349641612378,2.9664695262908936,shoulder press_10.mp4,198
17.26574624339465,36.17929670147357,115.96521025029139,129.12859561783077,2.635464906692505,4.5294213666991,8.2082698253873,0.7077756669627672,0.10741507987861766,4.592537879943848,shoulder press_10.mp4,201
13.733563534458655,28.282149913514818,117.75169646978563,114.80078743928317,3.3502323627471924,5.057648781071965,6.373310659947754,0.6925307312499237,0.025378434845325534,4.041914463043213,shoulder press_10.mp4,204
12.172247030839781,26.27545923402547,114.07676053098854,111.79511775679059,3.0636146068573,4.081062771723598,3.902594973198295,0.733630875456082,0.020202982252540087,3.5373318195343018,shoulder press_10.mp4,207
11.698915504568092,22.93078130870408,111.37756056108134,110.05982480805977,2.4276797771453857,3.1083559859367527,3.662929523830748,0.6486840392914595,0.011901655638002325,2.8356666564941406,shoulder press_10.mp4,210
10.522744135891838,22.36450688460715,112.74000234449689,108.311304855473,2.582714080810547,5.142003355485525,3.2639259998931744,0.7201430573406218,0.04006940782320326,2.631765127182007,shoulder press_10.mp4,213
10.892040290261322,21.475111688822317,113.44065805769101,105.45358974467878,3.0428576469421387,2.868672885747225,3.301146143094298,0.6539389937922253,0.07297650251845275,0.8198387026786804,shoulder press_10.mp4,216
10.4535161315791,23.3858469983649,112.06471658039868,108.65647408040876,3.117605686187744,4.644712796438113,2.6713622632484295,0.7643365400894411,0.03088278465503142,1.7144381999969482,shoulder press_10.mp4,219
13.326178478751308,31.766882500705087,112.7012622327037,120.38751753216941,2.7826154232025146,5.723793647339395,3.6159785549478736,0.8178954198897714,0.0659513109744637,4.461653709411621,shoulder press_10.mp4,222
17.37267482392308,38.67314908807021,118.51262412920029,129.18909322644603,3.2816991806030273,6.738896488245182,6.473664276155073,0.7601092383830234,0.0862042396090184,4.464717864990234,shoulder press_10.mp4,225
23.757515053728167,50.772575549837065,124.96720954684857,144.42268605490972,3.131725311279297,9.63461397916189,8.516731767808388,0.7249437180965027,0.14444102637630013,6.097851753234863,shoulder press_10.mp4,228
42.90220458304147,55.65926704653689,145.90576234447474,150.8802647376047,1.6056782007217407,12.031624032760284,10.172653051219712,0.25886509713329037,0.033522483804496725,3.631861448287964,shoulder press_10.mp4,231
69.1859810091587,81.54676202251021,167.97721296498926,178.23286744264715,2.1765358448028564,10.037450033247975,9.36965215199311,0.1640092360125698,0.059245267876559926,6.58749532699585,shoulder press_10.mp4,234
106.81730997516854,105.72620973092526,153.19072994065073,159.32925968966333,3.0023066997528076,9.429446062648895,9.912341789020674,0.010267076086366289,0.039284077516282975,3.91265869140625,shoulder press_10.mp4,237
117.22433425670557,119.76650859725724,141.1979323916723,150.25867251863366,2.88739275932312,9.005450413421308,7.002168100868468,0.021453776947138774,0.0621755690165247,7.150007724761963,shoulder press_10.mp4,240
143.08294982548446,131.11843170677884,119.85149953302776,137.0490356200179,2.3415377140045166,4.871811574762958,7.520702787503704,0.08726810967798021,0.13388478211417415,4.919203758239746,shoulder press_10.mp4,243
150.7710307588261,143.18757813882294,110.82476622777473,130.5387330071257,3.162135362625122,0.7117742018096287,5.088333896241456,0.05159537697120874,0.16335499644181817,5.506680488586426,shoulder press_10.mp4,246
155.288561282733,152.13153142336273,111.5984696952054,118.94245262821116,2.2680037021636963,1.4532290145456,3.50322755010713,0.020538864792995253,0.06371088359491496,5.336857318878174,shoulder press_10.mp4,249
164.9546602491024,158.2429278161675,100.62776317467299,117.39797595238798,2.846848726272583,4.272386987647001,1.8116047660586614,0.04153330767789924,0.15383699965756473,3.892939567565918,shoulder press_10.mp4,252
164.26708961099405,155.14558859517433,97.86635986411726,120.93020692135512,2.4788455963134766,1.4476272791917473,3.457923478493181,0.057114207657919865,0.21082457916126,4.463072776794434,shoulder press_10.mp4,255
159.71828508429414,152.65543028416405,104.74486219757115,119.7818786813017,1.9022668600082397,0.42368073999345357,3.9932076150221074,0.0452205448323278,0.13394410327135767,1.5211325883865356,shoulder press_10.mp4,258
144.67346936624176,139.83003580085403,112.09945733613539,134.2058713756401,3.290395736694336,5.208378044318778,6.752300316792336,0.03404832262114353,0.17950414759701333,4.206510543823242,shoulder press_10.mp4,261
127.62305476620192,130.69046545331514,139.85258397712693,133.5485999858082,1.2992885112762451,4.498713923170393,6.264433567118704,0.02374951713333868,0.046115264754474104,3.8788962364196777,shoulder press_10.mp4,264
100.16880182093587,118.9933184885182,164.37603624841734,143.96949149176982,1.8770991563796997,8.474649288400233,8.136641010383313,0.17178622511045574,0.13236154197664987,5.223957538604736,shoulder press_10.mp4,267
91.81436026509853,101.56146607152334,168.53892465208142,163.58956757866926,3.5794456005096436,8.596073482589368,10.252943726543805,0.10080997186750108,0.029803869220431274,6.164428234100342,shoulder press_10.mp4,270
68.06184285245115,82.35036421927208,166.52566602344368,177.42503734737727,2.6677157878875732,6.892904465732357,9.645373738759695,0.18999151259056424,0.06337752019179758,4.555604934692383,shoulder press_10.mp4,273
45.20744191078176,67.62693453517838,148.62469990589508,158.9974608127158,3.26647686958313,8.003729864994616,9.82715494884955,0.3973876283197081,0.06743832032510107,1.3056131601333618,shoulder press_10.mp4,276
27.451445220070546,55.0798309695913,126.74419059355617,147.3030776880845,3.408676862716675,5.983993330317822,7.0366293945719045,0.6695252278912799,0.15003898578109373,3.782315969467163,shoulder press_10.mp4,279
21.921042382935237,45.62757815373702,122.93978810594851,135.22224299775294,3.7574963569641113,5.955834118057105,6.366239478776387,0.7019102857306009,0.09515306987084153,5.3382697105407715,shoulder press_10.mp4,282
17.59673248553257,38.920098035801416,118.67985022403282,126.58622496704749,4.115357875823975,4.6735078698696055,4.840084414192383,0.7545846203183563,0.06447181687769105,6.0589823722839355,shoulder press_10.mp4,285
14.245369919739748,32.867171001282976,117.22680759288642,118.47029333013639,4.235040664672852,4.458709598884339,4.759296004801845,0.7905241669202241,0.010551557336770842,5.193233966827393,shoulder press_10.mp4,288
11.976251194581513,28.944674186832067,110.78824007160189,117.34230144163897,3.4772756099700928,4.3399929052414805,3.8916402163366053,0.8293274325588769,0.057458868300250564,5.065218925476074,shoulder press_10.mp4,291
11.279606578730567,25.5372047853102,112.00340623437201,110.05066505165532,4.027180194854736,3.9813849677344026,1.979724960120614,0.7745156453448399,0.017587979102633714,5.638482570648193,shoulder press_10.mp4,294
9.168125830741038,22.70029906896371,116.36663996081153,104.3815280322231,3.881554365158081,6.4776874359322605,3.122095625296383,0.8492527183763037,0.10858628669540393,4.5141706466674805,shoulder press_10.mp4,297
11.366003057602141,23.68009458641419,112.68699407614444,109.55761153052438,3.5776166915893555,4.544692917164421,3.279424479829521,0.7027368156017519,0.028161606326305887,3.1353611946105957,shoulder press_10.mp4,300
12.623591343193825,27.83157323112847,113.52332239591381,115.05241899636125,3.6480085849761963,4.6566868447384815,4.000759751482511,0.7518437780667171,0.0133793428045652,3.768733024597168,shoulder press_10.mp4,303
16.692747654571637,31.61639264935757,118.6422460291404,117.59373552449321,2.9627084732055664,3.55938698126445,5.009969368982371,0.6178393944042976,0.008876806130476237,5.02275276184082,shoulder press_10.mp4,306
21.330683843316702,44.212916540267784,124.04762426045286,131.97705110890624,3.0729191303253174,6.001381508220014,6.159399456633307,0.6982293484958442,0.0619426767128116,6.050095081329346,shoulder press_10.mp4,309
34.01747131469431,56.59725625749771,132.2634355933862,151.3339781439579,2.837266445159912,7.886750867170625,7.057090393735529,0.4983689858762587,0.13449024304737864,4.733035564422607,shoulder press_10.mp4,312
52.558141512305376,73.07400164568443,149.8177378217957,168.84415558593506,3.158367395401001,7.369989784600248,8.747008214120193,0.3266020879318942,0.11941445248236746,5.583468437194824,shoulder press_10.mp4,315
95.73180532558344,95.11505736390957,163.37239883960913,173.8655338862269,2.8479909896850586,7.3535802372033245,7.9074989953290284,0.006463275874514241,0.062229862232896324,3.862914800643921,shoulder press_10.mp4,318
117.96345394769648,112.31496493435615,137.29011607748103,157.922132138753,3.0063388347625732,9.7846875165957,9.84023010660558,0.04905791033968711,0.1397775071050551,6.9485039710998535,shoulder press_10.mp4,321
133.59960366576007,128.07230833436495,129.11763004798078,140.01310303912143,3.124485969543457,5.4162059317338604,6.709865834186719,0.04224599643994257,0.08096788401802041,5.870541572570801,shoulder press_10.mp4,324
147.83627582788003,140.99912817038407,115.49765352958647,129.98427558878439,2.8196566104888916,1.8341882005964019,5.5053130810608595,0.04734286422544691,0.11802597536385251,3.298572540283203,shoulder press_10.mp4,327
153.94458051111008,154.75002932106892,114.40500733304222,117.61994179722397,2.142845392227173,2.821555856184945,1.2859916577461847,0.005218418361089796,0.027711972149829334,1.6829099655151367,shoulder press_10.mp4,330
163.06433313210553,161.8318746332805,100.55892670154603,117.6922091970452,2.0980658531188965,1.2418969713811596,2.7935713452990267,0.007586782913237372,0.1570052080137629,3.5449769496917725,shoulder press_10.mp4,333
160.1682778394284,159.54164446592247,108.09013217930827,116.09652999777292,1.9420292377471924,4.5657542735959025,0.4695561751956317,0.003920012047092173,0.07142617442727732,2.2617621421813965,shoulder press_10.mp4,336
158.08592006256788,151.96967032780108,110.31246683814761,118.09144226958894,2.122678279876709,1.1018632122355285,0.9216936386104,0.03945260091628254,0.06811595705021,0.5408157706260681,shoulder press_10.mp4,339
156.29908995751808,146.5292931780573,108.12838765768285,125.7353329811157,2.106045961380005,0.8984460093871915,3.2255206066342357,0.06452365315497446,0.15057440525909274,0.2286105751991272,shoulder press_10.mp4,342
144.31901438135185,135.45574283710138,118.5391235220651,134.49243474523809,2.9541330337524414,3.156581345835999,6.012837384457,0.06336005172425088,0.12609740328374275,0.2850639522075653,shoulder press_10.mp4,345
133.6266691923963,121.54746593458852,128.99628184235243,146.74503941337628,3.501220464706421,5.952809724184539,6.115297467942864,0.09467419769481482,0.12873484097483703,0.6669025421142578,shoulder press_10.mp4,348
116.29807598451512,116.14226536420051,143.25930302959972,152.49311997612475,3.683678388595581,7.58032508982453,8.032574926943642,0.0013406504173116673,0.06244288281855461,1.145288348197937,shoulder press_10.mp4,351
102.17913723021466,102.40846742534428,157.47322971841814,163.7602085591086,3.1166205406188965,7.451173001683784,10.662798443810109,0.0022418777082386532,0.03914274226494994,4.505468368530273,shoulder press_10.mp4,354
77.02165924377428,89.84720859389617,174.61413043579805,176.63494784238952,2.8037421703338623,4.464529576219257,9.046869528861304,0.15372009789865113,0.011506463826168385,6.710124969482422,shoulder press_10.mp4,357
54.29736298319723,73.21214069176867,150.2695993938755,171.6081016338211,2.530357837677002,5.349398830434006,11.576822643324698,0.2966802812876919,0.13258763916739597,9.779138565063477,shoulder press_10.mp4,360
36.10169713644524,62.459303376473635,130.70824945646453,160.05064513719606,2.4057624340057373,3.9016476046659037,9.568944709529205,0.5348485933150319,0.2018331767407351,9.760682106018066,shoulder press_10.mp4,363
25.329313514725364,52.018353822313664,122.783532148243,145.54359820577702,3.4067673683166504,4.526628530381284,7.749526426408903,0.6901058875193221,0.1696441655191952,10.253796577453613,shoulder press_10.mp4,366
20.08755575363139,42.99688537785031,118.35076360240119,132.12908103265633,3.308983564376831,2.3454965405733836,5.967700784619417,0.7263068107862253,0.11001537828586395,12.61978530883789,shoulder press_10.mp4,369
18.10139314116041,35.83368361673089,116.29414669814165,122.89083626052762,3.468073844909668,1.257734344976074,4.345865926126418,0.6575420502382449,0.055159730186956364,13.773309707641602,shoulder press_10.mp4,372
16.540603256205515,32.82254027902611,113.35283941160385,121.77921503132497,3.849752187728882,1.9720407247317147,4.188023359592015,0.6596799092099876,0.07167355926596015,12.40703010559082,shoulder press_10.mp4,375
17.75808661132761,33.90852471154043,113.55803483783203,124.29724578634774,3.367661952972412,1.0093240075904162,5.651084854976502,0.6251789187135838,0.09030037861958654,16.18472671508789,shoulder press_10.mp4,378
15.570935701255404,31.52599227987826,111.0871568571744,121.56186947397474,3.501990795135498,0.41489489619136344,5.311575260809445,0.6775412861328967,0.09004733681447506,14.667923927307129,shoulder press_10.mp4,381
2.2631293292271892,18.22600846038301,108.25594487901303,95.58752583406918,3.4689111709594727,7.081645462720427,3.9986404462110112,1.5581796847742815,0.12429555875032318,6.6208672523498535,shoulder press_10.mp4,0
1.4472624040782176,19.498720160469073,105.50148685370507,100.19087528256387,3.42983341217041,7.465040419393493,3.481701153814253,1.7236200498843495,0.051636448879156596,5.701456546783447,shoulder press_10.mp4,3
3.7293540680225012,20.479927974161022,103.94686604522587,103.98617385856654,3.4372730255126953,6.693544452157155,2.939734315707103,1.3838141814326785,0.00037808145698112726,7.23525333404541,shoulder press_10.mp4,6
4.401352471382289,18.652044260614517,105.17676670723799,103.42144453132391,3.4131112098693848,6.362836070787387,0.7975052282852471,1.2363203526925883,0.01682969537937803,7.839439868927002,shoulder press_10.mp4,9
5.672018931836071,18.147194225539774,107.13978103615838,102.32650009864122,3.141028881072998,6.130821332744041,0.00459794679057869,1.047488446514082,0.04595757285077909,7.003350734710693,shoulder press_10.mp4,12
6.0622006415194605,18.541722987814964,107.08299646363699,102.74007437772511,2.857117176055908,6.155866534789071,0.11386909104040238,1.014433513475598,0.04139603970619008,6.029995441436768,shoulder press_10.mp4,15
6.936244864172962,18.04775410621819,103.76324351285345,107.807217994942,2.3401708602905273,5.4965366951623755,0.8405613737692813,0.8894900496284533,0.038228157685798125,2.917752981185913,shoulder press_10.mp4,18
7.6847734001463035,21.940153141517783,104.5427501121819,111.91528461624002,3.082885265350342,4.615070910528033,2.519526409740568,0.9623908920970933,0.06811975830149272,3.6034860610961914,shoulder press_10.mp4,21
9.331951104135795,25.09736201510931,106.4818437168371,118.37154009608903,3.1431047916412354,5.815385827254384,4.996814301131416,0.9158132697199267,0.10575510297095583,3.143933057785034,shoulder press_10.mp4,24
14.02692283098334,34.45058256969379,114.68529501851799,126.12829598522242,3.172837257385254,7.598439691697674,6.184544599579599,0.8426035774697754,0.09503617232738906,4.999895095825195,shoulder press_10.mp4,27
25.555355691044888,45.67770748660234,127.77267225207153,139.41783125309436,2.483912944793701,8.639714691276765,9.68820614821941,0.5649722445706027,0.08716746177917722,0.8546231985092163,shoulder press_10.mp4,30
32.3914647542083,56.792047100861446,130.59705122295028,154.83846394607554,2.307790756225586,8.521665109182361,10.195383309266418,0.5471994057894024,0.1698556166619298,3.7638020515441895,shoulder press_10.mp4,33
61.80567971530335,76.36352157369981,159.38811282068974,175.93432125220085,2.629850387573242,8.56096011744271,11.942950048235991,0.2107248463852142,0.09868834739470117,2.992293119430542,shoulder press_10.mp4,36
92.93280863099831,93.35802243651715,168.3861059924376,170.642494707758,2.417691707611084,6.960940875118363,11.349263812271133,0.004565053503516026,0.013310904806616865,2.360835552215576,shoulder press_10.mp4,39
121.51342566714399,114.11460335754417,138.43700197141624,152.97039248095209,2.377452850341797,5.857433444439336,10.616663666933214,0.06280086745388516,0.09974620264422555,3.464907646179199,shoulder press_10.mp4,42
163.37128895490068,149.6007684803843,106.58475207070204,117.7923776998944,0.5915396809577942,3.913264665687648,6.373974053016093,0.08799840207692533,0.09989989301183289,1.8273403644561768,shoulder press_10.mp4,54
166.73808420169988,155.55150623280582,103.09809013157108,116.32255179036886,1.9376349449157715,6.32376292227373,3.2531454382497285,0.06941941844173427,0.12053981378381394,1.8110896348953247,shoulder press_10.mp4,57
166.2690259985655,158.10474108482111,105.0386524499844,111.55730685229929,1.862654209136963,4.6048299106007695,2.840152200834213,0.05033874956753573,0.060191837588413996,0.11019385606050491,shoulder press_10.mp4,60
167.88626437500878,161.6464192503691,102.85022723002487,110.65010466336645,1.814864993095398,5.662784487319721,1.4926825688909846,0.03787087250946749,0.07306665394071937,1.0956929922103882,shoulder press_10.mp4,63
167.51188691588624,162.03401877700765,102.98146864924512,110.00008969038933,1.9951050281524658,5.215279933602261,1.5304835055994153,0.03324494733054553,0.06590825136091698,0.1536031812429428,shoulder press_10.mp4,66
169.1929967830014,159.06036247493208,104.05629427581462,109.37376837103722,2.047969341278076,5.416581452328641,2.964668790231149,0.06173666786518612,0.0498287263685159,0.08327553421258926,shoulder press_10.mp4,69
160.9477324557212,151.86238573567525,107.41819238875381,117.23436044161197,1.7031400203704834,2.7820253313746752,5.1196273531527625,0.05808857317388291,0.08738977527017294,1.453609585762024,shoulder press_10.mp4,72
160.8284700453509,148.18714903949748,110.30122942231951,117.1162312498743,1.2533838748931885,2.0551939622028623,6.113727083518011,0.08181671232859217,0.059933848592022915,0.6205425262451172,shoulder press_10.mp4,75
149.80564883629157,136.77901046748036,116.27863084133297,129.9720910645863,1.9586684703826904,0.9537604497736574,8.014695462402655,0.09090953019228656,0.11121559455557616,3.54897141456604,shoulder press_10.mp4,78
139.17222086850987,129.59352942046047,128.0442592312702,134.13417238602688,1.8122401237487793,4.497020647952345,7.3446563363658655,0.07127910783089454,0.046456248267181324,1.693665623664856,shoulder press_10.mp4,81
20.832609189024684,41.20014749443174,117.16039030238505,135.42176570828812,1.448944330215454,3.2954926873476045,8.76246639162293,0.6566704236388996,0.14459750992965165,0.8973566293716431,shoulder press_10.mp4,108
16.48181905546489,28.709077558320896,115.3653662188133,118.92032981354943,1.190589427947998,2.187008385994603,7.130002185203707,0.5411381237842491,0.030347252563340976,0.21892082691192627,shoulder press_10.mp4,117
14.037556804050139,27.541812424253152,112.82212838492062,117.37958709485541,1.1271361112594604,2.832726938974866,6.049931167923462,0.6495651988395531,0.039595349673536034,1.5516408681869507,shoulder press_10.mp4,120
11.718285193664531,27.05821728543905,110.36554061311415,118.95691041711109,1.47129487991333,4.5351235447092355,6.137707511746827,0.7911973030595584,0.07492829215282178,1.479151725769043,shoulder press_10.mp4,123
13.135890697575839,27.736917749812097,109.63000651516539,118.35020674664652,1.7327629327774048,3.03144913723576,4.539990051924207,0.7144616485569328,0.07649962342536168,1.0857839584350586,shoulder press_10.mp4,126
14.267211795607926,27.098856794174473,110.77388484159407,119.79550972772331,0.9621976017951965,3.6458874728791892,6.075417344950841,0.6203947068702593,0.07825518129134891,0.807324230670929,shoulder press_10.mp4,129
17.80088791661835,32.33624078529283,113.3829008035237,126.9873879276755,1.9417592287063599,3.732223811364738,7.673938831828891,0.5798239047590455,0.11319607923228316,1.1878687143325806,shoulder press_10.mp4,132
18.98453613349486,38.81686176884766,116.51640021016823,132.05540076425322,2.5153696537017822,4.155370623921463,7.827946544647801,0.6862230449464287,0.1250262539288114,2.5920584201812744,shoulder press_10.mp4,135
22.221770623373335,43.21778286492199,123.02728793427083,136.57442245704036,2.4255316257476807,8.12399786343151,8.147996655948576,0.641691794101378,0.1043686076054678,1.5400989055633545,shoulder press_10.mp4,138
25.26351339368778,50.85620119150541,121.73678534532546,148.82363590156638,2.64489483833313,6.809501147912762,9.677427961478223,0.6724325738025276,0.2002277379034949,2.43377947807312,shoulder press_10.mp4,141
43.148770767725146,61.10961694751871,141.15801810713492,157.7757643050552,2.4065475463867188,7.073544120185346,10.74364406750984,0.3445448672935399,0.11118011530062934,1.7881674766540527,shoulder press_10.mp4,144
69.48090433936014,80.12262007252512,167.7353721236525,175.8617527253175,2.5233314037323,7.506782928429758,10.541004043783053,0.1422655752930852,0.047301796283871704,4.192713737487793,shoulder press_10.mp4,147
97.8149163312018,100.0735044721359,158.66510108453193,170.3565103273947,2.824899435043335,6.822564360053264,10.813673594827652,0.022826885289854208,0.07106772830326587,4.685546875,shoulder press_10.mp4,150
116.32704405953348,119.87481441844693,148.20587671037524,145.64102683536032,3.6630477905273438,5.499892236002244,8.031265934036547,0.030040156176368016,0.017457048851397615,5.469767093658447,shoulder press_10.mp4,153
133.37722876271792,131.89076434084473,124.95948773451315,140.97933095981526,3.7981438636779785,5.4584229085190294,6.303485927169329,0.011207265561758648,0.12047765951547984,4.985807418823242,shoulder press_10.mp4,156
148.51113135870204,145.72880562938263,114.2911299337494,128.32585058065175,2.5394954681396484,0.5194327637076015,3.9026784209907617,0.01891195163919629,0.11569446307629137,0.14716659486293793,shoulder press_10.mp4,159
164.25081287409,154.46862633110396,102.9854403415617,120.80918168630849,2.658428907394409,7.601666978272384,2.8399248196171207,0.061384310711517,0.159286592173132,0.8129721283912659,shoulder press_10.mp4,162
163.31137845288322,161.0898346601372,102.16204820599201,115.68630696438996,2.437671661376953,7.368461890065066,2.867227504662517,0.013696273028251837,0.12416213790386853,0.13287903368473053,shoulder press_10.mp4,165
165.6426746179919,156.95344358719228,95.13541459944354,123.37234617251985,2.326697826385498,5.861226177367563,3.213687241160789,0.053870648407944664,0.2584524364106649,1.305765986442566,shoulder press_10.mp4,168
157.7415600074734,153.5891287477148,107.7443445921658,119.37809071390532,2.739976644515991,1.7795035886634245,3.171828605054251,0.026675373869254653,0.10244471098649358,0.6455525159835815,shoulder press_10.mp4,171
151.83406226160923,145.60759668114906,117.04966295674882,121.15623954244194,3.2716541290283203,0.3201154869696972,5.475002187020494,0.04186680240146479,0.034479217707101696,7.37537956237793,shoulder press_10.mp4,174
139.135121415762,137.23651666316775,125.99891876928116,129.34030078435592,3.2920336723327637,4.507554295221401,5.673520042010865,0.013739505007037115,0.02617210173130383,3.9606189727783203,shoulder press_10.mp4,177
118.42092752704451,124.81149273477968,145.12045372289245,142.5278095040638,2.5887787342071533,6.997024916928797,5.580229057065001,0.05254698531434361,0.018026489642199064,5.680474758148193,shoulder press_10.mp4,180
109.8706664700459,110.0516011800484,152.46154085004375,153.7501335097132,3.2353172302246094,7.841152423225186,10.047215489119495,0.001645442382309046,0.008416352265887427,6.843864917755127,shoulder press_10.mp4,183
90.95045651634359,92.20196213077249,168.80234699989208,173.34536190414084,2.418980836868286,8.074148248376272,10.934616234407688,0.013666274501569075,0.02655586921099629,5.339531898498535,shoulder press_10.mp4,186
51.464778323168474,75.44811712399245,149.58160705761478,169.16078773868105,2.5361974239349365,5.800856013594897,8.974790370530028,0.37794959631677816,0.12285269233532038,3.9958927631378174,shoulder press_10.mp4,189
39.15960888915785,60.611660368183955,135.09331672085082,158.00062175448977,2.2846970558166504,6.4878713682760205,9.175188052360738,0.43002462810600206,0.1563137412721775,4.0678629875183105,shoulder press_10.mp4,192
26.224312371781092,49.99092526737352,125.64245815648384,144.50075335629643,2.5770528316497803,7.102147063402128,9.568600863698693,0.6236708992004149,0.139617020869839,3.6512606143951416,shoulder press_10.mp4,195
19.965813781608478,44.3731989165661,120.11823484441075,135.83961334795987,3.3402044773101807,6.112003042048038,7.7690628159203525,0.7587118331907542,0.12284349641612378,2.9664695262908936,shoulder press_10.mp4,198
17.26574624339465,36.17929670147357,115.96521025029139,129.12859561783077,2.635464906692505,4.5294213666991,8.2082698253873,0.7077756669627672,0.10741507987861766,4.592537879943848,shoulder press_10.mp4,201
13.733563534458655,28.282149913514818,117.75169646978563,114.80078743928317,3.3502323627471924,5.057648781071965,6.373310659947754,0.6925307312499237,0.025378434845325534,4.041914463043213,shoulder press_10.mp4,204
12.172247030839781,26.27545923402547,114.07676053098854,111.79511775679059,3.0636146068573,4.081062771723598,3.902594973198295,0.733630875456082,0.020202982252540087,3.5373318195343018,shoulder press_10.mp4,207
11.698915504568092,22.93078130870408,111.37756056108134,110.05982480805977,2.4276797771453857,3.1083559859367527,3.662929523830748,0.6486840392914595,0.011901655638002325,2.8356666564941406,shoulder press_10.mp4,210
10.522744135891838,22.36450688460715,112.74000234449689,108.311304855473,2.582714080810547,5.142003355485525,3.2639259998931744,0.7201430573406218,0.04006940782320326,2.631765127182007,shoulder press_10.mp4,213
10.892040290261322,21.475111688822317,113.44065805769101,105.45358974467878,3.0428576469421387,2.868672885747225,3.301146143094298,0.6539389937922253,0.07297650251845275,0.8198387026786804,shoulder press_10.mp4,216
10.4535161315791,23.3858469983649,112.06471658039868,108.65647408040876,3.117605686187744,4.644712796438113,2.6713622632484295,0.7643365400894411,0.03088278465503142,1.7144381999969482,shoulder press_10.mp4,219
13.326178478751308,31.766882500705087,112.7012622327037,120.38751753216941,2.7826154232025146,5.723793647339395,3.6159785549478736,0.8178954198897714,0.0659513109744637,4.461653709411621,shoulder press_10.mp4,222
17.37267482392308,38.67314908807021,118.51262412920029,129.18909322644603,3.2816991806030273,6.738896488245182,6.473664276155073,0.7601092383830234,0.0862042396090184,4.464717864990234,shoulder press_10.mp4,225
23.757515053728167,50.772575549837065,124.96720954684857,144.42268605490972,3.131725311279297,9.63461397916189,8.516731767808388,0.7249437180965027,0.14444102637630013,6.097851753234863,shoulder press_10.mp4,228
42.90220458304147,55.65926704653689,145.90576234447474,150.8802647376047,1.6056782007217407,12.031624032760284,10.172653051219712,0.25886509713329037,0.033522483804496725,3.631861448287964,shoulder press_10.mp4,231
69.1859810091587,81.54676202251021,167.97721296498926,178.23286744264715,2.1765358448028564,10.037450033247975,9.36965215199311,0.1640092360125698,0.059245267876559926,6.58749532699585,shoulder press_10.mp4,234
106.81730997516854,105.72620973092526,153.19072994065073,159.32925968966333,3.0023066997528076,9.429446062648895,9.912341789020674,0.010267076086366289,0.039284077516282975,3.91265869140625,shoulder press_10.mp4,237
117.22433425670557,119.76650859725724,141.1979323916723,150.25867251863366,2.88739275932312,9.005450413421308,7.002168100868468,0.021453776947138774,0.0621755690165247,7.150007724761963,shoulder press_10.mp4,240
143.08294982548446,131.11843170677884,119.85149953302776,137.0490356200179,2.3415377140045166,4.871811574762958,7.520702787503704,0.08726810967798021,0.13388478211417415,4.919203758239746,shoulder press_10.mp4,243
150.7710307588261,143.18757813882294,110.82476622777473,130.5387330071257,3.162135362625122,0.7117742018096287,5.088333896241456,0.05159537697120874,0.16335499644181817,5.506680488586426,shoulder press_10.mp4,246
155.288561282733,152.13153142336273,111.5984696952054,118.94245262821116,2.2680037021636963,1.4532290145456,3.50322755010713,0.020538864792995253,0.06371088359491496,5.336857318878174,shoulder press_10.mp4,249
164.9546602491024,158.2429278161675,100.62776317467299,117.39797595238798,2.846848726272583,4.272386987647001,1.8116047660586614,0.04153330767789924,0.15383699965756473,3.892939567565918,shoulder press_10.mp4,252
164.26708961099405,155.14558859517433,97.86635986411726,120.93020692135512,2.4788455963134766,1.4476272791917473,3.457923478493181,0.057114207657919865,0.21082457916126,4.463072776794434,shoulder press_10.mp4,255
159.71828508429414,152.65543028416405,104.74486219757115,119.7818786813017,1.9022668600082397,0.42368073999345357,3.9932076150221074,0.0452205448323278,0.13394410327135767,1.5211325883865356,shoulder press_10.mp4,258
144.67346936624176,139.83003580085403,112.09945733613539,134.2058713756401,3.290395736694336,5.208378044318778,6.752300316792336,0.03404832262114353,0.17950414759701333,4.206510543823242,shoulder press_10.mp4,261
127.62305476620192,130.69046545331514,139.85258397712693,133.5485999858082,1.2992885112762451,4.498713923170393,6.264433567118704,0.02374951713333868,0.046115264754474104,3.8788962364196777,shoulder press_10.mp4,264
100.16880182093587,118.9933184885182,164.37603624841734,143.96949149176982,1.8770991563796997,8.474649288400233,8.136641010383313,0.17178622511045574,0.13236154197664987,5.223957538604736,shoulder press_10.mp4,267
91.81436026509853,101.56146607152334,168.53892465208142,163.58956757866926,3.5794456005096436,8.596073482589368,10.252943726543805,0.10080997186750108,0.029803869220431274,6.164428234100342,shoulder press_10.mp4,270
68.06184285245115,82.35036421927208,166.52566602344368,177.42503734737727,2.6677157878875732,6.892904465732357,9.645373738759695,0.18999151259056424,0.06337752019179758,4.555604934692383,shoulder press_10.mp4,273
45.20744191078176,67.62693453517838,148.62469990589508,158.9974608127158,3.26647686958313,8.003729864994616,9.82715494884955,0.3973876283197081,0.06743832032510107,1.3056131601333618,shoulder press_10.mp4,276
27.451445220070546,55.0798309695913,126.74419059355617,147.3030776880845,3.408676862716675,5.983993330317822,7.0366293945719045,0.6695252278912799,0.15003898578109373,3.782315969467163,shoulder press_10.mp4,279
21.921042382935237,45.62757815373702,122.93978810594851,135.22224299775294,3.7574963569641113,5.955834118057105,6.366239478776387,0.7019102857306009,0.09515306987084153,5.3382697105407715,shoulder press_10.mp4,282
17.59673248553257,38.920098035801416,118.67985022403282,126.58622496704749,4.115357875823975,4.6735078698696055,4.840084414192383,0.7545846203183563,0.06447181687769105,6.0589823722839355,shoulder press_10.mp4,285
14.245369919739748,32.867171001282976,117.22680759288642,118.47029333013639,4.235040664672852,4.458709598884339,4.759296004801845,0.7905241669202241,0.010551557336770842,5.193233966827393,shoulder press_10.mp4,288
11.976251194581513,28.944674186832067,110.78824007160189,117.34230144163897,3.4772756099700928,4.3399929052414805,3.8916402163366053,0.8293274325588769,0.057458868300250564,5.065218925476074,shoulder press_10.mp4,291
11.279606578730567,25.5372047853102,112.00340623437201,110.05066505165532,4.027180194854736,3.9813849677344026,1.979724960120614,0.7745156453448399,0.017587979102633714,5.638482570648193,shoulder press_10.mp4,294
9.168125830741038,22.70029906896371,116.36663996081153,104.3815280322231,3.881554365158081,6.4776874359322605,3.122095625296383,0.8492527183763037,0.10858628669540393,4.5141706466674805,shoulder press_10.mp4,297
11.366003057602141,23.68009458641419,112.68699407614444,109.55761153052438,3.5776166915893555,4.544692917164421,3.279424479829521,0.7027368156017519,0.028161606326305887,3.1353611946105957,shoulder press_10.mp4,300
12.623591343193825,27.83157323112847,113.52332239591381,115.05241899636125,3.6480085849761963,4.6566868447384815,4.000759751482511,0.7518437780667171,0.0133793428045652,3.768733024597168,shoulder press_10.mp4,303
16.692747654571637,31.61639264935757,118.6422460291404,117.59373552449321,2.9627084732055664,3.55938698126445,5.009969368982371,0.6178393944042976,0.008876806130476237,5.02275276184082,shoulder press_10.mp4,306
21.330683843316702,44.212916540267784,124.04762426045286,131.97705110890624,3.0729191303253174,6.001381508220014,6.159399456633307,0.6982293484958442,0.0619426767128116,6.050095081329346,shoulder press_10.mp4,309
34.01747131469431,56.59725625749771,132.2634355933862,151.3339781439579,2.837266445159912,7.886750867170625,7.057090393735529,0.4983689858762587,0.13449024304737864,4.733035564422607,shoulder press_10.mp4,312
52.558141512305376,73.07400164568443,149.8177378217957,168.84415558593506,3.158367395401001,7.369989784600248,8.747008214120193,0.3266020879318942,0.11941445248236746,5.583468437194824,shoulder press_10.mp4,315
95.73180532558344,95.11505736390957,163.37239883960913,173.8655338862269,2.8479909896850586,7.3535802372033245,7.9074989953290284,0.006463275874514241,0.062229862232896324,3.862914800643921,shoulder press_10.mp4,318
117.96345394769648,112.31496493435615,137.29011607748103,157.922132138753,3.0063388347625732,9.7846875165957,9.84023010660558,0.04905791033968711,0.1397775071050551,6.9485039710998535,shoulder press_10.mp4,321
133.59960366576007,128.07230833436495,129.11763004798078,140.01310303912143,3.124485969543457,5.4162059317338604,6.709865834186719,0.04224599643994257,0.08096788401802041,5.870541572570801,shoulder press_10.mp4,324
147.83627582788003,140.99912817038407,115.49765352958647,129.98427558878439,2.8196566104888916,1.8341882005964019,5.5053130810608595,0.04734286422544691,0.11802597536385251,3.298572540283203,shoulder press_10.mp4,327
153.94458051111008,154.75002932106892,114.40500733304222,117.61994179722397,2.142845392227173,2.821555856184945,1.2859916577461847,0.005218418361089796,0.027711972149829334,1.6829099655151367,shoulder press_10.mp4,330
163.06433313210553,161.8318746332805,100.55892670154603,117.6922091970452,2.0980658531188965,1.2418969713811596,2.7935713452990267,0.007586782913237372,0.1570052080137629,3.5449769496917725,shoulder press_10.mp4,333
160.1682778394284,159.54164446592247,108.09013217930827,116.09652999777292,1.9420292377471924,4.5657542735959025,0.4695561751956317,0.003920012047092173,0.07142617442727732,2.2617621421813965,shoulder press_10.mp4,336
158.08592006256788,151.96967032780108,110.31246683814761,118.09144226958894,2.122678279876709,1.1018632122355285,0.9216936386104,0.03945260091628254,0.06811595705021,0.5408157706260681,shoulder press_10.mp4,339
156.29908995751808,146.5292931780573,108.12838765768285,125.7353329811157,2.106045961380005,0.8984460093871915,3.2255206066342357,0.06452365315497446,0.15057440525909274,0.2286105751991272,shoulder press_10.mp4,342
144.31901438135185,135.45574283710138,118.5391235220651,134.49243474523809,2.9541330337524414,3.156581345835999,6.012837384457,0.06336005172425088,0.12609740328374275,0.2850639522075653,shoulder press_10.mp4,345
133.6266691923963,121.54746593458852,128.99628184235243,146.74503941337628,3.501220464706421,5.952809724184539,6.115297467942864,0.09467419769481482,0.12873484097483703,0.6669025421142578,shoulder press_10.mp4,348
116.29807598451512,116.14226536420051,143.25930302959972,152.49311997612475,3.683678388595581,7.58032508982453,8.032574926943642,0.0013406504173116673,0.06244288281855461,1.145288348197937,shoulder press_10.mp4,351
102.17913723021466,102.40846742534428,157.47322971841814,163.7602085591086,3.1166205406188965,7.451173001683784,10.662798443810109,0.0022418777082386532,0.03914274226494994,4.505468368530273,shoulder press_10.mp4,354
77.02165924377428,89.84720859389617,174.61413043579805,176.63494784238952,2.8037421703338623,4.464529576219257,9.046869528861304,0.15372009789865113,0.011506463826168385,6.710124969482422,shoulder press_10.mp4,357
54.29736298319723,73.21214069176867,150.2695993938755,171.6081016338211,2.530357837677002,5.349398830434006,11.576822643324698,0.2966802812876919,0.13258763916739597,9.779138565063477,shoulder press_10.mp4,360
36.10169713644524,62.459303376473635,130.70824945646453,160.05064513719606,2.4057624340057373,3.9016476046659037,9.568944709529205,0.5348485933150319,0.2018331767407351,9.760682106018066,shoulder press_10.mp4,363
25.329313514725364,52.018353822313664,122.783532148243,145.54359820577702,3.4067673683166504,4.526628530381284,7.749526426408903,0.6901058875193221,0.1696441655191952,10.253796577453613,shoulder press_10.mp4,366
20.08755575363139,42.99688537785031,118.35076360240119,132.12908103265633,3.308983564376831,2.3454965405733836,5.967700784619417,0.7263068107862253,0.11001537828586395,12.61978530883789,shoulder press_10.mp4,369
18.10139314116041,35.83368361673089,116.29414669814165,122.89083626052762,3.468073844909668,1.257734344976074,4.345865926126418,0.6575420502382449,0.055159730186956364,13.773309707641602,shoulder press_10.mp4,372
16.540603256205515,32.82254027902611,113.35283941160385,121.77921503132497,3.849752187728882,1.9720407247317147,4.188023359592015,0.6596799092099876,0.07167355926596015,12.40703010559082,shoulder press_10.mp4,375
17.75808661132761,33.90852471154043,113.55803483783203,124.29724578634774,3.367661952972412,1.0093240075904162,5.651084854976502,0.6251789187135838,0.09030037861958654,16.18472671508789,shoulder press_10.mp4,378
15.570935701255404,31.52599227987826,111.0871568571744,121.56186947397474,3.501990795135498,0.41489489619136344,5.311575260809445,0.6775412861328967,0.09004733681447506,14.667923927307129,shoulder press_10.mp4,381
5.530700806437228,15.282921941617156,110.64671789616126,94.86063391351085,3.313392400741577,4.180913652729166,0.18981319978219935,0.9370998267076351,0.1536303576844344,0.7487264275550842,shoulder press_11.mp4,0
6.5013463780395435,15.672000846938984,113.11420566051761,95.59174389581628,3.514974355697632,4.875586916827988,0.9922251165433497,0.8271781771016143,0.1679153066977774,1.9277209043502808,shoulder press_11.mp4,3
5.8910235553564805,12.09631036699779,115.44670292628416,91.56839993500861,3.5582964420318604,5.511142102036167,2.262092409293225,0.6899618185138057,0.23069141005885768,0.46041885018348694,shoulder press_11.mp4,6
8.253571137934285,15.873622276060946,115.79395126491926,97.20432783767411,3.838064193725586,5.566792321173164,2.838923646507576,0.631656654578528,0.17455186497813172,1.2916488647460938,shoulder press_11.mp4,9
14.558780537899025,22.793664677924234,116.59457689832564,111.80014568181457,3.6605069637298584,5.784667351158896,5.494970755346125,0.44092878484628595,0.04198373029244386,2.1735377311706543,shoulder press_11.mp4,12
24.53281977282938,41.004615187028215,131.36659110590958,131.04907864050557,4.0999603271484375,11.703241551632209,8.684198269410112,0.5026682971125737,0.00241992001248123,3.9224331378936768,shoulder press_11.mp4,15
47.448970460408084,65.56946259262016,154.3052939761631,154.9774599834932,4.509800434112549,9.060388980159317,10.008829295898972,0.3206643667358215,0.0043466116278682385,2.428140640258789,shoulder press_11.mp4,18
91.48419330594449,97.56152642973298,166.23027619740077,170.5989701521038,4.708962917327881,4.566470616891221,11.86324914644715,0.06429485028580156,0.025940110617175598,3.138749599456787,shoulder press_11.mp4,21
130.74779850064832,113.75278076517229,130.61949381458302,156.57439157952757,4.294555187225342,0.5074680543195949,7.932780629728925,0.13901822062351085,0.18074826160958926,5.1442389488220215,shoulder press_11.mp4,24
145.37794835796663,144.89121367627058,122.12587018721783,127.12812507036104,3.2508158683776855,2.5082600540396776,3.9261686136192857,0.003353678208769824,0.04013781105473461,6.341188430786133,shoulder press_11.mp4,27
132.3522279855882,160.7974523540914,128.14455167186364,120.4619070409332,2.968069076538086,0.8622219468534582,2.6912543933924913,0.19406621447134473,0.06180567207069895,7.385479927062988,shoulder press_11.mp4,30
141.23886858965093,155.77892930703567,119.79594851771073,121.11572246958852,3.4768126010894775,1.5982971417197904,3.1849104611004178,0.0979069996501845,0.010956496598683838,4.29165506362915,shoulder press_11.mp4,33
160.1571474642403,156.68888789212866,112.0439421770754,119.15298006583959,3.7940220832824707,9.288886287230216,0.05199431137022202,0.02189239684322229,0.06149768621309619,6.9185357093811035,shoulder press_11.mp4,36
138.1740404691546,142.72268678210824,123.84311048487211,133.10910858997084,3.4654836654663086,2.443030184314648,0.25717493136009983,0.032386609537710095,0.07212234351165348,7.008215427398682,shoulder press_11.mp4,39
122.73338345252608,125.36067992545816,140.15719577346303,144.2265145890749,4.18574857711792,2.153202005204714,7.422549742652539,0.021179841525907454,0.028618508496314487,8.892607688903809,shoulder press_11.mp4,42
99.13205059554468,101.48601080393183,157.7270038152054,165.44972657931112,4.31158447265625,9.95934157191011,11.183872561283918,0.0234670815974029,0.047792566962839476,7.747818470001221,shoulder press_11.mp4,45
56.90258276260921,84.3552532207326,158.10574847965947,179.41516240303918,1.865191102027893,8.860823209905597,11.18234693453646,0.3886888152719659,0.12627018496513562,5.752116680145264,shoulder press_11.mp4,48
29.745182345048292,57.587969621010835,131.26635366689214,151.79536515962684,2.7515780925750732,9.636266516330544,10.207638140126003,0.6376224068217136,0.14504971974197883,4.1382598876953125,shoulder press_11.mp4,51
17.60007592940953,42.94177643884171,117.41373257101654,135.53644818197407,4.0398478507995605,5.1610883358595325,9.445723005646737,0.8371630374072142,0.1432907899651166,6.057172775268555,shoulder press_11.mp4,54
14.866483559079441,29.850890370563096,118.73078063590756,117.62219852756267,3.7839488983154297,4.911566406273206,7.773054887898721,0.6701827721395195,0.009380733107477822,3.7521822452545166,shoulder press_11.mp4,57
11.48792479182362,25.10455101778293,111.79728595885389,115.3760568807625,3.0457935333251953,4.6473504138487725,6.380216665722135,0.7442309340755,0.03150696183957828,4.747905731201172,shoulder press_11.mp4,60
12.957911262336511,20.20668632244023,112.84377379112193,110.52848006561679,2.53303861618042,3.39755141503938,6.8986606416167255,0.4371393345915985,0.020730360960498448,3.1118428707122803,shoulder press_11.mp4,63
11.950681802934863,23.07354092985203,114.18833838986018,109.54541658893768,4.066056251525879,2.663102502412007,6.18915573726318,0.6351523750735418,0.04150399032423588,2.1983449459075928,shoulder press_11.mp4,66
12.999514803029623,33.20246117275918,114.666539285468,125.20113478112395,4.00560188293457,7.336507329939526,7.878866477790833,0.8745490184366356,0.08783672528321877,6.12512731552124,shoulder press_11.mp4,69
22.32785002493317,49.24140434663665,125.82738537554206,143.25049494381196,3.643234968185425,10.064777567490914,10.272367949260893,0.7520982175383574,0.12950235483935987,4.129241943359375,shoulder press_11.mp4,72
44.58421382377085,72.63175951757927,144.87974319938752,168.3797292939176,3.5818073749542236,9.225535116653282,10.368866351598951,0.47856183580252915,0.15003527847051654,6.464061260223389,shoulder press_11.mp4,75
99.88453481535106,106.97441190346966,158.37661603493967,159.62832944931725,3.72878098487854,10.280279689579938,9.78544630859458,0.06854793762201378,0.0078722889826224,5.318727970123291,shoulder press_11.mp4,78
125.02430187415328,124.14035054131287,141.81094206272672,140.68030583057856,4.2230987548828125,1.0179749571869128,9.767534952090848,0.007095318892717403,0.008004752292893656,6.3927459716796875,shoulder press_11.mp4,81
139.2028560463514,144.39289556366123,126.81331084005254,130.92058785638528,3.821423292160034,2.071196741986013,0.8416074681421977,0.03660167324683286,0.031872229746311695,6.955868721008301,shoulder press_11.mp4,84
149.59717150767034,157.15130375611758,118.06692730571913,115.46362480318201,3.005408525466919,0.2711158708346745,0.022203378314373377,0.049252940813812235,0.022295177046668686,3.5314559936523438,shoulder press_11.mp4,87
140.70918673533936,162.34856203146344,119.16890079774822,117.87239510181458,3.0370779037475586,3.1223726950901454,2.9642323776194464,0.14280694279673528,0.010939070266330229,6.96189546585083,shoulder press_11.mp4,90
133.77020990669573,152.13591528050253,127.44780740205788,123.35895040158394,3.501600742340088,2.642222749390739,0.4109827685282795,0.12847367548898633,0.03260563659672303,8.33761978149414,shoulder press_11.mp4,93
125.91554284222542,131.4113282810396,137.21933768351042,136.9016782504749,3.5469343662261963,4.275208245453024,7.160902426896625,0.04271443098673969,0.0023176583667121353,7.0864081382751465,shoulder press_11.mp4,96
99.14093930713338,109.363744669135,157.66372849049418,158.40058505773925,3.8127129077911377,10.17036500696434,10.098594254699616,0.09805828019830157,0.0046627001889134245,6.498178482055664,shoulder press_11.mp4,99
49.59995324507068,86.3786366764074,148.06216605371668,178.12309417709892,3.3523964881896973,8.381816845693221,9.338551449615206,0.5409481515078933,0.184318127079749,9.952107429504395,shoulder press_11.mp4,102
33.13721440289135,58.17975457738107,138.78858230876938,148.2586069927431,3.5210776329040527,7.758849110856725,10.791979761412595,0.5484750633784123,0.06598235437885766,3.014209032058716,shoulder press_11.mp4,105
20.013516127084877,44.23828914390992,128.84786148947111,130.34594987774102,4.354355335235596,8.719431614416111,9.328626411292085,0.7540573502846257,0.01155959997939529,3.9897208213806152,shoulder press_11.mp4,108
15.402955521355958,34.82792695606461,120.60832130304229,122.35971164460416,3.9037697315216064,7.302876371410325,7.05096396332981,0.7734274405169143,0.014416631853287907,5.280680179595947,shoulder press_11.mp4,111
10.383433865834755,27.526246800289663,114.62517989957563,116.26686249445501,4.050008773803711,7.930112854186205,6.489163888102395,0.9044029194249319,0.014220347984776002,6.368630409240723,shoulder press_11.mp4,114
6.374767728651982,26.230069473954632,114.2489422265116,111.68094998558459,3.7174160480499268,10.556643245590253,3.991618338689229,1.2179359536084606,0.02273264697985389,6.164659023284912,shoulder press_11.mp4,117
8.750797980996287,29.284075244927262,114.01890397432965,117.93990165700052,3.8724822998046875,9.907759266873416,5.63072525084247,1.079707937605852,0.03380770712281398,6.829049110412598,shoulder press_11.mp4,120
15.684170883766564,44.18867888674707,123.75974387870386,134.26627781847154,3.9939067363739014,13.317451715605994,8.522276976515064,0.9521680732497385,0.08143778577571809,8.053905487060547,shoulder press_11.mp4,123
29.41330059275094,63.59600398475345,134.11602696522345,156.46594544924,3.635115385055542,12.302259731858044,8.927773834418073,0.7350383608882519,0.15382866526997319,7.5921311378479,shoulder press_11.mp4,126
100.45721324564983,105.87210217079716,156.4221591563378,162.07320968887194,3.5236475467681885,11.64270837629507,9.320885987518018,0.05248782912130676,0.035485919641616924,8.690081596374512,shoulder press_11.mp4,129
131.4458399185808,125.17435785846449,125.20167392028986,145.55700665542878,2.9055655002593994,8.90854639358003,8.06178916451225,0.04887754054000876,0.1503577480275575,8.354534149169922,shoulder press_11.mp4,132
160.3556164167734,148.36567748353744,104.60909606808637,126.55168453905833,2.59233021736145,2.5358293899255018,3.5934857111776277,0.07767484245584705,0.1898469836737846,10.167245864868164,shoulder press_11.mp4,135
156.7302429687222,156.1970553211543,104.15997827362823,116.81223110990855,2.618016481399536,6.3192465157976425,1.2616653158009827,0.0034077413538654436,0.11451442578754398,16.82477378845215,shoulder press_11.mp4,138
161.2395662648326,148.3893731562138,97.51412424597243,126.52081829929008,1.7812529802322388,3.7287886036571387,4.3687115110343955,0.08300382472417786,0.258947945563959,10.39407730102539,shoulder press_11.mp4,141
157.5793205584357,141.52811278075768,100.74004360478745,135.4765402590371,2.6268527507781982,0.36076417009745354,5.305589586953842,0.10732737463916961,0.29410717982675383,9.082135200500488,shoulder press_11.mp4,144
133.28627288171356,121.49947017838272,131.6195789484555,143.61435472998025,1.9606492519378662,8.64211660180297,4.938883905136197,0.0925232515898716,0.08716058824010126,13.889825820922852,shoulder press_11.mp4,147
68.70876153813289,91.76653444806614,168.67954056942543,170.25821333085557,2.407212972640991,12.902130303078648,11.126294772451141,0.28736850451942747,0.009315414073904574,9.323088645935059,shoulder press_11.mp4,150
24.911153358171507,70.52567083735894,126.71005637736343,164.69739684500115,2.6786298751831055,13.317796673194534,7.715861821467395,0.9559102131423122,0.26071632724267135,6.961886882781982,shoulder press_11.mp4,153
12.186653692141418,46.353200645598015,109.0440192282342,147.53716066413205,0.786018431186676,15.769377572536547,8.27653040791702,1.167291833571582,0.30004649173447095,11.272989273071289,shoulder press_11.mp4,156
7.754966858806061,31.470190694099237,110.64872878009072,123.8292549448238,1.7657727003097534,14.346721246123812,4.499218546101605,1.2091843762925385,0.11242442429218638,11.120399475097656,shoulder press_11.mp4,159
2.7475881617466076,29.6395324456326,100.89712613040219,125.21581819853475,1.823033332824707,12.979465181243057,3.0123028583821014,1.6606566918924446,0.21510216622322198,11.363247871398926,shoulder press_11.mp4,162
1.486747478822775,25.312073723311748,98.69915976976569,120.06509948707492,1.7893717288970947,12.735020222768314,2.074516012061115,1.7780876304060187,0.19533300174252421,13.752628326416016,shoulder press_11.mp4,165
4.647303055056585,37.90016196589434,105.59333092272114,133.18111060217763,1.2837235927581787,15.871506584329904,4.241814061352703,1.563094717603675,0.23107816316747376,11.499594688415527,shoulder press_11.mp4,168
9.807183558039656,50.40330618817636,111.68903540367855,146.75162274218454,0.7692170739173889,18.45621109201101,6.90915632701247,1.3484734238584402,0.2713395608110298,11.639067649841309,shoulder press_11.mp4,171
32.656534386961965,83.46454635449702,139.0977211178186,175.04986935971138,2.4183104038238525,14.574285161028252,8.310281148898394,0.8750867911857962,0.22888699026621584,8.01088809967041,shoulder press_11.mp4,174
109.13272714196019,103.66572503432477,148.53684227294784,163.09941060847123,1.0345786809921265,7.335686237143595,10.98718849471885,0.0513819724882819,0.09345875648854376,12.20265007019043,shoulder press_11.mp4,177
178.70880548715763,129.83344107470168,93.65671936940127,125.5417163969951,9.011553764343262,10.771347651120479,2.0450087151715297,0.31681473092960694,0.2909235817866349,13.096364974975586,shoulder press_11.mp4,180
143.58519456584364,146.51829113711017,102.25871361335066,125.48363368873468,1.2696940898895264,13.023061108969502,3.565342635904821,0.02022103639437013,0.2039578528149416,12.191567420959473,shoulder press_11.mp4,183
165.95315373469606,154.1918681945269,100.5716606139409,112.57869957964961,1.563542366027832,3.354639742469938,4.149833136990033,0.07347473635101107,0.11266261952176383,8.933813095092773,shoulder press_11.mp4,186
165.72231572649642,155.61933947402437,99.5488636944733,115.87831325372973,1.0296393632888794,4.002497122413926,0.6249885396146322,0.06287996647162147,0.15160064566210846,9.8212251663208,shoulder press_11.mp4,189
157.14801464501807,134.6781871615963,107.36770732527037,130.95021145904389,1.3641715049743652,6.905665474834732,6.868784600847045,0.1539945854369303,0.19790793956300426,7.819168567657471,shoulder press_11.mp4,192
156.19472844887335,116.33660642909271,110.37747124670825,145.00875467454125,3.554096221923828,8.251483154373314,6.612509861364834,0.29250304033940383,0.27120713580310196,2.5463004112243652,shoulder press_11.mp4,195
39.24665691915423,86.47375766682723,137.52437504966653,175.42071845847528,0.5703016519546509,14.228980931023926,8.021436552226975,0.7513036113219926,0.2421916444446368,7.786466598510742,shoulder press_11.mp4,198
10.940532493743413,58.44697570086179,115.49688356805656,149.29835926856597,0.9654209613800049,16.866728967271253,5.772525265379289,1.3693082355366077,0.2553027413816854,7.981577396392822,shoulder press_11.mp4,201
5.234950989372975,40.940411935023405,108.93847134014298,134.18920414192058,0.6626291275024414,19.17969011589116,4.7273294594644035,1.5465156604881056,0.2077158246317412,7.081457614898682,shoulder press_11.mp4,204
5.245757071051644,29.069659377039994,99.58160953205422,125.57232700744007,0.5990394949913025,19.495986817032552,2.3766122336096607,1.3885247373888858,0.23087064676594551,7.947708606719971,shoulder press_11.mp4,207
5.530700806437228,15.282921941617156,110.64671789616126,94.86063391351085,3.313392400741577,4.180913652729166,0.18981319978219935,0.9370998267076351,0.1536303576844344,0.7487264275550842,shoulder press_11.mp4,0
6.5013463780395435,15.672000846938984,113.11420566051761,95.59174389581628,3.514974355697632,4.875586916827988,0.9922251165433497,0.8271781771016143,0.1679153066977774,1.9277209043502808,shoulder press_11.mp4,3
5.8910235553564805,12.09631036699779,115.44670292628416,91.56839993500861,3.5582964420318604,5.511142102036167,2.262092409293225,0.6899618185138057,0.23069141005885768,0.46041885018348694,shoulder press_11.mp4,6
8.253571137934285,15.873622276060946,115.79395126491926,97.20432783767411,3.838064193725586,5.566792321173164,2.838923646507576,0.631656654578528,0.17455186497813172,1.2916488647460938,shoulder press_11.mp4,9
14.558780537899025,22.793664677924234,116.59457689832564,111.80014568181457,3.6605069637298584,5.784667351158896,5.494970755346125,0.44092878484628595,0.04198373029244386,2.1735377311706543,shoulder press_11.mp4,12
24.53281977282938,41.004615187028215,131.36659110590958,131.04907864050557,4.0999603271484375,11.703241551632209,8.684198269410112,0.5026682971125737,0.00241992001248123,3.9224331378936768,shoulder press_11.mp4,15
47.448970460408084,65.56946259262016,154.3052939761631,154.9774599834932,4.509800434112549,9.060388980159317,10.008829295898972,0.3206643667358215,0.0043466116278682385,2.428140640258789,shoulder press_11.mp4,18
91.48419330594449,97.56152642973298,166.23027619740077,170.5989701521038,4.708962917327881,4.566470616891221,11.86324914644715,0.06429485028580156,0.025940110617175598,3.138749599456787,shoulder press_11.mp4,21
130.74779850064832,113.75278076517229,130.61949381458302,156.57439157952757,4.294555187225342,0.5074680543195949,7.932780629728925,0.13901822062351085,0.18074826160958926,5.1442389488220215,shoulder press_11.mp4,24
145.37794835796663,144.89121367627058,122.12587018721783,127.12812507036104,3.2508158683776855,2.5082600540396776,3.9261686136192857,0.003353678208769824,0.04013781105473461,6.341188430786133,shoulder press_11.mp4,27
132.3522279855882,160.7974523540914,128.14455167186364,120.4619070409332,2.968069076538086,0.8622219468534582,2.6912543933924913,0.19406621447134473,0.06180567207069895,7.385479927062988,shoulder press_11.mp4,30
141.23886858965093,155.77892930703567,119.79594851771073,121.11572246958852,3.4768126010894775,1.5982971417197904,3.1849104611004178,0.0979069996501845,0.010956496598683838,4.29165506362915,shoulder press_11.mp4,33
160.1571474642403,156.68888789212866,112.0439421770754,119.15298006583959,3.7940220832824707,9.288886287230216,0.05199431137022202,0.02189239684322229,0.06149768621309619,6.9185357093811035,shoulder press_11.mp4,36
138.1740404691546,142.72268678210824,123.84311048487211,133.10910858997084,3.4654836654663086,2.443030184314648,0.25717493136009983,0.032386609537710095,0.07212234351165348,7.008215427398682,shoulder press_11.mp4,39
122.73338345252608,125.36067992545816,140.15719577346303,144.2265145890749,4.18574857711792,2.153202005204714,7.422549742652539,0.021179841525907454,0.028618508496314487,8.892607688903809,shoulder press_11.mp4,42
99.13205059554468,101.48601080393183,157.7270038152054,165.44972657931112,4.31158447265625,9.95934157191011,11.183872561283918,0.0234670815974029,0.047792566962839476,7.747818470001221,shoulder press_11.mp4,45
56.90258276260921,84.3552532207326,158.10574847965947,179.41516240303918,1.865191102027893,8.860823209905597,11.18234693453646,0.3886888152719659,0.12627018496513562,5.752116680145264,shoulder press_11.mp4,48
29.745182345048292,57.587969621010835,131.26635366689214,151.79536515962684,2.7515780925750732,9.636266516330544,10.207638140126003,0.6376224068217136,0.14504971974197883,4.1382598876953125,shoulder press_11.mp4,51
17.60007592940953,42.94177643884171,117.41373257101654,135.53644818197407,4.0398478507995605,5.1610883358595325,9.445723005646737,0.8371630374072142,0.1432907899651166,6.057172775268555,shoulder press_11.mp4,54
14.866483559079441,29.850890370563096,118.73078063590756,117.62219852756267,3.7839488983154297,4.911566406273206,7.773054887898721,0.6701827721395195,0.009380733107477822,3.7521822452545166,shoulder press_11.mp4,57
11.48792479182362,25.10455101778293,111.79728595885389,115.3760568807625,3.0457935333251953,4.6473504138487725,6.380216665722135,0.7442309340755,0.03150696183957828,4.747905731201172,shoulder press_11.mp4,60
12.957911262336511,20.20668632244023,112.84377379112193,110.52848006561679,2.53303861618042,3.39755141503938,6.8986606416167255,0.4371393345915985,0.020730360960498448,3.1118428707122803,shoulder press_11.mp4,63
11.950681802934863,23.07354092985203,114.18833838986018,109.54541658893768,4.066056251525879,2.663102502412007,6.18915573726318,0.6351523750735418,0.04150399032423588,2.1983449459075928,shoulder press_11.mp4,66
12.999514803029623,33.20246117275918,114.666539285468,125.20113478112395,4.00560188293457,7.336507329939526,7.878866477790833,0.8745490184366356,0.08783672528321877,6.12512731552124,shoulder press_11.mp4,69
22.32785002493317,49.24140434663665,125.82738537554206,143.25049494381196,3.643234968185425,10.064777567490914,10.272367949260893,0.7520982175383574,0.12950235483935987,4.129241943359375,shoulder press_11.mp4,72
44.58421382377085,72.63175951757927,144.87974319938752,168.3797292939176,3.5818073749542236,9.225535116653282,10.368866351598951,0.47856183580252915,0.15003527847051654,6.464061260223389,shoulder press_11.mp4,75
99.88453481535106,106.97441190346966,158.37661603493967,159.62832944931725,3.72878098487854,10.280279689579938,9.78544630859458,0.06854793762201378,0.0078722889826224,5.318727970123291,shoulder press_11.mp4,78
125.02430187415328,124.14035054131287,141.81094206272672,140.68030583057856,4.2230987548828125,1.0179749571869128,9.767534952090848,0.007095318892717403,0.008004752292893656,6.3927459716796875,shoulder press_11.mp4,81
139.2028560463514,144.39289556366123,126.81331084005254,130.92058785638528,3.821423292160034,2.071196741986013,0.8416074681421977,0.03660167324683286,0.031872229746311695,6.955868721008301,shoulder press_11.mp4,84
149.59717150767034,157.15130375611758,118.06692730571913,115.46362480318201,3.005408525466919,0.2711158708346745,0.022203378314373377,0.049252940813812235,0.022295177046668686,3.5314559936523438,shoulder press_11.mp4,87
140.70918673533936,162.34856203146344,119.16890079774822,117.87239510181458,3.0370779037475586,3.1223726950901454,2.9642323776194464,0.14280694279673528,0.010939070266330229,6.96189546585083,shoulder press_11.mp4,90
133.77020990669573,152.13591528050253,127.44780740205788,123.35895040158394,3.501600742340088,2.642222749390739,0.4109827685282795,0.12847367548898633,0.03260563659672303,8.33761978149414,shoulder press_11.mp4,93
125.91554284222542,131.4113282810396,137.21933768351042,136.9016782504749,3.5469343662261963,4.275208245453024,7.160902426896625,0.04271443098673969,0.0023176583667121353,7.0864081382751465,shoulder press_11.mp4,96
99.14093930713338,109.363744669135,157.66372849049418,158.40058505773925,3.8127129077911377,10.17036500696434,10.098594254699616,0.09805828019830157,0.0046627001889134245,6.498178482055664,shoulder press_11.mp4,99
49.59995324507068,86.3786366764074,148.06216605371668,178.12309417709892,3.3523964881896973,8.381816845693221,9.338551449615206,0.5409481515078933,0.184318127079749,9.952107429504395,shoulder press_11.mp4,102
33.13721440289135,58.17975457738107,138.78858230876938,148.2586069927431,3.5210776329040527,7.758849110856725,10.791979761412595,0.5484750633784123,0.06598235437885766,3.014209032058716,shoulder press_11.mp4,105
20.013516127084877,44.23828914390992,128.84786148947111,130.34594987774102,4.354355335235596,8.719431614416111,9.328626411292085,0.7540573502846257,0.01155959997939529,3.9897208213806152,shoulder press_11.mp4,108
15.402955521355958,34.82792695606461,120.60832130304229,122.35971164460416,3.9037697315216064,7.302876371410325,7.05096396332981,0.7734274405169143,0.014416631853287907,5.280680179595947,shoulder press_11.mp4,111
10.383433865834755,27.526246800289663,114.62517989957563,116.26686249445501,4.050008773803711,7.930112854186205,6.489163888102395,0.9044029194249319,0.014220347984776002,6.368630409240723,shoulder press_11.mp4,114
6.374767728651982,26.230069473954632,114.2489422265116,111.68094998558459,3.7174160480499268,10.556643245590253,3.991618338689229,1.2179359536084606,0.02273264697985389,6.164659023284912,shoulder press_11.mp4,117
8.750797980996287,29.284075244927262,114.01890397432965,117.93990165700052,3.8724822998046875,9.907759266873416,5.63072525084247,1.079707937605852,0.03380770712281398,6.829049110412598,shoulder press_11.mp4,120
15.684170883766564,44.18867888674707,123.75974387870386,134.26627781847154,3.9939067363739014,13.317451715605994,8.522276976515064,0.9521680732497385,0.08143778577571809,8.053905487060547,shoulder press_11.mp4,123
29.41330059275094,63.59600398475345,134.11602696522345,156.46594544924,3.635115385055542,12.302259731858044,8.927773834418073,0.7350383608882519,0.15382866526997319,7.5921311378479,shoulder press_11.mp4,126
100.45721324564983,105.87210217079716,156.4221591563378,162.07320968887194,3.5236475467681885,11.64270837629507,9.320885987518018,0.05248782912130676,0.035485919641616924,8.690081596374512,shoulder press_11.mp4,129
131.4458399185808,125.17435785846449,125.20167392028986,145.55700665542878,2.9055655002593994,8.90854639358003,8.06178916451225,0.04887754054000876,0.1503577480275575,8.354534149169922,shoulder press_11.mp4,132
160.3556164167734,148.36567748353744,104.60909606808637,126.55168453905833,2.59233021736145,2.5358293899255018,3.5934857111776277,0.07767484245584705,0.1898469836737846,10.167245864868164,shoulder press_11.mp4,135
156.7302429687222,156.1970553211543,104.15997827362823,116.81223110990855,2.618016481399536,6.3192465157976425,1.2616653158009827,0.0034077413538654436,0.11451442578754398,16.82477378845215,shoulder press_11.mp4,138
161.2395662648326,148.3893731562138,97.51412424597243,126.52081829929008,1.7812529802322388,3.7287886036571387,4.3687115110343955,0.08300382472417786,0.258947945563959,10.39407730102539,shoulder press_11.mp4,141
157.5793205584357,141.52811278075768,100.74004360478745,135.4765402590371,2.6268527507781982,0.36076417009745354,5.305589586953842,0.10732737463916961,0.29410717982675383,9.082135200500488,shoulder press_11.mp4,144
133.28627288171356,121.49947017838272,131.6195789484555,143.61435472998025,1.9606492519378662,8.64211660180297,4.938883905136197,0.0925232515898716,0.08716058824010126,13.889825820922852,shoulder press_11.mp4,147
68.70876153813289,91.76653444806614,168.67954056942543,170.25821333085557,2.407212972640991,12.902130303078648,11.126294772451141,0.28736850451942747,0.009315414073904574,9.323088645935059,shoulder press_11.mp4,150
24.911153358171507,70.52567083735894,126.71005637736343,164.69739684500115,2.6786298751831055,13.317796673194534,7.715861821467395,0.9559102131423122,0.26071632724267135,6.961886882781982,shoulder press_11.mp4,153
12.186653692141418,46.353200645598015,109.0440192282342,147.53716066413205,0.786018431186676,15.769377572536547,8.27653040791702,1.167291833571582,0.30004649173447095,11.272989273071289,shoulder press_11.mp4,156
7.754966858806061,31.470190694099237,110.64872878009072,123.8292549448238,1.7657727003097534,14.346721246123812,4.499218546101605,1.2091843762925385,0.11242442429218638,11.120399475097656,shoulder press_11.mp4,159
2.7475881617466076,29.6395324456326,100.89712613040219,125.21581819853475,1.823033332824707,12.979465181243057,3.0123028583821014,1.6606566918924446,0.21510216622322198,11.363247871398926,shoulder press_11.mp4,162
1.486747478822775,25.312073723311748,98.69915976976569,120.06509948707492,1.7893717288970947,12.735020222768314,2.074516012061115,1.7780876304060187,0.19533300174252421,13.752628326416016,shoulder press_11.mp4,165
4.647303055056585,37.90016196589434,105.59333092272114,133.18111060217763,1.2837235927581787,15.871506584329904,4.241814061352703,1.563094717603675,0.23107816316747376,11.499594688415527,shoulder press_11.mp4,168
9.807183558039656,50.40330618817636,111.68903540367855,146.75162274218454,0.7692170739173889,18.45621109201101,6.90915632701247,1.3484734238584402,0.2713395608110298,11.639067649841309,shoulder press_11.mp4,171
32.656534386961965,83.46454635449702,139.0977211178186,175.04986935971138,2.4183104038238525,14.574285161028252,8.310281148898394,0.8750867911857962,0.22888699026621584,8.01088809967041,shoulder press_11.mp4,174
109.13272714196019,103.66572503432477,148.53684227294784,163.09941060847123,1.0345786809921265,7.335686237143595,10.98718849471885,0.0513819724882819,0.09345875648854376,12.20265007019043,shoulder press_11.mp4,177
178.70880548715763,129.83344107470168,93.65671936940127,125.5417163969951,9.011553764343262,10.771347651120479,2.0450087151715297,0.31681473092960694,0.2909235817866349,13.096364974975586,shoulder press_11.mp4,180
143.58519456584364,146.51829113711017,102.25871361335066,125.48363368873468,1.2696940898895264,13.023061108969502,3.565342635904821,0.02022103639437013,0.2039578528149416,12.191567420959473,shoulder press_11.mp4,183
165.95315373469606,154.1918681945269,100.5716606139409,112.57869957964961,1.563542366027832,3.354639742469938,4.149833136990033,0.07347473635101107,0.11266261952176383,8.933813095092773,shoulder press_11.mp4,186
165.72231572649642,155.61933947402437,99.5488636944733,115.87831325372973,1.0296393632888794,4.002497122413926,0.6249885396146322,0.06287996647162147,0.15160064566210846,9.8212251663208,shoulder press_11.mp4,189
157.14801464501807,134.6781871615963,107.36770732527037,130.95021145904389,1.3641715049743652,6.905665474834732,6.868784600847045,0.1539945854369303,0.19790793956300426,7.819168567657471,shoulder press_11.mp4,192
156.19472844887335,116.33660642909271,110.37747124670825,145.00875467454125,3.554096221923828,8.251483154373314,6.612509861364834,0.29250304033940383,0.27120713580310196,2.5463004112243652,shoulder press_11.mp4,195
39.24665691915423,86.47375766682723,137.52437504966653,175.42071845847528,0.5703016519546509,14.228980931023926,8.021436552226975,0.7513036113219926,0.2421916444446368,7.786466598510742,shoulder press_11.mp4,198
10.940532493743413,58.44697570086179,115.49688356805656,149.29835926856597,0.9654209613800049,16.866728967271253,5.772525265379289,1.3693082355366077,0.2553027413816854,7.981577396392822,shoulder press_11.mp4,201
5.234950989372975,40.940411935023405,108.93847134014298,134.18920414192058,0.6626291275024414,19.17969011589116,4.7273294594644035,1.5465156604881056,0.2077158246317412,7.081457614898682,shoulder press_11.mp4,204
5.245757071051644,29.069659377039994,99.58160953205422,125.57232700744007,0.5990394949913025,19.495986817032552,2.3766122336096607,1.3885247373888858,0.23087064676594551,7.947708606719971,shoulder press_11.mp4,207
61.39407658324663,32.30641833987068,110.10533158915814,115.77428043729176,4.046606540679932,15.180839299995638,11.58256998819093,0.6208645593012677,0.050194426998305675,8.939249992370605,shoulder press_12.mp4,0
39.25943222362593,30.10041031488113,109.78986533378433,111.57902803531262,0.5667359828948975,10.07232653122372,12.783395864859742,0.264101577325811,0.01616453580535494,9.202972412109375,shoulder press_12.mp4,3
34.94374721558748,28.478840029275666,108.35275009988452,108.81617282835529,1.173081636428833,11.353645885326022,10.438370021108478,0.203867658736531,0.004267854923458877,7.206417560577393,shoulder press_12.mp4,6
22.03520661079692,29.192202565563996,112.74834714984723,98.82802075816844,2.561924934387207,6.704875914568963,11.302058521572672,0.27942057073890436,0.13158677908423835,11.007224082946777,shoulder press_12.mp4,9
22.95709774606453,30.627595158183865,114.01935824368859,102.18398045582845,2.738009214401245,6.736992823821323,9.529365000899164,0.28629434998632564,0.10948376522815075,12.387188911437988,shoulder press_12.mp4,12
22.93079007392301,33.769194034131836,119.89420136757094,103.9196609272019,3.6273694038391113,3.70316585963245,8.615637505495231,0.38230712515029125,0.14274844530701908,11.469740867614746,shoulder press_12.mp4,15
25.7003372032697,31.312417600061767,116.2182649959133,106.94524196575665,2.4878993034362793,5.988591717421936,7.3008711367552435,0.1968710481067346,0.08310519185154555,9.640074729919434,shoulder press_12.mp4,18
22.45197089679515,31.555612080485666,120.5061526119068,102.9638679729459,3.6839215755462646,1.805058677715175,7.044516364136363,0.33712455480631726,0.1569989978347006,10.383575439453125,shoulder press_12.mp4,21
27.57542777745088,31.238643194747603,119.68738199464562,103.12244708853308,3.3844962120056152,7.476144309868213,8.03847680176724,0.12456935412712143,0.1486912401869719,7.953357696533203,shoulder press_12.mp4,24
23.564868481855267,37.58337032613185,123.48148250324131,109.57543809917121,4.552127361297607,2.1606653243680096,5.639143668139778,0.45850876877407304,0.11933603488903348,10.998802185058594,shoulder press_12.mp4,27
27.462570056824248,48.76566529329749,126.59606733147291,119.52153240491924,4.971764087677002,5.572608405552664,5.128925146060242,0.5589292507855285,0.05748906160413519,9.549761772155762,shoulder press_12.mp4,30
34.27666434267955,60.192234911592465,127.83552276503013,139.4494548202182,4.439733028411865,5.666693422980931,2.216964428625219,0.5486582520488291,0.08690299140724354,9.950947761535645,shoulder press_12.mp4,33
43.48384628888676,72.41663586981475,139.4925906980369,154.49680115535438,4.207007884979248,2.1671540780010865,0.186895375003491,0.49926952920369355,0.10207314190982698,9.881288528442383,shoulder press_12.mp4,36
59.07827675118084,92.20940550811363,155.12368422915358,176.23937898623214,5.4256272315979,0.8457839921197847,0.5245200785272398,0.437988450376929,0.12744748646504014,11.530776977539062,shoulder press_12.mp4,39
79.84790124217405,97.71659216353143,178.18080852538742,178.32100296602616,5.195484638214111,0.08028129198503167,2.0598427739166136,0.20126423451709324,0.0007865005793504295,9.91460132598877,shoulder press_12.mp4,42
92.4780488040189,112.01634840410738,171.5286569751319,160.01702077896107,5.973381996154785,0.11043320962724232,3.97035874914893,0.19108885003047957,0.06944223356583158,13.901143074035645,shoulder press_12.mp4,45
117.46504564063414,125.50996792468982,148.6190920723194,148.8900190858103,6.667326927185059,6.2800310804254105,4.37305120526767,0.06622016120923307,0.0018213022951549457,11.495271682739258,shoulder press_12.mp4,48
134.2031082615265,138.14330272426182,134.5480531555407,137.19849000000653,6.193138122558594,7.676689886804538,1.9680390736296027,0.028935167153283533,0.0195066830561205,10.451020240783691,shoulder press_12.mp4,51
147.50845794408374,158.00235399757022,120.31841848526868,124.47324805318337,5.107713222503662,10.720922013847321,3.013674488876848,0.06869737923049735,0.03394584159393388,6.504385471343994,shoulder press_12.mp4,54
154.23692338669798,161.6705662610429,112.25761551102129,124.46416389427637,4.876821517944336,13.325138351509628,2.3392060647732116,0.04706215026832031,0.10312991406131607,5.42499303817749,shoulder press_12.mp4,57
160.34429283181686,172.17865200916003,106.89235308702035,120.44461056680645,4.747411251068115,17.218323133112342,8.588161640680127,0.07117920348626013,0.11922616772890963,5.5987467765808105,shoulder press_12.mp4,60
167.5697750242603,175.2200012074359,110.13197455680479,114.29897037814719,4.529087066650391,23.339860883257618,10.470173811839034,0.04463508957166038,0.03713387939929709,6.7678446769714355,shoulder press_12.mp4,63
165.21956069302092,175.31621124030414,110.3380380953836,112.25534800056933,4.392513275146484,19.577483387684993,11.05123435307804,0.059298619290193595,0.017227015939810904,5.977899074554443,shoulder press_12.mp4,66
167.1100525087832,173.99289308251454,108.1100242011543,113.43389483851882,4.166306972503662,19.3474712561667,10.257039766787425,0.04035638309601818,0.04806153705722923,4.610044956207275,shoulder press_12.mp4,69
160.93828758448328,174.42483059723105,108.56157251109694,114.05119474790096,4.072959899902344,13.757059838851234,10.89866177819136,0.08042949436938489,0.049319922701622464,3.8518922328948975,shoulder press_12.mp4,72
164.3894830197438,175.9570718343762,108.168833226888,114.06853912949234,3.7667248249053955,17.272158201634515,12.691941256685888,0.06797535423615797,0.05309373342610943,4.5317912101745605,shoulder press_12.mp4,75
162.4971691032085,175.21696944048063,111.4478580226483,111.25563659725917,3.650705099105835,15.959497673600431,11.876106929824466,0.07532879962990707,0.0017262542351856995,5.232023239135742,shoulder press_12.mp4,78
164.40853079354403,177.87256317523148,106.05188728397758,113.87550036203884,3.64520263671875,15.00537275598552,12.445344680021352,0.07867236969223722,0.07114723783882464,2.610583543777466,shoulder press_12.mp4,81
164.452949425885,179.16069885073776,106.07448975096315,116.63516093709076,3.1591720581054688,17.663155639514706,14.74813367635883,0.08560631685393603,0.09483802029683736,2.140922784805298,shoulder press_12.mp4,84
165.98780876250038,178.93467299231477,105.26423731065967,115.76054711524475,3.412558078765869,19.824813038018224,13.237547362259805,0.0750711531701059,0.09497857746449995,2.0531160831451416,shoulder press_12.mp4,87
162.62962427516396,173.13561458694454,111.58357281979413,113.42648993841793,4.134057521820068,15.85772716510125,11.251834107422738,0.06257938044679581,0.01638075289640834,5.77393102645874,shoulder press_12.mp4,90
165.9278072451513,176.1755114132584,105.58209878742991,118.37812298134958,2.6228549480438232,21.513324060482226,11.392048927391745,0.059909995660342684,0.11427050833277444,3.5765085220336914,shoulder press_12.mp4,93
164.75393029629217,173.80311678273108,110.02545712136009,113.89504356194287,2.9250926971435547,20.571774964183795,9.59040742828693,0.05345738075466333,0.03456214530402148,3.4130637645721436,shoulder press_12.mp4,96
161.06019357699887,164.36375373527574,118.2883673482628,113.11480905240455,4.205209732055664,15.344462407690393,4.538220103944926,0.020303116507322017,0.04471466966296425,8.802515029907227,shoulder press_12.mp4,99
148.07774076645822,158.46212102297753,124.51167508634279,118.46639100034433,4.334843158721924,13.10636096362437,0.2516205992938986,0.06775223421776322,0.04975991605630516,8.393189430236816,shoulder press_12.mp4,102
142.51923297800695,156.63667119837086,129.01053358625924,121.29852377177512,3.032724618911743,9.554865314510414,3.483765722027147,0.09438181244813727,0.06161990217919361,6.980502605438232,shoulder press_12.mp4,105
131.07673497603872,142.31464442149024,141.54685180080574,129.1970733173631,3.301259994506836,6.204221819367338,0.6310377470022634,0.08221114703921124,0.09122848077239372,9.494134902954102,shoulder press_12.mp4,108
116.89621141948854,129.65987008339695,151.20506574377924,141.12916754111893,3.270150661468506,1.6321987941100136,2.6615027546450065,0.10353554117268075,0.06893409703981342,9.798349380493164,shoulder press_12.mp4,111
96.94248449630085,114.33700668980642,167.30632763515231,158.82881463330952,3.490652084350586,0.2539632434712526,2.436615384699402,0.16465888000632734,0.05198773087056306,8.63070297241211,shoulder press_12.mp4,114
83.71124450095466,104.75834898444896,177.73938005778717,166.86419946573002,2.5745348930358887,0.8824285376953745,1.5236522204985292,0.22334748108982713,0.0631170494926039,7.38673734664917,shoulder press_12.mp4,117
63.09128323669295,78.35325860545932,159.48498150324272,161.98449457897377,2.9674715995788574,3.249259897149445,2.7926429467030816,0.21580154553857947,0.015550546858711956,7.103949069976807,shoulder press_12.mp4,120
58.640898296878206,72.35732365706605,153.4762289400772,154.75119021225203,3.004328489303589,2.5546001567753653,4.854812860205688,0.20941391654934366,0.008272860835555552,7.2331767082214355,shoulder press_12.mp4,123
50.75405694085698,64.9234220656253,144.1035262338284,148.35197408347867,2.575749158859253,2.0255363938778204,4.690434711448035,0.24498053115376606,0.029053636160310203,7.0413498878479,shoulder press_12.mp4,126
46.9821634480275,56.533735500868694,141.50603446437955,137.78839060744994,3.1436469554901123,0.5895868259483675,4.070173402514032,0.1845430924105025,0.02662168323605816,7.409510135650635,shoulder press_12.mp4,129
42.647172475833635,50.24514155706386,133.09568458072735,131.1922238350147,3.435694932937622,2.4499604237402313,4.556469777097839,0.16358660369983744,0.014404448218027414,7.33893346786499,shoulder press_12.mp4,132
45.188107736739745,48.70619355379029,137.64677378277753,126.5209330366652,3.0652694702148438,2.921090390772134,5.087223806594312,0.07493715313275084,0.08423316294081915,6.054377555847168,shoulder press_12.mp4,135
41.25289965730569,47.785847705821126,132.43103995218416,128.64294730286522,2.9536075592041016,2.817879766392702,3.8961554108742598,0.14674393434292393,0.02901930360161285,4.897561073303223,shoulder press_12.mp4,138
43.1974163159326,49.54813765001186,134.6630123849507,134.08570029899604,2.278729200363159,0.7425971633433812,2.5097605878622677,0.13694934285283805,0.004296296567817048,4.780316352844238,shoulder press_12.mp4,141
48.46183535218738,58.070928260132256,143.0201982384563,140.07775893382194,2.90561842918396,0.8932927086418861,3.7251871854946823,0.18039695173802223,0.020787428733325244,4.246446132659912,shoulder press_12.mp4,144
66.88888366345259,81.6629229696134,158.15171425698384,167.76663200111696,2.753570795059204,0.039229109241353505,2.6871869878277863,0.19890756822168834,0.05900200375046633,6.133923053741455,shoulder press_12.mp4,150
86.67154839509809,96.60636475590353,177.2383417869663,171.7621210001921,2.2610557079315186,1.2724251793782697,1.1409363106562653,0.10841258709247965,0.03138231246480557,7.222481727600098,shoulder press_12.mp4,153
106.3178305115993,122.44154558437633,163.2325710326344,143.95526377772373,2.3693532943725586,1.6787677695800824,2.738710275828919,0.14096659422617372,0.12550827259687217,7.81668758392334,shoulder press_12.mp4,156
131.4534898939508,131.48923666938666,138.94932115802334,138.0169000717125,2.886090040206909,3.5421314885075605,3.42914769382363,0.00027189780758010923,0.006733103280037945,3.746511459350586,shoulder press_12.mp4,159
143.03397360284683,144.81638785080514,127.82479968494994,126.74494920938035,0.9625182151794434,2.8421229887313046,0.026509191417511676,0.012384311341191827,0.00848372974604946,0.9958609342575073,shoulder press_12.mp4,162
146.2203565695311,158.75150448840697,120.20311652987614,114.5511260137432,1.962489366531372,2.5744824766815415,2.340994651076801,0.08217904350523153,0.04815240359358151,2.6685094833374023,shoulder press_12.mp4,165
164.83571505744203,167.3412347286033,116.48368538946708,107.74805760244939,2.3531057834625244,12.644420434772433,6.714165092071636,0.015085451731524828,0.0779160672834141,4.772424221038818,shoulder press_12.mp4,168
162.69304011280892,166.79057318633755,116.26707004881328,107.16035840162237,1.5749439001083374,9.433514206828686,5.6560076193200155,0.024872454399171497,0.08151829621233014,3.075580358505249,shoulder press_12.mp4,171
154.99677994914103,163.8132549444037,113.99295533222619,111.77377034965868,2.2511746883392334,0.22978653302902108,5.465658370554748,0.055308641700733255,0.01965909702472667,8.40640640258789,shoulder press_12.mp4,174
150.7077430873537,157.1316636837134,119.5442153651536,116.53520600470635,1.913578748703003,2.5144556421811077,1.8101643780281513,0.04173553128717559,0.025491500639804675,1.8509567975997925,shoulder press_12.mp4,177
146.13596276911514,145.1246164093661,124.81451258772297,127.70473831163777,1.6942882537841797,4.217163602820579,0.11816541110820397,0.006944615454666792,0.022891131774081405,4.015007972717285,shoulder press_12.mp4,180
125.49478210927799,134.114899601992,145.95311043702705,134.86446952329763,2.468034267425537,2.447333134223747,1.7990846854462077,0.06640828982873631,0.07897397958700506,9.702597618103027,shoulder press_12.mp4,183
108.24214180384718,117.7219015168153,161.32420071119503,147.80652778214525,1.9862996339797974,1.522654289861198,3.69082964450777,0.08390502819526487,0.0874560286836124,7.406829357147217,shoulder press_12.mp4,186
91.42819381412576,104.45747213935054,179.43386318162825,165.34206127449843,1.909658670425415,1.4888915974385344,0.7084762045650261,0.13302942062457282,0.08174469797657247,6.65610408782959,shoulder press_12.mp4,189
72.2202899354782,83.91702999770429,164.9674137547076,171.6349843814225,2.6465256214141846,0.5438540397561649,0.03314804868442697,0.14982632041118157,0.039616893186948596,6.833599090576172,shoulder press_12.mp4,192
58.90428430918673,70.25069039333727,153.02290027085067,156.6960345659716,2.7306244373321533,1.967658140806425,1.1274341627095779,0.17570219204152424,0.02371914585755718,5.344455242156982,shoulder press_12.mp4,195
51.27587195551205,57.03975743445937,144.24032140218634,144.68754595209344,2.1269123554229736,1.658089585597732,0.9834229150372203,0.10642758596167977,0.0030957522651058355,5.544774055480957,shoulder press_12.mp4,198
46.837919692683,55.42423905817564,138.51036095434725,141.02767511168892,1.8770673274993896,0.8393817246956897,3.1093108855222815,0.1679275984464887,0.01801053046496327,4.792240619659424,shoulder press_12.mp4,201
39.286789983844045,43.60828302123435,131.17666383356308,126.62762751069484,2.6966891288757324,0.05456067485793667,4.347909780965937,0.10426417109556216,0.03529061753897424,4.950716972351074,shoulder press_12.mp4,204
36.93270543585243,39.99087727606558,131.389338215572,120.27509221479994,2.6288223266601562,0.1164618813681719,4.543701561869402,0.07951194503423313,0.08832591861921495,5.946605682373047,shoulder press_12.mp4,207
37.912218763478485,41.50997651422243,130.51208592139227,126.98784967796026,2.4559099674224854,0.9065332374017386,2.3855178186589225,0.09059829530433727,0.027372715532755852,5.57803201675415,shoulder press_12.mp4,210
46.17146403250316,52.1283921334178,138.5314853092685,134.83181560061755,2.9225475788116455,0.378018466908861,4.0516139936372095,0.12119912140786658,0.02706778632198732,6.393915176391602,shoulder press_12.mp4,213
52.88578182051964,60.5091751022542,147.46804022173606,145.61453803338918,2.4174506664276123,2.4543729946178265,2.5110336171599954,0.13445736016155233,0.012648327303395199,7.524867534637451,shoulder press_12.mp4,216
62.399856079219695,74.1873201820185,156.1110779058058,163.84124668477602,2.9722518920898438,2.6335553944112964,0.9100280185164045,0.17259986516236284,0.048320753967716505,7.947668075561523,shoulder press_12.mp4,219
80.22404749848376,92.50058044891206,172.1584010126739,176.501896328059,2.4622890949249268,2.163764202516669,1.0954803688411743,0.14215150550698752,0.024915342231469274,5.842820167541504,shoulder press_12.mp4,222
107.9024875464245,114.10988712483851,163.4880304284192,153.8725056348727,2.063297748565674,2.3156901436719455,2.7368344736667014,0.055919401678446085,0.060596852480919935,5.791205883026123,shoulder press_12.mp4,225
129.57770963114714,130.69376693697168,143.48642279177872,135.70490670018395,1.5707824230194092,2.2605406521458935,2.733593601477462,0.008576101542440387,0.05574325037782937,7.504446029663086,shoulder press_12.mp4,228
141.5338824568439,138.4296878553905,133.1745729523273,130.85376763993912,1.1759390830993652,5.8627334523247185,1.2017882416859953,0.02217570377454032,0.01757997120447127,3.419541835784912,shoulder press_12.mp4,231
149.19127250287494,151.14923875853884,125.3421058598721,120.82213313585638,1.4425266981124878,4.746708982561398,2.7710427917027,0.013038309400490486,0.03672322789415535,1.3914960622787476,shoulder press_12.mp4,234
156.95415020668918,158.50933392925273,117.49074193094064,115.15570470416523,1.228372573852539,5.708416990303251,3.726743409248381,0.009859675054456594,0.020073697755098745,4.286023139953613,shoulder press_12.mp4,237
160.03462628754357,166.10577166682108,118.95414320132944,109.0086714338931,1.3405779600143433,8.639087270264012,8.534434837554974,0.03723025676890858,0.08725521119179645,8.251986503601074,shoulder press_12.mp4,240
156.43332061965015,163.37790158945185,118.22710649243244,108.90186265266823,1.256179928779602,3.3030464948140166,4.594823537946576,0.04342925130539125,0.0821140858857754,5.023026943206787,shoulder press_12.mp4,243
151.8493245887136,154.62942417431557,123.99839706463823,116.7826524402172,1.6586408615112305,6.305127985421624,2.3574180632581814,0.018142201355380406,0.059936150616998723,1.2273966073989868,shoulder press_12.mp4,246
137.16957218686406,140.35765005782343,136.4475526809985,127.95885520741733,1.6842337846755981,3.722579974431192,1.3276865534380455,0.022974884014430427,0.06420946860836718,7.41106653213501,shoulder press_12.mp4,249
116.61350248248628,122.65563545588896,152.37864654773074,145.59849255365066,1.9003064632415771,0.3963790206680029,2.5864707288922264,0.050504908618501806,0.045507880332881875,9.753317832946777,shoulder press_12.mp4,252
85.58317127554616,95.38902822584654,177.6123027384134,173.29934107369098,2.583566188812256,1.3920796588827553,2.1018562039073667,0.10836865526657775,0.024581467960816925,8.38833236694336,shoulder press_12.mp4,255
65.3904209529281,74.94402827712625,158.69648440511267,162.61007418309282,2.599376916885376,1.4746353004248152,0.41125173150869987,0.13615484118994398,0.02436047241099678,5.656762599945068,shoulder press_12.mp4,258
47.734972344068794,55.16864741461999,141.10087883055107,138.78923543414047,2.5471975803375244,1.2122971581680904,3.6331868544555617,0.14447839809684682,0.016518221106047965,7.6652350425720215,shoulder press_12.mp4,261
36.876396079489055,45.00694080040321,126.01857949398081,127.61622958210364,1.8632876873016357,1.7226223362096276,5.182374952961611,0.198588504834388,0.012598034898621317,7.101508140563965,shoulder press_12.mp4,264
39.027985740519874,40.01995705542862,121.31948495454724,116.35125921154467,1.3357272148132324,10.698298585064784,8.381133877001757,0.025097966621835676,0.0418076340058969,4.389004707336426,shoulder press_12.mp4,267
46.225670764351406,39.83054275088568,125.3045436908411,117.35411082756836,1.0757254362106323,11.698382172811442,8.103766766373937,0.14862675807443956,0.06552770911098556,3.6117217540740967,shoulder press_12.mp4,270
61.39407658324663,32.30641833987068,110.10533158915814,115.77428043729176,4.046606540679932,15.180839299995638,11.58256998819093,0.6208645593012677,0.050194426998305675,8.939249992370605,shoulder press_12.mp4,0
39.25943222362593,30.10041031488113,109.78986533378433,111.57902803531262,0.5667359828948975,10.07232653122372,12.783395864859742,0.264101577325811,0.01616453580535494,9.202972412109375,shoulder press_12.mp4,3
34.94374721558748,28.478840029275666,108.35275009988452,108.81617282835529,1.173081636428833,11.353645885326022,10.438370021108478,0.203867658736531,0.004267854923458877,7.206417560577393,shoulder press_12.mp4,6
22.03520661079692,29.192202565563996,112.74834714984723,98.82802075816844,2.561924934387207,6.704875914568963,11.302058521572672,0.27942057073890436,0.13158677908423835,11.007224082946777,shoulder press_12.mp4,9
22.95709774606453,30.627595158183865,114.01935824368859,102.18398045582845,2.738009214401245,6.736992823821323,9.529365000899164,0.28629434998632564,0.10948376522815075,12.387188911437988,shoulder press_12.mp4,12
22.93079007392301,33.769194034131836,119.89420136757094,103.9196609272019,3.6273694038391113,3.70316585963245,8.615637505495231,0.38230712515029125,0.14274844530701908,11.469740867614746,shoulder press_12.mp4,15
25.7003372032697,31.312417600061767,116.2182649959133,106.94524196575665,2.4878993034362793,5.988591717421936,7.3008711367552435,0.1968710481067346,0.08310519185154555,9.640074729919434,shoulder press_12.mp4,18
22.45197089679515,31.555612080485666,120.5061526119068,102.9638679729459,3.6839215755462646,1.805058677715175,7.044516364136363,0.33712455480631726,0.1569989978347006,10.383575439453125,shoulder press_12.mp4,21
27.57542777745088,31.238643194747603,119.68738199464562,103.12244708853308,3.3844962120056152,7.476144309868213,8.03847680176724,0.12456935412712143,0.1486912401869719,7.953357696533203,shoulder press_12.mp4,24
23.564868481855267,37.58337032613185,123.48148250324131,109.57543809917121,4.552127361297607,2.1606653243680096,5.639143668139778,0.45850876877407304,0.11933603488903348,10.998802185058594,shoulder press_12.mp4,27
27.462570056824248,48.76566529329749,126.59606733147291,119.52153240491924,4.971764087677002,5.572608405552664,5.128925146060242,0.5589292507855285,0.05748906160413519,9.549761772155762,shoulder press_12.mp4,30
34.27666434267955,60.192234911592465,127.83552276503013,139.4494548202182,4.439733028411865,5.666693422980931,2.216964428625219,0.5486582520488291,0.08690299140724354,9.950947761535645,shoulder press_12.mp4,33
43.48384628888676,72.41663586981475,139.4925906980369,154.49680115535438,4.207007884979248,2.1671540780010865,0.186895375003491,0.49926952920369355,0.10207314190982698,9.881288528442383,shoulder press_12.mp4,36
59.07827675118084,92.20940550811363,155.12368422915358,176.23937898623214,5.4256272315979,0.8457839921197847,0.5245200785272398,0.437988450376929,0.12744748646504014,11.530776977539062,shoulder press_12.mp4,39
79.84790124217405,97.71659216353143,178.18080852538742,178.32100296602616,5.195484638214111,0.08028129198503167,2.0598427739166136,0.20126423451709324,0.0007865005793504295,9.91460132598877,shoulder press_12.mp4,42
92.4780488040189,112.01634840410738,171.5286569751319,160.01702077896107,5.973381996154785,0.11043320962724232,3.97035874914893,0.19108885003047957,0.06944223356583158,13.901143074035645,shoulder press_12.mp4,45
117.46504564063414,125.50996792468982,148.6190920723194,148.8900190858103,6.667326927185059,6.2800310804254105,4.37305120526767,0.06622016120923307,0.0018213022951549457,11.495271682739258,shoulder press_12.mp4,48
134.2031082615265,138.14330272426182,134.5480531555407,137.19849000000653,6.193138122558594,7.676689886804538,1.9680390736296027,0.028935167153283533,0.0195066830561205,10.451020240783691,shoulder press_12.mp4,51
147.50845794408374,158.00235399757022,120.31841848526868,124.47324805318337,5.107713222503662,10.720922013847321,3.013674488876848,0.06869737923049735,0.03394584159393388,6.504385471343994,shoulder press_12.mp4,54
154.23692338669798,161.6705662610429,112.25761551102129,124.46416389427637,4.876821517944336,13.325138351509628,2.3392060647732116,0.04706215026832031,0.10312991406131607,5.42499303817749,shoulder press_12.mp4,57
160.34429283181686,172.17865200916003,106.89235308702035,120.44461056680645,4.747411251068115,17.218323133112342,8.588161640680127,0.07117920348626013,0.11922616772890963,5.5987467765808105,shoulder press_12.mp4,60
167.5697750242603,175.2200012074359,110.13197455680479,114.29897037814719,4.529087066650391,23.339860883257618,10.470173811839034,0.04463508957166038,0.03713387939929709,6.7678446769714355,shoulder press_12.mp4,63
165.21956069302092,175.31621124030414,110.3380380953836,112.25534800056933,4.392513275146484,19.577483387684993,11.05123435307804,0.059298619290193595,0.017227015939810904,5.977899074554443,shoulder press_12.mp4,66
167.1100525087832,173.99289308251454,108.1100242011543,113.43389483851882,4.166306972503662,19.3474712561667,10.257039766787425,0.04035638309601818,0.04806153705722923,4.610044956207275,shoulder press_12.mp4,69
160.93828758448328,174.42483059723105,108.56157251109694,114.05119474790096,4.072959899902344,13.757059838851234,10.89866177819136,0.08042949436938489,0.049319922701622464,3.8518922328948975,shoulder press_12.mp4,72
164.3894830197438,175.9570718343762,108.168833226888,114.06853912949234,3.7667248249053955,17.272158201634515,12.691941256685888,0.06797535423615797,0.05309373342610943,4.5317912101745605,shoulder press_12.mp4,75
162.4971691032085,175.21696944048063,111.4478580226483,111.25563659725917,3.650705099105835,15.959497673600431,11.876106929824466,0.07532879962990707,0.0017262542351856995,5.232023239135742,shoulder press_12.mp4,78
164.40853079354403,177.87256317523148,106.05188728397758,113.87550036203884,3.64520263671875,15.00537275598552,12.445344680021352,0.07867236969223722,0.07114723783882464,2.610583543777466,shoulder press_12.mp4,81
164.452949425885,179.16069885073776,106.07448975096315,116.63516093709076,3.1591720581054688,17.663155639514706,14.74813367635883,0.08560631685393603,0.09483802029683736,2.140922784805298,shoulder press_12.mp4,84
165.98780876250038,178.93467299231477,105.26423731065967,115.76054711524475,3.412558078765869,19.824813038018224,13.237547362259805,0.0750711531701059,0.09497857746449995,2.0531160831451416,shoulder press_12.mp4,87
162.62962427516396,173.13561458694454,111.58357281979413,113.42648993841793,4.134057521820068,15.85772716510125,11.251834107422738,0.06257938044679581,0.01638075289640834,5.77393102645874,shoulder press_12.mp4,90
165.9278072451513,176.1755114132584,105.58209878742991,118.37812298134958,2.6228549480438232,21.513324060482226,11.392048927391745,0.059909995660342684,0.11427050833277444,3.5765085220336914,shoulder press_12.mp4,93
164.75393029629217,173.80311678273108,110.02545712136009,113.89504356194287,2.9250926971435547,20.571774964183795,9.59040742828693,0.05345738075466333,0.03456214530402148,3.4130637645721436,shoulder press_12.mp4,96
161.06019357699887,164.36375373527574,118.2883673482628,113.11480905240455,4.205209732055664,15.344462407690393,4.538220103944926,0.020303116507322017,0.04471466966296425,8.802515029907227,shoulder press_12.mp4,99
148.07774076645822,158.46212102297753,124.51167508634279,118.46639100034433,4.334843158721924,13.10636096362437,0.2516205992938986,0.06775223421776322,0.04975991605630516,8.393189430236816,shoulder press_12.mp4,102
142.51923297800695,156.63667119837086,129.01053358625924,121.29852377177512,3.032724618911743,9.554865314510414,3.483765722027147,0.09438181244813727,0.06161990217919361,6.980502605438232,shoulder press_12.mp4,105
131.07673497603872,142.31464442149024,141.54685180080574,129.1970733173631,3.301259994506836,6.204221819367338,0.6310377470022634,0.08221114703921124,0.09122848077239372,9.494134902954102,shoulder press_12.mp4,108
116.89621141948854,129.65987008339695,151.20506574377924,141.12916754111893,3.270150661468506,1.6321987941100136,2.6615027546450065,0.10353554117268075,0.06893409703981342,9.798349380493164,shoulder press_12.mp4,111
96.94248449630085,114.33700668980642,167.30632763515231,158.82881463330952,3.490652084350586,0.2539632434712526,2.436615384699402,0.16465888000632734,0.05198773087056306,8.63070297241211,shoulder press_12.mp4,114
83.71124450095466,104.75834898444896,177.73938005778717,166.86419946573002,2.5745348930358887,0.8824285376953745,1.5236522204985292,0.22334748108982713,0.0631170494926039,7.38673734664917,shoulder press_12.mp4,117
63.09128323669295,78.35325860545932,159.48498150324272,161.98449457897377,2.9674715995788574,3.249259897149445,2.7926429467030816,0.21580154553857947,0.015550546858711956,7.103949069976807,shoulder press_12.mp4,120
58.640898296878206,72.35732365706605,153.4762289400772,154.75119021225203,3.004328489303589,2.5546001567753653,4.854812860205688,0.20941391654934366,0.008272860835555552,7.2331767082214355,shoulder press_12.mp4,123
50.75405694085698,64.9234220656253,144.1035262338284,148.35197408347867,2.575749158859253,2.0255363938778204,4.690434711448035,0.24498053115376606,0.029053636160310203,7.0413498878479,shoulder press_12.mp4,126
46.9821634480275,56.533735500868694,141.50603446437955,137.78839060744994,3.1436469554901123,0.5895868259483675,4.070173402514032,0.1845430924105025,0.02662168323605816,7.409510135650635,shoulder press_12.mp4,129
42.647172475833635,50.24514155706386,133.09568458072735,131.1922238350147,3.435694932937622,2.4499604237402313,4.556469777097839,0.16358660369983744,0.014404448218027414,7.33893346786499,shoulder press_12.mp4,132
45.188107736739745,48.70619355379029,137.64677378277753,126.5209330366652,3.0652694702148438,2.921090390772134,5.087223806594312,0.07493715313275084,0.08423316294081915,6.054377555847168,shoulder press_12.mp4,135
41.25289965730569,47.785847705821126,132.43103995218416,128.64294730286522,2.9536075592041016,2.817879766392702,3.8961554108742598,0.14674393434292393,0.02901930360161285,4.897561073303223,shoulder press_12.mp4,138
43.1974163159326,49.54813765001186,134.6630123849507,134.08570029899604,2.278729200363159,0.7425971633433812,2.5097605878622677,0.13694934285283805,0.004296296567817048,4.780316352844238,shoulder press_12.mp4,141
48.46183535218738,58.070928260132256,143.0201982384563,140.07775893382194,2.90561842918396,0.8932927086418861,3.7251871854946823,0.18039695173802223,0.020787428733325244,4.246446132659912,shoulder press_12.mp4,144
66.88888366345259,81.6629229696134,158.15171425698384,167.76663200111696,2.753570795059204,0.039229109241353505,2.6871869878277863,0.19890756822168834,0.05900200375046633,6.133923053741455,shoulder press_12.mp4,150
86.67154839509809,96.60636475590353,177.2383417869663,171.7621210001921,2.2610557079315186,1.2724251793782697,1.1409363106562653,0.10841258709247965,0.03138231246480557,7.222481727600098,shoulder press_12.mp4,153
106.3178305115993,122.44154558437633,163.2325710326344,143.95526377772373,2.3693532943725586,1.6787677695800824,2.738710275828919,0.14096659422617372,0.12550827259687217,7.81668758392334,shoulder press_12.mp4,156
131.4534898939508,131.48923666938666,138.94932115802334,138.0169000717125,2.886090040206909,3.5421314885075605,3.42914769382363,0.00027189780758010923,0.006733103280037945,3.746511459350586,shoulder press_12.mp4,159
143.03397360284683,144.81638785080514,127.82479968494994,126.74494920938035,0.9625182151794434,2.8421229887313046,0.026509191417511676,0.012384311341191827,0.00848372974604946,0.9958609342575073,shoulder press_12.mp4,162
146.2203565695311,158.75150448840697,120.20311652987614,114.5511260137432,1.962489366531372,2.5744824766815415,2.340994651076801,0.08217904350523153,0.04815240359358151,2.6685094833374023,shoulder press_12.mp4,165
164.83571505744203,167.3412347286033,116.48368538946708,107.74805760244939,2.3531057834625244,12.644420434772433,6.714165092071636,0.015085451731524828,0.0779160672834141,4.772424221038818,shoulder press_12.mp4,168
162.69304011280892,166.79057318633755,116.26707004881328,107.16035840162237,1.5749439001083374,9.433514206828686,5.6560076193200155,0.024872454399171497,0.08151829621233014,3.075580358505249,shoulder press_12.mp4,171
154.99677994914103,163.8132549444037,113.99295533222619,111.77377034965868,2.2511746883392334,0.22978653302902108,5.465658370554748,0.055308641700733255,0.01965909702472667,8.40640640258789,shoulder press_12.mp4,174
150.7077430873537,157.1316636837134,119.5442153651536,116.53520600470635,1.913578748703003,2.5144556421811077,1.8101643780281513,0.04173553128717559,0.025491500639804675,1.8509567975997925,shoulder press_12.mp4,177
146.13596276911514,145.1246164093661,124.81451258772297,127.70473831163777,1.6942882537841797,4.217163602820579,0.11816541110820397,0.006944615454666792,0.022891131774081405,4.015007972717285,shoulder press_12.mp4,180
125.49478210927799,134.114899601992,145.95311043702705,134.86446952329763,2.468034267425537,2.447333134223747,1.7990846854462077,0.06640828982873631,0.07897397958700506,9.702597618103027,shoulder press_12.mp4,183
108.24214180384718,117.7219015168153,161.32420071119503,147.80652778214525,1.9862996339797974,1.522654289861198,3.69082964450777,0.08390502819526487,0.0874560286836124,7.406829357147217,shoulder press_12.mp4,186
91.42819381412576,104.45747213935054,179.43386318162825,165.34206127449843,1.909658670425415,1.4888915974385344,0.7084762045650261,0.13302942062457282,0.08174469797657247,6.65610408782959,shoulder press_12.mp4,189
72.2202899354782,83.91702999770429,164.9674137547076,171.6349843814225,2.6465256214141846,0.5438540397561649,0.03314804868442697,0.14982632041118157,0.039616893186948596,6.833599090576172,shoulder press_12.mp4,192
58.90428430918673,70.25069039333727,153.02290027085067,156.6960345659716,2.7306244373321533,1.967658140806425,1.1274341627095779,0.17570219204152424,0.02371914585755718,5.344455242156982,shoulder press_12.mp4,195
51.27587195551205,57.03975743445937,144.24032140218634,144.68754595209344,2.1269123554229736,1.658089585597732,0.9834229150372203,0.10642758596167977,0.0030957522651058355,5.544774055480957,shoulder press_12.mp4,198
46.837919692683,55.42423905817564,138.51036095434725,141.02767511168892,1.8770673274993896,0.8393817246956897,3.1093108855222815,0.1679275984464887,0.01801053046496327,4.792240619659424,shoulder press_12.mp4,201
39.286789983844045,43.60828302123435,131.17666383356308,126.62762751069484,2.6966891288757324,0.05456067485793667,4.347909780965937,0.10426417109556216,0.03529061753897424,4.950716972351074,shoulder press_12.mp4,204
36.93270543585243,39.99087727606558,131.389338215572,120.27509221479994,2.6288223266601562,0.1164618813681719,4.543701561869402,0.07951194503423313,0.08832591861921495,5.946605682373047,shoulder press_12.mp4,207
37.912218763478485,41.50997651422243,130.51208592139227,126.98784967796026,2.4559099674224854,0.9065332374017386,2.3855178186589225,0.09059829530433727,0.027372715532755852,5.57803201675415,shoulder press_12.mp4,210
46.17146403250316,52.1283921334178,138.5314853092685,134.83181560061755,2.9225475788116455,0.378018466908861,4.0516139936372095,0.12119912140786658,0.02706778632198732,6.393915176391602,shoulder press_12.mp4,213
52.88578182051964,60.5091751022542,147.46804022173606,145.61453803338918,2.4174506664276123,2.4543729946178265,2.5110336171599954,0.13445736016155233,0.012648327303395199,7.524867534637451,shoulder press_12.mp4,216
62.399856079219695,74.1873201820185,156.1110779058058,163.84124668477602,2.9722518920898438,2.6335553944112964,0.9100280185164045,0.17259986516236284,0.048320753967716505,7.947668075561523,shoulder press_12.mp4,219
80.22404749848376,92.50058044891206,172.1584010126739,176.501896328059,2.4622890949249268,2.163764202516669,1.0954803688411743,0.14215150550698752,0.024915342231469274,5.842820167541504,shoulder press_12.mp4,222
107.9024875464245,114.10988712483851,163.4880304284192,153.8725056348727,2.063297748565674,2.3156901436719455,2.7368344736667014,0.055919401678446085,0.060596852480919935,5.791205883026123,shoulder press_12.mp4,225
129.57770963114714,130.69376693697168,143.48642279177872,135.70490670018395,1.5707824230194092,2.2605406521458935,2.733593601477462,0.008576101542440387,0.05574325037782937,7.504446029663086,shoulder press_12.mp4,228
141.5338824568439,138.4296878553905,133.1745729523273,130.85376763993912,1.1759390830993652,5.8627334523247185,1.2017882416859953,0.02217570377454032,0.01757997120447127,3.419541835784912,shoulder press_12.mp4,231
149.19127250287494,151.14923875853884,125.3421058598721,120.82213313585638,1.4425266981124878,4.746708982561398,2.7710427917027,0.013038309400490486,0.03672322789415535,1.3914960622787476,shoulder press_12.mp4,234
156.95415020668918,158.50933392925273,117.49074193094064,115.15570470416523,1.228372573852539,5.708416990303251,3.726743409248381,0.009859675054456594,0.020073697755098745,4.286023139953613,shoulder press_12.mp4,237
160.03462628754357,166.10577166682108,118.95414320132944,109.0086714338931,1.3405779600143433,8.639087270264012,8.534434837554974,0.03723025676890858,0.08725521119179645,8.251986503601074,shoulder press_12.mp4,240
156.43332061965015,163.37790158945185,118.22710649243244,108.90186265266823,1.256179928779602,3.3030464948140166,4.594823537946576,0.04342925130539125,0.0821140858857754,5.023026943206787,shoulder press_12.mp4,243
151.8493245887136,154.62942417431557,123.99839706463823,116.7826524402172,1.6586408615112305,6.305127985421624,2.3574180632581814,0.018142201355380406,0.059936150616998723,1.2273966073989868,shoulder press_12.mp4,246
137.16957218686406,140.35765005782343,136.4475526809985,127.95885520741733,1.6842337846755981,3.722579974431192,1.3276865534380455,0.022974884014430427,0.06420946860836718,7.41106653213501,shoulder press_12.mp4,249
116.61350248248628,122.65563545588896,152.37864654773074,145.59849255365066,1.9003064632415771,0.3963790206680029,2.5864707288922264,0.050504908618501806,0.045507880332881875,9.753317832946777,shoulder press_12.mp4,252
85.58317127554616,95.38902822584654,177.6123027384134,173.29934107369098,2.583566188812256,1.3920796588827553,2.1018562039073667,0.10836865526657775,0.024581467960816925,8.38833236694336,shoulder press_12.mp4,255
65.3904209529281,74.94402827712625,158.69648440511267,162.61007418309282,2.599376916885376,1.4746353004248152,0.41125173150869987,0.13615484118994398,0.02436047241099678,5.656762599945068,shoulder press_12.mp4,258
47.734972344068794,55.16864741461999,141.10087883055107,138.78923543414047,2.5471975803375244,1.2122971581680904,3.6331868544555617,0.14447839809684682,0.016518221106047965,7.6652350425720215,shoulder press_12.mp4,261
36.876396079489055,45.00694080040321,126.01857949398081,127.61622958210364,1.8632876873016357,1.7226223362096276,5.182374952961611,0.198588504834388,0.012598034898621317,7.101508140563965,shoulder press_12.mp4,264
39.027985740519874,40.01995705542862,121.31948495454724,116.35125921154467,1.3357272148132324,10.698298585064784,8.381133877001757,0.025097966621835676,0.0418076340058969,4.389004707336426,shoulder press_12.mp4,267
46.225670764351406,39.83054275088568,125.3045436908411,117.35411082756836,1.0757254362106323,11.698382172811442,8.103766766373937,0.14862675807443956,0.06552770911098556,3.6117217540740967,shoulder press_12.mp4,270
1.5516691206329623,21.82299012526358,97.32245966457145,107.2418003488927,3.7801389694213867,8.52739029127527,4.0618004412427435,1.7344698625447796,0.09698019276356841,11.538919448852539,shoulder press_13.mp4,0
1.6130117444543515,21.80311971567019,96.68030325312384,108.05125286935707,3.4946351051330566,8.573939057405587,3.4034096675766716,1.7244614470667528,0.11108155314787474,11.543778419494629,shoulder press_13.mp4,3
0.7875819144628617,23.404261237888484,100.09779748553663,109.88978456818994,3.805509328842163,8.014179860782262,1.574687118269776,1.8697772783160076,0.09326253473548707,10.62655258178711,shoulder press_13.mp4,6
2.6832149202489552,16.239791440891384,96.56219543659438,111.60660008396981,2.873035192489624,6.293961946715361,2.752237656716819,1.4328142433521311,0.14454043998048932,8.725618362426758,shoulder press_13.mp4,9
0.7080354629960938,23.53818522615237,102.9201971383993,113.2366384700462,3.2695152759552,12.639367189044174,1.343643198732601,1.8831924410697163,0.09545329716368058,10.094817161560059,shoulder press_13.mp4,12
7.0030307203694555,33.77309522970539,116.14564930224607,119.92037894491591,3.2439327239990234,14.325465945916884,4.862611189876155,1.3130263793138397,0.03198028679262299,7.646092414855957,shoulder press_13.mp4,15
19.626415474557778,58.14118280835263,124.88651022492112,153.8224835032042,3.6156530380249023,16.887591681038856,9.687519622840384,0.9905093685337213,0.20764291019980152,7.158921718597412,shoulder press_13.mp4,18
70.33852189675645,90.17662853146965,175.4339121388494,175.59700131152545,3.9674232006073,15.050817626695952,10.315632758359792,0.2471804883437935,0.0009292011981110505,9.800872802734375,shoulder press_13.mp4,21
150.18223131142724,128.49849661285342,113.43501519378317,141.49331808380114,3.900353193283081,3.06494196437123,4.781554214138787,0.15561703789194523,0.22012698650852644,9.54417610168457,shoulder press_13.mp4,24
145.0177482393276,145.87629271818824,103.9998349372307,124.06126805494486,2.7060649394989014,12.094526592764122,3.0944922227126397,0.005902798668784174,0.17593033493661947,9.794327735900879,shoulder press_13.mp4,27
163.67656052236183,160.2979264217941,99.14246906302151,120.87668201212671,3.422065019607544,0.794531927346058,3.318746784219121,0.02085740844864802,0.19756655584660276,10.356412887573242,shoulder press_13.mp4,30
158.8545215273794,154.46053757521162,97.8998066227665,121.91327930333816,3.8366851806640625,4.130423704534619,1.8690413226909677,0.028048341913428636,0.2184899281987638,7.134236812591553,shoulder press_13.mp4,33
152.95848399315474,142.58572244476724,103.33593481878113,136.53321325090977,4.282704830169678,6.751582313594513,1.5808641709666866,0.07019431491083053,0.27679490004678386,11.684638977050781,shoulder press_13.mp4,36
139.62813698081413,115.16842015788632,117.66199863211905,152.87163480287535,5.262682914733887,9.189128069478311,10.625801512542312,0.19199409205213855,0.2602976622440308,9.577152252197266,shoulder press_13.mp4,39
66.14588266218816,91.28142630106368,170.43157759267297,176.725771313922,4.969296932220459,10.316840596200256,10.776167888678593,0.31932888651158853,0.03626133072552369,7.9374680519104,shoulder press_13.mp4,42
19.721675747973805,63.064006402588845,125.00474550768779,153.6115488808427,4.7925639152526855,11.91684074207919,9.696512712597228,1.0470972643744887,0.2053491051981526,6.294527530670166,shoulder press_13.mp4,45
8.993789859760625,43.54515587181167,115.85651835590853,132.83908386570954,4.6797966957092285,11.10399829244095,8.671926170592503,1.315266818964281,0.13657310670630574,7.058460712432861,shoulder press_13.mp4,48
8.123253046316021,35.56308291579925,117.32197294464964,121.9758292360885,4.280608177185059,12.262984732051422,6.627501150029411,1.2562202466821208,0.03889593844179034,7.762363433837891,shoulder press_13.mp4,51
10.834525922112114,43.99890960902189,120.64443248491355,131.97352316308013,4.755307197570801,13.28904302676606,8.543242333704669,1.2096409194743705,0.0896934713061562,7.4779486656188965,shoulder press_13.mp4,54
21.57862437947947,63.379480314398776,129.39495788052963,153.40241202242447,4.845737934112549,14.456526504093077,9.242000298615164,0.9840345682271632,0.16978555458371722,7.559957981109619,shoulder press_13.mp4,57
80.25669010751804,98.3274015358866,176.0469538017753,166.12794664455046,3.632082223892212,15.274217750574822,10.036467069615318,0.20237761675269503,0.05797624047986384,7.587588310241699,shoulder press_13.mp4,60
140.0548178725775,123.27028196075935,117.41292852899481,147.8627612824831,3.2606542110443115,10.798657621042988,5.0928107833429594,0.12748147383171135,0.2295712266369218,10.029162406921387,shoulder press_13.mp4,63
164.0212485718648,151.35370448932122,108.85575082215975,109.88050758112934,1.6772321462631226,2.540078538683312,4.616622408780932,0.08033322849253623,0.009369793251928266,8.631753921508789,shoulder press_13.mp4,66
165.41770750119818,153.83381127415075,106.43715998031391,109.25556838487698,1.2040807008743286,0.8619879017406082,5.080995017916144,0.07256909080015243,0.026133550499590374,10.688627243041992,shoulder press_13.mp4,69
166.36665557776783,156.8001203271515,104.66470736740106,108.04505158344524,0.6874503493309021,1.5815872556147708,3.597126604686739,0.05920494285855031,0.03178363073435968,9.397960662841797,shoulder press_13.mp4,72
163.00561401036813,142.43706623469438,103.32260696082525,122.4465068675284,0.4807742238044739,3.469080676491778,6.942172995445151,0.13468024677606422,0.16941112610507517,5.898407459259033,shoulder press_13.mp4,75
141.80595440665888,120.37041631579912,121.33113873588692,143.91479561220424,2.265373945236206,8.47946522557285,7.986072863081475,0.16351998490017697,0.1702846600218198,10.940643310546875,shoulder press_13.mp4,78
55.358223392165954,83.85968994336157,157.51956539336507,179.32275779297044,2.2474522590637207,14.49066937661167,11.03654740884502,0.40945113841068076,0.12945637111963632,8.270495414733887,shoulder press_13.mp4,81
12.490481856504319,52.100707558497604,115.21279880656918,147.34274412364948,3.254606246948242,14.741952866543812,9.083344156469485,1.2264900541618895,0.244747796664264,9.731302261352539,shoulder press_13.mp4,84
7.34435554265218,34.15787475635906,110.55161443536991,125.87482346380266,1.7074629068374634,13.534569420626168,5.473285252015171,1.2921483506078317,0.12962348174418245,9.232287406921387,shoulder press_13.mp4,87
2.650700967384201,30.433383866683272,107.45689142272852,118.04616160253636,2.894796848297119,13.486316205616271,2.0801867849434923,1.679519505444538,0.09391686753457339,9.162941932678223,shoulder press_13.mp4,90
5.050823477425964,36.15415817912268,108.91880226706631,127.30735761291362,2.272810935974121,14.329546007094871,4.620020210789898,1.509688074172629,0.1556860201697393,8.646957397460938,shoulder press_13.mp4,93
15.468945028638691,53.94327982645197,120.01721842884808,147.75502850492038,2.9940574169158936,15.446423518078612,8.558763488797293,1.108575179030343,0.20717464482368889,8.29265022277832,shoulder press_13.mp4,96
44.84138243179461,88.79606164272558,147.20316824389639,174.69688279846758,2.4626471996307373,13.299208224017049,10.338664953495575,0.6578198126330603,0.17082143643992687,8.83724594116211,shoulder press_13.mp4,99
148.4964693348972,123.95203496185057,112.1045328962253,142.47251245289644,2.1663005352020264,8.859676634854223,6.120061126297925,0.18017668650008892,0.2385759447795077,7.029898643493652,shoulder press_13.mp4,102
148.601664340691,177.69411941282058,73.26320433070477,119.94130586384287,23.71278953552246,1.4288081825665782,20.588776825753772,0.17831952799063092,0.48319888066935396,11.306966781616211,shoulder press_13.mp4,105
173.9298495407191,161.7458306045619,77.95930249170222,111.31726228266635,6.540031433105469,1.8385845160187024,1.3854739666744929,0.07259399269487703,0.35247849970997985,1.6174365282058716,shoulder press_13.mp4,108
164.5465556714296,149.39359425281629,107.62039457873841,112.09841054761492,1.3870463371276855,2.480701161594462,5.260720405853799,0.09653407773596165,0.040761335528848704,9.516892433166504,shoulder press_13.mp4,111
162.33505196838362,137.8041145943542,98.8456944895484,131.61014619489538,2.8471763134002686,3.460031146390863,7.979718552927485,0.16346375353115905,0.2843447283265894,9.210816383361816,shoulder press_13.mp4,114
110.7942802691748,109.54522995731922,158.9960030042146,148.5116544151669,3.4339308738708496,7.555162374841753,6.757011370896264,0.011337506474182907,0.06818918707282177,5.977115154266357,shoulder press_13.mp4,117
24.633053687407525,72.34091337176395,129.0479454442577,166.63233975070906,1.8570032119750977,15.021400035192482,9.663967906664594,0.9839312782830899,0.2542232011286707,6.778100967407227,shoulder press_13.mp4,120
5.839188921465705,43.588751238376304,109.85901407712738,137.86438567360509,1.5071656703948975,16.043016511429585,8.287808442018015,1.5274584453584181,0.22610194777447457,8.582541465759277,shoulder press_13.mp4,123
5.69364315242559,28.233539086183328,103.12815951019034,123.3971517877299,0.7052188515663147,10.44123031969547,5.228665192001666,1.3287219536969077,0.1789556510166963,5.907827377319336,shoulder press_13.mp4,126
3.172496068537844,27.02279082610715,105.65260587033009,119.8297430973721,1.4683791399002075,13.66106448501977,5.086207818494689,1.5797362575680018,0.12574941933989453,6.35402774810791,shoulder press_13.mp4,129
7.622257506615169,40.24622073315054,107.7653094989272,137.8602626040689,0.9505365490913391,15.742549145083656,6.707776631396984,1.3630666537226042,0.24504739345724352,7.617377281188965,shoulder press_13.mp4,132
21.36222599316418,65.72085180284797,125.90319708063055,162.45433147793588,2.4493567943573,17.67757998805462,10.933389674347664,1.018765687487337,0.25351260693636907,9.152718544006348,shoulder press_13.mp4,135
95.40588774165715,105.40921245515756,165.66275460215914,156.59110510345366,0.3208228647708893,12.29511626679382,9.199339757590625,0.09962721631686415,0.05630126203603996,11.202566146850586,shoulder press_13.mp4,138
160.9246146262911,133.2328323598745,111.76713820337271,130.45591507091052,0.8027878403663635,0.9719149917308855,6.106277113649833,0.18827864159236435,0.15431047222722788,9.938765525817871,shoulder press_13.mp4,141
166.233418742595,151.38738907402978,103.73311289858074,112.92063978192088,0.12077389657497406,1.6742334081525363,5.131091681700066,0.09348272722192955,0.08481299557168483,6.906156539916992,shoulder press_13.mp4,144
166.17242976609504,158.01284139500882,98.61491779154241,112.89457612318414,0.18422803282737732,2.28323401532221,2.9813639672495915,0.05033904434869472,0.13502616896619118,7.718441009521484,shoulder press_13.mp4,147
163.93922755520856,152.47670175662475,104.67598276932662,112.73996346374736,0.283538818359375,3.283926848093493,3.9301525289030512,0.07245226764349967,0.07418021386320943,1.7927711009979248,shoulder press_13.mp4,150
147.42058852270938,129.77351813579574,116.54344763154417,138.16907326339793,0.5860341191291809,4.173985771839558,5.836799697578538,0.12732644715750976,0.16980418203134506,7.736908435821533,shoulder press_13.mp4,153
35.737723087824016,88.10295171334744,131.52317401601803,173.88833012810858,2.2574517726898193,7.474728403952907,10.865988906736035,0.8456870686403606,0.2774299955125333,10.88912582397461,shoulder press_13.mp4,156
13.012564934959965,56.83722781502052,111.32754918580561,155.83401981849516,0.15813788771629333,14.874307092805925,8.722945731756097,1.254825852867625,0.33318018604669214,7.134487152099609,shoulder press_13.mp4,159
7.338342129901373,39.25434302915591,108.6626523026507,134.59842954210242,0.05967116355895996,16.594071146785524,5.87969836751866,1.3700004964427468,0.2132340861330518,7.105527877807617,shoulder press_13.mp4,162
3.3667389924237168,31.75983059681606,102.53123946741066,125.23408317776236,0.17086903750896454,15.525767796000906,0.9392466259080048,1.616616250115691,0.1993529431670299,6.267378330230713,shoulder press_13.mp4,165
26.235717248025843,37.73643593003765,106.68592932051035,152.92969075086182,3.4697694778442383,7.636110917443843,4.010871249943362,0.35955390308655377,0.3562479131081433,9.439512252807617,shoulder press_13.mp4,168
9.373056294333836,50.834890063735294,107.09663582987585,152.40328874844025,0.6009889245033264,16.10199302766493,9.088828825455534,1.3772877594203046,0.34918432436685365,7.650144577026367,shoulder press_13.mp4,171
42.06180678365933,81.9632888640965,142.50668552858323,178.14153631989436,1.8994511365890503,15.730334594500619,11.28285462026091,0.6434420690754641,0.22226757152048318,9.750420570373535,shoulder press_13.mp4,174
136.13630209006766,115.9126201380572,134.32314221069174,139.85464974225687,1.0786666870117188,10.192906705179913,8.435061661234903,0.16047425851483205,0.040349785386807564,13.275347709655762,shoulder press_13.mp4,177
171.3675991243816,159.01979737308403,105.93311715092425,102.48147553089126,0.28545331954956055,1.4899214205461613,0.07406587257670166,0.07474741398854957,0.03312284015834317,10.576390266418457,shoulder press_13.mp4,183
162.02784178854571,176.3641729043648,65.38052461090537,126.6701252557525,24.025840759277344,7.988415295356733,28.366491558082142,0.08473208878069573,0.6382649648663093,24.498729705810547,shoulder press_13.mp4,186
149.41407876380043,179.47028922540133,97.31874965872389,99.90983036085873,19.29010009765625,3.558019855822396,19.200686153631747,0.18277676525256883,0.026274900948712203,9.619616508483887,shoulder press_13.mp4,189
43.62858985126164,88.60830314658762,142.41983818621324,173.40581266151554,2.004504919052124,13.73451290896748,8.594829255696204,0.6802899293173433,0.19622202561527713,10.976835250854492,shoulder press_13.mp4,195
12.936236435017035,56.820038874862526,115.6885617848227,151.72213174043483,1.7240467071533203,15.422031046061885,8.118017599301744,1.2582037170103961,0.26949984296128143,9.082857131958008,shoulder press_13.mp4,198
8.335997697797534,34.665527856264255,105.68581025205467,134.35916064699725,0.17993344366550446,14.08967128328816,6.610161794312409,1.2245858638370897,0.23889982187546704,8.728780746459961,shoulder press_13.mp4,201
1.5516691206329623,21.82299012526358,97.32245966457145,107.2418003488927,3.7801389694213867,8.52739029127527,4.0618004412427435,1.7344698625447796,0.09698019276356841,11.538919448852539,shoulder press_13.mp4,0
1.6130117444543515,21.80311971567019,96.68030325312384,108.05125286935707,3.4946351051330566,8.573939057405587,3.4034096675766716,1.7244614470667528,0.11108155314787474,11.543778419494629,shoulder press_13.mp4,3
0.7875819144628617,23.404261237888484,100.09779748553663,109.88978456818994,3.805509328842163,8.014179860782262,1.574687118269776,1.8697772783160076,0.09326253473548707,10.62655258178711,shoulder press_13.mp4,6
2.6832149202489552,16.239791440891384,96.56219543659438,111.60660008396981,2.873035192489624,6.293961946715361,2.752237656716819,1.4328142433521311,0.14454043998048932,8.725618362426758,shoulder press_13.mp4,9
0.7080354629960938,23.53818522615237,102.9201971383993,113.2366384700462,3.2695152759552,12.639367189044174,1.343643198732601,1.8831924410697163,0.09545329716368058,10.094817161560059,shoulder press_13.mp4,12
7.0030307203694555,33.77309522970539,116.14564930224607,119.92037894491591,3.2439327239990234,14.325465945916884,4.862611189876155,1.3130263793138397,0.03198028679262299,7.646092414855957,shoulder press_13.mp4,15
19.626415474557778,58.14118280835263,124.88651022492112,153.8224835032042,3.6156530380249023,16.887591681038856,9.687519622840384,0.9905093685337213,0.20764291019980152,7.158921718597412,shoulder press_13.mp4,18
70.33852189675645,90.17662853146965,175.4339121388494,175.59700131152545,3.9674232006073,15.050817626695952,10.315632758359792,0.2471804883437935,0.0009292011981110505,9.800872802734375,shoulder press_13.mp4,21
150.18223131142724,128.49849661285342,113.43501519378317,141.49331808380114,3.900353193283081,3.06494196437123,4.781554214138787,0.15561703789194523,0.22012698650852644,9.54417610168457,shoulder press_13.mp4,24
145.0177482393276,145.87629271818824,103.9998349372307,124.06126805494486,2.7060649394989014,12.094526592764122,3.0944922227126397,0.005902798668784174,0.17593033493661947,9.794327735900879,shoulder press_13.mp4,27
163.67656052236183,160.2979264217941,99.14246906302151,120.87668201212671,3.422065019607544,0.794531927346058,3.318746784219121,0.02085740844864802,0.19756655584660276,10.356412887573242,shoulder press_13.mp4,30
158.8545215273794,154.46053757521162,97.8998066227665,121.91327930333816,3.8366851806640625,4.130423704534619,1.8690413226909677,0.028048341913428636,0.2184899281987638,7.134236812591553,shoulder press_13.mp4,33
152.95848399315474,142.58572244476724,103.33593481878113,136.53321325090977,4.282704830169678,6.751582313594513,1.5808641709666866,0.07019431491083053,0.27679490004678386,11.684638977050781,shoulder press_13.mp4,36
139.62813698081413,115.16842015788632,117.66199863211905,152.87163480287535,5.262682914733887,9.189128069478311,10.625801512542312,0.19199409205213855,0.2602976622440308,9.577152252197266,shoulder press_13.mp4,39
66.14588266218816,91.28142630106368,170.43157759267297,176.725771313922,4.969296932220459,10.316840596200256,10.776167888678593,0.31932888651158853,0.03626133072552369,7.9374680519104,shoulder press_13.mp4,42
19.721675747973805,63.064006402588845,125.00474550768779,153.6115488808427,4.7925639152526855,11.91684074207919,9.696512712597228,1.0470972643744887,0.2053491051981526,6.294527530670166,shoulder press_13.mp4,45
8.993789859760625,43.54515587181167,115.85651835590853,132.83908386570954,4.6797966957092285,11.10399829244095,8.671926170592503,1.315266818964281,0.13657310670630574,7.058460712432861,shoulder press_13.mp4,48
8.123253046316021,35.56308291579925,117.32197294464964,121.9758292360885,4.280608177185059,12.262984732051422,6.627501150029411,1.2562202466821208,0.03889593844179034,7.762363433837891,shoulder press_13.mp4,51
10.834525922112114,43.99890960902189,120.64443248491355,131.97352316308013,4.755307197570801,13.28904302676606,8.543242333704669,1.2096409194743705,0.0896934713061562,7.4779486656188965,shoulder press_13.mp4,54
21.57862437947947,63.379480314398776,129.39495788052963,153.40241202242447,4.845737934112549,14.456526504093077,9.242000298615164,0.9840345682271632,0.16978555458371722,7.559957981109619,shoulder press_13.mp4,57
80.25669010751804,98.3274015358866,176.0469538017753,166.12794664455046,3.632082223892212,15.274217750574822,10.036467069615318,0.20237761675269503,0.05797624047986384,7.587588310241699,shoulder press_13.mp4,60
140.0548178725775,123.27028196075935,117.41292852899481,147.8627612824831,3.2606542110443115,10.798657621042988,5.0928107833429594,0.12748147383171135,0.2295712266369218,10.029162406921387,shoulder press_13.mp4,63
164.0212485718648,151.35370448932122,108.85575082215975,109.88050758112934,1.6772321462631226,2.540078538683312,4.616622408780932,0.08033322849253623,0.009369793251928266,8.631753921508789,shoulder press_13.mp4,66
165.41770750119818,153.83381127415075,106.43715998031391,109.25556838487698,1.2040807008743286,0.8619879017406082,5.080995017916144,0.07256909080015243,0.026133550499590374,10.688627243041992,shoulder press_13.mp4,69
166.36665557776783,156.8001203271515,104.66470736740106,108.04505158344524,0.6874503493309021,1.5815872556147708,3.597126604686739,0.05920494285855031,0.03178363073435968,9.397960662841797,shoulder press_13.mp4,72
163.00561401036813,142.43706623469438,103.32260696082525,122.4465068675284,0.4807742238044739,3.469080676491778,6.942172995445151,0.13468024677606422,0.16941112610507517,5.898407459259033,shoulder press_13.mp4,75
141.80595440665888,120.37041631579912,121.33113873588692,143.91479561220424,2.265373945236206,8.47946522557285,7.986072863081475,0.16351998490017697,0.1702846600218198,10.940643310546875,shoulder press_13.mp4,78
55.358223392165954,83.85968994336157,157.51956539336507,179.32275779297044,2.2474522590637207,14.49066937661167,11.03654740884502,0.40945113841068076,0.12945637111963632,8.270495414733887,shoulder press_13.mp4,81
12.490481856504319,52.100707558497604,115.21279880656918,147.34274412364948,3.254606246948242,14.741952866543812,9.083344156469485,1.2264900541618895,0.244747796664264,9.731302261352539,shoulder press_13.mp4,84
7.34435554265218,34.15787475635906,110.55161443536991,125.87482346380266,1.7074629068374634,13.534569420626168,5.473285252015171,1.2921483506078317,0.12962348174418245,9.232287406921387,shoulder press_13.mp4,87
2.650700967384201,30.433383866683272,107.45689142272852,118.04616160253636,2.894796848297119,13.486316205616271,2.0801867849434923,1.679519505444538,0.09391686753457339,9.162941932678223,shoulder press_13.mp4,90
5.050823477425964,36.15415817912268,108.91880226706631,127.30735761291362,2.272810935974121,14.329546007094871,4.620020210789898,1.509688074172629,0.1556860201697393,8.646957397460938,shoulder press_13.mp4,93
15.468945028638691,53.94327982645197,120.01721842884808,147.75502850492038,2.9940574169158936,15.446423518078612,8.558763488797293,1.108575179030343,0.20717464482368889,8.29265022277832,shoulder press_13.mp4,96
44.84138243179461,88.79606164272558,147.20316824389639,174.69688279846758,2.4626471996307373,13.299208224017049,10.338664953495575,0.6578198126330603,0.17082143643992687,8.83724594116211,shoulder press_13.mp4,99
148.4964693348972,123.95203496185057,112.1045328962253,142.47251245289644,2.1663005352020264,8.859676634854223,6.120061126297925,0.18017668650008892,0.2385759447795077,7.029898643493652,shoulder press_13.mp4,102
148.601664340691,177.69411941282058,73.26320433070477,119.94130586384287,23.71278953552246,1.4288081825665782,20.588776825753772,0.17831952799063092,0.48319888066935396,11.306966781616211,shoulder press_13.mp4,105
173.9298495407191,161.7458306045619,77.95930249170222,111.31726228266635,6.540031433105469,1.8385845160187024,1.3854739666744929,0.07259399269487703,0.35247849970997985,1.6174365282058716,shoulder press_13.mp4,108
164.5465556714296,149.39359425281629,107.62039457873841,112.09841054761492,1.3870463371276855,2.480701161594462,5.260720405853799,0.09653407773596165,0.040761335528848704,9.516892433166504,shoulder press_13.mp4,111
162.33505196838362,137.8041145943542,98.8456944895484,131.61014619489538,2.8471763134002686,3.460031146390863,7.979718552927485,0.16346375353115905,0.2843447283265894,9.210816383361816,shoulder press_13.mp4,114
110.7942802691748,109.54522995731922,158.9960030042146,148.5116544151669,3.4339308738708496,7.555162374841753,6.757011370896264,0.011337506474182907,0.06818918707282177,5.977115154266357,shoulder press_13.mp4,117
24.633053687407525,72.34091337176395,129.0479454442577,166.63233975070906,1.8570032119750977,15.021400035192482,9.663967906664594,0.9839312782830899,0.2542232011286707,6.778100967407227,shoulder press_13.mp4,120
5.839188921465705,43.588751238376304,109.85901407712738,137.86438567360509,1.5071656703948975,16.043016511429585,8.287808442018015,1.5274584453584181,0.22610194777447457,8.582541465759277,shoulder press_13.mp4,123
5.69364315242559,28.233539086183328,103.12815951019034,123.3971517877299,0.7052188515663147,10.44123031969547,5.228665192001666,1.3287219536969077,0.1789556510166963,5.907827377319336,shoulder press_13.mp4,126
3.172496068537844,27.02279082610715,105.65260587033009,119.8297430973721,1.4683791399002075,13.66106448501977,5.086207818494689,1.5797362575680018,0.12574941933989453,6.35402774810791,shoulder press_13.mp4,129
7.622257506615169,40.24622073315054,107.7653094989272,137.8602626040689,0.9505365490913391,15.742549145083656,6.707776631396984,1.3630666537226042,0.24504739345724352,7.617377281188965,shoulder press_13.mp4,132
21.36222599316418,65.72085180284797,125.90319708063055,162.45433147793588,2.4493567943573,17.67757998805462,10.933389674347664,1.018765687487337,0.25351260693636907,9.152718544006348,shoulder press_13.mp4,135
95.40588774165715,105.40921245515756,165.66275460215914,156.59110510345366,0.3208228647708893,12.29511626679382,9.199339757590625,0.09962721631686415,0.05630126203603996,11.202566146850586,shoulder press_13.mp4,138
160.9246146262911,133.2328323598745,111.76713820337271,130.45591507091052,0.8027878403663635,0.9719149917308855,6.106277113649833,0.18827864159236435,0.15431047222722788,9.938765525817871,shoulder press_13.mp4,141
166.233418742595,151.38738907402978,103.73311289858074,112.92063978192088,0.12077389657497406,1.6742334081525363,5.131091681700066,0.09348272722192955,0.08481299557168483,6.906156539916992,shoulder press_13.mp4,144
166.17242976609504,158.01284139500882,98.61491779154241,112.89457612318414,0.18422803282737732,2.28323401532221,2.9813639672495915,0.05033904434869472,0.13502616896619118,7.718441009521484,shoulder press_13.mp4,147
163.93922755520856,152.47670175662475,104.67598276932662,112.73996346374736,0.283538818359375,3.283926848093493,3.9301525289030512,0.07245226764349967,0.07418021386320943,1.7927711009979248,shoulder press_13.mp4,150
147.42058852270938,129.77351813579574,116.54344763154417,138.16907326339793,0.5860341191291809,4.173985771839558,5.836799697578538,0.12732644715750976,0.16980418203134506,7.736908435821533,shoulder press_13.mp4,153
35.737723087824016,88.10295171334744,131.52317401601803,173.88833012810858,2.2574517726898193,7.474728403952907,10.865988906736035,0.8456870686403606,0.2774299955125333,10.88912582397461,shoulder press_13.mp4,156
13.012564934959965,56.83722781502052,111.32754918580561,155.83401981849516,0.15813788771629333,14.874307092805925,8.722945731756097,1.254825852867625,0.33318018604669214,7.134487152099609,shoulder press_13.mp4,159
7.338342129901373,39.25434302915591,108.6626523026507,134.59842954210242,0.05967116355895996,16.594071146785524,5.87969836751866,1.3700004964427468,0.2132340861330518,7.105527877807617,shoulder press_13.mp4,162
3.3667389924237168,31.75983059681606,102.53123946741066,125.23408317776236,0.17086903750896454,15.525767796000906,0.9392466259080048,1.616616250115691,0.1993529431670299,6.267378330230713,shoulder press_13.mp4,165
26.235717248025843,37.73643593003765,106.68592932051035,152.92969075086182,3.4697694778442383,7.636110917443843,4.010871249943362,0.35955390308655377,0.3562479131081433,9.439512252807617,shoulder press_13.mp4,168
9.373056294333836,50.834890063735294,107.09663582987585,152.40328874844025,0.6009889245033264,16.10199302766493,9.088828825455534,1.3772877594203046,0.34918432436685365,7.650144577026367,shoulder press_13.mp4,171
42.06180678365933,81.9632888640965,142.50668552858323,178.14153631989436,1.8994511365890503,15.730334594500619,11.28285462026091,0.6434420690754641,0.22226757152048318,9.750420570373535,shoulder press_13.mp4,174
136.13630209006766,115.9126201380572,134.32314221069174,139.85464974225687,1.0786666870117188,10.192906705179913,8.435061661234903,0.16047425851483205,0.040349785386807564,13.275347709655762,shoulder press_13.mp4,177
171.3675991243816,159.01979737308403,105.93311715092425,102.48147553089126,0.28545331954956055,1.4899214205461613,0.07406587257670166,0.07474741398854957,0.03312284015834317,10.576390266418457,shoulder press_13.mp4,183
162.02784178854571,176.3641729043648,65.38052461090537,126.6701252557525,24.025840759277344,7.988415295356733,28.366491558082142,0.08473208878069573,0.6382649648663093,24.498729705810547,shoulder press_13.mp4,186
149.41407876380043,179.47028922540133,97.31874965872389,99.90983036085873,19.29010009765625,3.558019855822396,19.200686153631747,0.18277676525256883,0.026274900948712203,9.619616508483887,shoulder press_13.mp4,189
43.62858985126164,88.60830314658762,142.41983818621324,173.40581266151554,2.004504919052124,13.73451290896748,8.594829255696204,0.6802899293173433,0.19622202561527713,10.976835250854492,shoulder press_13.mp4,195
12.936236435017035,56.820038874862526,115.6885617848227,151.72213174043483,1.7240467071533203,15.422031046061885,8.118017599301744,1.2582037170103961,0.26949984296128143,9.082857131958008,shoulder press_13.mp4,198
8.335997697797534,34.665527856264255,105.68581025205467,134.35916064699725,0.17993344366550446,14.08967128328816,6.610161794312409,1.2245858638370897,0.23889982187546704,8.728780746459961,shoulder press_13.mp4,201
39.491802493189574,37.59569824900122,116.03622217586026,110.87729130144486,2.285421133041382,7.99132162977309,15.665680111472799,0.04919355864265554,0.045470459606905496,7.439924240112305,shoulder press_14.mp4,0
27.71148160018646,26.63522897648828,110.18091518250422,103.66072733970503,0.495040625333786,7.208745192000067,11.97259480554375,0.03960690949932495,0.060981460541503385,8.143070220947266,shoulder press_14.mp4,3
45.23498565111047,40.514879868036736,122.25558482359341,118.00259413046668,2.4042649269104004,11.10592121175087,9.945787524423652,0.11009010345374302,0.035403503944312756,6.940732479095459,shoulder press_14.mp4,6
82.80491198281678,67.30268576629047,129.89853980063032,150.97326623332677,5.199055194854736,23.85380979293895,11.274104444310046,0.20654818875240455,0.15006651418867253,6.859993934631348,shoulder press_14.mp4,9
31.807810364616845,60.33158960471345,153.53205596862517,60.1073861249158,12.200677871704102,29.74830148557268,20.579391456962753,0.6191440198132631,0.8746013276219272,8.863871574401855,shoulder press_14.mp4,12
81.16460398574026,57.777616067773444,120.61330915434488,56.14530998749953,11.254317283630371,79.12169488747199,23.823889925523222,0.33664336022498126,0.7294467390595689,11.661613464355469,shoulder press_14.mp4,15
40.90341067820739,68.53461140232032,135.9612874403604,154.58282124701745,2.560168504714966,1.8564755773689194,0.3367556524440136,0.5049652798692045,0.12818386778369417,7.4442596435546875,shoulder press_14.mp4,18
76.16135579347917,100.4805398833109,178.155701101272,177.73470963604586,3.2203829288482666,3.2263594380472145,1.123453139826418,0.27535012570664064,0.0023658488822665726,6.611156940460205,shoulder press_14.mp4,21
124.16263071584027,126.77069971498746,141.2556286943773,144.70910446459678,3.457460403442383,2.0129687439596244,1.7555056073798319,0.02078694763002903,0.024153158552594114,8.865202903747559,shoulder press_14.mp4,24
148.50786896994413,171.8294408269034,133.52132461046165,91.97437301956722,31.1964054107666,7.916125004835736,1.7034665758685317,0.1456063414639364,0.36849440612441814,5.672885417938232,shoulder press_14.mp4,27
159.46415722631667,159.56365926638918,134.04226091069003,107.92429661720419,30.155778884887695,25.452115140214968,32.83149788562809,0.0006237828485704046,0.2158807775779091,2.177215576171875,shoulder press_14.mp4,30
172.9259012372056,163.85281026029554,139.77816935695188,85.71843442372598,38.476966857910156,11.209897307136158,19.703601176330928,0.053881618208978674,0.47947271956082665,4.266933917999268,shoulder press_14.mp4,33
156.47959950294697,158.56188707421396,135.72128639851215,104.51878656099956,31.370880126953125,14.923184822871537,20.07892603053862,0.013219132463412803,0.25976099202043806,3.1284444332122803,shoulder press_14.mp4,36
152.54111801031604,173.45042238053833,100.76840722991486,108.93000844485059,23.039365768432617,4.045732426703325,9.423738378971425,0.12828126978480878,0.07784132453908543,7.606804370880127,shoulder press_14.mp4,39
125.16747283478365,128.26390010429998,133.6871366051165,148.01676565239242,3.272284507751465,2.688308173558547,3.170897140338408,0.02443602174116464,0.1017353961549104,10.155511856079102,shoulder press_14.mp4,42
78.72734947017571,103.31294011681929,179.90512721491882,168.67103627031022,4.555606365203857,8.675232769686158,3.488767788963969,0.2701115308311395,0.06445702329318707,10.174832344055176,shoulder press_14.mp4,45
52.26279021043715,85.0484265907284,151.98316832578698,168.118238267785,3.836103916168213,5.4867655214331315,1.1375454959823532,0.4775376279385348,0.10081224018165265,8.175848007202148,shoulder press_14.mp4,48
37.9481585970893,59.74729910520086,137.3958991378601,143.92105818580694,3.313793897628784,3.210099610523519,1.1371048501369192,0.44626722717325584,0.04639008689717455,8.893320083618164,shoulder press_14.mp4,51
66.10474913172229,58.68972111259644,131.37146936770196,159.86341137707433,5.269925117492676,11.816871244356888,1.5425496418000952,0.11883584271977658,0.19566297784461661,7.960639476776123,shoulder press_14.mp4,54
56.30882840449997,63.73149991061431,137.79166922274956,159.63578668258305,2.0222456455230713,3.71124550575181,1.3171761695288182,0.12366963020343143,0.1468870275835341,7.179276466369629,shoulder press_14.mp4,57
71.04468282762338,73.60341432856902,151.44957208612425,171.93340102480266,10.588269233703613,1.8891565435717974,3.755376491812868,0.03537870945073958,0.12668464725662626,11.131044387817383,shoulder press_14.mp4,60
77.79907585642547,102.14821691000208,175.49137064996097,171.93478836360376,3.464256763458252,0.6906499171742985,3.2866987169283783,0.27062525564284984,0.02047388887731019,10.026533126831055,shoulder press_14.mp4,63
123.53283075911654,126.47894626527989,138.21004405291637,146.95955123856416,2.887547016143799,2.8480537791496374,2.7191502043167337,0.023567813814433763,0.06136353475344838,8.890535354614258,shoulder press_14.mp4,66
147.27687615366173,146.84343003325705,116.91545923291554,130.0344404295188,4.507517337799072,1.8560613262715198,0.45627019948271147,0.0029474069711407066,0.10624811927063854,0.6462047696113586,shoulder press_14.mp4,69
173.87215273501778,159.72025559534592,49.43294593649545,121.01850412705785,17.349397659301758,80.75910594866032,49.19078352813135,0.08484543884258261,0.839952469326269,3.404855251312256,shoulder press_14.mp4,72
155.49138083945672,178.32730887132408,78.76345838956892,110.44362196409496,21.387542724609375,4.245432837109395,36.94835620569767,0.13681635412116866,0.3348729182365671,17.777578353881836,shoulder press_14.mp4,75
169.5655493336799,150.83623062435888,101.65359669792521,128.04773279862292,35.75395965576172,33.20256127962764,25.355183583675675,0.11691145231324188,0.2298126541848714,0.685211718082428,shoulder press_14.mp4,78
129.2339494975265,131.18498563746994,135.19853384760745,141.5638734969114,2.824289083480835,1.5370084329461435,1.822515256550784,0.014983827031871122,0.04599858564881084,10.980175018310547,shoulder press_14.mp4,81
77.02316096890422,103.49163233148599,174.43095043312752,169.59269978774913,3.4584455490112305,4.6238815062811485,0.8766185405899798,0.29325542664568477,0.028127430438413453,10.230291366577148,shoulder press_14.mp4,84
61.458637280048755,72.8692962258669,157.1815423620363,158.3102837581452,1.5093966722488403,0.8997261318418773,0.2907724187674412,0.1698925703389256,0.007155439872974188,8.606261253356934,shoulder press_14.mp4,87
74.99450044320602,111.0015327466042,133.48139949433167,66.63434705815958,21.5305118560791,26.712550714617613,30.93019987203366,0.3871806477362101,0.668083882330947,11.784693717956543,shoulder press_14.mp4,93
86.7942372357303,69.22178499040953,153.1447897848085,162.71992276365603,10.5579195022583,13.093849171832582,3.592159677044651,0.22526471313119495,0.060628063841594075,10.297100067138672,shoulder press_14.mp4,96
53.488593835582904,77.18111233078595,153.6568886494121,160.58653304793648,4.286160945892334,2.306217079785779,1.8234589198095508,0.36263215385267183,0.04410367199475312,11.411994934082031,shoulder press_14.mp4,99
85.42523575111682,106.43242264040798,175.8576848090458,168.36036596516027,3.145561933517456,3.191665344128254,1.8600355824242436,0.21898721234699633,0.04356145081306895,10.938643455505371,shoulder press_14.mp4,102
116.36239199393326,128.09119451370307,152.19522547352938,141.49327968767935,2.2155327796936035,2.7126679412392205,0.11663166790629617,0.09595934089028738,0.07287956864348925,6.605424404144287,shoulder press_14.mp4,105
169.8549294706859,159.3228077151583,92.857065911825,120.77092207715654,24.140275955200195,8.487854797717839,5.335809710082126,0.06399048638931182,0.26133145219503046,22.157052993774414,shoulder press_14.mp4,111
174.92414092983412,163.3932016134501,147.96105682419156,74.85440348131709,6.879766941070557,22.61417397082734,6.050664603955215,0.06816640985472845,0.656208085764209,1.575082778930664,shoulder press_14.mp4,114
144.34825912453923,149.31777576630546,122.00678592257151,126.62372965269857,1.7211471796035767,1.9265550856990845,1.0346401844203499,0.03384468104126102,0.03713899494150656,7.967889785766602,shoulder press_14.mp4,117
118.05569645532748,124.81388032284991,143.8023450423161,147.49849073400767,3.4031169414520264,2.0785896167968962,4.705891411641923,0.05565278251128964,0.025376828609785934,10.563860893249512,shoulder press_14.mp4,120
70.29234948708583,98.60373542014226,172.3463954542073,177.55663568873564,4.376409530639648,6.065430905134338,1.4687325118771966,0.3352521279413601,0.029781052296170778,11.853597640991211,shoulder press_14.mp4,123
43.43301420049382,74.76465754402246,140.5718685995957,159.794935230924,3.9257094860076904,0.20277265495428004,2.071512701960377,0.5301566922782005,0.12799727790275273,9.40744400024414,shoulder press_14.mp4,126
31.260538576089715,54.18554889452877,129.63155600738426,138.4747113436683,3.9419491291046143,3.2639370035365656,0.13557649455772447,0.5365959050219135,0.06596753909303436,10.846625328063965,shoulder press_14.mp4,129
57.566777912740044,53.584243782540995,136.65629810132148,139.44633987054627,2.7843425273895264,8.458091159639029,5.203635226939615,0.07165987445652296,0.02021017828528726,7.49884557723999,shoulder press_14.mp4,132
40.73247763584748,52.14760684791319,128.85044429684345,143.38418721986207,1.0465528964996338,2.5247827603139616,1.7016124102023023,0.2458035923527083,0.10677365214004204,8.061640739440918,shoulder press_14.mp4,135
42.093280442747094,67.68920276659608,138.6777673141489,153.07176222143764,2.9273929595947266,1.3327302610291496,1.0332665373452,0.4663024842504312,0.09867364605661183,8.892110824584961,shoulder press_14.mp4,138
64.36930349452759,93.94356901448435,165.10643993813972,177.9369213866073,4.048078536987305,6.271569595940295,0.0529217691504715,0.37361795097582173,0.0748038463646083,10.298284530639648,shoulder press_14.mp4,141
97.37043859405233,112.90337714558025,164.72974148994874,158.44629372706098,3.1213746070861816,4.775427639993015,3.071227323412075,0.14774011207140764,0.03888560461278315,11.821624755859375,shoulder press_14.mp4,144
127.3130725845893,136.68496993227677,145.434640705009,130.6378259503335,1.4489185810089111,0.3940096187630512,0.24452132836802198,0.07099974877343056,0.10719515012808793,9.222616195678711,shoulder press_14.mp4,147
162.15186346406938,169.03270667306631,89.64716620569027,147.7459020898404,30.62932586669922,7.380253679746653,22.090484380557665,0.041552921418698596,0.4894728923746249,3.5842299461364746,shoulder press_14.mp4,150
169.29111706333302,158.83169890647127,94.60725640531741,133.1388015439198,33.73335647583008,7.566247168014228,14.360526296528391,0.06375306835001855,0.33837288325043824,5.6601738929748535,shoulder press_14.mp4,153
169.5704908709904,160.49010000445654,93.12021066684659,139.8094137955698,33.269683837890625,9.14798236229709,15.424329429925043,0.05502256929522663,0.40088677630832315,2.3268415927886963,shoulder press_14.mp4,156
136.48835967178863,175.41909329449763,83.55770416668723,108.70244847744947,21.413963317871094,5.993857858468683,26.393876795991407,0.24963003129596253,0.26157000257150337,2.6246323585510254,shoulder press_14.mp4,159
106.26599273858307,116.00271708678753,151.43094916006137,162.12974789093005,3.113990545272827,3.5589560237813513,1.6780224407548539,0.08761219117035676,0.06824068725123947,16.228317260742188,shoulder press_14.mp4,162
55.20166271635476,87.5274437375714,154.78992853144652,171.77185121094567,4.502910137176514,5.93251348473988,0.718032978201751,0.4529669080728338,0.10400434914885211,12.262862205505371,shoulder press_14.mp4,165
40.042384393613276,68.19624234212816,136.80901997910664,151.5456278913221,4.133472442626953,0.5744833733855272,0.33851131761863656,0.5202183138788513,0.10221168981356128,9.287193298339844,shoulder press_14.mp4,168
43.69485384145982,53.00913177427195,134.77821927123247,139.3630764682101,3.905226230621338,0.008431064614310186,2.5350661784339397,0.19263483037449677,0.033448862088514365,8.354114532470703,shoulder press_14.mp4,171
23.770650956794658,41.4367471184302,113.74221456748582,124.04777264036514,2.297682285308838,0.5775737385166926,6.183711705315743,0.5418433086765859,0.08667781342593948,13.385185241699219,shoulder press_14.mp4,174
21.42183961435234,31.432104213210202,112.65516861123437,108.88362537912126,3.0939149856567383,1.5405622138110793,9.639903221249387,0.3787896937839351,0.03404860308373175,11.873086929321289,shoulder press_14.mp4,177
20.566049774005723,31.683018694486666,108.75484957214921,116.58197812882855,1.022201657295227,1.0605164820145803,7.502065071951701,0.425537497465042,0.06947047791997808,9.711190223693848,shoulder press_14.mp4,180
39.491802493189574,37.59569824900122,116.03622217586026,110.87729130144486,2.285421133041382,7.99132162977309,15.665680111472799,0.04919355864265554,0.045470459606905496,7.439924240112305,shoulder press_14.mp4,0
27.71148160018646,26.63522897648828,110.18091518250422,103.66072733970503,0.495040625333786,7.208745192000067,11.97259480554375,0.03960690949932495,0.060981460541503385,8.143070220947266,shoulder press_14.mp4,3
45.23498565111047,40.514879868036736,122.25558482359341,118.00259413046668,2.4042649269104004,11.10592121175087,9.945787524423652,0.11009010345374302,0.035403503944312756,6.940732479095459,shoulder press_14.mp4,6
82.80491198281678,67.30268576629047,129.89853980063032,150.97326623332677,5.199055194854736,23.85380979293895,11.274104444310046,0.20654818875240455,0.15006651418867253,6.859993934631348,shoulder press_14.mp4,9
31.807810364616845,60.33158960471345,153.53205596862517,60.1073861249158,12.200677871704102,29.74830148557268,20.579391456962753,0.6191440198132631,0.8746013276219272,8.863871574401855,shoulder press_14.mp4,12
81.16460398574026,57.777616067773444,120.61330915434488,56.14530998749953,11.254317283630371,79.12169488747199,23.823889925523222,0.33664336022498126,0.7294467390595689,11.661613464355469,shoulder press_14.mp4,15
40.90341067820739,68.53461140232032,135.9612874403604,154.58282124701745,2.560168504714966,1.8564755773689194,0.3367556524440136,0.5049652798692045,0.12818386778369417,7.4442596435546875,shoulder press_14.mp4,18
76.16135579347917,100.4805398833109,178.155701101272,177.73470963604586,3.2203829288482666,3.2263594380472145,1.123453139826418,0.27535012570664064,0.0023658488822665726,6.611156940460205,shoulder press_14.mp4,21
124.16263071584027,126.77069971498746,141.2556286943773,144.70910446459678,3.457460403442383,2.0129687439596244,1.7555056073798319,0.02078694763002903,0.024153158552594114,8.865202903747559,shoulder press_14.mp4,24
148.50786896994413,171.8294408269034,133.52132461046165,91.97437301956722,31.1964054107666,7.916125004835736,1.7034665758685317,0.1456063414639364,0.36849440612441814,5.672885417938232,shoulder press_14.mp4,27
159.46415722631667,159.56365926638918,134.04226091069003,107.92429661720419,30.155778884887695,25.452115140214968,32.83149788562809,0.0006237828485704046,0.2158807775779091,2.177215576171875,shoulder press_14.mp4,30
172.9259012372056,163.85281026029554,139.77816935695188,85.71843442372598,38.476966857910156,11.209897307136158,19.703601176330928,0.053881618208978674,0.47947271956082665,4.266933917999268,shoulder press_14.mp4,33
156.47959950294697,158.56188707421396,135.72128639851215,104.51878656099956,31.370880126953125,14.923184822871537,20.07892603053862,0.013219132463412803,0.25976099202043806,3.1284444332122803,shoulder press_14.mp4,36
152.54111801031604,173.45042238053833,100.76840722991486,108.93000844485059,23.039365768432617,4.045732426703325,9.423738378971425,0.12828126978480878,0.07784132453908543,7.606804370880127,shoulder press_14.mp4,39
125.16747283478365,128.26390010429998,133.6871366051165,148.01676565239242,3.272284507751465,2.688308173558547,3.170897140338408,0.02443602174116464,0.1017353961549104,10.155511856079102,shoulder press_14.mp4,42
78.72734947017571,103.31294011681929,179.90512721491882,168.67103627031022,4.555606365203857,8.675232769686158,3.488767788963969,0.2701115308311395,0.06445702329318707,10.174832344055176,shoulder press_14.mp4,45
52.26279021043715,85.0484265907284,151.98316832578698,168.118238267785,3.836103916168213,5.4867655214331315,1.1375454959823532,0.4775376279385348,0.10081224018165265,8.175848007202148,shoulder press_14.mp4,48
37.9481585970893,59.74729910520086,137.3958991378601,143.92105818580694,3.313793897628784,3.210099610523519,1.1371048501369192,0.44626722717325584,0.04639008689717455,8.893320083618164,shoulder press_14.mp4,51
66.10474913172229,58.68972111259644,131.37146936770196,159.86341137707433,5.269925117492676,11.816871244356888,1.5425496418000952,0.11883584271977658,0.19566297784461661,7.960639476776123,shoulder press_14.mp4,54
56.30882840449997,63.73149991061431,137.79166922274956,159.63578668258305,2.0222456455230713,3.71124550575181,1.3171761695288182,0.12366963020343143,0.1468870275835341,7.179276466369629,shoulder press_14.mp4,57
71.04468282762338,73.60341432856902,151.44957208612425,171.93340102480266,10.588269233703613,1.8891565435717974,3.755376491812868,0.03537870945073958,0.12668464725662626,11.131044387817383,shoulder press_14.mp4,60
77.79907585642547,102.14821691000208,175.49137064996097,171.93478836360376,3.464256763458252,0.6906499171742985,3.2866987169283783,0.27062525564284984,0.02047388887731019,10.026533126831055,shoulder press_14.mp4,63
123.53283075911654,126.47894626527989,138.21004405291637,146.95955123856416,2.887547016143799,2.8480537791496374,2.7191502043167337,0.023567813814433763,0.06136353475344838,8.890535354614258,shoulder press_14.mp4,66
147.27687615366173,146.84343003325705,116.91545923291554,130.0344404295188,4.507517337799072,1.8560613262715198,0.45627019948271147,0.0029474069711407066,0.10624811927063854,0.6462047696113586,shoulder press_14.mp4,69
173.87215273501778,159.72025559534592,49.43294593649545,121.01850412705785,17.349397659301758,80.75910594866032,49.19078352813135,0.08484543884258261,0.839952469326269,3.404855251312256,shoulder press_14.mp4,72
155.49138083945672,178.32730887132408,78.76345838956892,110.44362196409496,21.387542724609375,4.245432837109395,36.94835620569767,0.13681635412116866,0.3348729182365671,17.777578353881836,shoulder press_14.mp4,75
169.5655493336799,150.83623062435888,101.65359669792521,128.04773279862292,35.75395965576172,33.20256127962764,25.355183583675675,0.11691145231324188,0.2298126541848714,0.685211718082428,shoulder press_14.mp4,78
129.2339494975265,131.18498563746994,135.19853384760745,141.5638734969114,2.824289083480835,1.5370084329461435,1.822515256550784,0.014983827031871122,0.04599858564881084,10.980175018310547,shoulder press_14.mp4,81
77.02316096890422,103.49163233148599,174.43095043312752,169.59269978774913,3.4584455490112305,4.6238815062811485,0.8766185405899798,0.29325542664568477,0.028127430438413453,10.230291366577148,shoulder press_14.mp4,84
61.458637280048755,72.8692962258669,157.1815423620363,158.3102837581452,1.5093966722488403,0.8997261318418773,0.2907724187674412,0.1698925703389256,0.007155439872974188,8.606261253356934,shoulder press_14.mp4,87
74.99450044320602,111.0015327466042,133.48139949433167,66.63434705815958,21.5305118560791,26.712550714617613,30.93019987203366,0.3871806477362101,0.668083882330947,11.784693717956543,shoulder press_14.mp4,93
86.7942372357303,69.22178499040953,153.1447897848085,162.71992276365603,10.5579195022583,13.093849171832582,3.592159677044651,0.22526471313119495,0.060628063841594075,10.297100067138672,shoulder press_14.mp4,96
53.488593835582904,77.18111233078595,153.6568886494121,160.58653304793648,4.286160945892334,2.306217079785779,1.8234589198095508,0.36263215385267183,0.04410367199475312,11.411994934082031,shoulder press_14.mp4,99
85.42523575111682,106.43242264040798,175.8576848090458,168.36036596516027,3.145561933517456,3.191665344128254,1.8600355824242436,0.21898721234699633,0.04356145081306895,10.938643455505371,shoulder press_14.mp4,102
116.36239199393326,128.09119451370307,152.19522547352938,141.49327968767935,2.2155327796936035,2.7126679412392205,0.11663166790629617,0.09595934089028738,0.07287956864348925,6.605424404144287,shoulder press_14.mp4,105
169.8549294706859,159.3228077151583,92.857065911825,120.77092207715654,24.140275955200195,8.487854797717839,5.335809710082126,0.06399048638931182,0.26133145219503046,22.157052993774414,shoulder press_14.mp4,111
174.92414092983412,163.3932016134501,147.96105682419156,74.85440348131709,6.879766941070557,22.61417397082734,6.050664603955215,0.06816640985472845,0.656208085764209,1.575082778930664,shoulder press_14.mp4,114
144.34825912453923,149.31777576630546,122.00678592257151,126.62372965269857,1.7211471796035767,1.9265550856990845,1.0346401844203499,0.03384468104126102,0.03713899494150656,7.967889785766602,shoulder press_14.mp4,117
118.05569645532748,124.81388032284991,143.8023450423161,147.49849073400767,3.4031169414520264,2.0785896167968962,4.705891411641923,0.05565278251128964,0.025376828609785934,10.563860893249512,shoulder press_14.mp4,120
70.29234948708583,98.60373542014226,172.3463954542073,177.55663568873564,4.376409530639648,6.065430905134338,1.4687325118771966,0.3352521279413601,0.029781052296170778,11.853597640991211,shoulder press_14.mp4,123
43.43301420049382,74.76465754402246,140.5718685995957,159.794935230924,3.9257094860076904,0.20277265495428004,2.071512701960377,0.5301566922782005,0.12799727790275273,9.40744400024414,shoulder press_14.mp4,126
31.260538576089715,54.18554889452877,129.63155600738426,138.4747113436683,3.9419491291046143,3.2639370035365656,0.13557649455772447,0.5365959050219135,0.06596753909303436,10.846625328063965,shoulder press_14.mp4,129
57.566777912740044,53.584243782540995,136.65629810132148,139.44633987054627,2.7843425273895264,8.458091159639029,5.203635226939615,0.07165987445652296,0.02021017828528726,7.49884557723999,shoulder press_14.mp4,132
40.73247763584748,52.14760684791319,128.85044429684345,143.38418721986207,1.0465528964996338,2.5247827603139616,1.7016124102023023,0.2458035923527083,0.10677365214004204,8.061640739440918,shoulder press_14.mp4,135
42.093280442747094,67.68920276659608,138.6777673141489,153.07176222143764,2.9273929595947266,1.3327302610291496,1.0332665373452,0.4663024842504312,0.09867364605661183,8.892110824584961,shoulder press_14.mp4,138
64.36930349452759,93.94356901448435,165.10643993813972,177.9369213866073,4.048078536987305,6.271569595940295,0.0529217691504715,0.37361795097582173,0.0748038463646083,10.298284530639648,shoulder press_14.mp4,141
97.37043859405233,112.90337714558025,164.72974148994874,158.44629372706098,3.1213746070861816,4.775427639993015,3.071227323412075,0.14774011207140764,0.03888560461278315,11.821624755859375,shoulder press_14.mp4,144
127.3130725845893,136.68496993227677,145.434640705009,130.6378259503335,1.4489185810089111,0.3940096187630512,0.24452132836802198,0.07099974877343056,0.10719515012808793,9.222616195678711,shoulder press_14.mp4,147
162.15186346406938,169.03270667306631,89.64716620569027,147.7459020898404,30.62932586669922,7.380253679746653,22.090484380557665,0.041552921418698596,0.4894728923746249,3.5842299461364746,shoulder press_14.mp4,150
169.29111706333302,158.83169890647127,94.60725640531741,133.1388015439198,33.73335647583008,7.566247168014228,14.360526296528391,0.06375306835001855,0.33837288325043824,5.6601738929748535,shoulder press_14.mp4,153
169.5704908709904,160.49010000445654,93.12021066684659,139.8094137955698,33.269683837890625,9.14798236229709,15.424329429925043,0.05502256929522663,0.40088677630832315,2.3268415927886963,shoulder press_14.mp4,156
136.48835967178863,175.41909329449763,83.55770416668723,108.70244847744947,21.413963317871094,5.993857858468683,26.393876795991407,0.24963003129596253,0.26157000257150337,2.6246323585510254,shoulder press_14.mp4,159
106.26599273858307,116.00271708678753,151.43094916006137,162.12974789093005,3.113990545272827,3.5589560237813513,1.6780224407548539,0.08761219117035676,0.06824068725123947,16.228317260742188,shoulder press_14.mp4,162
55.20166271635476,87.5274437375714,154.78992853144652,171.77185121094567,4.502910137176514,5.93251348473988,0.718032978201751,0.4529669080728338,0.10400434914885211,12.262862205505371,shoulder press_14.mp4,165
40.042384393613276,68.19624234212816,136.80901997910664,151.5456278913221,4.133472442626953,0.5744833733855272,0.33851131761863656,0.5202183138788513,0.10221168981356128,9.287193298339844,shoulder press_14.mp4,168
43.69485384145982,53.00913177427195,134.77821927123247,139.3630764682101,3.905226230621338,0.008431064614310186,2.5350661784339397,0.19263483037449677,0.033448862088514365,8.354114532470703,shoulder press_14.mp4,171
23.770650956794658,41.4367471184302,113.74221456748582,124.04777264036514,2.297682285308838,0.5775737385166926,6.183711705315743,0.5418433086765859,0.08667781342593948,13.385185241699219,shoulder press_14.mp4,174
21.42183961435234,31.432104213210202,112.65516861123437,108.88362537912126,3.0939149856567383,1.5405622138110793,9.639903221249387,0.3787896937839351,0.03404860308373175,11.873086929321289,shoulder press_14.mp4,177
20.566049774005723,31.683018694486666,108.75484957214921,116.58197812882855,1.022201657295227,1.0605164820145803,7.502065071951701,0.425537497465042,0.06947047791997808,9.711190223693848,shoulder press_14.mp4,180
136.3239447849418,158.29152407470667,127.92007353075994,103.67320508017242,7.354864120483398,10.62262606010553,5.703489175129968,0.14912712747089313,0.20939181478855698,2.592634916305542,shoulder press_15.mp4,0
144.81607965108057,160.83923620510424,118.56481690240918,104.24522317107561,7.694362163543701,8.521383216393613,4.42977108582325,0.10484461236435878,0.12853634177895068,2.7214674949645996,shoulder press_15.mp4,3
149.75377708233881,166.21050434213012,117.84445181919045,99.87366648413848,8.246979713439941,6.468959575315346,1.0176384212629475,0.10416827614563944,0.1650830484398615,0.9728046655654907,shoulder press_15.mp4,6
158.90436446963565,169.15080415722912,114.74808272205796,97.03380247373143,8.136063575744629,2.2164577073778986,2.4852663580933667,0.06246778388209412,0.16728796452019423,4.03671407699585,shoulder press_15.mp4,9
164.74911290788927,174.41176922000662,113.6091227823907,93.32643329649343,8.138962745666504,1.734223374297842,6.8667915992786845,0.05697978051887251,0.1960290427631052,4.362224102020264,shoulder press_15.mp4,12
165.38709711358814,170.86560824350138,112.79601878083993,96.37650218168083,7.741835594177246,3.0891762624273222,4.219269107651511,0.03258567763251297,0.1569949678246802,4.442574501037598,shoulder press_15.mp4,15
146.03344259602986,165.384985563971,124.50237539622769,97.02211873498557,8.339219093322754,8.076104826808976,0.6825335916863451,0.12428001183024835,0.2481012925366622,2.342329263687134,shoulder press_15.mp4,18
133.51868252216528,157.9117492420665,133.61244152736035,102.83151584282636,8.048906326293945,8.855946235269887,5.688785427800166,0.16740233044457956,0.2603655092470142,3.167945623397827,shoulder press_15.mp4,21
102.99611857705847,140.53369001694784,163.00376797166277,109.73954554708207,8.183470726013184,9.346412921636881,14.036225406106963,0.30827906987328235,0.3905813252570901,0.2167208343744278,shoulder press_15.mp4,24
79.15353510710698,121.6011999827125,176.76608070692214,133.74937167926893,7.949291229248047,9.12537734263562,13.734115742999638,0.4228808337358923,0.27706646285771896,0.30164453387260437,shoulder press_15.mp4,27
50.82786421224799,37.404091351039554,143.60187560610214,141.885247849391,7.594264984130859,7.692795961133635,11.598830509665543,0.3042836980209455,0.01202595574842987,0.17353104054927826,shoulder press_15.mp4,30
37.78266958145996,19.079554375332137,122.38637476207259,127.76350048742717,7.547536849975586,3.104577140433907,12.501051244854926,0.6578397362839612,0.04299123251603802,0.06189747899770737,shoulder press_15.mp4,33
35.186350302850286,13.669201122209747,114.25738126983543,121.77571999218273,7.204522609710693,1.4565201371395515,9.504307165016057,0.8808476643087688,0.06370579958614582,0.1715773195028305,shoulder press_15.mp4,36
31.772389406715046,6.454700725723065,107.75499079305953,116.30186445311634,7.497481822967529,2.3672377140526253,8.942407556694368,1.324594082012448,0.07629200767516064,0.5144520998001099,shoulder press_15.mp4,39
31.341778616862904,4.022776087837188,108.45543472430938,107.02983835443673,8.570417404174805,4.142383753458067,5.336132654148677,1.5449934408700423,0.01323149697892984,1.8412703275680542,shoulder press_15.mp4,42
29.551048594385502,6.66447378669796,107.74936461473725,112.52928986197026,7.856095314025879,1.2044113735544835,5.994629169286791,1.263909688605897,0.04339889635324101,0.1087232306599617,shoulder press_15.mp4,45
36.66194867020372,9.518781444695112,118.28149722979207,115.26198558822516,7.512731075286865,0.4712470053949944,9.504255448635647,1.1755191898428508,0.025858239374804432,0.12296274304389954,shoulder press_15.mp4,48
45.06942894939634,22.702360899560286,131.4918125842775,128.18465598828112,7.515584468841553,2.9822974792883787,11.085987073891005,0.6600701589757527,0.025471361453548922,0.6439499258995056,shoulder press_15.mp4,51
71.25408372527522,84.01116559602457,166.57550045209834,172.31635038022662,7.641025066375732,8.907021928139978,12.191613036849729,0.1643262987244537,0.033880129687560476,0.7791240215301514,shoulder press_15.mp4,54
90.9379574939582,103.06542482120588,171.91291061862796,147.7504394093433,7.2949652671813965,11.142822562208632,18.793467578835052,0.12502325663112684,0.1511744853275822,0.30823129415512085,shoulder press_15.mp4,57
106.35140011791958,146.55115195598887,157.7352587264057,108.86326803291392,7.383172035217285,11.290684400503672,10.256556380024428,0.31790704766254224,0.3666336141280521,0.4500969648361206,shoulder press_15.mp4,60
119.63500800804334,149.21339023469056,149.26358847953773,107.2455603216738,7.429996967315674,7.315811443570292,9.522158132739532,0.22003763027772943,0.32761426525513043,1.0041533708572388,shoulder press_15.mp4,63
130.37493839502278,156.73463475680222,135.45471558194646,105.66449980680335,7.335710525512695,7.974026349048657,5.99176621061496,0.1836211594925837,0.24709947506351307,2.7012033462524414,shoulder press_15.mp4,66
139.72236991827359,158.94244548388016,124.67313481280314,104.29286152472281,7.299695014953613,8.955336724316833,5.0146522224335826,0.1287066609418096,0.1780200869480823,2.338486909866333,shoulder press_15.mp4,69
147.19091365409673,161.6368774332217,122.28676991344517,99.47427628934157,8.300623893737793,7.231558655799754,3.588915685556716,0.09355352203416502,0.20573941199071527,1.8672337532043457,shoulder press_15.mp4,72
150.64535305862316,164.15612128089222,118.001828283649,100.59782923802939,7.908406734466553,5.860199205311666,1.6411178868994767,0.08583675315127409,0.15923171374496475,1.6566094160079956,shoulder press_15.mp4,75
159.4824772349887,168.8879975908328,111.87254973498153,98.87130324909444,7.516254901885986,2.2945581208899304,1.49817148748199,0.05728602951183791,0.12338434836217484,2.455803632736206,shoulder press_15.mp4,78
168.88704076192144,174.5056316848154,107.69345308826597,95.75722903356214,7.5134477615356445,2.0959259854711934,6.659291730392989,0.032724000095054155,0.11733776392606352,1.7671778202056885,shoulder press_15.mp4,81
165.3828066493638,170.55872511174942,109.03513551335637,97.07100151136807,7.805379390716553,0.15494186603247656,2.6788838613274977,0.030814400561025013,0.11609682442937723,4.305595397949219,shoulder press_15.mp4,84
149.1835653438641,165.75562934994443,122.20143521453623,96.45186095836146,7.874661922454834,7.197545767754445,0.6746729239619795,0.10523976872546514,0.23552880022273778,1.7411867380142212,shoulder press_15.mp4,87
137.2800573326071,161.40674302133522,130.78677569285787,100.2785189276274,7.773838520050049,8.064177734625853,4.425572252411124,0.16155173687044835,0.26406611010397696,3.575286626815796,shoulder press_15.mp4,90
107.65363727285244,155.368011489407,156.7170722986475,104.844858794879,7.739904403686523,10.061877748371987,6.899496122369728,0.3628170870427684,0.3966342753848273,0.03474118188023567,shoulder press_15.mp4,93
80.20545935888137,109.19317713128893,174.3455269538623,143.45163256581714,7.615052700042725,9.037678347679908,15.13270883509188,0.3061027081249554,0.19442523926103297,0.18878132104873657,shoulder press_15.mp4,96
58.53763151956955,41.073492013754986,151.64815858882434,146.09279759464374,7.666079044342041,9.165428670997713,12.48259068573584,0.3506463713356672,0.037316740467222706,0.6177322268486023,shoulder press_15.mp4,99
39.285047893196534,18.147775351986965,123.68658700735683,125.58380270291467,7.436313629150391,3.031989594386374,11.196984710532147,0.7360694232624968,0.015222150515052976,0.6292650103569031,shoulder press_15.mp4,102
36.49669964124607,11.517859919583373,115.44027369046374,124.13105477292385,7.635193824768066,0.46664469928306335,12.680379393561111,1.0404693888743104,0.07255276445810811,0.4376917779445648,shoulder press_15.mp4,105
33.52699596092538,9.191566161913203,114.02216241106844,115.11053405106586,7.576697826385498,1.0931966127995598,8.891073026198534,1.1393374959126612,0.00949992433905896,0.2888450026512146,shoulder press_15.mp4,108
31.0627556992111,4.312297455006511,108.19251767594571,111.45302799295204,8.45234489440918,1.8809293443682211,7.412936733922614,1.5123911264577279,0.029688836229999002,2.5755505561828613,shoulder press_15.mp4,111
31.48007371797869,5.708391628875737,107.67583175061188,112.37418262957665,8.070154190063477,3.4466144144256505,7.506803998458139,1.386004065977562,0.04270257279644854,1.069336175918579,shoulder press_15.mp4,114
34.910743657928236,12.083559615799508,113.8881017930153,121.95541593936863,7.71075963973999,0.7723523524931422,9.45030948033415,0.971487284710541,0.06841243061433194,0.8953351974487305,shoulder press_15.mp4,117
46.15808458575819,20.48673991534407,138.67472621785015,119.759865941309,7.270404815673828,5.061763590586294,9.138775542723135,0.7703927458009745,0.14638025133177426,0.9336832761764526,shoulder press_15.mp4,120
67.15236847029665,54.2154231751319,161.96068055170332,157.5327250505274,8.014320373535156,7.568244180904175,13.154339360915865,0.2131858068730384,0.027718603411105894,1.238664984703064,shoulder press_15.mp4,123
81.81821211696932,131.72070806012164,179.02101202383844,125.43506508195472,7.719345569610596,7.952314715201971,12.633865369482542,0.46738548552898407,0.3520110188062598,1.5700002908706665,shoulder press_15.mp4,126
96.25919712520276,137.61010109032503,166.96491591212734,116.95046105930948,7.220182418823242,11.355377013344702,12.125462018786727,0.35362404796729124,0.35231945086123007,0.8228083848953247,shoulder press_15.mp4,129
108.39894160649574,147.49713697984123,152.41347136419432,110.89566278175512,7.564146995544434,10.370671036286584,10.82483413754689,0.3055786988947869,0.31535410814443166,1.5897513628005981,shoulder press_15.mp4,132
117.04639597178382,153.21451548761172,141.9531707887963,111.43626386555812,7.703470230102539,10.215864426829222,8.112280753394785,0.2676533526104226,0.2408696081970896,1.8526957035064697,shoulder press_15.mp4,135
128.30386139642218,154.27254685202357,134.03785696647512,109.54282550906899,7.918228626251221,8.79446909386343,7.524819038581053,0.18379938804211354,0.20112458187126944,0.7512233853340149,shoulder press_15.mp4,138
133.7634190721469,154.9886690323536,131.11567104616003,107.23813699685331,7.759716987609863,9.347790560420323,7.055484692674176,0.14701365520532772,0.20035370313863646,3.036176919937134,shoulder press_15.mp4,141
141.91474214291688,160.22135536580276,126.94813229671787,101.09685959886083,8.018890380859375,6.597299473302388,5.025566479127067,0.12118123834810937,0.22672081051176324,0.3660071790218353,shoulder press_15.mp4,144
145.65946281812052,161.10920186415868,120.16204505054,105.16748009689216,7.925705909729004,5.537537634867119,4.154082104230062,0.1007256661109079,0.13309010387198,1.912868857383728,shoulder press_15.mp4,147
153.68414581010052,164.08924954664815,114.94660437966397,102.94527861558741,8.205533981323242,2.565511225189869,2.9255100694144374,0.06548757000167575,0.11015853917181583,1.7785013914108276,shoulder press_15.mp4,150
159.19390078201116,169.05074382049042,113.38093072822218,99.16584340969156,8.031355857849121,0.3768797495489511,1.562190184906463,0.06005790620234326,0.13375961480654583,0.8353419303894043,shoulder press_15.mp4,153
168.34789742732136,172.9927689546197,107.69547843410996,95.32319615379038,7.920937538146973,2.23274455266795,3.730816226901765,0.027215459420829657,0.12188319429661919,2.4546449184417725,shoulder press_15.mp4,156
170.0154228161345,174.99958357405177,106.04088905564224,97.52396665574574,7.716183185577393,4.602133338515334,7.12306550309617,0.028892428825432314,0.08367772885091423,1.9728449583053589,shoulder press_15.mp4,159
154.66301634557473,168.07609858904144,116.35147453934907,98.96972834410579,8.241780281066895,3.1879896592103023,0.8833604657639437,0.08312027655020411,0.1614494621289233,1.3570934534072876,shoulder press_15.mp4,162
141.51845254344363,161.173894320167,124.57485675455291,103.21025476538856,7.784393310546875,7.454863387003409,4.459978072270941,0.1298707547804627,0.18758558754437285,2.3369083404541016,shoulder press_15.mp4,165
115.34030913790143,154.7052170065026,149.12687512403508,104.55595102031866,7.995966911315918,10.427395447260157,8.051125268935584,0.29154275155479675,0.3513909457816756,0.420096755027771,shoulder press_15.mp4,168
89.34027404551627,133.71581974225666,170.03883009590518,123.58280345026607,7.3278679847717285,13.6139521386826,11.891617068894641,0.39788687180150817,0.3164346310901783,0.3712822198867798,shoulder press_15.mp4,171
64.28816180453214,77.83689064005524,157.84362600614594,177.6059991191229,8.006956100463867,10.134952248256507,10.034340479813117,0.19065926242392167,0.11782617497692535,1.5955480337142944,shoulder press_15.mp4,174
45.814477352095714,16.18130488705287,135.87261871152776,117.95133887683541,7.679257392883301,5.387101218852454,8.426262919644925,0.9559738225653143,0.14121030973566365,0.25003883242607117,shoulder press_15.mp4,177
38.657685350045284,11.570573346471507,125.1299204424724,116.83534924137673,7.371700763702393,2.9162479569599156,10.631127182686663,1.0785606631213838,0.0685600145172348,0.47192686796188354,shoulder press_15.mp4,180
33.81609879168031,5.458261467009804,114.84885147508741,115.70545534811723,8.220890045166016,2.4104003959803726,10.01360816215551,1.4440890768371386,0.00743082083204526,1.5961427688598633,shoulder press_15.mp4,183
33.08998576857946,5.38685184033544,111.12987757141327,113.72479638999502,8.593955039978027,1.1077028475003372,8.907105191025828,1.4399901681018263,0.023080852826987363,2.2174785137176514,shoulder press_15.mp4,186
32.807863591078835,2.038456725468572,113.8671424132331,103.94005017039188,8.874910354614258,1.9775611565973625,5.991444574212028,1.7660060853540887,0.09115486155517845,2.0031044483184814,shoulder press_15.mp4,189
31.99334916461114,3.903294732743299,111.24466953457187,111.39983448534285,8.685637474060059,0.4958871966042024,7.606523759629092,1.5650518478658146,0.001393835895065276,2.2053661346435547,shoulder press_15.mp4,192
42.93499850304991,12.36243940366348,129.81835762430688,113.77429077618976,7.688663482666016,1.2379141807603264,8.84117845951927,1.1057495702047624,0.1317286622027992,0.825027585029602,shoulder press_15.mp4,195
57.91039943701622,27.462051681402933,156.93811237045378,128.1128981689658,7.701263904571533,10.371903829714075,12.219460202292582,0.7133061627427969,0.20224600605302354,0.17202270030975342,shoulder press_15.mp4,198
68.89525848687187,89.66397168292914,161.9119774544711,163.84691698568508,7.999974727630615,8.033007092367649,12.903988533305876,0.2619678863704884,0.011879580660656034,3.1080334186553955,shoulder press_15.mp4,201
92.4292550863716,136.883647446484,168.54263763802294,120.97400276915553,7.765854835510254,9.286012263815998,11.59047271585676,0.3877181952615426,0.32860725934071705,1.3499510288238525,shoulder press_15.mp4,204
102.81125608324881,136.44033654676636,158.81574081060546,118.10422160998175,7.610527515411377,11.17631071523023,13.453370944056173,0.2811189684786962,0.29403094558268705,3.532958507537842,shoulder press_15.mp4,207
106.68299338853379,144.12044432610784,156.60116442385504,111.88730729790731,7.218194961547852,10.51627678383603,11.66444581404905,0.2985401737608519,0.33307841367792657,0.5734187364578247,shoulder press_15.mp4,210
113.30848613527796,145.54242722113568,146.46635781940512,115.29782920220289,7.626600742340088,10.769878446006855,10.550370266409233,0.24905410352154783,0.23814203899962327,2.3081812858581543,shoulder press_15.mp4,213
117.24159498798652,148.23438245707396,144.32875836626215,111.90118484834758,8.012412071228027,10.614604278598863,10.493314834411155,0.23348845170370502,0.2531130679817097,0.38960978388786316,shoulder press_15.mp4,216
122.73746771399583,148.1733979382112,138.3613997819179,112.82707486177569,7.928145885467529,10.805816545483522,10.221982812169374,0.18778080504803224,0.2033080933061296,0.3478238880634308,shoulder press_15.mp4,219
128.60411756123025,153.51335059932487,137.85302511944695,105.68157316960857,7.765373229980469,8.675423764711764,7.9884929066723975,0.1765876689629058,0.26420436501308553,0.49783027172088623,shoulder press_15.mp4,222
137.12248316620037,155.8897720435867,127.89599467031302,106.06085688658425,7.857325553894043,8.377262247936743,7.07058476886819,0.1280990029850429,0.1866595283568223,0.31959068775177,shoulder press_15.mp4,225
142.0150537201783,156.80207961589576,123.8098897313909,106.16518314492994,7.806901454925537,6.822565020865023,6.785635693945786,0.09897040193533203,0.1534488617899051,0.08980762213468552,shoulder press_15.mp4,228
147.2917251910829,163.50739901816132,121.13025555491225,100.85322902217061,7.8809332847595215,6.520736564913323,2.5213600497662005,0.10434825946395716,0.18268950567536954,1.05853271484375,shoulder press_15.mp4,231
149.91399496504835,164.3495436202266,115.4544108979445,104.4000645093256,7.9895339012146,6.652590776937316,1.0038090911090323,0.09186906454476383,0.10056057642803257,0.15652374923229218,shoulder press_15.mp4,234
158.07535370771842,168.97321588206987,109.68048407294664,102.58781187684816,8.12388801574707,2.8900737095491023,2.2036347351380456,0.066643692635748,0.06682742860267761,0.17731072008609772,shoulder press_15.mp4,237
166.87612140458737,172.11651026229868,108.9559797749673,96.76189092224554,8.033951759338379,2.469118875065306,4.032408661400844,0.030917420428540888,0.11855157562533504,1.1271520853042603,shoulder press_15.mp4,240
165.7560596122011,172.5721499365048,107.47926586892113,97.9398161429957,8.000136375427246,1.0212424339328874,4.420070192269556,0.04029276975393579,0.09287793161661613,0.3756924867630005,shoulder press_15.mp4,243
151.94991746826386,166.57377950826407,117.32149629995693,99.85779577722413,8.033342361450195,5.769322517832764,0.529266055633816,0.09182275716885101,0.16082288836752048,0.32954370975494385,shoulder press_15.mp4,246
137.38997665883352,157.43904230568447,128.48617037334782,104.30745122355175,8.188737869262695,8.539200388568702,6.213086388290716,0.1360046966697251,0.20772664632249602,0.8514035940170288,shoulder press_15.mp4,249
112.6730197928123,147.71786525299004,152.08347479277847,107.96784922053007,8.559981346130371,12.181438183120754,10.790302735182586,0.26917106145258046,0.3392839912631302,0.9008370041847229,shoulder press_15.mp4,252
87.50872148837507,118.1946883954778,175.26794505895634,132.25696623396087,7.343908786773682,13.780383975211588,15.821765469481598,0.29835156281005804,0.2797235426825475,0.9379990100860596,shoulder press_15.mp4,255
63.59483915379769,55.04187486272044,157.5049669897685,163.45131360502734,7.5074782371521,9.634108028576016,15.337068778268923,0.14418747791491254,0.03705393522282277,1.6585793495178223,shoulder press_15.mp4,258
45.31928652458837,20.139871926850173,135.33485472143786,124.13293199839725,6.960962772369385,3.749627793514334,13.003894892248384,0.769316782965298,0.08634538309864324,0.1020481139421463,shoulder press_15.mp4,261
36.50831947574128,17.60366718731976,123.26309745932178,125.43189220401348,6.656292915344238,3.845384957602328,12.970289464863363,0.6987232757183751,0.01744140280130008,0.15707749128341675,shoulder press_15.mp4,264
35.56944169690542,13.395740977028579,117.11647680688073,124.32149856714027,7.506566047668457,1.8771631148330736,12.392604381154172,0.9056925557710921,0.05968424601886228,0.8745071887969971,shoulder press_15.mp4,267
34.455774035518495,12.991967167012522,113.78742727070458,122.26393237833007,7.927074432373047,0.25335402104316757,9.58406139969263,0.9047346122078841,0.07181915935776437,1.3446670770645142,shoulder press_15.mp4,270
32.260701284495106,8.692624290379603,108.3518505750237,123.03873463300766,8.263921737670898,0.4064528713489918,11.29086686891487,1.1509725602638121,0.12694452580929114,1.3774161338806152,shoulder press_15.mp4,273
32.54668991116461,8.565568929213319,105.8884296100429,121.50535414162162,8.233291625976562,0.7803826901832676,7.986110749804505,1.1666165595551519,0.13735577353014955,1.1834226846694946,shoulder press_15.mp4,276
31.879089767170566,5.096045284202247,108.46382892428738,114.74583586368286,8.35551929473877,2.749097010605476,9.73576261088219,1.4487057015887177,0.05628794743599326,0.679999589920044,shoulder press_15.mp4,279
29.696515797291042,3.1813081829638903,105.00935168984034,111.75061708907985,8.44379711151123,3.7765882327473053,8.653181442861362,1.612953924824897,0.06220028021977731,0.7998310327529907,shoulder press_15.mp4,282
31.74155529467827,3.3989179916571355,106.73891933260491,114.73923653957817,8.46845817565918,3.0172162209907833,10.016368394082614,1.6131050411345682,0.07224475186248448,0.9213908910751343,shoulder press_15.mp4,285
136.3239447849418,158.29152407470667,127.92007353075994,103.67320508017242,7.354864120483398,10.62262606010553,5.703489175129968,0.14912712747089313,0.20939181478855698,2.592634916305542,shoulder press_15.mp4,0
144.81607965108057,160.83923620510424,118.56481690240918,104.24522317107561,7.694362163543701,8.521383216393613,4.42977108582325,0.10484461236435878,0.12853634177895068,2.7214674949645996,shoulder press_15.mp4,3
149.75377708233881,166.21050434213012,117.84445181919045,99.87366648413848,8.246979713439941,6.468959575315346,1.0176384212629475,0.10416827614563944,0.1650830484398615,0.9728046655654907,shoulder press_15.mp4,6
158.90436446963565,169.15080415722912,114.74808272205796,97.03380247373143,8.136063575744629,2.2164577073778986,2.4852663580933667,0.06246778388209412,0.16728796452019423,4.03671407699585,shoulder press_15.mp4,9
164.74911290788927,174.41176922000662,113.6091227823907,93.32643329649343,8.138962745666504,1.734223374297842,6.8667915992786845,0.05697978051887251,0.1960290427631052,4.362224102020264,shoulder press_15.mp4,12
165.38709711358814,170.86560824350138,112.79601878083993,96.37650218168083,7.741835594177246,3.0891762624273222,4.219269107651511,0.03258567763251297,0.1569949678246802,4.442574501037598,shoulder press_15.mp4,15
146.03344259602986,165.384985563971,124.50237539622769,97.02211873498557,8.339219093322754,8.076104826808976,0.6825335916863451,0.12428001183024835,0.2481012925366622,2.342329263687134,shoulder press_15.mp4,18
133.51868252216528,157.9117492420665,133.61244152736035,102.83151584282636,8.048906326293945,8.855946235269887,5.688785427800166,0.16740233044457956,0.2603655092470142,3.167945623397827,shoulder press_15.mp4,21
102.99611857705847,140.53369001694784,163.00376797166277,109.73954554708207,8.183470726013184,9.346412921636881,14.036225406106963,0.30827906987328235,0.3905813252570901,0.2167208343744278,shoulder press_15.mp4,24
79.15353510710698,121.6011999827125,176.76608070692214,133.74937167926893,7.949291229248047,9.12537734263562,13.734115742999638,0.4228808337358923,0.27706646285771896,0.30164453387260437,shoulder press_15.mp4,27
50.82786421224799,37.404091351039554,143.60187560610214,141.885247849391,7.594264984130859,7.692795961133635,11.598830509665543,0.3042836980209455,0.01202595574842987,0.17353104054927826,shoulder press_15.mp4,30
37.78266958145996,19.079554375332137,122.38637476207259,127.76350048742717,7.547536849975586,3.104577140433907,12.501051244854926,0.6578397362839612,0.04299123251603802,0.06189747899770737,shoulder press_15.mp4,33
35.186350302850286,13.669201122209747,114.25738126983543,121.77571999218273,7.204522609710693,1.4565201371395515,9.504307165016057,0.8808476643087688,0.06370579958614582,0.1715773195028305,shoulder press_15.mp4,36
31.772389406715046,6.454700725723065,107.75499079305953,116.30186445311634,7.497481822967529,2.3672377140526253,8.942407556694368,1.324594082012448,0.07629200767516064,0.5144520998001099,shoulder press_15.mp4,39
31.341778616862904,4.022776087837188,108.45543472430938,107.02983835443673,8.570417404174805,4.142383753458067,5.336132654148677,1.5449934408700423,0.01323149697892984,1.8412703275680542,shoulder press_15.mp4,42
29.551048594385502,6.66447378669796,107.74936461473725,112.52928986197026,7.856095314025879,1.2044113735544835,5.994629169286791,1.263909688605897,0.04339889635324101,0.1087232306599617,shoulder press_15.mp4,45
36.66194867020372,9.518781444695112,118.28149722979207,115.26198558822516,7.512731075286865,0.4712470053949944,9.504255448635647,1.1755191898428508,0.025858239374804432,0.12296274304389954,shoulder press_15.mp4,48
45.06942894939634,22.702360899560286,131.4918125842775,128.18465598828112,7.515584468841553,2.9822974792883787,11.085987073891005,0.6600701589757527,0.025471361453548922,0.6439499258995056,shoulder press_15.mp4,51
71.25408372527522,84.01116559602457,166.57550045209834,172.31635038022662,7.641025066375732,8.907021928139978,12.191613036849729,0.1643262987244537,0.033880129687560476,0.7791240215301514,shoulder press_15.mp4,54
90.9379574939582,103.06542482120588,171.91291061862796,147.7504394093433,7.2949652671813965,11.142822562208632,18.793467578835052,0.12502325663112684,0.1511744853275822,0.30823129415512085,shoulder press_15.mp4,57
106.35140011791958,146.55115195598887,157.7352587264057,108.86326803291392,7.383172035217285,11.290684400503672,10.256556380024428,0.31790704766254224,0.3666336141280521,0.4500969648361206,shoulder press_15.mp4,60
119.63500800804334,149.21339023469056,149.26358847953773,107.2455603216738,7.429996967315674,7.315811443570292,9.522158132739532,0.22003763027772943,0.32761426525513043,1.0041533708572388,shoulder press_15.mp4,63
130.37493839502278,156.73463475680222,135.45471558194646,105.66449980680335,7.335710525512695,7.974026349048657,5.99176621061496,0.1836211594925837,0.24709947506351307,2.7012033462524414,shoulder press_15.mp4,66
139.72236991827359,158.94244548388016,124.67313481280314,104.29286152472281,7.299695014953613,8.955336724316833,5.0146522224335826,0.1287066609418096,0.1780200869480823,2.338486909866333,shoulder press_15.mp4,69
147.19091365409673,161.6368774332217,122.28676991344517,99.47427628934157,8.300623893737793,7.231558655799754,3.588915685556716,0.09355352203416502,0.20573941199071527,1.8672337532043457,shoulder press_15.mp4,72
150.64535305862316,164.15612128089222,118.001828283649,100.59782923802939,7.908406734466553,5.860199205311666,1.6411178868994767,0.08583675315127409,0.15923171374496475,1.6566094160079956,shoulder press_15.mp4,75
159.4824772349887,168.8879975908328,111.87254973498153,98.87130324909444,7.516254901885986,2.2945581208899304,1.49817148748199,0.05728602951183791,0.12338434836217484,2.455803632736206,shoulder press_15.mp4,78
168.88704076192144,174.5056316848154,107.69345308826597,95.75722903356214,7.5134477615356445,2.0959259854711934,6.659291730392989,0.032724000095054155,0.11733776392606352,1.7671778202056885,shoulder press_15.mp4,81
165.3828066493638,170.55872511174942,109.03513551335637,97.07100151136807,7.805379390716553,0.15494186603247656,2.6788838613274977,0.030814400561025013,0.11609682442937723,4.305595397949219,shoulder press_15.mp4,84
149.1835653438641,165.75562934994443,122.20143521453623,96.45186095836146,7.874661922454834,7.197545767754445,0.6746729239619795,0.10523976872546514,0.23552880022273778,1.7411867380142212,shoulder press_15.mp4,87
137.2800573326071,161.40674302133522,130.78677569285787,100.2785189276274,7.773838520050049,8.064177734625853,4.425572252411124,0.16155173687044835,0.26406611010397696,3.575286626815796,shoulder press_15.mp4,90
107.65363727285244,155.368011489407,156.7170722986475,104.844858794879,7.739904403686523,10.061877748371987,6.899496122369728,0.3628170870427684,0.3966342753848273,0.03474118188023567,shoulder press_15.mp4,93
80.20545935888137,109.19317713128893,174.3455269538623,143.45163256581714,7.615052700042725,9.037678347679908,15.13270883509188,0.3061027081249554,0.19442523926103297,0.18878132104873657,shoulder press_15.mp4,96
58.53763151956955,41.073492013754986,151.64815858882434,146.09279759464374,7.666079044342041,9.165428670997713,12.48259068573584,0.3506463713356672,0.037316740467222706,0.6177322268486023,shoulder press_15.mp4,99
39.285047893196534,18.147775351986965,123.68658700735683,125.58380270291467,7.436313629150391,3.031989594386374,11.196984710532147,0.7360694232624968,0.015222150515052976,0.6292650103569031,shoulder press_15.mp4,102
36.49669964124607,11.517859919583373,115.44027369046374,124.13105477292385,7.635193824768066,0.46664469928306335,12.680379393561111,1.0404693888743104,0.07255276445810811,0.4376917779445648,shoulder press_15.mp4,105
33.52699596092538,9.191566161913203,114.02216241106844,115.11053405106586,7.576697826385498,1.0931966127995598,8.891073026198534,1.1393374959126612,0.00949992433905896,0.2888450026512146,shoulder press_15.mp4,108
31.0627556992111,4.312297455006511,108.19251767594571,111.45302799295204,8.45234489440918,1.8809293443682211,7.412936733922614,1.5123911264577279,0.029688836229999002,2.5755505561828613,shoulder press_15.mp4,111
31.48007371797869,5.708391628875737,107.67583175061188,112.37418262957665,8.070154190063477,3.4466144144256505,7.506803998458139,1.386004065977562,0.04270257279644854,1.069336175918579,shoulder press_15.mp4,114
34.910743657928236,12.083559615799508,113.8881017930153,121.95541593936863,7.71075963973999,0.7723523524931422,9.45030948033415,0.971487284710541,0.06841243061433194,0.8953351974487305,shoulder press_15.mp4,117
46.15808458575819,20.48673991534407,138.67472621785015,119.759865941309,7.270404815673828,5.061763590586294,9.138775542723135,0.7703927458009745,0.14638025133177426,0.9336832761764526,shoulder press_15.mp4,120
67.15236847029665,54.2154231751319,161.96068055170332,157.5327250505274,8.014320373535156,7.568244180904175,13.154339360915865,0.2131858068730384,0.027718603411105894,1.238664984703064,shoulder press_15.mp4,123
81.81821211696932,131.72070806012164,179.02101202383844,125.43506508195472,7.719345569610596,7.952314715201971,12.633865369482542,0.46738548552898407,0.3520110188062598,1.5700002908706665,shoulder press_15.mp4,126
96.25919712520276,137.61010109032503,166.96491591212734,116.95046105930948,7.220182418823242,11.355377013344702,12.125462018786727,0.35362404796729124,0.35231945086123007,0.8228083848953247,shoulder press_15.mp4,129
108.39894160649574,147.49713697984123,152.41347136419432,110.89566278175512,7.564146995544434,10.370671036286584,10.82483413754689,0.3055786988947869,0.31535410814443166,1.5897513628005981,shoulder press_15.mp4,132
117.04639597178382,153.21451548761172,141.9531707887963,111.43626386555812,7.703470230102539,10.215864426829222,8.112280753394785,0.2676533526104226,0.2408696081970896,1.8526957035064697,shoulder press_15.mp4,135
128.30386139642218,154.27254685202357,134.03785696647512,109.54282550906899,7.918228626251221,8.79446909386343,7.524819038581053,0.18379938804211354,0.20112458187126944,0.7512233853340149,shoulder press_15.mp4,138
133.7634190721469,154.9886690323536,131.11567104616003,107.23813699685331,7.759716987609863,9.347790560420323,7.055484692674176,0.14701365520532772,0.20035370313863646,3.036176919937134,shoulder press_15.mp4,141
141.91474214291688,160.22135536580276,126.94813229671787,101.09685959886083,8.018890380859375,6.597299473302388,5.025566479127067,0.12118123834810937,0.22672081051176324,0.3660071790218353,shoulder press_15.mp4,144
145.65946281812052,161.10920186415868,120.16204505054,105.16748009689216,7.925705909729004,5.537537634867119,4.154082104230062,0.1007256661109079,0.13309010387198,1.912868857383728,shoulder press_15.mp4,147
153.68414581010052,164.08924954664815,114.94660437966397,102.94527861558741,8.205533981323242,2.565511225189869,2.9255100694144374,0.06548757000167575,0.11015853917181583,1.7785013914108276,shoulder press_15.mp4,150
159.19390078201116,169.05074382049042,113.38093072822218,99.16584340969156,8.031355857849121,0.3768797495489511,1.562190184906463,0.06005790620234326,0.13375961480654583,0.8353419303894043,shoulder press_15.mp4,153
168.34789742732136,172.9927689546197,107.69547843410996,95.32319615379038,7.920937538146973,2.23274455266795,3.730816226901765,0.027215459420829657,0.12188319429661919,2.4546449184417725,shoulder press_15.mp4,156
170.0154228161345,174.99958357405177,106.04088905564224,97.52396665574574,7.716183185577393,4.602133338515334,7.12306550309617,0.028892428825432314,0.08367772885091423,1.9728449583053589,shoulder press_15.mp4,159
154.66301634557473,168.07609858904144,116.35147453934907,98.96972834410579,8.241780281066895,3.1879896592103023,0.8833604657639437,0.08312027655020411,0.1614494621289233,1.3570934534072876,shoulder press_15.mp4,162
141.51845254344363,161.173894320167,124.57485675455291,103.21025476538856,7.784393310546875,7.454863387003409,4.459978072270941,0.1298707547804627,0.18758558754437285,2.3369083404541016,shoulder press_15.mp4,165
115.34030913790143,154.7052170065026,149.12687512403508,104.55595102031866,7.995966911315918,10.427395447260157,8.051125268935584,0.29154275155479675,0.3513909457816756,0.420096755027771,shoulder press_15.mp4,168
89.34027404551627,133.71581974225666,170.03883009590518,123.58280345026607,7.3278679847717285,13.6139521386826,11.891617068894641,0.39788687180150817,0.3164346310901783,0.3712822198867798,shoulder press_15.mp4,171
64.28816180453214,77.83689064005524,157.84362600614594,177.6059991191229,8.006956100463867,10.134952248256507,10.034340479813117,0.19065926242392167,0.11782617497692535,1.5955480337142944,shoulder press_15.mp4,174
45.814477352095714,16.18130488705287,135.87261871152776,117.95133887683541,7.679257392883301,5.387101218852454,8.426262919644925,0.9559738225653143,0.14121030973566365,0.25003883242607117,shoulder press_15.mp4,177
38.657685350045284,11.570573346471507,125.1299204424724,116.83534924137673,7.371700763702393,2.9162479569599156,10.631127182686663,1.0785606631213838,0.0685600145172348,0.47192686796188354,shoulder press_15.mp4,180
33.81609879168031,5.458261467009804,114.84885147508741,115.70545534811723,8.220890045166016,2.4104003959803726,10.01360816215551,1.4440890768371386,0.00743082083204526,1.5961427688598633,shoulder press_15.mp4,183
33.08998576857946,5.38685184033544,111.12987757141327,113.72479638999502,8.593955039978027,1.1077028475003372,8.907105191025828,1.4399901681018263,0.023080852826987363,2.2174785137176514,shoulder press_15.mp4,186
32.807863591078835,2.038456725468572,113.8671424132331,103.94005017039188,8.874910354614258,1.9775611565973625,5.991444574212028,1.7660060853540887,0.09115486155517845,2.0031044483184814,shoulder press_15.mp4,189
31.99334916461114,3.903294732743299,111.24466953457187,111.39983448534285,8.685637474060059,0.4958871966042024,7.606523759629092,1.5650518478658146,0.001393835895065276,2.2053661346435547,shoulder press_15.mp4,192
42.93499850304991,12.36243940366348,129.81835762430688,113.77429077618976,7.688663482666016,1.2379141807603264,8.84117845951927,1.1057495702047624,0.1317286622027992,0.825027585029602,shoulder press_15.mp4,195
57.91039943701622,27.462051681402933,156.93811237045378,128.1128981689658,7.701263904571533,10.371903829714075,12.219460202292582,0.7133061627427969,0.20224600605302354,0.17202270030975342,shoulder press_15.mp4,198
68.89525848687187,89.66397168292914,161.9119774544711,163.84691698568508,7.999974727630615,8.033007092367649,12.903988533305876,0.2619678863704884,0.011879580660656034,3.1080334186553955,shoulder press_15.mp4,201
92.4292550863716,136.883647446484,168.54263763802294,120.97400276915553,7.765854835510254,9.286012263815998,11.59047271585676,0.3877181952615426,0.32860725934071705,1.3499510288238525,shoulder press_15.mp4,204
102.81125608324881,136.44033654676636,158.81574081060546,118.10422160998175,7.610527515411377,11.17631071523023,13.453370944056173,0.2811189684786962,0.29403094558268705,3.532958507537842,shoulder press_15.mp4,207
106.68299338853379,144.12044432610784,156.60116442385504,111.88730729790731,7.218194961547852,10.51627678383603,11.66444581404905,0.2985401737608519,0.33307841367792657,0.5734187364578247,shoulder press_15.mp4,210
113.30848613527796,145.54242722113568,146.46635781940512,115.29782920220289,7.626600742340088,10.769878446006855,10.550370266409233,0.24905410352154783,0.23814203899962327,2.3081812858581543,shoulder press_15.mp4,213
117.24159498798652,148.23438245707396,144.32875836626215,111.90118484834758,8.012412071228027,10.614604278598863,10.493314834411155,0.23348845170370502,0.2531130679817097,0.38960978388786316,shoulder press_15.mp4,216
122.73746771399583,148.1733979382112,138.3613997819179,112.82707486177569,7.928145885467529,10.805816545483522,10.221982812169374,0.18778080504803224,0.2033080933061296,0.3478238880634308,shoulder press_15.mp4,219
128.60411756123025,153.51335059932487,137.85302511944695,105.68157316960857,7.765373229980469,8.675423764711764,7.9884929066723975,0.1765876689629058,0.26420436501308553,0.49783027172088623,shoulder press_15.mp4,222
137.12248316620037,155.8897720435867,127.89599467031302,106.06085688658425,7.857325553894043,8.377262247936743,7.07058476886819,0.1280990029850429,0.1866595283568223,0.31959068775177,shoulder press_15.mp4,225
142.0150537201783,156.80207961589576,123.8098897313909,106.16518314492994,7.806901454925537,6.822565020865023,6.785635693945786,0.09897040193533203,0.1534488617899051,0.08980762213468552,shoulder press_15.mp4,228
147.2917251910829,163.50739901816132,121.13025555491225,100.85322902217061,7.8809332847595215,6.520736564913323,2.5213600497662005,0.10434825946395716,0.18268950567536954,1.05853271484375,shoulder press_15.mp4,231
149.91399496504835,164.3495436202266,115.4544108979445,104.4000645093256,7.9895339012146,6.652590776937316,1.0038090911090323,0.09186906454476383,0.10056057642803257,0.15652374923229218,shoulder press_15.mp4,234
158.07535370771842,168.97321588206987,109.68048407294664,102.58781187684816,8.12388801574707,2.8900737095491023,2.2036347351380456,0.066643692635748,0.06682742860267761,0.17731072008609772,shoulder press_15.mp4,237
166.87612140458737,172.11651026229868,108.9559797749673,96.76189092224554,8.033951759338379,2.469118875065306,4.032408661400844,0.030917420428540888,0.11855157562533504,1.1271520853042603,shoulder press_15.mp4,240
165.7560596122011,172.5721499365048,107.47926586892113,97.9398161429957,8.000136375427246,1.0212424339328874,4.420070192269556,0.04029276975393579,0.09287793161661613,0.3756924867630005,shoulder press_15.mp4,243
151.94991746826386,166.57377950826407,117.32149629995693,99.85779577722413,8.033342361450195,5.769322517832764,0.529266055633816,0.09182275716885101,0.16082288836752048,0.32954370975494385,shoulder press_15.mp4,246
137.38997665883352,157.43904230568447,128.48617037334782,104.30745122355175,8.188737869262695,8.539200388568702,6.213086388290716,0.1360046966697251,0.20772664632249602,0.8514035940170288,shoulder press_15.mp4,249
112.6730197928123,147.71786525299004,152.08347479277847,107.96784922053007,8.559981346130371,12.181438183120754,10.790302735182586,0.26917106145258046,0.3392839912631302,0.9008370041847229,shoulder press_15.mp4,252
87.50872148837507,118.1946883954778,175.26794505895634,132.25696623396087,7.343908786773682,13.780383975211588,15.821765469481598,0.29835156281005804,0.2797235426825475,0.9379990100860596,shoulder press_15.mp4,255
63.59483915379769,55.04187486272044,157.5049669897685,163.45131360502734,7.5074782371521,9.634108028576016,15.337068778268923,0.14418747791491254,0.03705393522282277,1.6585793495178223,shoulder press_15.mp4,258
45.31928652458837,20.139871926850173,135.33485472143786,124.13293199839725,6.960962772369385,3.749627793514334,13.003894892248384,0.769316782965298,0.08634538309864324,0.1020481139421463,shoulder press_15.mp4,261
36.50831947574128,17.60366718731976,123.26309745932178,125.43189220401348,6.656292915344238,3.845384957602328,12.970289464863363,0.6987232757183751,0.01744140280130008,0.15707749128341675,shoulder press_15.mp4,264
35.56944169690542,13.395740977028579,117.11647680688073,124.32149856714027,7.506566047668457,1.8771631148330736,12.392604381154172,0.9056925557710921,0.05968424601886228,0.8745071887969971,shoulder press_15.mp4,267
34.455774035518495,12.991967167012522,113.78742727070458,122.26393237833007,7.927074432373047,0.25335402104316757,9.58406139969263,0.9047346122078841,0.07181915935776437,1.3446670770645142,shoulder press_15.mp4,270
32.260701284495106,8.692624290379603,108.3518505750237,123.03873463300766,8.263921737670898,0.4064528713489918,11.29086686891487,1.1509725602638121,0.12694452580929114,1.3774161338806152,shoulder press_15.mp4,273
32.54668991116461,8.565568929213319,105.8884296100429,121.50535414162162,8.233291625976562,0.7803826901832676,7.986110749804505,1.1666165595551519,0.13735577353014955,1.1834226846694946,shoulder press_15.mp4,276
31.879089767170566,5.096045284202247,108.46382892428738,114.74583586368286,8.35551929473877,2.749097010605476,9.73576261088219,1.4487057015887177,0.05628794743599326,0.679999589920044,shoulder press_15.mp4,279
29.696515797291042,3.1813081829638903,105.00935168984034,111.75061708907985,8.44379711151123,3.7765882327473053,8.653181442861362,1.612953924824897,0.06220028021977731,0.7998310327529907,shoulder press_15.mp4,282
31.74155529467827,3.3989179916571355,106.73891933260491,114.73923653957817,8.46845817565918,3.0172162209907833,10.016368394082614,1.6131050411345682,0.07224475186248448,0.9213908910751343,shoulder press_15.mp4,285
152.99022317627663,169.77029937088105,118.81345596140075,97.79169207494851,7.183501720428467,2.3168882114658467,1.4642523604329818,0.10397849193067114,0.19410216310209302,4.530039310455322,shoulder press_16.mp4,0
148.1242793911185,169.43327095942607,121.02877386290956,101.220743204578,6.992674350738525,0.8403674722247617,0.5788698044541888,0.13420554192325168,0.1782503820003057,6.017367839813232,shoulder press_16.mp4,3
133.19466112722552,164.2756940828146,133.8925155322097,102.19144592191411,7.233631134033203,6.22224046945652,1.9753539363173533,0.20896894370293234,0.2685575878601629,3.931918144226074,shoulder press_16.mp4,6
108.86126329014161,169.2890956045004,148.71129945543873,105.3884459632286,6.7082624435424805,6.990583406960122,1.9565725048456257,0.4344976044934581,0.3409909240233928,3.750530958175659,shoulder press_16.mp4,9
95.80615154175806,141.31830409142748,160.33137230453093,128.4656022466002,6.9426774978637695,10.063740837428416,6.680655183923718,0.3838672179817121,0.22067938978556662,3.06095027923584,shoulder press_16.mp4,12
80.97340546879855,52.51967813110583,177.03766497078783,150.52479264702626,6.152924060821533,11.925420952048125,5.7037449242589275,0.42629515433132303,0.16187979853720394,2.676253318786621,shoulder press_16.mp4,15
56.87415652499683,23.026169625051853,149.86166182734297,121.04562548339963,6.645195960998535,8.60824721263864,5.444651260729366,0.8472552874535255,0.21273725509561558,3.596883773803711,shoulder press_16.mp4,18
50.81650683740234,16.59193912046804,145.83550819777017,109.85507446200963,6.4552435874938965,6.142060083701844,4.7697869504691965,1.0154385620556903,0.28143730098684056,4.960112571716309,shoulder press_16.mp4,21
44.562082983846686,14.02031311166,135.4453104946924,110.01723892691082,6.472993850708008,4.901754374887334,4.105220048800579,1.042694457986817,0.20718493821317444,6.092640399932861,shoulder press_16.mp4,24
41.7470854404361,11.615318888654405,128.64433337524852,113.03537399534008,6.945943355560303,4.3294325880102,6.0580598888109565,1.1293256715329585,0.12917062462322385,6.892110824584961,shoulder press_16.mp4,27
41.544463533287534,11.701576291386228,131.59786512659818,111.36801091633879,6.503708839416504,5.18421533071448,6.951160120244295,1.120942978676599,0.16652424233174512,7.535131931304932,shoulder press_16.mp4,30
42.499692310429296,11.575033451866368,132.68938145321135,111.09653093275428,6.364951133728027,5.193800319801868,6.974865169027667,1.1437749677919058,0.17714600740563666,6.881806373596191,shoulder press_16.mp4,33
43.8434533461019,14.535013649535056,138.0166141672223,109.95892606032679,6.531991958618164,6.79963931469417,5.425064136085037,1.0040839098689343,0.22629399723173507,6.994909286499023,shoulder press_16.mp4,36
57.45319311773895,22.462109149410345,155.66152498641094,118.2952747559688,6.354612350463867,11.77629291621215,5.766681131432565,0.8757042262408449,0.27278936142910243,5.148639678955078,shoulder press_16.mp4,39
68.31064117015967,28.65170903046535,160.50439042224352,127.57305960427163,5.9582037925720215,7.9503490648170265,6.923190296343005,0.8180274520499127,0.22862831377423554,0.2758372128009796,shoulder press_16.mp4,42
86.3867217991269,99.23453549740842,176.70134704446616,162.45702781294526,7.123531818389893,11.819289893599361,7.722171060555874,0.1384304134709826,0.08399803919044892,0.7414705753326416,shoulder press_16.mp4,45
107.96179626566344,142.9562906090459,152.8595118385465,125.19111747408927,7.220218181610107,9.920377961939678,3.6398185776109595,0.2789316209066765,0.1990169519332202,4.243584632873535,shoulder press_16.mp4,48
112.10576771877975,177.364703467829,147.29267320543457,100.4411746490188,7.386507511138916,6.648665285024682,2.2901515854245504,0.4508849243346809,0.3782405913619167,3.5631394386291504,shoulder press_16.mp4,51
126.84768739117051,167.18010948444737,140.1345150013381,100.73917982397121,8.03994369506836,5.632776628157191,0.8654946993463167,0.2743442798392196,0.32710367320049505,3.9110121726989746,shoulder press_16.mp4,54
146.4146497725833,173.64448494344776,126.14409404950983,93.99641164180089,7.373436450958252,3.519782412061413,4.059318402543088,0.17015502585185607,0.2920651272854586,1.2136095762252808,shoulder press_16.mp4,57
156.8807102624381,171.0224123390735,114.93230190794021,95.9711766187326,7.487223148345947,2.2323751611764546,0.6259070012478372,0.08625536691714449,0.17980855907798235,4.613021373748779,shoulder press_16.mp4,60
162.63957900241002,173.24332040185774,106.99015734118255,97.83250902654498,7.003689765930176,2.009153101712156,3.1434975698307777,0.06313951331404398,0.08942026267929178,4.1280646324157715,shoulder press_16.mp4,63
164.4888826861584,175.7098779572483,105.41484323281686,97.81622020248335,7.114101886749268,0.21140993321454132,4.877761528627473,0.06596729070892553,0.07477816532463877,9.141327857971191,shoulder press_16.mp4,66
164.09605275795172,176.5759450646839,107.35674216538314,94.21051631506062,7.216642379760742,1.6885329313481674,4.934609479330077,0.07326632295284569,0.13044009180288557,7.308855056762695,shoulder press_16.mp4,69
163.07050090128303,174.45737076770783,108.28540841489864,96.71514663021645,7.009514331817627,0.3496801944147815,3.9377891609257047,0.06747217532063103,0.11288029714978952,4.688839912414551,shoulder press_16.mp4,72
162.66622080468298,177.71483830542874,107.18956913494011,96.17902424161066,6.999445915222168,1.3730850088509492,7.1158556680025224,0.08842217918992727,0.10828166444503728,3.589838743209839,shoulder press_16.mp4,75
160.5150559752798,175.948748981918,107.95262926993527,96.28154558688286,6.947512626647949,2.4914693046095815,3.6430509456549185,0.09174058415348141,0.11429119236518206,2.535872459411621,shoulder press_16.mp4,78
158.31837985232826,171.69841745027128,108.42011985177376,100.14012863558582,7.167862415313721,3.4860041370366854,1.8146684380596845,0.08108700955408987,0.07940143221194686,4.637786865234375,shoulder press_16.mp4,81
146.44516569288135,171.53577691224174,125.8786799251179,98.06596978716931,7.236844539642334,0.8865965397228283,3.880149041231303,0.15781204378979757,0.248389145922271,4.740601539611816,shoulder press_16.mp4,84
139.16379077002085,171.1870395498927,127.75822173023269,98.56616334146115,7.6233930587768555,7.068686081083167,2.2149528495448503,0.20636805609227382,0.2579665322366765,3.6359546184539795,shoulder press_16.mp4,87
117.58502910641306,163.82412480353125,143.64194507348438,105.64923838227814,7.428778648376465,6.782876490131506,4.420910175180018,0.3286253844600626,0.30480585927298276,1.2128475904464722,shoulder press_16.mp4,90
111.1052741366773,150.03151406412152,151.79273506393298,118.95515211417381,7.712718486785889,7.81271548588685,2.887663550626862,0.29812911612830467,0.2425694493280203,5.406252384185791,shoulder press_16.mp4,93
100.6626919826707,109.28871677422715,164.5815841718599,153.11356903157218,7.713745594024658,9.41989160459246,5.984422496577908,0.0821716304989838,0.07219509032260445,4.545936107635498,shoulder press_16.mp4,96
88.50847713745732,53.03550367731657,179.12039987635845,151.69369943234133,7.631282806396484,10.041966709088472,4.703967392141111,0.5012289926558036,0.16581337071987273,0.6272772550582886,shoulder press_16.mp4,99
67.20749484356924,31.528310797082685,160.78430128697553,132.63572784750238,6.503125190734863,11.863100568592653,7.015870091213334,0.7227202698145924,0.19186538507616552,0.9580148458480835,shoulder press_16.mp4,102
54.2867686549424,21.626275227371725,144.14259276266299,123.8978968266481,6.539708614349365,9.750996432710282,6.480893226051049,0.8604711853789797,0.15105699864250818,3.261007785797119,shoulder press_16.mp4,105
55.067210045047574,19.33275288249049,146.56096122836902,119.76403008957942,6.9782233238220215,8.786674335815887,6.497758522866899,0.9606041658209078,0.20123482220861844,4.310620307922363,shoulder press_16.mp4,108
50.49731210502054,15.851544758790068,140.31475548505304,117.54397240804448,6.879362106323242,8.250642883190391,6.95973144534659,1.044351598019097,0.17661440636943512,5.677698135375977,shoulder press_16.mp4,111
46.408134515271314,14.223495198129163,135.01166386721417,116.09024038353354,6.899113178253174,7.776451204317784,5.21951857503116,1.0616451996845757,0.15070712856710075,5.568550109863281,shoulder press_16.mp4,114
52.55506602995327,17.551535629083233,142.4905407274411,118.70905318690968,6.671329021453857,8.293655320093144,5.627738033156055,0.9985801500152504,0.18209436840341747,6.308712959289551,shoulder press_16.mp4,117
66.42418352204389,30.49251369090361,159.58632341240548,131.69939463994191,6.334767818450928,12.852008537551761,6.442527698709043,0.7414959622941014,0.19147474142520066,2.665475606918335,shoulder press_16.mp4,120
96.99877192159425,63.05611302618166,164.19025588812832,159.82917516849517,7.290092945098877,15.295310464278844,3.3975861551927893,0.4241377438306578,0.026918636980576865,0.2597625255584717,shoulder press_16.mp4,123
114.99809573711637,150.1631436548295,148.9152507483175,115.80547879032179,7.771817207336426,7.225395235870103,5.208213583472785,0.26523520555532026,0.2501486907783921,3.074686288833618,shoulder press_16.mp4,126
121.42443303139093,172.62498539129126,140.35740917934174,104.37226213312053,8.26513671875,4.796207068984956,2.366741293020245,0.3482445408975572,0.2940807859810071,4.304169178009033,shoulder press_16.mp4,129
137.03823567260582,168.13618191949894,129.90227914748053,100.43809968082383,7.775916576385498,7.876943669447441,1.6624237987979393,0.20380441121023807,0.2558316489408858,2.379337787628174,shoulder press_16.mp4,132
134.27367022504816,170.7051257172968,134.40225141006354,96.2044463753821,7.7956366539001465,7.147969515010573,0.46108042819062217,0.23891139959209395,0.3312809679987727,5.987987518310547,shoulder press_16.mp4,135
159.09540295666827,171.46836414884322,114.00580189152998,94.01807275569101,7.19254207611084,3.178764286292393,1.2816659618059931,0.07485975429500519,0.19216764585060567,3.580423355102539,shoulder press_16.mp4,138
159.88334043548753,173.5870524815034,112.03207324837459,95.22652248299681,7.579193115234375,3.175019494478774,4.690075423346571,0.08218847812031742,0.1621698796720548,5.392205715179443,shoulder press_16.mp4,141
166.64827247744253,175.71613686428967,106.38958708936953,94.76850339931683,7.724853038787842,0.263467186745451,5.942253131094041,0.05297200374467671,0.11554179761620176,7.232253074645996,shoulder press_16.mp4,144
169.59188690152556,174.0139126910939,105.08577053437817,96.06742555734462,7.886862754821777,2.2425094541882324,4.672455881815822,0.025738947333316987,0.08966643485914409,7.551939964294434,shoulder press_16.mp4,147
164.58037677170014,172.38302240852389,107.3975987263518,98.09761931910748,7.34374475479126,0.07348713510744095,3.650405563247174,0.046311532088091946,0.09051285470970907,7.92030668258667,shoulder press_16.mp4,150
165.37278232222147,173.58564615792315,110.11737319022201,93.2188772701476,7.84886360168457,0.5991969904438681,4.392930385783192,0.04845941652802283,0.16621232939837197,4.993335723876953,shoulder press_16.mp4,153
162.6560794164914,170.84519416867016,109.69787267504861,96.80791016483795,7.322199821472168,2.0060414931776926,2.183092578208922,0.04910994590302593,0.12483875592195737,8.122196197509766,shoulder press_16.mp4,156
159.70513661745792,171.28895630409718,116.08560134422456,92.53636443657155,7.2991743087768555,2.0647243414657965,1.6724046972630229,0.06999411732332396,0.22575989847969063,5.860908031463623,shoulder press_16.mp4,159
145.94302880282711,170.42634004442863,129.0610596697646,93.70357675020128,7.929656982421875,2.837344917947515,1.4882921479478624,0.15477674928398105,0.31744251231066867,0.36505794525146484,shoulder press_16.mp4,162
128.6860417757592,177.36708137467514,127.03475331724007,104.18636216243146,7.530062675476074,8.572341944904696,3.619255302174939,0.31812150190009814,0.1976323927631721,4.962082862854004,shoulder press_16.mp4,165
112.79888605436412,147.71419514223808,145.8345899283617,121.77620607592678,6.869540214538574,10.510600521560896,4.353115070313423,0.2680503330389334,0.17980129510208095,4.9307379722595215,shoulder press_16.mp4,168
92.67731361614071,55.40968360764355,169.2267259330537,148.1890213624809,6.92181396484375,10.281435532125013,2.7718974947388135,0.5033207601904376,0.13255614915025205,4.340946197509766,shoulder press_16.mp4,171
69.4494560190294,31.738724895516484,168.53042019888346,126.16388417608073,6.813004970550537,10.9938828735587,6.706609340076491,0.745358416026075,0.28752870614625964,4.220701694488525,shoulder press_16.mp4,174
54.96300274801371,21.514322109232566,148.93821064456282,119.1291837392972,6.91843843460083,9.73546352578238,5.590627600547705,0.8747345883558807,0.22239949751278199,4.080549716949463,shoulder press_16.mp4,177
48.24016004809838,18.551954964660688,141.46936518595288,118.0414912262142,6.114432334899902,8.736697908143007,7.900188827114937,0.8889733489579259,0.18055409537494993,5.75498628616333,shoulder press_16.mp4,180
45.27662032443859,14.532169410914527,138.1307702442572,110.90404144969796,6.09025764465332,5.53528672706531,6.7302846581688565,1.0280913908997207,0.2186580149928503,7.373666286468506,shoulder press_16.mp4,183
44.620821614482594,15.06546852959688,134.2480154054785,114.03802393347223,6.407792568206787,4.201343767612561,7.248862430720978,0.9903565128119269,0.16279603578046004,7.639183521270752,shoulder press_16.mp4,186
41.23139092923731,12.702279559265806,128.51581363360717,113.8315170093706,6.646320343017578,3.0501060809211675,7.96695966420998,1.0579332395355132,0.12118389408521474,6.677673816680908,shoulder press_16.mp4,189
45.53694323067049,13.845577236179897,139.28078094703216,108.09382549706912,6.207641124725342,5.771530402494258,4.666892035773916,1.0673634512425902,0.2521435477817347,6.445333003997803,shoulder press_16.mp4,192
56.80972307599117,24.15266276332664,155.89238056479255,121.50228193762504,5.718404769897461,13.957826271705887,7.225728971508351,0.8067217875095095,0.24795068742079912,3.697972297668457,shoulder press_16.mp4,195
104.94276498083576,112.31672950776886,156.27861429917598,155.1047669642766,7.011662483215332,10.042872819331876,2.832815192279108,0.06788163200223098,0.007539563159321167,3.123695135116577,shoulder press_16.mp4,198
116.66411851140117,178.0532797869872,143.54121327271355,100.9472820601523,7.667119026184082,5.658543913389377,3.3504063019196204,0.4165967915706978,0.34843301035143204,4.358315944671631,shoulder press_16.mp4,201
144.24558124259147,169.67575612952535,119.03479945545698,103.04799433954054,7.61904239654541,4.035835740828058,1.0202710206531116,0.1620162241905169,0.14397157783122727,6.945314884185791,shoulder press_16.mp4,204
158.7350859047835,170.0874552295967,108.08360439442941,97.4858598820303,7.008647441864014,5.992211735925865,0.1805578743799277,0.06904860771192593,0.10310621326664314,3.6163675785064697,shoulder press_16.mp4,207
164.1936783146316,177.03759888929258,100.87448734523201,101.14372113983573,6.623696804046631,1.4861305177738646,6.663478404043908,0.07527985523428612,0.0026654408691444446,8.220891952514648,shoulder press_16.mp4,210
171.2880092921495,179.41249187449435,99.75217713837637,97.56134125821012,7.108802795410156,3.0551572851980806,11.419888701419882,0.04633288264669065,0.022206647552275856,8.492249488830566,shoulder press_16.mp4,213
173.80530013797568,178.802860523753,98.24706953995052,99.31641751157223,6.97509765625,6.195363736999977,10.20233143794011,0.028346254813833887,0.010825360369781625,9.48204517364502,shoulder press_16.mp4,216
172.3598179138048,177.17644779202948,100.09632583905145,98.63841048401274,7.046774864196777,4.514121952003594,8.035499281974856,0.02756011522008025,0.014671973123699052,8.82699966430664,shoulder press_16.mp4,219
170.5705160169188,177.0139700469365,99.06675790363886,99.87318031647882,6.871700286865234,3.120292723836187,6.765051488989485,0.037075613488882636,0.008107194764961634,10.053547859191895,shoulder press_16.mp4,222
170.20824653723406,178.9411213887422,98.12931532311073,100.53434102535913,6.939890384674072,2.3179762688348773,10.115287489431369,0.050023718521292664,0.024212035018924775,10.815752983093262,shoulder press_16.mp4,225
159.11520496310834,176.83881676857695,106.70986410777161,98.764088741304,6.961060523986816,3.2886257283380753,5.7076468185476,0.10551212760669872,0.07734095009408742,13.368237495422363,shoulder press_16.mp4,228
160.49766847831214,175.8660141260361,108.35952906994096,96.23376676156744,6.730210304260254,4.105875586937313,5.8555110966173025,0.0913793399378444,0.11853528493289071,5.709164619445801,shoulder press_16.mp4,231
157.0096707963373,172.0369590898029,116.17652204472559,93.303100967166,7.131460666656494,3.8383347367942635,2.2858295552515693,0.09133835103350238,0.21838325607699915,4.934958457946777,shoulder press_16.mp4,234
142.07741688473698,170.39869995631068,126.98804207473951,99.2493270358566,8.056714057922363,3.1708372649240992,1.296712915615029,0.18127006542378632,0.24521780064833454,5.657349109649658,shoulder press_16.mp4,237
129.04985833349463,166.59871758949905,137.40068200026718,101.28665657860161,7.858558177947998,4.8519111984261984,2.4885141448163566,0.2540100803041555,0.3026052880449083,2.7124862670898438,shoulder press_16.mp4,240
121.56320814622947,169.6493595585878,137.91637467530083,104.92286244790462,7.430610179901123,5.792869029538153,1.247322427948704,0.33024777598953114,0.2717313117785559,7.186115264892578,shoulder press_16.mp4,243
92.36822381042789,68.0172984123628,169.5251044148004,162.38484103771376,7.045219898223877,12.935186748971619,3.2822508828457515,0.3036549067594685,0.04302530535716171,3.1392247676849365,shoulder press_16.mp4,246
74.19202132421881,32.48410937296903,170.3668313887109,128.43641560848607,6.771484375,11.015201223273019,4.691925960071188,0.7819539699962004,0.2806556903353742,3.227865695953369,shoulder press_16.mp4,249
56.80014886235415,20.50428678201461,151.22766975518462,117.45611079445969,6.769608020782471,11.904911213451307,2.85296088206558,0.9390369848197322,0.2513851702669861,3.5938827991485596,shoulder press_16.mp4,252
45.64730166666404,12.84976128917782,140.25635333757128,107.33000738485467,6.834658622741699,9.3799612028216,2.5278056619936558,1.1213397295602467,0.26597867391920677,5.880061626434326,shoulder press_16.mp4,255
47.213270782587074,9.449557289152285,137.87640043783327,105.16850799080974,7.501591205596924,5.412893509838263,3.224200755513848,1.3329272391989726,0.26915101952548354,9.764423370361328,shoulder press_16.mp4,258
45.12850016355851,10.751694048041752,135.87139739447736,107.45832878951923,7.231369495391846,5.4098373277525695,4.2698527177494565,1.2303753270914872,0.23353553263338864,6.608441352844238,shoulder press_16.mp4,261
42.80711389985921,10.10477981259003,132.62388227216198,107.68706891745578,7.273107051849365,5.798648403480023,3.812882199938699,1.2361052229576464,0.207537885654073,8.108224868774414,shoulder press_16.mp4,264
45.77420178072627,11.670451537472093,134.4584585258313,110.98112743562318,7.241775989532471,6.468146889106258,4.106836433200416,1.1873602945898596,0.19130843134566863,8.879698753356934,shoulder press_16.mp4,267
51.94854193163759,11.16387278785229,145.5409544858454,105.18247793649984,7.09077787399292,7.240244445209537,2.6818388120281305,1.2924452130395352,0.32193621600841393,7.199500560760498,shoulder press_16.mp4,270
59.401752817721324,24.299830995265392,150.22188395608563,125.31407280107273,7.110030651092529,10.230585409914836,5.881076271617196,0.838739728053024,0.18079535932920165,5.266319274902344,shoulder press_16.mp4,273
77.2987913912425,33.429003789145824,171.80412854103076,131.05453108205745,7.0012664794921875,11.117971493242274,4.855869998559466,0.7923897975323675,0.2690997675924918,3.4847888946533203,shoulder press_16.mp4,276
115.09911436175682,159.10159633862602,150.03504199140386,103.16373012834346,8.013399124145508,10.787072715184365,3.1631519196443145,0.32095089662222215,0.37023332673108833,3.6103997230529785,shoulder press_16.mp4,279
107.77656482888943,168.4872037861871,153.06040778848313,100.28322796230746,7.929352283477783,10.972072266785048,1.9205545392419199,0.43951213191395316,0.41664500211161093,3.001847982406616,shoulder press_16.mp4,282
126.85852366618805,165.195551070974,135.0506315414267,101.98564345279908,8.168110847473145,11.904556239407885,1.668719524451447,0.26253376152541524,0.27898673390334944,1.2179863452911377,shoulder press_16.mp4,285
160.84257645799076,168.9771982654659,108.97711583197392,97.24328482963448,8.332301139831543,3.437559055641026,1.5976253289075562,0.04932767790709789,0.11379893516542765,0.2547028362751007,shoulder press_16.mp4,288
157.9277933616334,173.82368337158084,114.67265746729683,93.16429345934604,8.031081199645996,3.5148309346097095,3.324406549760324,0.0958301085286833,0.2069734367450596,2.1189000606536865,shoulder press_16.mp4,291
166.82551512539303,173.5766041057028,104.34844120053394,98.91976405942292,7.5060505867004395,1.2748789864857346,4.235108335529279,0.039665375735963244,0.05341393292835311,6.999142646789551,shoulder press_16.mp4,294
155.00850635327598,175.92556412731918,112.83476356280237,92.46990539126134,7.645203590393066,9.747316295010588,5.592317777830803,0.126412235184287,0.19838670279921988,8.625787734985352,shoulder press_16.mp4,297
159.57152440294942,178.22535273884114,109.85074826003209,93.52396955639239,7.743320941925049,6.175337894946389,8.675913571035402,0.11044405438989156,0.16055858740885398,10.582446098327637,shoulder press_16.mp4,300
170.62249926825234,177.32914215885623,108.53279645779436,90.45602954512123,8.037596702575684,2.3253752646427737,8.04415369126539,0.038549281521402703,0.18168625119089127,7.626426696777344,shoulder press_16.mp4,303
167.27509565967716,177.18352806385016,109.48628508517619,90.69768920923373,8.142550468444824,0.6491725068471932,8.021081054901698,0.05753046503562528,0.1877132866620995,6.530152320861816,shoulder press_16.mp4,306
156.95729971061022,176.57583070684677,113.32091047745638,93.25734655171097,7.512025833129883,5.8970162993426385,7.314224073126594,0.11764067318698805,0.19424661834485887,5.817052364349365,shoulder press_16.mp4,309
152.99022317627663,169.77029937088105,118.81345596140075,97.79169207494851,7.183501720428467,2.3168882114658467,1.4642523604329818,0.10397849193067114,0.19410216310209302,4.530039310455322,shoulder press_16.mp4,0
148.1242793911185,169.43327095942607,121.02877386290956,101.220743204578,6.992674350738525,0.8403674722247617,0.5788698044541888,0.13420554192325168,0.1782503820003057,6.017367839813232,shoulder press_16.mp4,3
133.19466112722552,164.2756940828146,133.8925155322097,102.19144592191411,7.233631134033203,6.22224046945652,1.9753539363173533,0.20896894370293234,0.2685575878601629,3.931918144226074,shoulder press_16.mp4,6
108.86126329014161,169.2890956045004,148.71129945543873,105.3884459632286,6.7082624435424805,6.990583406960122,1.9565725048456257,0.4344976044934581,0.3409909240233928,3.750530958175659,shoulder press_16.mp4,9
95.80615154175806,141.31830409142748,160.33137230453093,128.4656022466002,6.9426774978637695,10.063740837428416,6.680655183923718,0.3838672179817121,0.22067938978556662,3.06095027923584,shoulder press_16.mp4,12
80.97340546879855,52.51967813110583,177.03766497078783,150.52479264702626,6.152924060821533,11.925420952048125,5.7037449242589275,0.42629515433132303,0.16187979853720394,2.676253318786621,shoulder press_16.mp4,15
56.87415652499683,23.026169625051853,149.86166182734297,121.04562548339963,6.645195960998535,8.60824721263864,5.444651260729366,0.8472552874535255,0.21273725509561558,3.596883773803711,shoulder press_16.mp4,18
50.81650683740234,16.59193912046804,145.83550819777017,109.85507446200963,6.4552435874938965,6.142060083701844,4.7697869504691965,1.0154385620556903,0.28143730098684056,4.960112571716309,shoulder press_16.mp4,21
44.562082983846686,14.02031311166,135.4453104946924,110.01723892691082,6.472993850708008,4.901754374887334,4.105220048800579,1.042694457986817,0.20718493821317444,6.092640399932861,shoulder press_16.mp4,24
41.7470854404361,11.615318888654405,128.64433337524852,113.03537399534008,6.945943355560303,4.3294325880102,6.0580598888109565,1.1293256715329585,0.12917062462322385,6.892110824584961,shoulder press_16.mp4,27
41.544463533287534,11.701576291386228,131.59786512659818,111.36801091633879,6.503708839416504,5.18421533071448,6.951160120244295,1.120942978676599,0.16652424233174512,7.535131931304932,shoulder press_16.mp4,30
42.499692310429296,11.575033451866368,132.68938145321135,111.09653093275428,6.364951133728027,5.193800319801868,6.974865169027667,1.1437749677919058,0.17714600740563666,6.881806373596191,shoulder press_16.mp4,33
43.8434533461019,14.535013649535056,138.0166141672223,109.95892606032679,6.531991958618164,6.79963931469417,5.425064136085037,1.0040839098689343,0.22629399723173507,6.994909286499023,shoulder press_16.mp4,36
57.45319311773895,22.462109149410345,155.66152498641094,118.2952747559688,6.354612350463867,11.77629291621215,5.766681131432565,0.8757042262408449,0.27278936142910243,5.148639678955078,shoulder press_16.mp4,39
68.31064117015967,28.65170903046535,160.50439042224352,127.57305960427163,5.9582037925720215,7.9503490648170265,6.923190296343005,0.8180274520499127,0.22862831377423554,0.2758372128009796,shoulder press_16.mp4,42
86.3867217991269,99.23453549740842,176.70134704446616,162.45702781294526,7.123531818389893,11.819289893599361,7.722171060555874,0.1384304134709826,0.08399803919044892,0.7414705753326416,shoulder press_16.mp4,45
107.96179626566344,142.9562906090459,152.8595118385465,125.19111747408927,7.220218181610107,9.920377961939678,3.6398185776109595,0.2789316209066765,0.1990169519332202,4.243584632873535,shoulder press_16.mp4,48
112.10576771877975,177.364703467829,147.29267320543457,100.4411746490188,7.386507511138916,6.648665285024682,2.2901515854245504,0.4508849243346809,0.3782405913619167,3.5631394386291504,shoulder press_16.mp4,51
126.84768739117051,167.18010948444737,140.1345150013381,100.73917982397121,8.03994369506836,5.632776628157191,0.8654946993463167,0.2743442798392196,0.32710367320049505,3.9110121726989746,shoulder press_16.mp4,54
146.4146497725833,173.64448494344776,126.14409404950983,93.99641164180089,7.373436450958252,3.519782412061413,4.059318402543088,0.17015502585185607,0.2920651272854586,1.2136095762252808,shoulder press_16.mp4,57
156.8807102624381,171.0224123390735,114.93230190794021,95.9711766187326,7.487223148345947,2.2323751611764546,0.6259070012478372,0.08625536691714449,0.17980855907798235,4.613021373748779,shoulder press_16.mp4,60
162.63957900241002,173.24332040185774,106.99015734118255,97.83250902654498,7.003689765930176,2.009153101712156,3.1434975698307777,0.06313951331404398,0.08942026267929178,4.1280646324157715,shoulder press_16.mp4,63
164.4888826861584,175.7098779572483,105.41484323281686,97.81622020248335,7.114101886749268,0.21140993321454132,4.877761528627473,0.06596729070892553,0.07477816532463877,9.141327857971191,shoulder press_16.mp4,66
164.09605275795172,176.5759450646839,107.35674216538314,94.21051631506062,7.216642379760742,1.6885329313481674,4.934609479330077,0.07326632295284569,0.13044009180288557,7.308855056762695,shoulder press_16.mp4,69
163.07050090128303,174.45737076770783,108.28540841489864,96.71514663021645,7.009514331817627,0.3496801944147815,3.9377891609257047,0.06747217532063103,0.11288029714978952,4.688839912414551,shoulder press_16.mp4,72
162.66622080468298,177.71483830542874,107.18956913494011,96.17902424161066,6.999445915222168,1.3730850088509492,7.1158556680025224,0.08842217918992727,0.10828166444503728,3.589838743209839,shoulder press_16.mp4,75
160.5150559752798,175.948748981918,107.95262926993527,96.28154558688286,6.947512626647949,2.4914693046095815,3.6430509456549185,0.09174058415348141,0.11429119236518206,2.535872459411621,shoulder press_16.mp4,78
158.31837985232826,171.69841745027128,108.42011985177376,100.14012863558582,7.167862415313721,3.4860041370366854,1.8146684380596845,0.08108700955408987,0.07940143221194686,4.637786865234375,shoulder press_16.mp4,81
146.44516569288135,171.53577691224174,125.8786799251179,98.06596978716931,7.236844539642334,0.8865965397228283,3.880149041231303,0.15781204378979757,0.248389145922271,4.740601539611816,shoulder press_16.mp4,84
139.16379077002085,171.1870395498927,127.75822173023269,98.56616334146115,7.6233930587768555,7.068686081083167,2.2149528495448503,0.20636805609227382,0.2579665322366765,3.6359546184539795,shoulder press_16.mp4,87
117.58502910641306,163.82412480353125,143.64194507348438,105.64923838227814,7.428778648376465,6.782876490131506,4.420910175180018,0.3286253844600626,0.30480585927298276,1.2128475904464722,shoulder press_16.mp4,90
111.1052741366773,150.03151406412152,151.79273506393298,118.95515211417381,7.712718486785889,7.81271548588685,2.887663550626862,0.29812911612830467,0.2425694493280203,5.406252384185791,shoulder press_16.mp4,93
100.6626919826707,109.28871677422715,164.5815841718599,153.11356903157218,7.713745594024658,9.41989160459246,5.984422496577908,0.0821716304989838,0.07219509032260445,4.545936107635498,shoulder press_16.mp4,96
88.50847713745732,53.03550367731657,179.12039987635845,151.69369943234133,7.631282806396484,10.041966709088472,4.703967392141111,0.5012289926558036,0.16581337071987273,0.6272772550582886,shoulder press_16.mp4,99
67.20749484356924,31.528310797082685,160.78430128697553,132.63572784750238,6.503125190734863,11.863100568592653,7.015870091213334,0.7227202698145924,0.19186538507616552,0.9580148458480835,shoulder press_16.mp4,102
54.2867686549424,21.626275227371725,144.14259276266299,123.8978968266481,6.539708614349365,9.750996432710282,6.480893226051049,0.8604711853789797,0.15105699864250818,3.261007785797119,shoulder press_16.mp4,105
55.067210045047574,19.33275288249049,146.56096122836902,119.76403008957942,6.9782233238220215,8.786674335815887,6.497758522866899,0.9606041658209078,0.20123482220861844,4.310620307922363,shoulder press_16.mp4,108
50.49731210502054,15.851544758790068,140.31475548505304,117.54397240804448,6.879362106323242,8.250642883190391,6.95973144534659,1.044351598019097,0.17661440636943512,5.677698135375977,shoulder press_16.mp4,111
46.408134515271314,14.223495198129163,135.01166386721417,116.09024038353354,6.899113178253174,7.776451204317784,5.21951857503116,1.0616451996845757,0.15070712856710075,5.568550109863281,shoulder press_16.mp4,114
52.55506602995327,17.551535629083233,142.4905407274411,118.70905318690968,6.671329021453857,8.293655320093144,5.627738033156055,0.9985801500152504,0.18209436840341747,6.308712959289551,shoulder press_16.mp4,117
66.42418352204389,30.49251369090361,159.58632341240548,131.69939463994191,6.334767818450928,12.852008537551761,6.442527698709043,0.7414959622941014,0.19147474142520066,2.665475606918335,shoulder press_16.mp4,120
96.99877192159425,63.05611302618166,164.19025588812832,159.82917516849517,7.290092945098877,15.295310464278844,3.3975861551927893,0.4241377438306578,0.026918636980576865,0.2597625255584717,shoulder press_16.mp4,123
114.99809573711637,150.1631436548295,148.9152507483175,115.80547879032179,7.771817207336426,7.225395235870103,5.208213583472785,0.26523520555532026,0.2501486907783921,3.074686288833618,shoulder press_16.mp4,126
121.42443303139093,172.62498539129126,140.35740917934174,104.37226213312053,8.26513671875,4.796207068984956,2.366741293020245,0.3482445408975572,0.2940807859810071,4.304169178009033,shoulder press_16.mp4,129
137.03823567260582,168.13618191949894,129.90227914748053,100.43809968082383,7.775916576385498,7.876943669447441,1.6624237987979393,0.20380441121023807,0.2558316489408858,2.379337787628174,shoulder press_16.mp4,132
134.27367022504816,170.7051257172968,134.40225141006354,96.2044463753821,7.7956366539001465,7.147969515010573,0.46108042819062217,0.23891139959209395,0.3312809679987727,5.987987518310547,shoulder press_16.mp4,135
159.09540295666827,171.46836414884322,114.00580189152998,94.01807275569101,7.19254207611084,3.178764286292393,1.2816659618059931,0.07485975429500519,0.19216764585060567,3.580423355102539,shoulder press_16.mp4,138
159.88334043548753,173.5870524815034,112.03207324837459,95.22652248299681,7.579193115234375,3.175019494478774,4.690075423346571,0.08218847812031742,0.1621698796720548,5.392205715179443,shoulder press_16.mp4,141
166.64827247744253,175.71613686428967,106.38958708936953,94.76850339931683,7.724853038787842,0.263467186745451,5.942253131094041,0.05297200374467671,0.11554179761620176,7.232253074645996,shoulder press_16.mp4,144
169.59188690152556,174.0139126910939,105.08577053437817,96.06742555734462,7.886862754821777,2.2425094541882324,4.672455881815822,0.025738947333316987,0.08966643485914409,7.551939964294434,shoulder press_16.mp4,147
164.58037677170014,172.38302240852389,107.3975987263518,98.09761931910748,7.34374475479126,0.07348713510744095,3.650405563247174,0.046311532088091946,0.09051285470970907,7.92030668258667,shoulder press_16.mp4,150
165.37278232222147,173.58564615792315,110.11737319022201,93.2188772701476,7.84886360168457,0.5991969904438681,4.392930385783192,0.04845941652802283,0.16621232939837197,4.993335723876953,shoulder press_16.mp4,153
162.6560794164914,170.84519416867016,109.69787267504861,96.80791016483795,7.322199821472168,2.0060414931776926,2.183092578208922,0.04910994590302593,0.12483875592195737,8.122196197509766,shoulder press_16.mp4,156
159.70513661745792,171.28895630409718,116.08560134422456,92.53636443657155,7.2991743087768555,2.0647243414657965,1.6724046972630229,0.06999411732332396,0.22575989847969063,5.860908031463623,shoulder press_16.mp4,159
145.94302880282711,170.42634004442863,129.0610596697646,93.70357675020128,7.929656982421875,2.837344917947515,1.4882921479478624,0.15477674928398105,0.31744251231066867,0.36505794525146484,shoulder press_16.mp4,162
128.6860417757592,177.36708137467514,127.03475331724007,104.18636216243146,7.530062675476074,8.572341944904696,3.619255302174939,0.31812150190009814,0.1976323927631721,4.962082862854004,shoulder press_16.mp4,165
112.79888605436412,147.71419514223808,145.8345899283617,121.77620607592678,6.869540214538574,10.510600521560896,4.353115070313423,0.2680503330389334,0.17980129510208095,4.9307379722595215,shoulder press_16.mp4,168
92.67731361614071,55.40968360764355,169.2267259330537,148.1890213624809,6.92181396484375,10.281435532125013,2.7718974947388135,0.5033207601904376,0.13255614915025205,4.340946197509766,shoulder press_16.mp4,171
69.4494560190294,31.738724895516484,168.53042019888346,126.16388417608073,6.813004970550537,10.9938828735587,6.706609340076491,0.745358416026075,0.28752870614625964,4.220701694488525,shoulder press_16.mp4,174
54.96300274801371,21.514322109232566,148.93821064456282,119.1291837392972,6.91843843460083,9.73546352578238,5.590627600547705,0.8747345883558807,0.22239949751278199,4.080549716949463,shoulder press_16.mp4,177
48.24016004809838,18.551954964660688,141.46936518595288,118.0414912262142,6.114432334899902,8.736697908143007,7.900188827114937,0.8889733489579259,0.18055409537494993,5.75498628616333,shoulder press_16.mp4,180
45.27662032443859,14.532169410914527,138.1307702442572,110.90404144969796,6.09025764465332,5.53528672706531,6.7302846581688565,1.0280913908997207,0.2186580149928503,7.373666286468506,shoulder press_16.mp4,183
44.620821614482594,15.06546852959688,134.2480154054785,114.03802393347223,6.407792568206787,4.201343767612561,7.248862430720978,0.9903565128119269,0.16279603578046004,7.639183521270752,shoulder press_16.mp4,186
41.23139092923731,12.702279559265806,128.51581363360717,113.8315170093706,6.646320343017578,3.0501060809211675,7.96695966420998,1.0579332395355132,0.12118389408521474,6.677673816680908,shoulder press_16.mp4,189
45.53694323067049,13.845577236179897,139.28078094703216,108.09382549706912,6.207641124725342,5.771530402494258,4.666892035773916,1.0673634512425902,0.2521435477817347,6.445333003997803,shoulder press_16.mp4,192
56.80972307599117,24.15266276332664,155.89238056479255,121.50228193762504,5.718404769897461,13.957826271705887,7.225728971508351,0.8067217875095095,0.24795068742079912,3.697972297668457,shoulder press_16.mp4,195
104.94276498083576,112.31672950776886,156.27861429917598,155.1047669642766,7.011662483215332,10.042872819331876,2.832815192279108,0.06788163200223098,0.007539563159321167,3.123695135116577,shoulder press_16.mp4,198
116.66411851140117,178.0532797869872,143.54121327271355,100.9472820601523,7.667119026184082,5.658543913389377,3.3504063019196204,0.4165967915706978,0.34843301035143204,4.358315944671631,shoulder press_16.mp4,201
144.24558124259147,169.67575612952535,119.03479945545698,103.04799433954054,7.61904239654541,4.035835740828058,1.0202710206531116,0.1620162241905169,0.14397157783122727,6.945314884185791,shoulder press_16.mp4,204
158.7350859047835,170.0874552295967,108.08360439442941,97.4858598820303,7.008647441864014,5.992211735925865,0.1805578743799277,0.06904860771192593,0.10310621326664314,3.6163675785064697,shoulder press_16.mp4,207
164.1936783146316,177.03759888929258,100.87448734523201,101.14372113983573,6.623696804046631,1.4861305177738646,6.663478404043908,0.07527985523428612,0.0026654408691444446,8.220891952514648,shoulder press_16.mp4,210
171.2880092921495,179.41249187449435,99.75217713837637,97.56134125821012,7.108802795410156,3.0551572851980806,11.419888701419882,0.04633288264669065,0.022206647552275856,8.492249488830566,shoulder press_16.mp4,213
173.80530013797568,178.802860523753,98.24706953995052,99.31641751157223,6.97509765625,6.195363736999977,10.20233143794011,0.028346254813833887,0.010825360369781625,9.48204517364502,shoulder press_16.mp4,216
172.3598179138048,177.17644779202948,100.09632583905145,98.63841048401274,7.046774864196777,4.514121952003594,8.035499281974856,0.02756011522008025,0.014671973123699052,8.82699966430664,shoulder press_16.mp4,219
170.5705160169188,177.0139700469365,99.06675790363886,99.87318031647882,6.871700286865234,3.120292723836187,6.765051488989485,0.037075613488882636,0.008107194764961634,10.053547859191895,shoulder press_16.mp4,222
170.20824653723406,178.9411213887422,98.12931532311073,100.53434102535913,6.939890384674072,2.3179762688348773,10.115287489431369,0.050023718521292664,0.024212035018924775,10.815752983093262,shoulder press_16.mp4,225
159.11520496310834,176.83881676857695,106.70986410777161,98.764088741304,6.961060523986816,3.2886257283380753,5.7076468185476,0.10551212760669872,0.07734095009408742,13.368237495422363,shoulder press_16.mp4,228
160.49766847831214,175.8660141260361,108.35952906994096,96.23376676156744,6.730210304260254,4.105875586937313,5.8555110966173025,0.0913793399378444,0.11853528493289071,5.709164619445801,shoulder press_16.mp4,231
157.0096707963373,172.0369590898029,116.17652204472559,93.303100967166,7.131460666656494,3.8383347367942635,2.2858295552515693,0.09133835103350238,0.21838325607699915,4.934958457946777,shoulder press_16.mp4,234
142.07741688473698,170.39869995631068,126.98804207473951,99.2493270358566,8.056714057922363,3.1708372649240992,1.296712915615029,0.18127006542378632,0.24521780064833454,5.657349109649658,shoulder press_16.mp4,237
129.04985833349463,166.59871758949905,137.40068200026718,101.28665657860161,7.858558177947998,4.8519111984261984,2.4885141448163566,0.2540100803041555,0.3026052880449083,2.7124862670898438,shoulder press_16.mp4,240
121.56320814622947,169.6493595585878,137.91637467530083,104.92286244790462,7.430610179901123,5.792869029538153,1.247322427948704,0.33024777598953114,0.2717313117785559,7.186115264892578,shoulder press_16.mp4,243
92.36822381042789,68.0172984123628,169.5251044148004,162.38484103771376,7.045219898223877,12.935186748971619,3.2822508828457515,0.3036549067594685,0.04302530535716171,3.1392247676849365,shoulder press_16.mp4,246
74.19202132421881,32.48410937296903,170.3668313887109,128.43641560848607,6.771484375,11.015201223273019,4.691925960071188,0.7819539699962004,0.2806556903353742,3.227865695953369,shoulder press_16.mp4,249
56.80014886235415,20.50428678201461,151.22766975518462,117.45611079445969,6.769608020782471,11.904911213451307,2.85296088206558,0.9390369848197322,0.2513851702669861,3.5938827991485596,shoulder press_16.mp4,252
45.64730166666404,12.84976128917782,140.25635333757128,107.33000738485467,6.834658622741699,9.3799612028216,2.5278056619936558,1.1213397295602467,0.26597867391920677,5.880061626434326,shoulder press_16.mp4,255
47.213270782587074,9.449557289152285,137.87640043783327,105.16850799080974,7.501591205596924,5.412893509838263,3.224200755513848,1.3329272391989726,0.26915101952548354,9.764423370361328,shoulder press_16.mp4,258
45.12850016355851,10.751694048041752,135.87139739447736,107.45832878951923,7.231369495391846,5.4098373277525695,4.2698527177494565,1.2303753270914872,0.23353553263338864,6.608441352844238,shoulder press_16.mp4,261
42.80711389985921,10.10477981259003,132.62388227216198,107.68706891745578,7.273107051849365,5.798648403480023,3.812882199938699,1.2361052229576464,0.207537885654073,8.108224868774414,shoulder press_16.mp4,264
45.77420178072627,11.670451537472093,134.4584585258313,110.98112743562318,7.241775989532471,6.468146889106258,4.106836433200416,1.1873602945898596,0.19130843134566863,8.879698753356934,shoulder press_16.mp4,267
51.94854193163759,11.16387278785229,145.5409544858454,105.18247793649984,7.09077787399292,7.240244445209537,2.6818388120281305,1.2924452130395352,0.32193621600841393,7.199500560760498,shoulder press_16.mp4,270
59.401752817721324,24.299830995265392,150.22188395608563,125.31407280107273,7.110030651092529,10.230585409914836,5.881076271617196,0.838739728053024,0.18079535932920165,5.266319274902344,shoulder press_16.mp4,273
77.2987913912425,33.429003789145824,171.80412854103076,131.05453108205745,7.0012664794921875,11.117971493242274,4.855869998559466,0.7923897975323675,0.2690997675924918,3.4847888946533203,shoulder press_16.mp4,276
115.09911436175682,159.10159633862602,150.03504199140386,103.16373012834346,8.013399124145508,10.787072715184365,3.1631519196443145,0.32095089662222215,0.37023332673108833,3.6103997230529785,shoulder press_16.mp4,279
107.77656482888943,168.4872037861871,153.06040778848313,100.28322796230746,7.929352283477783,10.972072266785048,1.9205545392419199,0.43951213191395316,0.41664500211161093,3.001847982406616,shoulder press_16.mp4,282
126.85852366618805,165.195551070974,135.0506315414267,101.98564345279908,8.168110847473145,11.904556239407885,1.668719524451447,0.26253376152541524,0.27898673390334944,1.2179863452911377,shoulder press_16.mp4,285
160.84257645799076,168.9771982654659,108.97711583197392,97.24328482963448,8.332301139831543,3.437559055641026,1.5976253289075562,0.04932767790709789,0.11379893516542765,0.2547028362751007,shoulder press_16.mp4,288
157.9277933616334,173.82368337158084,114.67265746729683,93.16429345934604,8.031081199645996,3.5148309346097095,3.324406549760324,0.0958301085286833,0.2069734367450596,2.1189000606536865,shoulder press_16.mp4,291
166.82551512539303,173.5766041057028,104.34844120053394,98.91976405942292,7.5060505867004395,1.2748789864857346,4.235108335529279,0.039665375735963244,0.05341393292835311,6.999142646789551,shoulder press_16.mp4,294
155.00850635327598,175.92556412731918,112.83476356280237,92.46990539126134,7.645203590393066,9.747316295010588,5.592317777830803,0.126412235184287,0.19838670279921988,8.625787734985352,shoulder press_16.mp4,297
159.57152440294942,178.22535273884114,109.85074826003209,93.52396955639239,7.743320941925049,6.175337894946389,8.675913571035402,0.11044405438989156,0.16055858740885398,10.582446098327637,shoulder press_16.mp4,300
170.62249926825234,177.32914215885623,108.53279645779436,90.45602954512123,8.037596702575684,2.3253752646427737,8.04415369126539,0.038549281521402703,0.18168625119089127,7.626426696777344,shoulder press_16.mp4,303
167.27509565967716,177.18352806385016,109.48628508517619,90.69768920923373,8.142550468444824,0.6491725068471932,8.021081054901698,0.05753046503562528,0.1877132866620995,6.530152320861816,shoulder press_16.mp4,306
156.95729971061022,176.57583070684677,113.32091047745638,93.25734655171097,7.512025833129883,5.8970162993426385,7.314224073126594,0.11764067318698805,0.19424661834485887,5.817052364349365,shoulder press_16.mp4,309
29.827835719907743,36.76810282683899,134.24055471961037,92.81609946833925,5.73643159866333,0.0638159011541233,13.21613772063809,0.20842914022630846,0.3648821075023981,10.203038215637207,shoulder press_17.mp4,0
32.21554134996946,38.04183073581493,133.82583771644107,93.49910174567188,6.329520225524902,2.5829744609124305,14.779152841772303,0.16585560241938907,0.35479376848126454,10.209320068359375,shoulder press_17.mp4,3
29.31049760534437,40.55379669944677,128.36645147417448,98.51104925521449,5.926842212677002,0.45986737998049704,19.60229532758448,0.3218610938815812,0.2631852177759169,9.014718055725098,shoulder press_17.mp4,6
30.230537586125468,37.13220144125897,131.48583570678468,94.53161581178108,6.228066921234131,1.1291079937300679,18.433907182360084,0.20491042836983883,0.32700324374702605,10.087959289550781,shoulder press_17.mp4,9
34.58594636808206,39.234634046105754,132.5134119185693,101.43628674210221,6.23584508895874,0.5799419983926424,17.569387297571453,0.12594557376658733,0.26567356448312746,9.885668754577637,shoulder press_17.mp4,12
38.058414443553616,41.04323683047525,140.0723791425944,108.11894966768558,6.054224491119385,0.27372795430634517,10.554114593641247,0.07546801713611333,0.25749029692600056,8.351685523986816,shoulder press_17.mp4,15
43.34062193637901,49.07100966628275,149.96106173398994,122.96292486823799,6.289055824279785,7.419277067816766,6.332360802862395,0.12401875457718216,0.19784363552552292,10.331558227539062,shoulder press_17.mp4,18
63.98713529919022,78.60090193866647,171.25009996363136,163.1643889826469,6.034533977508545,14.87942904002766,0.28331907134184825,0.2049788596935162,0.04835742019708591,7.68032693862915,shoulder press_17.mp4,21
109.41740164931511,113.15185137159881,139.28442990731597,159.63022294645333,5.944756984710693,16.14473646760135,4.252712966597682,0.03355764259075613,0.13613111866476907,5.0271315574646,shoulder press_17.mp4,24
127.96668677490258,121.04868284964576,124.1915017580175,150.9798054618877,6.017902851104736,9.172872380890494,6.755755993438772,0.055562866948232245,0.1947027397188773,3.2177011966705322,shoulder press_17.mp4,27
145.136491707479,138.1971109984138,110.82974642447249,138.07349443877135,6.109038352966309,4.977835121218104,2.846619211001665,0.04898381725847359,0.21891035182838403,4.085575103759766,shoulder press_17.mp4,30
157.28598822324093,156.65640005833177,97.3678516369561,126.67916926955786,5.824888229370117,3.3761470206108566,1.2676725166213443,0.004010851598316136,0.2616532682648989,1.637738585472107,shoulder press_17.mp4,33
165.7981202004156,158.62066113818398,90.90626718147847,116.31757010953851,5.6723952293396,7.583182807800314,2.7122297137152405,0.044248110621810374,0.2452546315159043,5.7071003913879395,shoulder press_17.mp4,36
171.82932067978328,167.1977442686275,88.37389253073216,111.19765378739595,5.668841361999512,3.9684371205443862,2.36659734905161,0.027322753195887513,0.2287276084966686,4.427659034729004,shoulder press_17.mp4,39
170.9351186117673,168.443686534401,84.5361360984856,115.20820885388041,6.30817985534668,6.26542355501545,4.824459310625716,0.014682308026237927,0.3071133028843377,6.70360803604126,shoulder press_17.mp4,42
172.44830450478182,169.80132494840169,87.60328952673544,109.81466546455191,5.609154224395752,4.018685656638813,3.3631747182927785,0.015468122262742802,0.22501880276084035,4.404279708862305,shoulder press_17.mp4,45
171.24992036739135,167.79099255096784,87.96994316196194,112.02741842414714,5.762808322906494,4.492216432052127,3.150227143543066,0.02040419126205231,0.2405779263425656,3.9504895210266113,shoulder press_17.mp4,48
172.12174073014276,168.85157145897043,87.21395854107502,111.01319339287146,5.8580851554870605,4.293424793795933,3.2011482895217087,0.019181379622805257,0.24012083732834802,4.550272464752197,shoulder press_17.mp4,51
172.96402198929846,166.77499458803362,88.48513974120398,109.03844291652585,5.642518520355225,4.1134094331026825,0.5799024248693094,0.03643401022123156,0.20810986616151825,4.923897743225098,shoulder press_17.mp4,54
171.77531200490017,165.33991558828885,83.87532277811634,116.9095037789019,5.213974952697754,3.0059036640375303,0.2764460363659034,0.03817920930215105,0.32905057187082426,2.9216976165771484,shoulder press_17.mp4,57
174.4390854157295,168.65434165342393,86.0107561102417,112.29367552620775,5.750422477722168,1.744949971031612,3.1696716669287714,0.03372109930359932,0.2650764705465624,3.7414746284484863,shoulder press_17.mp4,60
172.63971255049168,161.94929190829117,85.72968089860802,118.20585825452436,6.279834270477295,3.2567820590560044,1.4916429569466838,0.06390180489937429,0.31849453499647673,4.761893272399902,shoulder press_17.mp4,63
164.4232512109501,160.33005330640916,92.13406285163434,119.0286418647623,5.453342437744141,4.348620381067898,0.038997913889909815,0.025208044676399265,0.25472849525439534,3.314120292663574,shoulder press_17.mp4,66
159.17053112044846,146.42997569621613,94.39689522226426,135.17342969112707,6.250217437744141,5.798900900079176,0.7800679330325597,0.08338046004534685,0.3552422072342872,3.2427501678466797,shoulder press_17.mp4,69
144.38424470865502,132.82753000242838,113.83340053074706,141.61936046029922,6.512326240539551,4.842135820040881,2.7951478351369974,0.08337823830370351,0.21754284292528023,5.1598052978515625,shoulder press_17.mp4,72
125.88659574212666,122.48229204277038,124.60400723083526,147.89668753183784,6.297032833099365,10.733650004628995,7.846531098677081,0.027413286178618445,0.1709550158856563,3.212655782699585,shoulder press_17.mp4,75
99.90000553955859,112.02320213647815,144.59861993048864,158.0893242836148,6.297823429107666,21.251867046659218,6.2715317902190275,0.11441122215790611,0.08913935695822511,4.154903888702393,shoulder press_17.mp4,78
73.81874810565115,85.4004554231695,176.0159160803481,170.97556858269414,6.3611531257629395,14.00588642288472,3.1344160242930554,0.14548128694064114,0.029051707148079173,2.7105939388275146,shoulder press_17.mp4,81
52.25883446119722,71.36252777012099,159.7279521981293,154.128354912752,6.512296199798584,14.812010511452396,3.6062414203356026,0.30906783365123036,0.03568255382166988,8.542236328125,shoulder press_17.mp4,84
51.80653226531491,50.077529304805005,152.1585387623942,126.18458900611395,6.151045799255371,4.273469872859686,8.513254895716704,0.03394059745684454,0.18663259240143482,6.789584636688232,shoulder press_17.mp4,87
42.202525341686545,41.82644603101467,141.23238332601974,116.5662077520123,6.028463363647461,2.41768426912892,8.610350951802328,0.008951182063239076,0.1913600494933763,6.625659942626953,shoulder press_17.mp4,90
40.317480767267256,42.7098990271735,137.76844380034748,104.44291672864344,6.276335716247559,3.5379590053216874,15.24139078134745,0.057629622079593365,0.2751772418842858,6.927721977233887,shoulder press_17.mp4,93
36.29331867688529,44.91964162791825,140.55441753248917,106.33070179742177,6.49494743347168,2.405308198252553,15.572616654862408,0.21243710163149257,0.27724405446514155,8.134880065917969,shoulder press_17.mp4,96
33.631765795275314,42.25665543662872,136.16634874323634,100.91011427928937,6.8590216636657715,0.009308572759050313,15.590251893888023,0.22730449524037377,0.2974250080708949,8.33193588256836,shoulder press_17.mp4,99
29.843568719518178,43.73527226499984,138.0932371566157,101.02770562931326,6.909506797790527,4.382810302149697,16.976480930176063,0.3776004992632234,0.310014932991336,8.893994331359863,shoulder press_17.mp4,102
36.469589620202115,43.63566230045029,136.28918574395243,103.15989672995225,6.530116081237793,1.661192285703308,16.43186293089903,0.1789164257880737,0.27671259936951836,7.837804794311523,shoulder press_17.mp4,105
37.05152612639133,42.43460915517656,133.0640398859462,102.99949554303836,6.587223052978516,3.934781040901968,18.075808993459738,0.135447094256538,0.2547157000616234,7.5521345138549805,shoulder press_17.mp4,108
29.133999171608664,42.54365753981217,132.13429389846002,110.02522267332803,6.946135520935059,5.42594715772676,13.973668016166016,0.3741656461285199,0.18259923490207136,9.101901054382324,shoulder press_17.mp4,111
32.17008111986329,40.64686477070131,132.4168461206818,105.07116150411687,6.049661636352539,1.4994469963568755,16.97490129788828,0.23282447642277232,0.2302910777690105,6.80584192276001,shoulder press_17.mp4,114
34.140797817606106,44.79280965276854,136.27158475831655,104.79647072203117,6.839407920837402,1.4308442715279361,16.372524626372115,0.26989801116489814,0.2611305257643419,8.102962493896484,shoulder press_17.mp4,117
41.154942759662156,44.67686677776252,135.4110477616272,114.89616613507987,6.505075454711914,2.2513374720702157,13.094217093968325,0.08206570587480677,0.1639176219268942,7.988986492156982,shoulder press_17.mp4,120
50.93730857781041,56.87450314238736,156.03493191912835,137.3892855781536,6.328580856323242,11.10067730433931,5.640552852714484,0.11013996462624434,0.12709003026410037,9.475983619689941,shoulder press_17.mp4,123
81.01909983985458,93.26344446842486,169.64924551474684,176.1517767001486,6.084558010101318,14.599105131038238,7.6324029617139955,0.14051142846425166,0.03760851338004896,2.4812145233154297,shoulder press_17.mp4,126
124.85617789419352,124.00998536346785,126.95049116635764,144.23879617388278,6.251595497131348,13.381325891398594,6.944431257555589,0.0068003823392381035,0.12749991105537165,4.526604175567627,shoulder press_17.mp4,129
150.67239457505192,144.55808112465465,105.02767811668114,135.29710005802644,6.32570219039917,2.727628761319038,1.9960121917570075,0.04142061171636254,0.2519042952727954,3.8344736099243164,shoulder press_17.mp4,132
167.57761510093846,157.60590204367335,90.465094619604,119.36491169125014,6.605068683624268,6.0578492983059515,0.6326764223772597,0.061329757085016104,0.2754593356760644,7.8748908042907715,shoulder press_17.mp4,135
170.69322915634535,164.5298514190351,90.54557926297336,114.0894340423544,6.366210460662842,4.060486402924514,3.8696453343477293,0.03677179821109785,0.2301058298782153,5.8058319091796875,shoulder press_17.mp4,138
170.40246814003498,170.3227882280986,83.33463223924772,114.6835191068296,6.075007915496826,6.678406403509056,5.517245492368766,0.00046770769379239483,0.31662639666596293,5.846459865570068,shoulder press_17.mp4,141
170.5262194913134,170.05566490012976,85.37124707854449,112.63376764726303,6.236105442047119,7.341324822027127,5.474283261750817,0.002763239107825424,0.2753720213245206,6.6578569412231445,shoulder press_17.mp4,144
166.7741586630487,168.4740700624776,84.49454406337652,115.29472804005509,6.033620357513428,10.397496354775928,4.6020752316428695,0.010141210325801071,0.30832670495674264,5.530106067657471,shoulder press_17.mp4,147
171.41899063219597,163.61040831478476,86.6999546376562,115.03627045182247,6.161970138549805,4.002254518609453,0.3828105836086179,0.04661431111391473,0.2809244180275297,4.283761501312256,shoulder press_17.mp4,150
170.7901935738181,161.01016315253247,87.5589641515673,122.98461828772359,6.067458152770996,0.5926124401351249,3.3080659537238417,0.058951295398103655,0.33651611439043594,3.624072551727295,shoulder press_17.mp4,153
156.71069690358493,142.67595729812814,101.3296888874678,133.29668883621886,6.265672206878662,3.5391287391944517,3.235050204839095,0.09375661478885311,0.2724928054457523,5.342927932739258,shoulder press_17.mp4,156
134.8006866052653,128.65747397386832,116.83869431785948,143.18814808764216,6.458377838134766,10.663620014711617,4.469316172046877,0.0466352047542803,0.2026671825571896,4.652904510498047,shoulder press_17.mp4,159
99.01676898885171,107.91577581165099,147.5014335747041,162.68011868856843,6.27846097946167,17.416221206975166,7.249084125619845,0.08600876997263567,0.09786968311372131,4.495467185974121,shoulder press_17.mp4,162
69.48642677547349,86.70186876874735,178.20572179717215,170.7961059856069,6.518146991729736,16.385395800393823,2.50769117757825,0.22044471300859714,0.042461759347444006,5.500813007354736,shoulder press_17.mp4,165
48.80739494619267,64.26417189569476,159.2724382212922,141.39344389679238,6.7866621017456055,12.503164959224518,3.753501441439596,0.2733981208753554,0.11892931914022725,8.404624938964844,shoulder press_17.mp4,168
55.72541303122468,50.260616381507205,149.9941725807471,125.18380900433473,6.341297149658203,4.020449462758845,5.991099373223342,0.10312296214883965,0.18032230219510698,8.144166946411133,shoulder press_17.mp4,171
37.57280879230143,45.39877421996664,142.14899947001786,106.92878811870057,6.681763172149658,2.6063553939221276,15.645115504402833,0.18864206620013682,0.28280491562317484,6.386482238769531,shoulder press_17.mp4,174
37.966575651184606,46.0043700798504,135.5684164005368,113.3950735048479,6.982911586761475,1.03663999225704,13.647325091203266,0.19144227467465788,0.17812525767626072,8.908172607421875,shoulder press_17.mp4,177
36.96309018801314,48.61889134922207,140.55921243756808,109.03275299558179,6.956111907958984,1.2491810255897033,16.075266714126712,0.2723891396727638,0.25262399282183834,7.052884578704834,shoulder press_17.mp4,180
34.63588606607284,48.16069235694109,139.6937630355602,103.48979819023154,7.3480682373046875,2.525898991402878,19.745779685816753,0.32669964262940915,0.297750100071229,9.168660163879395,shoulder press_17.mp4,183
32.23888380394885,45.13195037655181,135.5198543099771,104.6355489887755,7.719159126281738,1.360242893378694,17.407803235801946,0.3332797612734626,0.25720266874679987,9.343707084655762,shoulder press_17.mp4,186
36.618967543665086,48.093108222642364,132.88328418073507,105.0027488333244,6.754490375518799,4.698439196715806,20.204008225948098,0.27089740335558843,0.23440245729569908,8.851825714111328,shoulder press_17.mp4,189
41.242529787375766,49.6684814706682,139.51657676706924,113.89622764043514,6.909148693084717,3.004438380521711,14.437958385699067,0.1853670213694139,0.2022024829134908,8.882286071777344,shoulder press_17.mp4,192
37.85412270926109,49.810497799826564,141.78415990806903,112.41051476301924,6.974852561950684,2.5154987439038674,16.14376384725014,0.27277538010504543,0.2311114124090713,7.801965713500977,shoulder press_17.mp4,195
42.48149112262066,48.90379987377598,145.56790703307004,103.91174990318068,6.948500633239746,0.583165976098418,17.84287869431114,0.1405545396010952,0.3339443194803953,6.569255828857422,shoulder press_17.mp4,198
45.04689241141971,45.74773181852045,145.85121943735308,117.69323513010372,7.4353179931640625,2.027690643123787,10.411433319985647,0.015437905339546098,0.2136867903630433,6.800732135772705,shoulder press_17.mp4,201
63.19105770308443,71.70562295942386,177.36381230536205,155.49417181061352,7.002871990203857,18.4117649090173,3.048173874674204,0.12623832127703163,0.131405233092613,7.351449966430664,shoulder press_17.mp4,204
111.06770049160176,114.27417487205041,136.41052560443788,154.0844366359662,6.365525722503662,16.14872744458031,7.384819783669769,0.028458752952811018,0.12168135994662772,4.232980251312256,shoulder press_17.mp4,207
143.4419074171353,133.55248266588904,112.31512367121874,145.4606772711069,6.672912120819092,3.0613786582388474,1.9966371379568695,0.07140523494560354,0.2571657500721264,6.884281158447266,shoulder press_17.mp4,210
163.01572393934447,160.82741974619006,92.18633985270368,120.47365502327104,6.211852550506592,3.351357659207644,0.13947089823239905,0.01351459331977919,0.2660332535704685,3.04990291595459,shoulder press_17.mp4,213
171.4873071951858,161.91089953612817,84.5473744787288,122.34546946754367,6.75285005569458,0.528361691899031,0.8007241767356399,0.05744726555638172,0.36538813298569733,1.6196383237838745,shoulder press_17.mp4,216
173.3856507104118,165.23135876424894,82.96058222478051,116.52034470593995,6.463124752044678,2.5069892542393384,0.6027602486860563,0.04816232922742799,0.33647088969879024,4.327539920806885,shoulder press_17.mp4,219
173.47550039933927,165.0907029025685,87.01593249103182,113.3534959610231,6.218156814575195,1.4115723198585164,0.18293641665012464,0.04953121377737661,0.2628900393983349,2.817683696746826,shoulder press_17.mp4,222
172.77148269098885,164.0521434327638,81.77039274708,118.94977981523927,6.276728630065918,2.055341572342498,0.634163763333683,0.05177391715996463,0.37045989542098345,3.421875238418579,shoulder press_17.mp4,225
167.0737288829803,163.5390784138925,88.0235260890437,123.3693527993346,6.1393585205078125,1.4110064826263784,3.576204431035452,0.02138241708170657,0.33440886841750755,3.1893396377563477,shoulder press_17.mp4,228
153.74138645893433,143.2502038455586,103.18648098699873,137.11851830447875,6.873845100402832,1.1678619104206385,1.8193840726316906,0.07064969484569968,0.28240808487152796,3.9712865352630615,shoulder press_17.mp4,231
130.32190979632196,126.05258888778292,122.11279356069343,146.89442937251516,6.859382629394531,9.95616648870817,4.50644789864655,0.03330534768826241,0.18424513320948802,5.602910041809082,shoulder press_17.mp4,234
98.71131408960777,112.75945151181688,150.42946512862915,160.74863875161938,7.12234354019165,14.96929203821344,4.902500013814781,0.13286127169640766,0.06632326307227188,6.081793785095215,shoulder press_17.mp4,237
74.65808648557577,95.17274096001262,174.636151199721,179.60287148237083,6.2153754234313965,15.546552954526241,3.178131898539869,0.24158928956534093,0.028041632709150447,3.1875014305114746,shoulder press_17.mp4,240
54.179656924089024,74.60426607547625,159.66960272094605,160.1545720287128,6.723075866699219,12.871591216946495,0.2697114573793946,0.31719190836353334,0.0030327245158773184,7.163223743438721,shoulder press_17.mp4,243
44.49711960841099,45.786372156298626,156.50212449476237,122.68131942073896,6.143540382385254,13.797308881140534,2.6486487318293115,0.028560094934023884,0.24228374433449382,8.23220157623291,shoulder press_17.mp4,246
29.827835719907743,36.76810282683899,134.24055471961037,92.81609946833925,5.73643159866333,0.0638159011541233,13.21613772063809,0.20842914022630846,0.3648821075023981,10.203038215637207,shoulder press_17.mp4,0
32.21554134996946,38.04183073581493,133.82583771644107,93.49910174567188,6.329520225524902,2.5829744609124305,14.779152841772303,0.16585560241938907,0.35479376848126454,10.209320068359375,shoulder press_17.mp4,3
29.31049760534437,40.55379669944677,128.36645147417448,98.51104925521449,5.926842212677002,0.45986737998049704,19.60229532758448,0.3218610938815812,0.2631852177759169,9.014718055725098,shoulder press_17.mp4,6
30.230537586125468,37.13220144125897,131.48583570678468,94.53161581178108,6.228066921234131,1.1291079937300679,18.433907182360084,0.20491042836983883,0.32700324374702605,10.087959289550781,shoulder press_17.mp4,9
34.58594636808206,39.234634046105754,132.5134119185693,101.43628674210221,6.23584508895874,0.5799419983926424,17.569387297571453,0.12594557376658733,0.26567356448312746,9.885668754577637,shoulder press_17.mp4,12
38.058414443553616,41.04323683047525,140.0723791425944,108.11894966768558,6.054224491119385,0.27372795430634517,10.554114593641247,0.07546801713611333,0.25749029692600056,8.351685523986816,shoulder press_17.mp4,15
43.34062193637901,49.07100966628275,149.96106173398994,122.96292486823799,6.289055824279785,7.419277067816766,6.332360802862395,0.12401875457718216,0.19784363552552292,10.331558227539062,shoulder press_17.mp4,18
63.98713529919022,78.60090193866647,171.25009996363136,163.1643889826469,6.034533977508545,14.87942904002766,0.28331907134184825,0.2049788596935162,0.04835742019708591,7.68032693862915,shoulder press_17.mp4,21
109.41740164931511,113.15185137159881,139.28442990731597,159.63022294645333,5.944756984710693,16.14473646760135,4.252712966597682,0.03355764259075613,0.13613111866476907,5.0271315574646,shoulder press_17.mp4,24
127.96668677490258,121.04868284964576,124.1915017580175,150.9798054618877,6.017902851104736,9.172872380890494,6.755755993438772,0.055562866948232245,0.1947027397188773,3.2177011966705322,shoulder press_17.mp4,27
145.136491707479,138.1971109984138,110.82974642447249,138.07349443877135,6.109038352966309,4.977835121218104,2.846619211001665,0.04898381725847359,0.21891035182838403,4.085575103759766,shoulder press_17.mp4,30
157.28598822324093,156.65640005833177,97.3678516369561,126.67916926955786,5.824888229370117,3.3761470206108566,1.2676725166213443,0.004010851598316136,0.2616532682648989,1.637738585472107,shoulder press_17.mp4,33
165.7981202004156,158.62066113818398,90.90626718147847,116.31757010953851,5.6723952293396,7.583182807800314,2.7122297137152405,0.044248110621810374,0.2452546315159043,5.7071003913879395,shoulder press_17.mp4,36
171.82932067978328,167.1977442686275,88.37389253073216,111.19765378739595,5.668841361999512,3.9684371205443862,2.36659734905161,0.027322753195887513,0.2287276084966686,4.427659034729004,shoulder press_17.mp4,39
170.9351186117673,168.443686534401,84.5361360984856,115.20820885388041,6.30817985534668,6.26542355501545,4.824459310625716,0.014682308026237927,0.3071133028843377,6.70360803604126,shoulder press_17.mp4,42
172.44830450478182,169.80132494840169,87.60328952673544,109.81466546455191,5.609154224395752,4.018685656638813,3.3631747182927785,0.015468122262742802,0.22501880276084035,4.404279708862305,shoulder press_17.mp4,45
171.24992036739135,167.79099255096784,87.96994316196194,112.02741842414714,5.762808322906494,4.492216432052127,3.150227143543066,0.02040419126205231,0.2405779263425656,3.9504895210266113,shoulder press_17.mp4,48
172.12174073014276,168.85157145897043,87.21395854107502,111.01319339287146,5.8580851554870605,4.293424793795933,3.2011482895217087,0.019181379622805257,0.24012083732834802,4.550272464752197,shoulder press_17.mp4,51
172.96402198929846,166.77499458803362,88.48513974120398,109.03844291652585,5.642518520355225,4.1134094331026825,0.5799024248693094,0.03643401022123156,0.20810986616151825,4.923897743225098,shoulder press_17.mp4,54
171.77531200490017,165.33991558828885,83.87532277811634,116.9095037789019,5.213974952697754,3.0059036640375303,0.2764460363659034,0.03817920930215105,0.32905057187082426,2.9216976165771484,shoulder press_17.mp4,57
174.4390854157295,168.65434165342393,86.0107561102417,112.29367552620775,5.750422477722168,1.744949971031612,3.1696716669287714,0.03372109930359932,0.2650764705465624,3.7414746284484863,shoulder press_17.mp4,60
172.63971255049168,161.94929190829117,85.72968089860802,118.20585825452436,6.279834270477295,3.2567820590560044,1.4916429569466838,0.06390180489937429,0.31849453499647673,4.761893272399902,shoulder press_17.mp4,63
164.4232512109501,160.33005330640916,92.13406285163434,119.0286418647623,5.453342437744141,4.348620381067898,0.038997913889909815,0.025208044676399265,0.25472849525439534,3.314120292663574,shoulder press_17.mp4,66
159.17053112044846,146.42997569621613,94.39689522226426,135.17342969112707,6.250217437744141,5.798900900079176,0.7800679330325597,0.08338046004534685,0.3552422072342872,3.2427501678466797,shoulder press_17.mp4,69
144.38424470865502,132.82753000242838,113.83340053074706,141.61936046029922,6.512326240539551,4.842135820040881,2.7951478351369974,0.08337823830370351,0.21754284292528023,5.1598052978515625,shoulder press_17.mp4,72
125.88659574212666,122.48229204277038,124.60400723083526,147.89668753183784,6.297032833099365,10.733650004628995,7.846531098677081,0.027413286178618445,0.1709550158856563,3.212655782699585,shoulder press_17.mp4,75
99.90000553955859,112.02320213647815,144.59861993048864,158.0893242836148,6.297823429107666,21.251867046659218,6.2715317902190275,0.11441122215790611,0.08913935695822511,4.154903888702393,shoulder press_17.mp4,78
73.81874810565115,85.4004554231695,176.0159160803481,170.97556858269414,6.3611531257629395,14.00588642288472,3.1344160242930554,0.14548128694064114,0.029051707148079173,2.7105939388275146,shoulder press_17.mp4,81
52.25883446119722,71.36252777012099,159.7279521981293,154.128354912752,6.512296199798584,14.812010511452396,3.6062414203356026,0.30906783365123036,0.03568255382166988,8.542236328125,shoulder press_17.mp4,84
51.80653226531491,50.077529304805005,152.1585387623942,126.18458900611395,6.151045799255371,4.273469872859686,8.513254895716704,0.03394059745684454,0.18663259240143482,6.789584636688232,shoulder press_17.mp4,87
42.202525341686545,41.82644603101467,141.23238332601974,116.5662077520123,6.028463363647461,2.41768426912892,8.610350951802328,0.008951182063239076,0.1913600494933763,6.625659942626953,shoulder press_17.mp4,90
40.317480767267256,42.7098990271735,137.76844380034748,104.44291672864344,6.276335716247559,3.5379590053216874,15.24139078134745,0.057629622079593365,0.2751772418842858,6.927721977233887,shoulder press_17.mp4,93
36.29331867688529,44.91964162791825,140.55441753248917,106.33070179742177,6.49494743347168,2.405308198252553,15.572616654862408,0.21243710163149257,0.27724405446514155,8.134880065917969,shoulder press_17.mp4,96
33.631765795275314,42.25665543662872,136.16634874323634,100.91011427928937,6.8590216636657715,0.009308572759050313,15.590251893888023,0.22730449524037377,0.2974250080708949,8.33193588256836,shoulder press_17.mp4,99
29.843568719518178,43.73527226499984,138.0932371566157,101.02770562931326,6.909506797790527,4.382810302149697,16.976480930176063,0.3776004992632234,0.310014932991336,8.893994331359863,shoulder press_17.mp4,102
36.469589620202115,43.63566230045029,136.28918574395243,103.15989672995225,6.530116081237793,1.661192285703308,16.43186293089903,0.1789164257880737,0.27671259936951836,7.837804794311523,shoulder press_17.mp4,105
37.05152612639133,42.43460915517656,133.0640398859462,102.99949554303836,6.587223052978516,3.934781040901968,18.075808993459738,0.135447094256538,0.2547157000616234,7.5521345138549805,shoulder press_17.mp4,108
29.133999171608664,42.54365753981217,132.13429389846002,110.02522267332803,6.946135520935059,5.42594715772676,13.973668016166016,0.3741656461285199,0.18259923490207136,9.101901054382324,shoulder press_17.mp4,111
32.17008111986329,40.64686477070131,132.4168461206818,105.07116150411687,6.049661636352539,1.4994469963568755,16.97490129788828,0.23282447642277232,0.2302910777690105,6.80584192276001,shoulder press_17.mp4,114
34.140797817606106,44.79280965276854,136.27158475831655,104.79647072203117,6.839407920837402,1.4308442715279361,16.372524626372115,0.26989801116489814,0.2611305257643419,8.102962493896484,shoulder press_17.mp4,117
41.154942759662156,44.67686677776252,135.4110477616272,114.89616613507987,6.505075454711914,2.2513374720702157,13.094217093968325,0.08206570587480677,0.1639176219268942,7.988986492156982,shoulder press_17.mp4,120
50.93730857781041,56.87450314238736,156.03493191912835,137.3892855781536,6.328580856323242,11.10067730433931,5.640552852714484,0.11013996462624434,0.12709003026410037,9.475983619689941,shoulder press_17.mp4,123
81.01909983985458,93.26344446842486,169.64924551474684,176.1517767001486,6.084558010101318,14.599105131038238,7.6324029617139955,0.14051142846425166,0.03760851338004896,2.4812145233154297,shoulder press_17.mp4,126
124.85617789419352,124.00998536346785,126.95049116635764,144.23879617388278,6.251595497131348,13.381325891398594,6.944431257555589,0.0068003823392381035,0.12749991105537165,4.526604175567627,shoulder press_17.mp4,129
150.67239457505192,144.55808112465465,105.02767811668114,135.29710005802644,6.32570219039917,2.727628761319038,1.9960121917570075,0.04142061171636254,0.2519042952727954,3.8344736099243164,shoulder press_17.mp4,132
167.57761510093846,157.60590204367335,90.465094619604,119.36491169125014,6.605068683624268,6.0578492983059515,0.6326764223772597,0.061329757085016104,0.2754593356760644,7.8748908042907715,shoulder press_17.mp4,135
170.69322915634535,164.5298514190351,90.54557926297336,114.0894340423544,6.366210460662842,4.060486402924514,3.8696453343477293,0.03677179821109785,0.2301058298782153,5.8058319091796875,shoulder press_17.mp4,138
170.40246814003498,170.3227882280986,83.33463223924772,114.6835191068296,6.075007915496826,6.678406403509056,5.517245492368766,0.00046770769379239483,0.31662639666596293,5.846459865570068,shoulder press_17.mp4,141
170.5262194913134,170.05566490012976,85.37124707854449,112.63376764726303,6.236105442047119,7.341324822027127,5.474283261750817,0.002763239107825424,0.2753720213245206,6.6578569412231445,shoulder press_17.mp4,144
166.7741586630487,168.4740700624776,84.49454406337652,115.29472804005509,6.033620357513428,10.397496354775928,4.6020752316428695,0.010141210325801071,0.30832670495674264,5.530106067657471,shoulder press_17.mp4,147
171.41899063219597,163.61040831478476,86.6999546376562,115.03627045182247,6.161970138549805,4.002254518609453,0.3828105836086179,0.04661431111391473,0.2809244180275297,4.283761501312256,shoulder press_17.mp4,150
170.7901935738181,161.01016315253247,87.5589641515673,122.98461828772359,6.067458152770996,0.5926124401351249,3.3080659537238417,0.058951295398103655,0.33651611439043594,3.624072551727295,shoulder press_17.mp4,153
156.71069690358493,142.67595729812814,101.3296888874678,133.29668883621886,6.265672206878662,3.5391287391944517,3.235050204839095,0.09375661478885311,0.2724928054457523,5.342927932739258,shoulder press_17.mp4,156
134.8006866052653,128.65747397386832,116.83869431785948,143.18814808764216,6.458377838134766,10.663620014711617,4.469316172046877,0.0466352047542803,0.2026671825571896,4.652904510498047,shoulder press_17.mp4,159
99.01676898885171,107.91577581165099,147.5014335747041,162.68011868856843,6.27846097946167,17.416221206975166,7.249084125619845,0.08600876997263567,0.09786968311372131,4.495467185974121,shoulder press_17.mp4,162
69.48642677547349,86.70186876874735,178.20572179717215,170.7961059856069,6.518146991729736,16.385395800393823,2.50769117757825,0.22044471300859714,0.042461759347444006,5.500813007354736,shoulder press_17.mp4,165
48.80739494619267,64.26417189569476,159.2724382212922,141.39344389679238,6.7866621017456055,12.503164959224518,3.753501441439596,0.2733981208753554,0.11892931914022725,8.404624938964844,shoulder press_17.mp4,168
55.72541303122468,50.260616381507205,149.9941725807471,125.18380900433473,6.341297149658203,4.020449462758845,5.991099373223342,0.10312296214883965,0.18032230219510698,8.144166946411133,shoulder press_17.mp4,171
37.57280879230143,45.39877421996664,142.14899947001786,106.92878811870057,6.681763172149658,2.6063553939221276,15.645115504402833,0.18864206620013682,0.28280491562317484,6.386482238769531,shoulder press_17.mp4,174
37.966575651184606,46.0043700798504,135.5684164005368,113.3950735048479,6.982911586761475,1.03663999225704,13.647325091203266,0.19144227467465788,0.17812525767626072,8.908172607421875,shoulder press_17.mp4,177
36.96309018801314,48.61889134922207,140.55921243756808,109.03275299558179,6.956111907958984,1.2491810255897033,16.075266714126712,0.2723891396727638,0.25262399282183834,7.052884578704834,shoulder press_17.mp4,180
34.63588606607284,48.16069235694109,139.6937630355602,103.48979819023154,7.3480682373046875,2.525898991402878,19.745779685816753,0.32669964262940915,0.297750100071229,9.168660163879395,shoulder press_17.mp4,183
32.23888380394885,45.13195037655181,135.5198543099771,104.6355489887755,7.719159126281738,1.360242893378694,17.407803235801946,0.3332797612734626,0.25720266874679987,9.343707084655762,shoulder press_17.mp4,186
36.618967543665086,48.093108222642364,132.88328418073507,105.0027488333244,6.754490375518799,4.698439196715806,20.204008225948098,0.27089740335558843,0.23440245729569908,8.851825714111328,shoulder press_17.mp4,189
41.242529787375766,49.6684814706682,139.51657676706924,113.89622764043514,6.909148693084717,3.004438380521711,14.437958385699067,0.1853670213694139,0.2022024829134908,8.882286071777344,shoulder press_17.mp4,192
37.85412270926109,49.810497799826564,141.78415990806903,112.41051476301924,6.974852561950684,2.5154987439038674,16.14376384725014,0.27277538010504543,0.2311114124090713,7.801965713500977,shoulder press_17.mp4,195
42.48149112262066,48.90379987377598,145.56790703307004,103.91174990318068,6.948500633239746,0.583165976098418,17.84287869431114,0.1405545396010952,0.3339443194803953,6.569255828857422,shoulder press_17.mp4,198
45.04689241141971,45.74773181852045,145.85121943735308,117.69323513010372,7.4353179931640625,2.027690643123787,10.411433319985647,0.015437905339546098,0.2136867903630433,6.800732135772705,shoulder press_17.mp4,201
63.19105770308443,71.70562295942386,177.36381230536205,155.49417181061352,7.002871990203857,18.4117649090173,3.048173874674204,0.12623832127703163,0.131405233092613,7.351449966430664,shoulder press_17.mp4,204
111.06770049160176,114.27417487205041,136.41052560443788,154.0844366359662,6.365525722503662,16.14872744458031,7.384819783669769,0.028458752952811018,0.12168135994662772,4.232980251312256,shoulder press_17.mp4,207
143.4419074171353,133.55248266588904,112.31512367121874,145.4606772711069,6.672912120819092,3.0613786582388474,1.9966371379568695,0.07140523494560354,0.2571657500721264,6.884281158447266,shoulder press_17.mp4,210
163.01572393934447,160.82741974619006,92.18633985270368,120.47365502327104,6.211852550506592,3.351357659207644,0.13947089823239905,0.01351459331977919,0.2660332535704685,3.04990291595459,shoulder press_17.mp4,213
171.4873071951858,161.91089953612817,84.5473744787288,122.34546946754367,6.75285005569458,0.528361691899031,0.8007241767356399,0.05744726555638172,0.36538813298569733,1.6196383237838745,shoulder press_17.mp4,216
173.3856507104118,165.23135876424894,82.96058222478051,116.52034470593995,6.463124752044678,2.5069892542393384,0.6027602486860563,0.04816232922742799,0.33647088969879024,4.327539920806885,shoulder press_17.mp4,219
173.47550039933927,165.0907029025685,87.01593249103182,113.3534959610231,6.218156814575195,1.4115723198585164,0.18293641665012464,0.04953121377737661,0.2628900393983349,2.817683696746826,shoulder press_17.mp4,222
172.77148269098885,164.0521434327638,81.77039274708,118.94977981523927,6.276728630065918,2.055341572342498,0.634163763333683,0.05177391715996463,0.37045989542098345,3.421875238418579,shoulder press_17.mp4,225
167.0737288829803,163.5390784138925,88.0235260890437,123.3693527993346,6.1393585205078125,1.4110064826263784,3.576204431035452,0.02138241708170657,0.33440886841750755,3.1893396377563477,shoulder press_17.mp4,228
153.74138645893433,143.2502038455586,103.18648098699873,137.11851830447875,6.873845100402832,1.1678619104206385,1.8193840726316906,0.07064969484569968,0.28240808487152796,3.9712865352630615,shoulder press_17.mp4,231
130.32190979632196,126.05258888778292,122.11279356069343,146.89442937251516,6.859382629394531,9.95616648870817,4.50644789864655,0.03330534768826241,0.18424513320948802,5.602910041809082,shoulder press_17.mp4,234
98.71131408960777,112.75945151181688,150.42946512862915,160.74863875161938,7.12234354019165,14.96929203821344,4.902500013814781,0.13286127169640766,0.06632326307227188,6.081793785095215,shoulder press_17.mp4,237
74.65808648557577,95.17274096001262,174.636151199721,179.60287148237083,6.2153754234313965,15.546552954526241,3.178131898539869,0.24158928956534093,0.028041632709150447,3.1875014305114746,shoulder press_17.mp4,240
54.179656924089024,74.60426607547625,159.66960272094605,160.1545720287128,6.723075866699219,12.871591216946495,0.2697114573793946,0.31719190836353334,0.0030327245158773184,7.163223743438721,shoulder press_17.mp4,243
44.49711960841099,45.786372156298626,156.50212449476237,122.68131942073896,6.143540382385254,13.797308881140534,2.6486487318293115,0.028560094934023884,0.24228374433449382,8.23220157623291,shoulder press_17.mp4,246
165.9006687947003,159.08150055540173,108.85041175006613,105.70754153675688,1.0816925764083862,0.7356375344032946,1.3717166970284764,0.041966414667829355,0.02929623596015417,3.463977336883545,shoulder press_18.mp4,39
168.6709145776182,163.12941569259146,104.14615265662472,105.43283830141507,0.5905032157897949,1.6355437695848394,0.08351565420227149,0.03340261223075861,0.012278765528057749,2.39639949798584,shoulder press_18.mp4,42
169.60561987586328,164.59899897821063,102.5542427033033,104.46843539378021,0.18314100801944733,2.05648603788077,0.5806848198995115,0.029961410556319856,0.01849258939234905,0.9250068068504333,shoulder press_18.mp4,45
170.54314434725688,162.84555620256407,101.84128570977367,105.65919204992258,0.8558639287948608,2.446654371777306,1.492138215322932,0.046177858649666524,0.036799012526326606,2.7667205333709717,shoulder press_18.mp4,48
166.42848595464744,163.8845963717066,102.38793166069915,106.54237443502572,0.48124977946281433,0.10705716620574073,1.0556864714843248,0.015402899364593959,0.03976869466149293,0.24763207137584686,shoulder press_18.mp4,51
164.36576848690368,160.81990288433687,107.51172167273351,104.44214882471456,1.1023035049438477,0.08273533959218096,3.4371636900613964,0.021808252421545056,0.028964536866581146,1.6691820621490479,shoulder press_18.mp4,54
159.01138632403217,158.5843793211746,108.8279097609894,109.40207445080372,0.9684008359909058,1.3274117851884815,3.4976138688724627,0.0026889968258241685,0.005262014675830203,0.5930904746055603,shoulder press_18.mp4,57
173.11287899326095,165.37069983708824,101.02350174522613,104.098315390374,0.521721363067627,3.969136932102023,0.206716138238076,0.04574626150507086,0.02998036667269966,0.7710697054862976,shoulder press_18.mp4,120
172.38065243575522,163.48919600655879,98.0071036870153,107.01509672104022,0.27213165163993835,3.812466250658898,2.9596932483570555,0.05294584476953164,0.08787334265358891,0.35026639699935913,shoulder press_18.mp4,123
172.36868496392793,165.30597633103332,97.14439626551844,107.03109024137501,0.2214774191379547,2.9273521192752914,0.9518594230100819,0.04183143979953702,0.09684506347947677,1.2979040145874023,shoulder press_18.mp4,126
172.14911998692358,163.79879324012728,100.01783359061004,105.62935732327188,0.49587321281433105,3.5608746153111066,1.8267446213573408,0.04971203224085942,0.05457428042391062,0.3088846802711487,shoulder press_18.mp4,129
153.8230099151759,153.07385113534312,109.92904119352202,113.15647379181617,0.5167089104652405,4.679475033483732,6.901695145372941,0.004882153419675817,0.02893448818051911,1.360671877861023,shoulder press_18.mp4,192
160.95811341625026,163.79356758659424,106.57834352052421,105.92754842191732,1.1784018278121948,0.7267028955977293,2.5853382969156007,0.017462290951584903,0.006124960514348126,0.5734096169471741,shoulder press_18.mp4,195
166.37104634246512,165.56102556943307,100.01438558133052,105.5317106396522,0.7256678938865662,0.01675913252062599,3.2877499764935756,0.004880641803405169,0.05368455212489182,0.0937577411532402,shoulder press_18.mp4,198
165.6416279607504,165.4048134020627,99.9211263223484,106.76225444247332,0.29187101125717163,0.22045983679385894,2.706777559308264,0.0014307029413324706,0.06619911184740312,1.149435043334961,shoulder press_18.mp4,201
163.67560063695925,162.02439994921085,103.61153012299046,106.17801243736865,1.3371071815490723,0.6743566423333796,4.905001361519029,0.010139396283553544,0.024467209214108297,0.348688542842865,shoulder press_18.mp4,204
157.42416412469245,158.73179045778247,108.45636179249746,107.50433410196999,0.91880202293396,3.23553137021536,5.838797557787093,0.00827203355898771,0.00881667552129667,1.15639328956604,shoulder press_18.mp4,207
165.9006687947003,159.08150055540173,108.85041175006613,105.70754153675688,1.0816925764083862,0.7356375344032946,1.3717166970284764,0.041966414667829355,0.02929623596015417,3.463977336883545,shoulder press_18.mp4,39
168.6709145776182,163.12941569259146,104.14615265662472,105.43283830141507,0.5905032157897949,1.6355437695848394,0.08351565420227149,0.03340261223075861,0.012278765528057749,2.39639949798584,shoulder press_18.mp4,42
169.60561987586328,164.59899897821063,102.5542427033033,104.46843539378021,0.18314100801944733,2.05648603788077,0.5806848198995115,0.029961410556319856,0.01849258939234905,0.9250068068504333,shoulder press_18.mp4,45
170.54314434725688,162.84555620256407,101.84128570977367,105.65919204992258,0.8558639287948608,2.446654371777306,1.492138215322932,0.046177858649666524,0.036799012526326606,2.7667205333709717,shoulder press_18.mp4,48
166.42848595464744,163.8845963717066,102.38793166069915,106.54237443502572,0.48124977946281433,0.10705716620574073,1.0556864714843248,0.015402899364593959,0.03976869466149293,0.24763207137584686,shoulder press_18.mp4,51
164.36576848690368,160.81990288433687,107.51172167273351,104.44214882471456,1.1023035049438477,0.08273533959218096,3.4371636900613964,0.021808252421545056,0.028964536866581146,1.6691820621490479,shoulder press_18.mp4,54
159.01138632403217,158.5843793211746,108.8279097609894,109.40207445080372,0.9684008359909058,1.3274117851884815,3.4976138688724627,0.0026889968258241685,0.005262014675830203,0.5930904746055603,shoulder press_18.mp4,57
173.11287899326095,165.37069983708824,101.02350174522613,104.098315390374,0.521721363067627,3.969136932102023,0.206716138238076,0.04574626150507086,0.02998036667269966,0.7710697054862976,shoulder press_18.mp4,120
172.38065243575522,163.48919600655879,98.0071036870153,107.01509672104022,0.27213165163993835,3.812466250658898,2.9596932483570555,0.05294584476953164,0.08787334265358891,0.35026639699935913,shoulder press_18.mp4,123
172.36868496392793,165.30597633103332,97.14439626551844,107.03109024137501,0.2214774191379547,2.9273521192752914,0.9518594230100819,0.04183143979953702,0.09684506347947677,1.2979040145874023,shoulder press_18.mp4,126
172.14911998692358,163.79879324012728,100.01783359061004,105.62935732327188,0.49587321281433105,3.5608746153111066,1.8267446213573408,0.04971203224085942,0.05457428042391062,0.3088846802711487,shoulder press_18.mp4,129
153.8230099151759,153.07385113534312,109.92904119352202,113.15647379181617,0.5167089104652405,4.679475033483732,6.901695145372941,0.004882153419675817,0.02893448818051911,1.360671877861023,shoulder press_18.mp4,192
160.95811341625026,163.79356758659424,106.57834352052421,105.92754842191732,1.1784018278121948,0.7267028955977293,2.5853382969156007,0.017462290951584903,0.006124960514348126,0.5734096169471741,shoulder press_18.mp4,195
166.37104634246512,165.56102556943307,100.01438558133052,105.5317106396522,0.7256678938865662,0.01675913252062599,3.2877499764935756,0.004880641803405169,0.05368455212489182,0.0937577411532402,shoulder press_18.mp4,198
165.6416279607504,165.4048134020627,99.9211263223484,106.76225444247332,0.29187101125717163,0.22045983679385894,2.706777559308264,0.0014307029413324706,0.06619911184740312,1.149435043334961,shoulder press_18.mp4,201
163.67560063695925,162.02439994921085,103.61153012299046,106.17801243736865,1.3371071815490723,0.6743566423333796,4.905001361519029,0.010139396283553544,0.024467209214108297,0.348688542842865,shoulder press_18.mp4,204
157.42416412469245,158.73179045778247,108.45636179249746,107.50433410196999,0.91880202293396,3.23553137021536,5.838797557787093,0.00827203355898771,0.00881667552129667,1.15639328956604,shoulder press_18.mp4,207
45.663609512011185,45.38822116631294,134.40474187705192,131.7409895914584,1.2478539943695068,3.9476033021418284,0.031227495801473194,0.0060490457719881,0.020017245971939893,9.609539031982422,shoulder press_2.mp4,6
64.63933911131939,29.7521818925232,116.02255524639894,109.98376357961192,1.748069167137146,8.993834261728711,15.534084043014616,0.7392010817873349,0.053439140092679756,76.25135040283203,shoulder press_2.mp4,9
57.66689915378901,21.47477586441161,106.6757580327819,104.6540838153902,3.2167320251464844,15.391172702197975,0.46436796935466357,0.9146160548422589,0.019132879670105067,14.663657188415527,shoulder press_2.mp4,18
149.45298849231298,30.370583716486717,125.0454104860555,92.78789313620749,2.986553430557251,3.7616251822322155,5.795799050711519,1.324435982592486,0.2961669938751389,9.476710319519043,shoulder press_2.mp4,33
47.88522911814122,12.165669422473972,103.0265523608455,116.17950549852877,1.756852149963379,7.8237192132944395,13.503314298019959,1.1896428051449874,0.12000538001665258,49.402164459228516,shoulder press_2.mp4,45
15.75181655200667,29.309576747208894,103.48667342193959,102.44209548460843,3.2097342014312744,7.534928720505603,4.779708371616253,0.6017461601853415,0.01014504134490497,13.135207176208496,shoulder press_2.mp4,51
159.62213016107677,70.25085549109633,111.61815274372114,161.85199439533818,4.4218621253967285,1.0810270404731668,1.654680009663901,0.7775709217542464,0.3673808068423145,12.607670783996582,shoulder press_2.mp4,72
41.520734652856994,49.29111531273735,102.88745187070661,149.0081173271185,0.6207829713821411,13.007068210704254,8.832970973271628,0.17113142531121867,0.36618877897126656,13.504303932189941,shoulder press_2.mp4,84
32.75946292552896,40.000276738805056,98.2764505744728,126.30551748088612,2.251316785812378,18.614789260451275,0.2943389832034222,0.19903352724131482,0.2496110186326644,17.073932647705078,shoulder press_2.mp4,90
103.46900638705974,154.82644232198822,146.72868262394195,113.34626665677801,5.765923500061035,17.086886868103303,11.928089865574822,0.3976642731539502,0.25671381314877495,41.064090728759766,shoulder press_2.mp4,99
52.63348792903891,46.5541907056681,148.23497278613948,123.8215346419266,2.169065237045288,5.589461812389955,1.1624401515377971,0.12258170182124994,0.1794732893913077,11.557999610900879,shoulder press_2.mp4,108
42.521495092772255,39.759716462681986,140.02764010174255,97.68740384421625,3.759615898132324,17.125984248126745,5.405455103133777,0.06713023733805722,0.3562268130337747,18.001224517822266,shoulder press_2.mp4,111
47.09949209577043,92.52451595189392,145.3206649012906,161.4412517777244,0.5413188338279724,7.99114160847048,7.073903349645639,0.6506764057455857,0.10510161789934196,22.71331214904785,shoulder press_2.mp4,138
7.358047848120305,104.26762276072351,133.54104738165935,152.6176262621338,1.053333044052124,10.60232908423391,10.912491145271007,1.736331336403641,0.1333286783696848,7.623275279998779,shoulder press_2.mp4,150
139.88245082049764,102.28911645570346,125.90706335686075,161.7534967802529,4.273241996765137,3.8224446447844826,4.1729688769065465,0.31046860527535247,0.24922730739525728,16.50650978088379,shoulder press_2.mp4,153
143.30604535372382,142.01211290018668,114.64155105521786,123.87054861741689,5.582314968109131,4.859367094534814,5.970113084560735,0.009070102382938006,0.07738808701836185,0.9280370473861694,shoulder press_2.mp4,156
117.02881263658662,153.1985527735854,155.88486506417215,112.63030073477714,1.7192201614379883,0.779608256918507,0.3601631163668757,0.26769857362223504,0.32217595010467204,8.514055252075195,shoulder press_2.mp4,159
78.08634431985327,66.01444585704856,168.55731211069576,139.6343850280519,1.7097421884536743,5.358939941740622,6.747686143570249,0.16754798426830192,0.18769439508698244,4.271317958831787,shoulder press_2.mp4,162
86.31881255533186,74.28554057493353,74.24148052409782,120.7521039645589,2.5224242210388184,6.860428059339474,17.28793418495859,0.14984988570811897,0.4770477301848535,12.386399269104004,shoulder press_2.mp4,198
50.38777020890063,92.3505365555797,127.90196712035353,158.79140977786145,0.7530204653739929,14.86716523513425,11.854898374280765,0.5879678314514134,0.21548766135936667,19.115018844604492,shoulder press_2.mp4,204
2.0060357319024713,35.10427323261212,104.06777845834864,123.02099492013438,1.5302599668502808,5.500181932870971,7.614365693082936,1.7837759061698277,0.1669234121952555,6.379520893096924,shoulder press_2.mp4,210
141.83190951201138,145.40172217374075,129.05703542807916,71.49392021134112,22.992355346679688,4.966559157259515,13.716924389562632,0.024856508903768795,0.5740497723704033,48.11532211303711,shoulder press_2.mp4,225
14.531761102292984,77.4154659819932,157.58502494934675,28.28030469450115,23.950698852539062,4.773733727288074,32.58219068192764,1.3678216706210395,1.3913807432792031,26.008251190185547,shoulder press_2.mp4,228
73.28068308878547,149.02813950937875,131.45622387405874,81.6388449366418,13.889688491821289,14.502981318620435,4.553811152567945,0.6814615410699295,0.4675601290583723,21.989294052124023,shoulder press_2.mp4,231
45.663609512011185,45.38822116631294,134.40474187705192,131.7409895914584,1.2478539943695068,3.9476033021418284,0.031227495801473194,0.0060490457719881,0.020017245971939893,9.609539031982422,shoulder press_2.mp4,6
64.63933911131939,29.7521818925232,116.02255524639894,109.98376357961192,1.748069167137146,8.993834261728711,15.534084043014616,0.7392010817873349,0.053439140092679756,76.25135040283203,shoulder press_2.mp4,9
57.66689915378901,21.47477586441161,106.6757580327819,104.6540838153902,3.2167320251464844,15.391172702197975,0.46436796935466357,0.9146160548422589,0.019132879670105067,14.663657188415527,shoulder press_2.mp4,18
149.45298849231298,30.370583716486717,125.0454104860555,92.78789313620749,2.986553430557251,3.7616251822322155,5.795799050711519,1.324435982592486,0.2961669938751389,9.476710319519043,shoulder press_2.mp4,33
47.88522911814122,12.165669422473972,103.0265523608455,116.17950549852877,1.756852149963379,7.8237192132944395,13.503314298019959,1.1896428051449874,0.12000538001665258,49.402164459228516,shoulder press_2.mp4,45
15.75181655200667,29.309576747208894,103.48667342193959,102.44209548460843,3.2097342014312744,7.534928720505603,4.779708371616253,0.6017461601853415,0.01014504134490497,13.135207176208496,shoulder press_2.mp4,51
159.62213016107677,70.25085549109633,111.61815274372114,161.85199439533818,4.4218621253967285,1.0810270404731668,1.654680009663901,0.7775709217542464,0.3673808068423145,12.607670783996582,shoulder press_2.mp4,72
41.520734652856994,49.29111531273735,102.88745187070661,149.0081173271185,0.6207829713821411,13.007068210704254,8.832970973271628,0.17113142531121867,0.36618877897126656,13.504303932189941,shoulder press_2.mp4,84
32.75946292552896,40.000276738805056,98.2764505744728,126.30551748088612,2.251316785812378,18.614789260451275,0.2943389832034222,0.19903352724131482,0.2496110186326644,17.073932647705078,shoulder press_2.mp4,90
103.46900638705974,154.82644232198822,146.72868262394195,113.34626665677801,5.765923500061035,17.086886868103303,11.928089865574822,0.3976642731539502,0.25671381314877495,41.064090728759766,shoulder press_2.mp4,99
52.63348792903891,46.5541907056681,148.23497278613948,123.8215346419266,2.169065237045288,5.589461812389955,1.1624401515377971,0.12258170182124994,0.1794732893913077,11.557999610900879,shoulder press_2.mp4,108
42.521495092772255,39.759716462681986,140.02764010174255,97.68740384421625,3.759615898132324,17.125984248126745,5.405455103133777,0.06713023733805722,0.3562268130337747,18.001224517822266,shoulder press_2.mp4,111
47.09949209577043,92.52451595189392,145.3206649012906,161.4412517777244,0.5413188338279724,7.99114160847048,7.073903349645639,0.6506764057455857,0.10510161789934196,22.71331214904785,shoulder press_2.mp4,138
7.358047848120305,104.26762276072351,133.54104738165935,152.6176262621338,1.053333044052124,10.60232908423391,10.912491145271007,1.736331336403641,0.1333286783696848,7.623275279998779,shoulder press_2.mp4,150
139.88245082049764,102.28911645570346,125.90706335686075,161.7534967802529,4.273241996765137,3.8224446447844826,4.1729688769065465,0.31046860527535247,0.24922730739525728,16.50650978088379,shoulder press_2.mp4,153
143.30604535372382,142.01211290018668,114.64155105521786,123.87054861741689,5.582314968109131,4.859367094534814,5.970113084560735,0.009070102382938006,0.07738808701836185,0.9280370473861694,shoulder press_2.mp4,156
117.02881263658662,153.1985527735854,155.88486506417215,112.63030073477714,1.7192201614379883,0.779608256918507,0.3601631163668757,0.26769857362223504,0.32217595010467204,8.514055252075195,shoulder press_2.mp4,159
78.08634431985327,66.01444585704856,168.55731211069576,139.6343850280519,1.7097421884536743,5.358939941740622,6.747686143570249,0.16754798426830192,0.18769439508698244,4.271317958831787,shoulder press_2.mp4,162
86.31881255533186,74.28554057493353,74.24148052409782,120.7521039645589,2.5224242210388184,6.860428059339474,17.28793418495859,0.14984988570811897,0.4770477301848535,12.386399269104004,shoulder press_2.mp4,198
50.38777020890063,92.3505365555797,127.90196712035353,158.79140977786145,0.7530204653739929,14.86716523513425,11.854898374280765,0.5879678314514134,0.21548766135936667,19.115018844604492,shoulder press_2.mp4,204
2.0060357319024713,35.10427323261212,104.06777845834864,123.02099492013438,1.5302599668502808,5.500181932870971,7.614365693082936,1.7837759061698277,0.1669234121952555,6.379520893096924,shoulder press_2.mp4,210
141.83190951201138,145.40172217374075,129.05703542807916,71.49392021134112,22.992355346679688,4.966559157259515,13.716924389562632,0.024856508903768795,0.5740497723704033,48.11532211303711,shoulder press_2.mp4,225
14.531761102292984,77.4154659819932,157.58502494934675,28.28030469450115,23.950698852539062,4.773733727288074,32.58219068192764,1.3678216706210395,1.3913807432792031,26.008251190185547,shoulder press_2.mp4,228
73.28068308878547,149.02813950937875,131.45622387405874,81.6388449366418,13.889688491821289,14.502981318620435,4.553811152567945,0.6814615410699295,0.4675601290583723,21.989294052124023,shoulder press_2.mp4,231
26.042984499415642,23.41341596282371,119.87967458760471,115.99206503017253,1.0819469690322876,2.071116777606612,4.95591298576295,0.1063388565287781,0.03296375872524564,2.992750883102417,shoulder press_22.mp4,0
22.734840090310463,21.880684028601994,115.29457506151503,116.00193814497624,0.8197473287582397,3.34825352345096,4.261968756671538,0.038289634766226745,0.006116504513232336,3.4436986446380615,shoulder press_22.mp4,3
22.944643923573857,22.544164079879994,116.66411851140117,115.78436860615642,0.9720221757888794,3.249182258943298,4.611334697859803,0.017607840753420256,0.0075694182066225225,2.8210608959198,shoulder press_22.mp4,6
23.328642043293414,22.91080590507993,115.9662643433796,117.60552949846814,0.6951812505722046,3.2148027357893554,5.05245183711719,0.018072713094671955,0.014036499254687316,1.9885116815567017,shoulder press_22.mp4,9
24.657778235710342,24.943985803400754,117.52803541164394,119.29044090178445,0.8317869901657104,2.055138515474185,6.067069749414696,0.011540217298108025,0.014884020179303676,2.4044198989868164,shoulder press_22.mp4,12
27.980050741293013,27.152074804873052,123.98385316480685,120.52588632411631,0.8900107741355896,3.3891405005585042,6.935461647356328,0.03003606076194676,0.02828490061719758,2.5261662006378174,shoulder press_22.mp4,15
35.457440219863166,33.507743178078314,130.69040239792048,131.81818390882563,0.7133229970932007,5.115289530157303,9.963490259259208,0.056541487913828924,0.008592339982261138,1.248695731163025,shoulder press_22.mp4,18
48.358160678271865,43.39451834908374,148.9380385539653,144.46094610155316,0.14917877316474915,10.16423234114162,13.750950671114671,0.10819612858842498,0.030518799904292227,1.6744390726089478,shoulder press_22.mp4,21
70.55707696917895,65.83316971843249,173.0245858164998,169.20183399975167,0.21094302833080292,11.890747334905182,14.588681299285469,0.06927045540970556,0.022340483349010013,0.8923003077507019,shoulder press_22.mp4,24
90.09180309113019,84.8690489011812,167.00341565869905,173.12222661745642,0.8206036686897278,12.839932908533935,13.296759128781606,0.059701974818669706,0.03597970983786849,2.959784507751465,shoulder press_22.mp4,27
108.94233466444437,97.10591707392975,148.31301517130868,162.43192663532767,0.2776511013507843,12.08919843393154,14.174095038280976,0.11488976480658226,0.09087138398413322,1.5436203479766846,shoulder press_22.mp4,30
122.9067518954098,114.30467163149527,134.15416544643645,147.24690566243652,0.5301485061645508,11.795089941959972,13.519298972886594,0.07252669484476883,0.09305394726756058,1.5994994640350342,shoulder press_22.mp4,33
134.7558760972553,129.82275069320835,124.34807055971682,131.6869319186531,0.4098149240016937,10.976418996285394,12.268021064517045,0.037290430174874344,0.05732701613371226,3.795518398284912,shoulder press_22.mp4,36
145.18482980675745,138.94171387569966,112.62106407835508,128.7830939269841,0.864565908908844,9.303119853011417,9.103567223252979,0.04394602383954074,0.13390017787739644,2.7725412845611572,shoulder press_22.mp4,39
150.7689116979176,150.9059038789696,105.68148271799136,122.45144009441773,0.511182427406311,8.188422384248101,4.497499321733006,0.0009082109210213975,0.1470191778519938,0.4307895600795746,shoulder press_22.mp4,42
161.9388134379102,159.74227868320318,99.89294304755167,116.82066116172584,0.08832237869501114,0.9464081313235909,1.2079097760220752,0.013656598466657894,0.15622201638829553,2.1652567386627197,shoulder press_22.mp4,45
168.23874643658837,169.9287548863658,102.97690912308208,106.77892744276629,0.14593107998371124,5.586647829997928,6.2292865952224705,0.009995096768115774,0.03625184769045171,1.016709804534912,shoulder press_22.mp4,48
169.45816163900096,169.28823200523306,103.57206571150243,106.80331984787628,0.11460486799478531,7.008391459838923,6.810906129694072,0.001003285271555538,0.03071893727283816,0.29740503430366516,shoulder press_22.mp4,51
170.65424313613278,170.58797921831936,106.50046379486234,102.04366390895193,0.09517205506563187,7.56729152702696,6.853835862502326,0.00038836880944109314,0.04274203196208146,0.1574023813009262,shoulder press_22.mp4,54
171.96869364718341,169.54994775814745,105.87112757264512,104.36515410115803,0.08666200190782547,9.953785614005799,7.075552358715187,0.01416464927995117,0.014326485033860357,0.579049825668335,shoulder press_22.mp4,57
171.3910207097495,167.1948317285725,108.42099633599581,104.22484894551626,0.14206503331661224,9.790233989995563,6.065487073257937,0.0247865582744123,0.03946606513684258,0.8667317032814026,shoulder press_22.mp4,60
166.35852980210257,164.71560110927422,111.82880675455611,105.57407393051074,0.16730552911758423,6.567362135739845,4.811556233627428,0.00992483881664638,0.05754047788452333,0.11032548546791077,shoulder press_22.mp4,63
159.13285803583807,158.28088105275899,110.13992049921423,115.71158044915543,0.1996038258075714,2.6798309315505144,1.678574327108766,0.005368242632000742,0.04933914476145018,0.6252707242965698,shoulder press_22.mp4,66
154.28778989604305,150.15492839061454,110.06256611316844,122.8773632849312,0.19998183846473694,1.1884473223103518,2.0684105495728713,0.027150339010815705,0.11002662536109885,1.6979337930679321,shoulder press_22.mp4,69
142.85470376789857,133.22561426249922,120.24759703675082,132.5260752701509,0.328189492225647,5.2872430043051954,8.883238926880967,0.0697557114834904,0.09714997706321513,2.672053098678589,shoulder press_22.mp4,72
126.86557084353079,112.42430916676823,137.64623645380416,148.93030859975994,0.45454415678977966,6.242882255839663,10.903493070028958,0.12070098138827279,0.07875084224947067,3.0793442726135254,shoulder press_22.mp4,75
101.07365479674584,88.3565443663819,160.55868757988037,172.42948797826995,0.262018620967865,7.545349504526085,11.647579875151003,0.13426698051890462,0.07129863022007854,1.7892260551452637,shoulder press_22.mp4,78
64.3975458690132,56.07349911484278,162.27062276444963,159.02744831126705,0.294516384601593,10.024261351319472,13.435045756565804,0.13819165850658807,0.020187948482381604,1.5611801147460938,shoulder press_22.mp4,81
43.93975924846725,38.18964897296443,141.61032972818376,138.69062676784057,0.3705579936504364,8.159949900173375,12.70535700897586,0.14002561080191317,0.020832629305598524,3.4863803386688232,shoulder press_22.mp4,84
32.31858277958829,27.82948112323859,127.26057643609197,125.12206215161316,0.5341362953186035,3.7845045281685024,10.241917576501152,0.14926836759374787,0.01694660374775066,2.51438307762146,shoulder press_22.mp4,87
23.89059178613644,23.967943401102616,117.34210921070444,120.82559696043093,0.9338763356208801,3.2962947424611797,8.368112268904857,0.0032325107596189394,0.0292523936660282,3.3358778953552246,shoulder press_22.mp4,90
20.966196140230274,23.777800793356096,112.29254055132901,121.57240301924645,0.9244670271873474,2.091200156957977,8.125348816559171,0.12567516743303442,0.07936086808253906,2.4124369621276855,shoulder press_22.mp4,93
20.62188657532748,22.5551622982661,112.18473774471265,120.63472769455332,1.1660430431365967,1.6808308553935456,9.776333765848468,0.08955108203891086,0.07258834594347921,3.348517417907715,shoulder press_22.mp4,96
20.577265652014493,23.442293530488605,115.503168263177,119.05008858599,1.2148125171661377,2.6628746103678127,9.247600845129423,0.13017067556700587,0.03024405092864598,3.5233044624328613,shoulder press_22.mp4,99
20.755246985739067,22.364829994585254,114.64207707169221,119.54144203255045,0.7121957540512085,3.3553883464871523,9.463828371010393,0.07465585043276425,0.04184209870616361,3.106520652770996,shoulder press_22.mp4,102
22.05590588065908,22.98165386110803,114.75637106640897,120.56860621806663,0.7468319535255432,2.497856470864387,9.934775771137735,0.04111004174102382,0.04939752013345753,3.495046377182007,shoulder press_22.mp4,105
23.475921657666206,25.199173056823927,116.64164074343287,123.81900657921283,0.8332670331001282,2.893190965725636,10.739732131392417,0.07080628848349114,0.05969680208129436,2.720064878463745,shoulder press_22.mp4,108
30.765138660306498,34.43722044649152,123.87371164279442,136.0098765500348,0.7996761202812195,2.895031015556865,13.408836611150196,0.1126364701059466,0.09339693200045816,2.339796543121338,shoulder press_22.mp4,111
46.36297400672554,49.97361446866454,144.95026232731823,155.56562014017706,0.12264445424079895,10.688867999231597,16.956174064109444,0.07495886078343686,0.07064756595024238,1.7700772285461426,shoulder press_22.mp4,114
68.64539384200083,69.87803868318862,173.14693898176535,173.69428726735083,0.16628648340702057,13.712546249905504,15.035754794851863,0.01779691448179563,0.0031561893117766603,1.901374340057373,shoulder press_22.mp4,117
94.96861408601028,94.50199306170282,163.43149378004054,162.96036035721875,0.26873713731765747,11.278766446327339,13.971537267179455,0.004925524136244258,0.0028869190014997456,1.9469903707504272,shoulder press_22.mp4,120
110.82843284963307,106.30834573063655,146.41594624740858,152.318540886648,0.893168568611145,12.938595364948343,13.892242634876736,0.041633546822889556,0.0395173298929537,1.7929294109344482,shoulder press_22.mp4,123
128.70398176275458,122.13258866481816,124.53703486347527,141.6649485449875,0.7602202892303467,13.32802598645768,12.93098276332817,0.05239581363064334,0.1286835917764821,3.2308716773986816,shoulder press_22.mp4,126
137.72527816700543,134.19535794159367,121.0347919564426,128.61834351327022,0.46157413721084595,11.710896578619776,10.854124996998213,0.025962871196005776,0.06075270428756645,3.1851987838745117,shoulder press_22.mp4,129
146.10982021950207,143.76877843352662,111.57293549337244,123.47114445040293,0.8828669786453247,10.669424400986735,7.89600805579963,0.016151877350404662,0.10124236236774521,2.753471612930298,shoulder press_22.mp4,132
152.12343756737016,151.76287325162158,110.64562670167524,115.1329692290622,0.7953113317489624,8.190635285663753,4.883862127349754,0.002373021112907873,0.03974993740118349,1.0796540975570679,shoulder press_22.mp4,135
160.3082818177169,158.64569758442983,103.6825201035,112.89240561339389,0.5987411141395569,4.066227972516277,1.9671366750066295,0.010425229598348053,0.08505033977878888,0.5125524997711182,shoulder press_22.mp4,138
168.60715118088586,169.65726963086868,104.74733418288142,103.20985310874921,0.08472062647342682,3.9276682972155723,5.054103425283928,0.006208861384018944,0.014786515379976762,0.4746757745742798,shoulder press_22.mp4,141
169.13640748546206,171.61374295771415,98.42616706614716,108.17586202179527,0.057089172303676605,4.133305544710009,6.666611276324399,0.014540480578101556,0.09438140562983575,0.3853519856929779,shoulder press_22.mp4,144
169.12613826448768,169.92461557136045,104.44820220131258,103.02047073825393,0.06264056265354156,4.119724922665537,5.178062665479279,0.0047100753963187055,0.013763345018112997,0.04908214136958122,shoulder press_22.mp4,147
171.41171524377387,168.22073242189782,105.59915109813483,102.59516905972225,0.1015893891453743,6.566760214449259,4.764509752325505,0.018790800724771718,0.028857483106502563,0.413786381483078,shoulder press_22.mp4,150
165.97833369086746,164.1407553213764,105.741274672499,108.53814173339987,0.08322872221469879,3.80296648393449,2.322420729766604,0.011132821037337317,0.026104859792999424,0.12139042466878891,shoulder press_22.mp4,153
157.13518787465037,161.0254603780736,116.12584543179995,107.31416513036535,0.08677566796541214,0.04515301006137982,2.3080199050810593,0.02445476852519536,0.07887289549678045,0.3951132297515869,shoulder press_22.mp4,156
149.86495404418645,150.22816267782036,120.32612935687892,115.07832745573536,0.0671556144952774,3.142963669292318,2.8048914866673877,0.0024206395508256707,0.04458540821358276,1.9773741960525513,shoulder press_22.mp4,159
138.3863600510115,141.08888855460103,129.65356671449112,119.95998046695281,0.32092007994651794,6.425332890660375,7.68459808270148,0.019340020392312095,0.07766875121158423,1.0007410049438477,shoulder press_22.mp4,162
129.57063842259623,127.8638556274447,135.26000123806938,132.41924700262362,0.16504362225532532,7.425192813347186,11.21267425095541,0.013259938622053932,0.021225061368159517,0.9123437404632568,shoulder press_22.mp4,165
116.30962653393784,108.0084786785291,143.24834314665125,155.1656977201566,0.022261662408709526,8.552733038544625,11.813844969158174,0.07401228578982656,0.07987127240319407,1.803219199180603,shoulder press_22.mp4,168
96.42319963135684,91.74958738817548,163.9232496114893,167.2485643132118,0.26922959089279175,9.142398859192479,13.675697099798793,0.049673625152782924,0.020082111833820405,2.674976348876953,shoulder press_22.mp4,171
72.32488511019875,69.63526626513959,174.7572320086626,169.41732295211452,0.07026047259569168,10.06217324593018,13.796170266926625,0.03789258913859407,0.031030237300120236,2.2460103034973145,shoulder press_22.mp4,174
49.430342908485216,46.01417696512754,151.4431988935025,148.16599669717863,0.02413845807313919,12.04350405373708,14.789969367746924,0.07158432873634545,0.021876512767659635,2.7371041774749756,shoulder press_22.mp4,177
37.49537918244108,30.931262879442944,135.51701278341082,133.81426975559225,0.46463486552238464,8.681936178319338,14.457966356606619,0.19185849561525015,0.012644227672082531,3.2211151123046875,shoulder press_22.mp4,180
30.50195488931713,23.30109064467554,126.11367630594542,126.33085072927801,0.09044566750526428,5.82903855014597,14.839701081293912,0.26767496795667806,0.001720571452929868,1.7897096872329712,shoulder press_22.mp4,183
25.05828391472675,19.429899597146182,122.59278527945469,121.57666808074332,0.47080346941947937,7.069386715545642,14.444432584157202,0.2530282818168323,0.008323049298164234,1.8514206409454346,shoulder press_22.mp4,186
19.918452962555516,18.498523297528152,117.61661556556503,121.91643757373245,0.6534424424171448,8.837757069486353,14.206765262339772,0.07392198987314427,0.03590170084515991,3.0902018547058105,shoulder press_22.mp4,189
19.170573198305885,22.033995927988535,115.87084351771635,123.18317244022609,0.6540020108222961,8.092092790423349,11.232895847781904,0.13898568971349232,0.061177210457708575,3.4733376502990723,shoulder press_22.mp4,192
19.89886630911422,20.447341194117538,116.89134254130562,120.61238457698936,0.6970392465591431,5.649466219423857,12.873557093789742,0.027188423346079606,0.031334599088883974,2.9008309841156006,shoulder press_22.mp4,195
19.490768807929694,21.269612313316276,116.7913194044813,120.31570063669979,0.771514356136322,5.1254132431641795,12.218462897591062,0.08728296725662248,0.02972818967237974,2.777195692062378,shoulder press_22.mp4,198
20.209632484473786,21.675666388815586,117.19435134344542,121.21264516796361,0.5641104578971863,5.425305292522304,12.435476925213345,0.07000231316371014,0.03370952936212088,2.6042706966400146,shoulder press_22.mp4,201
21.417986882666444,22.306724632368315,116.54851734693516,123.72315559621387,0.46979355812072754,5.261387234354468,13.173285373414057,0.0406515089022956,0.05972104960518017,2.287729263305664,shoulder press_22.mp4,204
23.247132679739927,24.24655527852578,120.53579433301246,127.53678790121332,0.19682422280311584,7.671391075993959,14.729064960025616,0.04208654420200335,0.056443106329184256,1.9477585554122925,shoulder press_22.mp4,207
30.53000046667423,30.137338298276564,126.09932139768357,136.1919469414696,0.19283679127693176,6.684966170958631,16.171883029227097,0.012944763241354466,0.0769573886900106,1.8683842420578003,shoulder press_22.mp4,210
48.15225741500951,45.04069584572854,147.90119245675683,151.98924692011926,0.007804366294294596,10.946346543930492,18.177108821625055,0.06677675640507592,0.027263653165180875,0.9219403862953186,shoulder press_22.mp4,213
75.17604151618177,67.40752622154426,178.64679280346985,171.92551959738864,0.01923336274921894,12.815452488808829,16.065405984030917,0.10896789045042317,0.03834457524640927,0.3691648840904236,shoulder press_22.mp4,216
96.89418747007106,86.63222518920851,160.80586444630458,172.80715232985662,0.5673952102661133,10.843569203975374,14.442193924782773,0.11183090359766455,0.07194735984540042,1.7088686227798462,shoulder press_22.mp4,219
120.16605425720634,110.29955443989216,138.02152581826604,150.93721551759813,0.6534968018531799,10.78018899729884,13.538234070015855,0.08562231799436715,0.08939469793938405,2.176692485809326,shoulder press_22.mp4,222
132.55037589233626,128.27510531982216,125.78252666948539,134.51865672262355,0.571675181388855,11.541383408513171,11.759514205881574,0.03278261428020945,0.06712324499868555,3.8653011322021484,shoulder press_22.mp4,225
143.8247994320817,136.90833638818071,116.72817531443697,127.63175638338525,0.13151443004608154,9.457489434973416,9.365944010800975,0.04927429050149043,0.08924197181747255,1.060840129852295,shoulder press_22.mp4,228
151.4908436109445,149.67946509653186,108.88067836437737,119.94296113235163,0.012145359069108963,6.8579809022763865,5.620852688275624,0.012028931551629226,0.09668828616050734,0.14608924090862274,shoulder press_22.mp4,231
158.56850340463706,158.8437317889315,104.55956407520242,113.7748617382795,0.22131092846393585,3.4014688214021485,2.241323515408752,0.001734201481720497,0.08441451803802574,0.34558072686195374,shoulder press_22.mp4,234
169.14634171022615,166.68443420675743,99.65662233376986,110.84458385624887,0.23094679415225983,6.296355650263633,3.4398287212475545,0.014661595541662324,0.10629831272681335,0.27339616417884827,shoulder press_22.mp4,237
171.47753086708747,168.93928929117405,97.7261807490205,109.5951860856057,0.2414962351322174,6.878391500127599,4.794346985542937,0.014912550882376353,0.11449862132206316,0.8368637561798096,shoulder press_22.mp4,240
170.8187445548225,167.65214856089722,104.09676080588862,104.04683662876796,0.033208198845386505,5.357316533550636,3.9928653739616906,0.01871118644664466,0.0004797089868337781,0.29029586911201477,shoulder press_22.mp4,243
170.7753118103495,168.38337512177006,99.54835029364979,108.16790230570287,0.02187633328139782,5.746743496616931,4.062071479240747,0.014105118227788042,0.08299352510155905,0.8386726379394531,shoulder press_22.mp4,246
170.00585470173826,166.88457694253833,104.61838158034654,106.16003814992301,0.16976432502269745,7.059277068947245,3.797433188217456,0.018529928226015582,0.014628220209159104,0.8511928915977478,shoulder press_22.mp4,249
164.8341485049872,163.8550453410719,107.12217190932596,109.00863892532986,0.28049859404563904,4.934952472765275,2.039454708978907,0.005957623081298333,0.017456715298653912,0.7288709878921509,shoulder press_22.mp4,252
155.50127819568687,158.1133419916758,110.53586656414522,113.67530587123157,0.10643094033002853,2.2216377616989416,0.644480612544425,0.016657793532893463,0.028004307483751396,0.17278049886226654,shoulder press_22.mp4,255
148.0031896329249,147.54353645957735,112.50302336097684,125.18475752218203,0.4392537772655487,4.980392842393022,3.631397720046757,0.003110527931909269,0.1067091805399891,1.513371467590332,shoulder press_22.mp4,258
133.2101779017947,134.11248321654816,128.54840781471884,129.11302158441413,0.44354334473609924,9.597327576884272,9.55762851763173,0.006750683320139483,0.0043826021691486024,2.9227256774902344,shoulder press_22.mp4,261
118.25605857481891,114.80395513698654,144.3441637251967,146.40441534603553,0.28425148129463196,9.194571166793736,10.332863277745293,0.029624158883824008,0.014172049455375584,1.8608319759368896,shoulder press_22.mp4,264
91.88576870058033,91.37932557815685,165.84890538203845,172.293676511215,0.37458157539367676,10.078570136701586,10.1518210934928,0.005526891243710618,0.03811866043662656,2.6508820056915283,shoulder press_22.mp4,267
65.16297295048861,63.72918629235671,164.78952894309754,162.8130386025847,0.33783257007598877,9.076665846927948,11.139855640388706,0.022247849156293638,0.012066391025688341,0.5147455930709839,shoulder press_22.mp4,270
41.20954122879837,37.001835470811706,140.4224747505549,135.13991658745257,0.22638633847236633,8.723208984423076,11.067798764353054,0.1075983043783359,0.038340196842193065,2.978891134262085,shoulder press_22.mp4,273
34.27911405956302,30.455483807157304,127.86562922627792,126.50132816299237,0.7000583410263062,2.8978147885162433,8.245918307175998,0.11813250961342338,0.010727030564726181,3.474081516265869,shoulder press_22.mp4,276
26.248298992128564,26.5936060305008,118.25383702801108,121.96268949250917,1.035813570022583,2.174491937738767,5.8318315839852435,0.013069439424046519,0.03087924480650809,3.579899549484253,shoulder press_22.mp4,279
21.422634391878113,22.240617763018562,110.7227376126013,119.56350714740412,0.8849960565567017,2.492319469468807,5.004306196121642,0.03746781702098734,0.07678069998506677,3.5118408203125,shoulder press_22.mp4,282
19.81559965924874,19.739590908394433,115.25144658462821,113.06897383930654,1.0153030157089233,4.608862838385375,5.420048203291198,0.003843174549965791,0.01911763075128682,3.319545269012451,shoulder press_22.mp4,285
21.11157018307639,23.106370351796954,114.56948329959923,115.78578519029152,0.739190936088562,3.093157280322124,3.769636075066146,0.09022582890975323,0.010560226372644659,3.029592752456665,shoulder press_22.mp4,288
21.8768715990244,21.298909125882304,112.64785264763499,116.72306512045584,0.7879118919372559,1.505567692113228,5.547396057503203,0.026772531425642045,0.03553382017628896,3.01218318939209,shoulder press_22.mp4,291
22.811693646656725,21.527727684038343,115.37210706517466,117.46869830190388,0.4260813593864441,3.0180459543142613,6.532924097810497,0.05791532338873914,0.018008795609720588,2.4363481998443604,shoulder press_22.mp4,294
25.622311824560253,25.015417807863578,116.86854795338283,120.7573575637695,0.6733413338661194,0.2541896467836483,7.863963388409683,0.023970032665448518,0.03273051902252274,2.6813108921051025,shoulder press_22.mp4,297
30.393163708376058,32.567029326849955,126.18578644910293,131.4952868122607,0.4160166382789612,4.982032702401872,11.211071638155023,0.06905523994367764,0.04120985911737792,1.7932584285736084,shoulder press_22.mp4,300
44.4286370236796,47.18174505531996,146.6323300788075,148.58265978725402,0.048907570540905,11.126009748447837,13.72708155788342,0.06010471671794221,0.013212944974991711,2.516878843307495,shoulder press_22.mp4,303
69.46996280044941,74.65554382273224,172.5997005844704,175.65737898556154,0.11679843068122864,12.586695623406623,12.42733439375193,0.07195924085582733,0.01755989227766006,1.3891931772232056,shoulder press_22.mp4,306
97.10407758068796,93.54662187067247,158.18119942604784,166.28467409229023,0.5232357382774353,13.209869599653002,14.51287595777389,0.037319094241488285,0.04994962692607734,0.28598132729530334,shoulder press_22.mp4,309
122.386856015878,118.14784388516976,132.48677767548142,145.31499932050983,0.3268052041530609,12.264055751101061,12.703444095371125,0.03524657467261145,0.09235521661341656,1.4907894134521484,shoulder press_22.mp4,312
134.47734186514987,130.87809012275878,122.8671856938433,129.76251719077456,0.6709609627723694,13.92156089622972,12.227368395019303,0.0271277788845498,0.05458844639563645,4.4679951667785645,shoulder press_22.mp4,315
143.7602855460012,142.19329567447386,112.85270308454021,123.35261307224133,0.37840205430984497,11.809228914763603,9.44692165318992,0.010959749934512377,0.08890494217947059,0.8464608192443848,shoulder press_22.mp4,318
150.04976626745986,153.02485769406385,105.7836707737281,118.49820045266348,0.2548031806945801,10.937604755291938,5.622215365731245,0.019632731950410293,0.11337991438551222,0.14782266318798065,shoulder press_22.mp4,321
156.46598821343065,161.098625022148,107.9859895817151,108.39358267083449,0.10466320812702179,7.287538797000082,1.2013448646128193,0.029176026645517585,0.003767389729781528,0.7665733695030212,shoulder press_22.mp4,324
163.81827846052843,166.58375516767066,100.20626610931556,108.5973796015019,0.05154771730303764,2.7492582553373555,1.402990142851458,0.016740070736091253,0.08037324696722589,1.918829321861267,shoulder press_22.mp4,327
167.93596721215982,168.08471326211037,98.53043039699408,108.90895235390416,0.2294255644083023,2.072251811166845,2.9576795009774464,0.0008853386627311218,0.10006317816104414,0.38916411995887756,shoulder press_22.mp4,330
170.13841113907677,168.0260201930398,105.87425375936377,101.74599682593222,0.04789288341999054,5.24988653075709,2.8526965515319405,0.01249327694054459,0.03976738224516827,1.443933129310608,shoulder press_22.mp4,333
170.0105195008241,168.50751490043888,103.754973029062,105.93634907343595,0.0860099121928215,7.644704774316945,4.231433250655698,0.008879908587698082,0.020805591976836152,1.1303313970565796,shoulder press_22.mp4,336
169.63910058554904,167.16257537208998,104.86540425804709,106.2507761429806,0.2179412990808487,7.38082598019016,3.529181102891633,0.014706133551250812,0.013124260606666048,1.302972674369812,shoulder press_22.mp4,339
164.12489197138692,164.5623538034241,107.39802639526121,109.00042168672377,0.07515784353017807,4.923592206942321,2.1807953571306893,0.0026618728755717198,0.014809674520914045,1.5083115100860596,shoulder press_22.mp4,342
157.7502349265262,160.82242898213764,109.9384663411422,113.51137994663749,0.16474676132202148,1.7106365487840856,1.029986592557747,0.019287242150144178,0.03197955751460893,1.0460374355316162,shoulder press_22.mp4,345
151.59743596392107,154.8761616977664,115.08515233624644,117.10367019303231,0.527948260307312,0.07558871838789971,1.6466879803064027,0.021396464549384646,0.017386865007520715,0.20729880034923553,shoulder press_22.mp4,348
144.69525676850668,146.06676997810655,119.48840416638697,126.01898905659712,0.3757600486278534,3.0045589504801145,1.9957489692001125,0.009433922475682038,0.05320071876025903,2.2542285919189453,shoulder press_22.mp4,351
136.22519800784974,137.84294420301828,127.71864304834025,130.33754876394065,0.4115345776081085,5.162913742690768,4.670738067708754,0.011805430446008148,0.0202971740163125,2.4340317249298096,shoulder press_22.mp4,354
120.28300137107566,123.80691401843497,142.51596670482746,141.2942187123437,0.4108489155769348,6.761085587372074,7.6311969739870245,0.02887388970360342,0.008609613433625823,4.159974575042725,shoulder press_22.mp4,357
104.62537509013906,108.54784217886036,157.07279516512236,151.68813276558475,0.10182959586381912,8.361114859502772,11.645102052023544,0.03680074954042294,0.03487916969044764,2.637516498565674,shoulder press_22.mp4,360
84.22830704353848,90.85006044701457,176.07040516964287,167.61848137930016,0.40300601720809937,10.769491792472238,12.01060885272515,0.07564330760433201,0.04918357340681196,2.693258762359619,shoulder press_22.mp4,363
65.98806315753797,63.33820684845516,169.19095703835956,162.59223474143758,0.06709102541208267,12.927418318603465,10.702670093094731,0.04097939744121607,0.03977731518901968,2.0251352787017822,shoulder press_22.mp4,366
51.32360020241978,41.785440906642705,153.87582499503154,141.6616726428611,0.2193729728460312,14.042964521585183,10.534097540599017,0.20488148480886267,0.08265720898223088,1.3617167472839355,shoulder press_22.mp4,369
35.7518236557664,26.700849356172952,135.7749783771339,124.48357611630641,0.05360986292362213,12.3547031570969,6.16700272051888,0.28985066172790186,0.08677065222931664,2.2737491130828857,shoulder press_22.mp4,372
21.730946908139153,22.806020294312425,121.76313492784452,119.5619621773084,0.6247180700302124,13.939973347414698,1.7910611525048108,0.04827779948671917,0.018242385702445168,2.6062822341918945,shoulder press_22.mp4,375
16.845029759456594,20.465301324767314,116.30261682838336,117.67171955279856,0.624180793762207,15.458339750814114,0.6956230313696908,0.19406268773859772,0.011703016199047664,4.392139911651611,shoulder press_22.mp4,378
18.534064230155135,19.283454980100764,117.18147821493874,116.77024707430513,0.2281399369239807,13.990847459160417,1.4346341805926688,0.039631935970162666,0.003515521333515979,4.464742660522461,shoulder press_22.mp4,381
19.891781275646586,19.95131660893238,115.60332512500501,117.6229405028639,0.39819806814193726,12.92150095366636,0.7291583550125575,0.0029884891711112033,0.017318935947646146,4.237216472625732,shoulder press_22.mp4,384
21.155340878438132,21.43381440149244,117.3301876996976,119.23527748847634,0.3983650207519531,14.045580452244803,0.7294278328850613,0.01307720339715379,0.016106237546239906,3.5854930877685547,shoulder press_22.mp4,387
25.901416362460946,23.53849307520306,124.80161867133722,119.03277227276918,0.9256402254104614,11.590623365709854,3.7370667753196796,0.09558768671440072,0.04731774198242957,4.01685094833374,shoulder press_22.mp4,390
34.74005390524047,27.305302949134006,137.97217528870235,125.62015536239043,0.843523383140564,13.434359837020839,7.9875341299858125,0.239655353213825,0.09372063212766091,3.0263912677764893,shoulder press_22.mp4,393
48.94820878101889,44.16106312824474,158.47363113004675,144.35406017395843,1.060388445854187,17.765445438693177,12.503640682623734,0.10282854874945847,0.0932515180186336,3.59452223777771,shoulder press_22.mp4,396
76.80771477643604,73.19461460856294,174.1597034407044,171.39092945262266,1.293251633644104,15.779696246280706,11.632220506940234,0.04817392080091829,0.016025286742487117,1.8446444272994995,shoulder press_22.mp4,399
103.37939629086581,96.9133815860564,153.72413961664972,162.112850560157,1.2850791215896606,12.328488944544718,13.46983023069233,0.0645656301075689,0.05312050965791718,3.937821865081787,shoulder press_22.mp4,402
127.70837289004426,122.70038331212291,133.21203343251761,136.96336267488513,1.3773771524429321,10.107602721653763,12.755102558427538,0.039998518054042455,0.02776958447301584,3.629380941390991,shoulder press_22.mp4,405
146.10343891488952,141.12749693795493,117.52021411104882,121.83700678467741,0.9089664220809937,6.6773985605286255,9.956843351419396,0.03464767443771371,0.036069876291797094,0.9028313159942627,shoulder press_22.mp4,408
156.80235704994632,154.8491650576912,109.50328136632108,114.70243903560525,1.0902453660964966,1.9825637707052024,3.4048156604717663,0.012534461433373167,0.046378456891856414,3.287975549697876,shoulder press_22.mp4,411
162.88000139602553,164.51491704435747,106.95509747060196,107.97278759443329,0.8114458918571472,1.7616298327560251,1.472041743965327,0.009987422261287484,0.009470061304733775,2.1559200286865234,shoulder press_22.mp4,414
170.93399153593876,169.77797486552367,100.15677903170342,107.07753742394702,1.282989740371704,7.306492197517911,4.278167041048077,0.0067858882834361325,0.06679162515755142,2.299485683441162,shoulder press_22.mp4,417
169.78904608242405,171.7734262896007,105.24668152264536,102.63138330048822,0.8516181707382202,6.7403680744362156,6.490475955533398,0.011619427587555922,0.02516184884039862,0.29388996958732605,shoulder press_22.mp4,420
170.0041428478283,173.01753102850643,110.19369946212862,99.06595471326729,0.7940943837165833,8.467563411632373,8.826542267953323,0.017569666351546716,0.10635346591497614,3.172200918197632,shoulder press_22.mp4,423
167.47911078639697,167.07947038032904,105.69212613351755,108.2592155612494,0.7590434551239014,6.625676394980025,5.421561760753761,0.0023890608614744917,0.023996946290658825,1.7238190174102783,shoulder press_22.mp4,426
159.62663231271648,161.43550138423817,111.53096854407833,111.00263200941207,0.8344725966453552,1.9167497973323127,2.8519151012116497,0.011268031210613247,0.004748375376591905,2.5322115421295166,shoulder press_22.mp4,429
26.042984499415642,23.41341596282371,119.87967458760471,115.99206503017253,1.0819469690322876,2.071116777606612,4.95591298576295,0.1063388565287781,0.03296375872524564,2.992750883102417,shoulder press_22.mp4,0
22.734840090310463,21.880684028601994,115.29457506151503,116.00193814497624,0.8197473287582397,3.34825352345096,4.261968756671538,0.038289634766226745,0.006116504513232336,3.4436986446380615,shoulder press_22.mp4,3
22.944643923573857,22.544164079879994,116.66411851140117,115.78436860615642,0.9720221757888794,3.249182258943298,4.611334697859803,0.017607840753420256,0.0075694182066225225,2.8210608959198,shoulder press_22.mp4,6
23.328642043293414,22.91080590507993,115.9662643433796,117.60552949846814,0.6951812505722046,3.2148027357893554,5.05245183711719,0.018072713094671955,0.014036499254687316,1.9885116815567017,shoulder press_22.mp4,9
24.657778235710342,24.943985803400754,117.52803541164394,119.29044090178445,0.8317869901657104,2.055138515474185,6.067069749414696,0.011540217298108025,0.014884020179303676,2.4044198989868164,shoulder press_22.mp4,12
27.980050741293013,27.152074804873052,123.98385316480685,120.52588632411631,0.8900107741355896,3.3891405005585042,6.935461647356328,0.03003606076194676,0.02828490061719758,2.5261662006378174,shoulder press_22.mp4,15
35.457440219863166,33.507743178078314,130.69040239792048,131.81818390882563,0.7133229970932007,5.115289530157303,9.963490259259208,0.056541487913828924,0.008592339982261138,1.248695731163025,shoulder press_22.mp4,18
48.358160678271865,43.39451834908374,148.9380385539653,144.46094610155316,0.14917877316474915,10.16423234114162,13.750950671114671,0.10819612858842498,0.030518799904292227,1.6744390726089478,shoulder press_22.mp4,21
70.55707696917895,65.83316971843249,173.0245858164998,169.20183399975167,0.21094302833080292,11.890747334905182,14.588681299285469,0.06927045540970556,0.022340483349010013,0.8923003077507019,shoulder press_22.mp4,24
90.09180309113019,84.8690489011812,167.00341565869905,173.12222661745642,0.8206036686897278,12.839932908533935,13.296759128781606,0.059701974818669706,0.03597970983786849,2.959784507751465,shoulder press_22.mp4,27
108.94233466444437,97.10591707392975,148.31301517130868,162.43192663532767,0.2776511013507843,12.08919843393154,14.174095038280976,0.11488976480658226,0.09087138398413322,1.5436203479766846,shoulder press_22.mp4,30
122.9067518954098,114.30467163149527,134.15416544643645,147.24690566243652,0.5301485061645508,11.795089941959972,13.519298972886594,0.07252669484476883,0.09305394726756058,1.5994994640350342,shoulder press_22.mp4,33
134.7558760972553,129.82275069320835,124.34807055971682,131.6869319186531,0.4098149240016937,10.976418996285394,12.268021064517045,0.037290430174874344,0.05732701613371226,3.795518398284912,shoulder press_22.mp4,36
145.18482980675745,138.94171387569966,112.62106407835508,128.7830939269841,0.864565908908844,9.303119853011417,9.103567223252979,0.04394602383954074,0.13390017787739644,2.7725412845611572,shoulder press_22.mp4,39
150.7689116979176,150.9059038789696,105.68148271799136,122.45144009441773,0.511182427406311,8.188422384248101,4.497499321733006,0.0009082109210213975,0.1470191778519938,0.4307895600795746,shoulder press_22.mp4,42
161.9388134379102,159.74227868320318,99.89294304755167,116.82066116172584,0.08832237869501114,0.9464081313235909,1.2079097760220752,0.013656598466657894,0.15622201638829553,2.1652567386627197,shoulder press_22.mp4,45
168.23874643658837,169.9287548863658,102.97690912308208,106.77892744276629,0.14593107998371124,5.586647829997928,6.2292865952224705,0.009995096768115774,0.03625184769045171,1.016709804534912,shoulder press_22.mp4,48
169.45816163900096,169.28823200523306,103.57206571150243,106.80331984787628,0.11460486799478531,7.008391459838923,6.810906129694072,0.001003285271555538,0.03071893727283816,0.29740503430366516,shoulder press_22.mp4,51
170.65424313613278,170.58797921831936,106.50046379486234,102.04366390895193,0.09517205506563187,7.56729152702696,6.853835862502326,0.00038836880944109314,0.04274203196208146,0.1574023813009262,shoulder press_22.mp4,54
171.96869364718341,169.54994775814745,105.87112757264512,104.36515410115803,0.08666200190782547,9.953785614005799,7.075552358715187,0.01416464927995117,0.014326485033860357,0.579049825668335,shoulder press_22.mp4,57
171.3910207097495,167.1948317285725,108.42099633599581,104.22484894551626,0.14206503331661224,9.790233989995563,6.065487073257937,0.0247865582744123,0.03946606513684258,0.8667317032814026,shoulder press_22.mp4,60
166.35852980210257,164.71560110927422,111.82880675455611,105.57407393051074,0.16730552911758423,6.567362135739845,4.811556233627428,0.00992483881664638,0.05754047788452333,0.11032548546791077,shoulder press_22.mp4,63
159.13285803583807,158.28088105275899,110.13992049921423,115.71158044915543,0.1996038258075714,2.6798309315505144,1.678574327108766,0.005368242632000742,0.04933914476145018,0.6252707242965698,shoulder press_22.mp4,66
154.28778989604305,150.15492839061454,110.06256611316844,122.8773632849312,0.19998183846473694,1.1884473223103518,2.0684105495728713,0.027150339010815705,0.11002662536109885,1.6979337930679321,shoulder press_22.mp4,69
142.85470376789857,133.22561426249922,120.24759703675082,132.5260752701509,0.328189492225647,5.2872430043051954,8.883238926880967,0.0697557114834904,0.09714997706321513,2.672053098678589,shoulder press_22.mp4,72
126.86557084353079,112.42430916676823,137.64623645380416,148.93030859975994,0.45454415678977966,6.242882255839663,10.903493070028958,0.12070098138827279,0.07875084224947067,3.0793442726135254,shoulder press_22.mp4,75
101.07365479674584,88.3565443663819,160.55868757988037,172.42948797826995,0.262018620967865,7.545349504526085,11.647579875151003,0.13426698051890462,0.07129863022007854,1.7892260551452637,shoulder press_22.mp4,78
64.3975458690132,56.07349911484278,162.27062276444963,159.02744831126705,0.294516384601593,10.024261351319472,13.435045756565804,0.13819165850658807,0.020187948482381604,1.5611801147460938,shoulder press_22.mp4,81
43.93975924846725,38.18964897296443,141.61032972818376,138.69062676784057,0.3705579936504364,8.159949900173375,12.70535700897586,0.14002561080191317,0.020832629305598524,3.4863803386688232,shoulder press_22.mp4,84
32.31858277958829,27.82948112323859,127.26057643609197,125.12206215161316,0.5341362953186035,3.7845045281685024,10.241917576501152,0.14926836759374787,0.01694660374775066,2.51438307762146,shoulder press_22.mp4,87
23.89059178613644,23.967943401102616,117.34210921070444,120.82559696043093,0.9338763356208801,3.2962947424611797,8.368112268904857,0.0032325107596189394,0.0292523936660282,3.3358778953552246,shoulder press_22.mp4,90
20.966196140230274,23.777800793356096,112.29254055132901,121.57240301924645,0.9244670271873474,2.091200156957977,8.125348816559171,0.12567516743303442,0.07936086808253906,2.4124369621276855,shoulder press_22.mp4,93
20.62188657532748,22.5551622982661,112.18473774471265,120.63472769455332,1.1660430431365967,1.6808308553935456,9.776333765848468,0.08955108203891086,0.07258834594347921,3.348517417907715,shoulder press_22.mp4,96
20.577265652014493,23.442293530488605,115.503168263177,119.05008858599,1.2148125171661377,2.6628746103678127,9.247600845129423,0.13017067556700587,0.03024405092864598,3.5233044624328613,shoulder press_22.mp4,99
20.755246985739067,22.364829994585254,114.64207707169221,119.54144203255045,0.7121957540512085,3.3553883464871523,9.463828371010393,0.07465585043276425,0.04184209870616361,3.106520652770996,shoulder press_22.mp4,102
22.05590588065908,22.98165386110803,114.75637106640897,120.56860621806663,0.7468319535255432,2.497856470864387,9.934775771137735,0.04111004174102382,0.04939752013345753,3.495046377182007,shoulder press_22.mp4,105
23.475921657666206,25.199173056823927,116.64164074343287,123.81900657921283,0.8332670331001282,2.893190965725636,10.739732131392417,0.07080628848349114,0.05969680208129436,2.720064878463745,shoulder press_22.mp4,108
30.765138660306498,34.43722044649152,123.87371164279442,136.0098765500348,0.7996761202812195,2.895031015556865,13.408836611150196,0.1126364701059466,0.09339693200045816,2.339796543121338,shoulder press_22.mp4,111
46.36297400672554,49.97361446866454,144.95026232731823,155.56562014017706,0.12264445424079895,10.688867999231597,16.956174064109444,0.07495886078343686,0.07064756595024238,1.7700772285461426,shoulder press_22.mp4,114
68.64539384200083,69.87803868318862,173.14693898176535,173.69428726735083,0.16628648340702057,13.712546249905504,15.035754794851863,0.01779691448179563,0.0031561893117766603,1.901374340057373,shoulder press_22.mp4,117
94.96861408601028,94.50199306170282,163.43149378004054,162.96036035721875,0.26873713731765747,11.278766446327339,13.971537267179455,0.004925524136244258,0.0028869190014997456,1.9469903707504272,shoulder press_22.mp4,120
110.82843284963307,106.30834573063655,146.41594624740858,152.318540886648,0.893168568611145,12.938595364948343,13.892242634876736,0.041633546822889556,0.0395173298929537,1.7929294109344482,shoulder press_22.mp4,123
128.70398176275458,122.13258866481816,124.53703486347527,141.6649485449875,0.7602202892303467,13.32802598645768,12.93098276332817,0.05239581363064334,0.1286835917764821,3.2308716773986816,shoulder press_22.mp4,126
137.72527816700543,134.19535794159367,121.0347919564426,128.61834351327022,0.46157413721084595,11.710896578619776,10.854124996998213,0.025962871196005776,0.06075270428756645,3.1851987838745117,shoulder press_22.mp4,129
146.10982021950207,143.76877843352662,111.57293549337244,123.47114445040293,0.8828669786453247,10.669424400986735,7.89600805579963,0.016151877350404662,0.10124236236774521,2.753471612930298,shoulder press_22.mp4,132
152.12343756737016,151.76287325162158,110.64562670167524,115.1329692290622,0.7953113317489624,8.190635285663753,4.883862127349754,0.002373021112907873,0.03974993740118349,1.0796540975570679,shoulder press_22.mp4,135
160.3082818177169,158.64569758442983,103.6825201035,112.89240561339389,0.5987411141395569,4.066227972516277,1.9671366750066295,0.010425229598348053,0.08505033977878888,0.5125524997711182,shoulder press_22.mp4,138
168.60715118088586,169.65726963086868,104.74733418288142,103.20985310874921,0.08472062647342682,3.9276682972155723,5.054103425283928,0.006208861384018944,0.014786515379976762,0.4746757745742798,shoulder press_22.mp4,141
169.13640748546206,171.61374295771415,98.42616706614716,108.17586202179527,0.057089172303676605,4.133305544710009,6.666611276324399,0.014540480578101556,0.09438140562983575,0.3853519856929779,shoulder press_22.mp4,144
169.12613826448768,169.92461557136045,104.44820220131258,103.02047073825393,0.06264056265354156,4.119724922665537,5.178062665479279,0.0047100753963187055,0.013763345018112997,0.04908214136958122,shoulder press_22.mp4,147
171.41171524377387,168.22073242189782,105.59915109813483,102.59516905972225,0.1015893891453743,6.566760214449259,4.764509752325505,0.018790800724771718,0.028857483106502563,0.413786381483078,shoulder press_22.mp4,150
165.97833369086746,164.1407553213764,105.741274672499,108.53814173339987,0.08322872221469879,3.80296648393449,2.322420729766604,0.011132821037337317,0.026104859792999424,0.12139042466878891,shoulder press_22.mp4,153
157.13518787465037,161.0254603780736,116.12584543179995,107.31416513036535,0.08677566796541214,0.04515301006137982,2.3080199050810593,0.02445476852519536,0.07887289549678045,0.3951132297515869,shoulder press_22.mp4,156
149.86495404418645,150.22816267782036,120.32612935687892,115.07832745573536,0.0671556144952774,3.142963669292318,2.8048914866673877,0.0024206395508256707,0.04458540821358276,1.9773741960525513,shoulder press_22.mp4,159
138.3863600510115,141.08888855460103,129.65356671449112,119.95998046695281,0.32092007994651794,6.425332890660375,7.68459808270148,0.019340020392312095,0.07766875121158423,1.0007410049438477,shoulder press_22.mp4,162
129.57063842259623,127.8638556274447,135.26000123806938,132.41924700262362,0.16504362225532532,7.425192813347186,11.21267425095541,0.013259938622053932,0.021225061368159517,0.9123437404632568,shoulder press_22.mp4,165
116.30962653393784,108.0084786785291,143.24834314665125,155.1656977201566,0.022261662408709526,8.552733038544625,11.813844969158174,0.07401228578982656,0.07987127240319407,1.803219199180603,shoulder press_22.mp4,168
96.42319963135684,91.74958738817548,163.9232496114893,167.2485643132118,0.26922959089279175,9.142398859192479,13.675697099798793,0.049673625152782924,0.020082111833820405,2.674976348876953,shoulder press_22.mp4,171
72.32488511019875,69.63526626513959,174.7572320086626,169.41732295211452,0.07026047259569168,10.06217324593018,13.796170266926625,0.03789258913859407,0.031030237300120236,2.2460103034973145,shoulder press_22.mp4,174
49.430342908485216,46.01417696512754,151.4431988935025,148.16599669717863,0.02413845807313919,12.04350405373708,14.789969367746924,0.07158432873634545,0.021876512767659635,2.7371041774749756,shoulder press_22.mp4,177
37.49537918244108,30.931262879442944,135.51701278341082,133.81426975559225,0.46463486552238464,8.681936178319338,14.457966356606619,0.19185849561525015,0.012644227672082531,3.2211151123046875,shoulder press_22.mp4,180
30.50195488931713,23.30109064467554,126.11367630594542,126.33085072927801,0.09044566750526428,5.82903855014597,14.839701081293912,0.26767496795667806,0.001720571452929868,1.7897096872329712,shoulder press_22.mp4,183
25.05828391472675,19.429899597146182,122.59278527945469,121.57666808074332,0.47080346941947937,7.069386715545642,14.444432584157202,0.2530282818168323,0.008323049298164234,1.8514206409454346,shoulder press_22.mp4,186
19.918452962555516,18.498523297528152,117.61661556556503,121.91643757373245,0.6534424424171448,8.837757069486353,14.206765262339772,0.07392198987314427,0.03590170084515991,3.0902018547058105,shoulder press_22.mp4,189
19.170573198305885,22.033995927988535,115.87084351771635,123.18317244022609,0.6540020108222961,8.092092790423349,11.232895847781904,0.13898568971349232,0.061177210457708575,3.4733376502990723,shoulder press_22.mp4,192
19.89886630911422,20.447341194117538,116.89134254130562,120.61238457698936,0.6970392465591431,5.649466219423857,12.873557093789742,0.027188423346079606,0.031334599088883974,2.9008309841156006,shoulder press_22.mp4,195
19.490768807929694,21.269612313316276,116.7913194044813,120.31570063669979,0.771514356136322,5.1254132431641795,12.218462897591062,0.08728296725662248,0.02972818967237974,2.777195692062378,shoulder press_22.mp4,198
20.209632484473786,21.675666388815586,117.19435134344542,121.21264516796361,0.5641104578971863,5.425305292522304,12.435476925213345,0.07000231316371014,0.03370952936212088,2.6042706966400146,shoulder press_22.mp4,201
21.417986882666444,22.306724632368315,116.54851734693516,123.72315559621387,0.46979355812072754,5.261387234354468,13.173285373414057,0.0406515089022956,0.05972104960518017,2.287729263305664,shoulder press_22.mp4,204
23.247132679739927,24.24655527852578,120.53579433301246,127.53678790121332,0.19682422280311584,7.671391075993959,14.729064960025616,0.04208654420200335,0.056443106329184256,1.9477585554122925,shoulder press_22.mp4,207
30.53000046667423,30.137338298276564,126.09932139768357,136.1919469414696,0.19283679127693176,6.684966170958631,16.171883029227097,0.012944763241354466,0.0769573886900106,1.8683842420578003,shoulder press_22.mp4,210
48.15225741500951,45.04069584572854,147.90119245675683,151.98924692011926,0.007804366294294596,10.946346543930492,18.177108821625055,0.06677675640507592,0.027263653165180875,0.9219403862953186,shoulder press_22.mp4,213
75.17604151618177,67.40752622154426,178.64679280346985,171.92551959738864,0.01923336274921894,12.815452488808829,16.065405984030917,0.10896789045042317,0.03834457524640927,0.3691648840904236,shoulder press_22.mp4,216
96.89418747007106,86.63222518920851,160.80586444630458,172.80715232985662,0.5673952102661133,10.843569203975374,14.442193924782773,0.11183090359766455,0.07194735984540042,1.7088686227798462,shoulder press_22.mp4,219
120.16605425720634,110.29955443989216,138.02152581826604,150.93721551759813,0.6534968018531799,10.78018899729884,13.538234070015855,0.08562231799436715,0.08939469793938405,2.176692485809326,shoulder press_22.mp4,222
132.55037589233626,128.27510531982216,125.78252666948539,134.51865672262355,0.571675181388855,11.541383408513171,11.759514205881574,0.03278261428020945,0.06712324499868555,3.8653011322021484,shoulder press_22.mp4,225
143.8247994320817,136.90833638818071,116.72817531443697,127.63175638338525,0.13151443004608154,9.457489434973416,9.365944010800975,0.04927429050149043,0.08924197181747255,1.060840129852295,shoulder press_22.mp4,228
151.4908436109445,149.67946509653186,108.88067836437737,119.94296113235163,0.012145359069108963,6.8579809022763865,5.620852688275624,0.012028931551629226,0.09668828616050734,0.14608924090862274,shoulder press_22.mp4,231
158.56850340463706,158.8437317889315,104.55956407520242,113.7748617382795,0.22131092846393585,3.4014688214021485,2.241323515408752,0.001734201481720497,0.08441451803802574,0.34558072686195374,shoulder press_22.mp4,234
169.14634171022615,166.68443420675743,99.65662233376986,110.84458385624887,0.23094679415225983,6.296355650263633,3.4398287212475545,0.014661595541662324,0.10629831272681335,0.27339616417884827,shoulder press_22.mp4,237
171.47753086708747,168.93928929117405,97.7261807490205,109.5951860856057,0.2414962351322174,6.878391500127599,4.794346985542937,0.014912550882376353,0.11449862132206316,0.8368637561798096,shoulder press_22.mp4,240
170.8187445548225,167.65214856089722,104.09676080588862,104.04683662876796,0.033208198845386505,5.357316533550636,3.9928653739616906,0.01871118644664466,0.0004797089868337781,0.29029586911201477,shoulder press_22.mp4,243
170.7753118103495,168.38337512177006,99.54835029364979,108.16790230570287,0.02187633328139782,5.746743496616931,4.062071479240747,0.014105118227788042,0.08299352510155905,0.8386726379394531,shoulder press_22.mp4,246
170.00585470173826,166.88457694253833,104.61838158034654,106.16003814992301,0.16976432502269745,7.059277068947245,3.797433188217456,0.018529928226015582,0.014628220209159104,0.8511928915977478,shoulder press_22.mp4,249
164.8341485049872,163.8550453410719,107.12217190932596,109.00863892532986,0.28049859404563904,4.934952472765275,2.039454708978907,0.005957623081298333,0.017456715298653912,0.7288709878921509,shoulder press_22.mp4,252
155.50127819568687,158.1133419916758,110.53586656414522,113.67530587123157,0.10643094033002853,2.2216377616989416,0.644480612544425,0.016657793532893463,0.028004307483751396,0.17278049886226654,shoulder press_22.mp4,255
148.0031896329249,147.54353645957735,112.50302336097684,125.18475752218203,0.4392537772655487,4.980392842393022,3.631397720046757,0.003110527931909269,0.1067091805399891,1.513371467590332,shoulder press_22.mp4,258
133.2101779017947,134.11248321654816,128.54840781471884,129.11302158441413,0.44354334473609924,9.597327576884272,9.55762851763173,0.006750683320139483,0.0043826021691486024,2.9227256774902344,shoulder press_22.mp4,261
118.25605857481891,114.80395513698654,144.3441637251967,146.40441534603553,0.28425148129463196,9.194571166793736,10.332863277745293,0.029624158883824008,0.014172049455375584,1.8608319759368896,shoulder press_22.mp4,264
91.88576870058033,91.37932557815685,165.84890538203845,172.293676511215,0.37458157539367676,10.078570136701586,10.1518210934928,0.005526891243710618,0.03811866043662656,2.6508820056915283,shoulder press_22.mp4,267
65.16297295048861,63.72918629235671,164.78952894309754,162.8130386025847,0.33783257007598877,9.076665846927948,11.139855640388706,0.022247849156293638,0.012066391025688341,0.5147455930709839,shoulder press_22.mp4,270
41.20954122879837,37.001835470811706,140.4224747505549,135.13991658745257,0.22638633847236633,8.723208984423076,11.067798764353054,0.1075983043783359,0.038340196842193065,2.978891134262085,shoulder press_22.mp4,273
34.27911405956302,30.455483807157304,127.86562922627792,126.50132816299237,0.7000583410263062,2.8978147885162433,8.245918307175998,0.11813250961342338,0.010727030564726181,3.474081516265869,shoulder press_22.mp4,276
26.248298992128564,26.5936060305008,118.25383702801108,121.96268949250917,1.035813570022583,2.174491937738767,5.8318315839852435,0.013069439424046519,0.03087924480650809,3.579899549484253,shoulder press_22.mp4,279
21.422634391878113,22.240617763018562,110.7227376126013,119.56350714740412,0.8849960565567017,2.492319469468807,5.004306196121642,0.03746781702098734,0.07678069998506677,3.5118408203125,shoulder press_22.mp4,282
19.81559965924874,19.739590908394433,115.25144658462821,113.06897383930654,1.0153030157089233,4.608862838385375,5.420048203291198,0.003843174549965791,0.01911763075128682,3.319545269012451,shoulder press_22.mp4,285
21.11157018307639,23.106370351796954,114.56948329959923,115.78578519029152,0.739190936088562,3.093157280322124,3.769636075066146,0.09022582890975323,0.010560226372644659,3.029592752456665,shoulder press_22.mp4,288
21.8768715990244,21.298909125882304,112.64785264763499,116.72306512045584,0.7879118919372559,1.505567692113228,5.547396057503203,0.026772531425642045,0.03553382017628896,3.01218318939209,shoulder press_22.mp4,291
22.811693646656725,21.527727684038343,115.37210706517466,117.46869830190388,0.4260813593864441,3.0180459543142613,6.532924097810497,0.05791532338873914,0.018008795609720588,2.4363481998443604,shoulder press_22.mp4,294
25.622311824560253,25.015417807863578,116.86854795338283,120.7573575637695,0.6733413338661194,0.2541896467836483,7.863963388409683,0.023970032665448518,0.03273051902252274,2.6813108921051025,shoulder press_22.mp4,297
30.393163708376058,32.567029326849955,126.18578644910293,131.4952868122607,0.4160166382789612,4.982032702401872,11.211071638155023,0.06905523994367764,0.04120985911737792,1.7932584285736084,shoulder press_22.mp4,300
44.4286370236796,47.18174505531996,146.6323300788075,148.58265978725402,0.048907570540905,11.126009748447837,13.72708155788342,0.06010471671794221,0.013212944974991711,2.516878843307495,shoulder press_22.mp4,303
69.46996280044941,74.65554382273224,172.5997005844704,175.65737898556154,0.11679843068122864,12.586695623406623,12.42733439375193,0.07195924085582733,0.01755989227766006,1.3891931772232056,shoulder press_22.mp4,306
97.10407758068796,93.54662187067247,158.18119942604784,166.28467409229023,0.5232357382774353,13.209869599653002,14.51287595777389,0.037319094241488285,0.04994962692607734,0.28598132729530334,shoulder press_22.mp4,309
122.386856015878,118.14784388516976,132.48677767548142,145.31499932050983,0.3268052041530609,12.264055751101061,12.703444095371125,0.03524657467261145,0.09235521661341656,1.4907894134521484,shoulder press_22.mp4,312
134.47734186514987,130.87809012275878,122.8671856938433,129.76251719077456,0.6709609627723694,13.92156089622972,12.227368395019303,0.0271277788845498,0.05458844639563645,4.4679951667785645,shoulder press_22.mp4,315
143.7602855460012,142.19329567447386,112.85270308454021,123.35261307224133,0.37840205430984497,11.809228914763603,9.44692165318992,0.010959749934512377,0.08890494217947059,0.8464608192443848,shoulder press_22.mp4,318
150.04976626745986,153.02485769406385,105.7836707737281,118.49820045266348,0.2548031806945801,10.937604755291938,5.622215365731245,0.019632731950410293,0.11337991438551222,0.14782266318798065,shoulder press_22.mp4,321
156.46598821343065,161.098625022148,107.9859895817151,108.39358267083449,0.10466320812702179,7.287538797000082,1.2013448646128193,0.029176026645517585,0.003767389729781528,0.7665733695030212,shoulder press_22.mp4,324
163.81827846052843,166.58375516767066,100.20626610931556,108.5973796015019,0.05154771730303764,2.7492582553373555,1.402990142851458,0.016740070736091253,0.08037324696722589,1.918829321861267,shoulder press_22.mp4,327
167.93596721215982,168.08471326211037,98.53043039699408,108.90895235390416,0.2294255644083023,2.072251811166845,2.9576795009774464,0.0008853386627311218,0.10006317816104414,0.38916411995887756,shoulder press_22.mp4,330
170.13841113907677,168.0260201930398,105.87425375936377,101.74599682593222,0.04789288341999054,5.24988653075709,2.8526965515319405,0.01249327694054459,0.03976738224516827,1.443933129310608,shoulder press_22.mp4,333
170.0105195008241,168.50751490043888,103.754973029062,105.93634907343595,0.0860099121928215,7.644704774316945,4.231433250655698,0.008879908587698082,0.020805591976836152,1.1303313970565796,shoulder press_22.mp4,336
169.63910058554904,167.16257537208998,104.86540425804709,106.2507761429806,0.2179412990808487,7.38082598019016,3.529181102891633,0.014706133551250812,0.013124260606666048,1.302972674369812,shoulder press_22.mp4,339
164.12489197138692,164.5623538034241,107.39802639526121,109.00042168672377,0.07515784353017807,4.923592206942321,2.1807953571306893,0.0026618728755717198,0.014809674520914045,1.5083115100860596,shoulder press_22.mp4,342
157.7502349265262,160.82242898213764,109.9384663411422,113.51137994663749,0.16474676132202148,1.7106365487840856,1.029986592557747,0.019287242150144178,0.03197955751460893,1.0460374355316162,shoulder press_22.mp4,345
151.59743596392107,154.8761616977664,115.08515233624644,117.10367019303231,0.527948260307312,0.07558871838789971,1.6466879803064027,0.021396464549384646,0.017386865007520715,0.20729880034923553,shoulder press_22.mp4,348
144.69525676850668,146.06676997810655,119.48840416638697,126.01898905659712,0.3757600486278534,3.0045589504801145,1.9957489692001125,0.009433922475682038,0.05320071876025903,2.2542285919189453,shoulder press_22.mp4,351
136.22519800784974,137.84294420301828,127.71864304834025,130.33754876394065,0.4115345776081085,5.162913742690768,4.670738067708754,0.011805430446008148,0.0202971740163125,2.4340317249298096,shoulder press_22.mp4,354
120.28300137107566,123.80691401843497,142.51596670482746,141.2942187123437,0.4108489155769348,6.761085587372074,7.6311969739870245,0.02887388970360342,0.008609613433625823,4.159974575042725,shoulder press_22.mp4,357
104.62537509013906,108.54784217886036,157.07279516512236,151.68813276558475,0.10182959586381912,8.361114859502772,11.645102052023544,0.03680074954042294,0.03487916969044764,2.637516498565674,shoulder press_22.mp4,360
84.22830704353848,90.85006044701457,176.07040516964287,167.61848137930016,0.40300601720809937,10.769491792472238,12.01060885272515,0.07564330760433201,0.04918357340681196,2.693258762359619,shoulder press_22.mp4,363
65.98806315753797,63.33820684845516,169.19095703835956,162.59223474143758,0.06709102541208267,12.927418318603465,10.702670093094731,0.04097939744121607,0.03977731518901968,2.0251352787017822,shoulder press_22.mp4,366
51.32360020241978,41.785440906642705,153.87582499503154,141.6616726428611,0.2193729728460312,14.042964521585183,10.534097540599017,0.20488148480886267,0.08265720898223088,1.3617167472839355,shoulder press_22.mp4,369
35.7518236557664,26.700849356172952,135.7749783771339,124.48357611630641,0.05360986292362213,12.3547031570969,6.16700272051888,0.28985066172790186,0.08677065222931664,2.2737491130828857,shoulder press_22.mp4,372
21.730946908139153,22.806020294312425,121.76313492784452,119.5619621773084,0.6247180700302124,13.939973347414698,1.7910611525048108,0.04827779948671917,0.018242385702445168,2.6062822341918945,shoulder press_22.mp4,375
16.845029759456594,20.465301324767314,116.30261682838336,117.67171955279856,0.624180793762207,15.458339750814114,0.6956230313696908,0.19406268773859772,0.011703016199047664,4.392139911651611,shoulder press_22.mp4,378
18.534064230155135,19.283454980100764,117.18147821493874,116.77024707430513,0.2281399369239807,13.990847459160417,1.4346341805926688,0.039631935970162666,0.003515521333515979,4.464742660522461,shoulder press_22.mp4,381
19.891781275646586,19.95131660893238,115.60332512500501,117.6229405028639,0.39819806814193726,12.92150095366636,0.7291583550125575,0.0029884891711112033,0.017318935947646146,4.237216472625732,shoulder press_22.mp4,384
21.155340878438132,21.43381440149244,117.3301876996976,119.23527748847634,0.3983650207519531,14.045580452244803,0.7294278328850613,0.01307720339715379,0.016106237546239906,3.5854930877685547,shoulder press_22.mp4,387
25.901416362460946,23.53849307520306,124.80161867133722,119.03277227276918,0.9256402254104614,11.590623365709854,3.7370667753196796,0.09558768671440072,0.04731774198242957,4.01685094833374,shoulder press_22.mp4,390
34.74005390524047,27.305302949134006,137.97217528870235,125.62015536239043,0.843523383140564,13.434359837020839,7.9875341299858125,0.239655353213825,0.09372063212766091,3.0263912677764893,shoulder press_22.mp4,393
48.94820878101889,44.16106312824474,158.47363113004675,144.35406017395843,1.060388445854187,17.765445438693177,12.503640682623734,0.10282854874945847,0.0932515180186336,3.59452223777771,shoulder press_22.mp4,396
76.80771477643604,73.19461460856294,174.1597034407044,171.39092945262266,1.293251633644104,15.779696246280706,11.632220506940234,0.04817392080091829,0.016025286742487117,1.8446444272994995,shoulder press_22.mp4,399
103.37939629086581,96.9133815860564,153.72413961664972,162.112850560157,1.2850791215896606,12.328488944544718,13.46983023069233,0.0645656301075689,0.05312050965791718,3.937821865081787,shoulder press_22.mp4,402
127.70837289004426,122.70038331212291,133.21203343251761,136.96336267488513,1.3773771524429321,10.107602721653763,12.755102558427538,0.039998518054042455,0.02776958447301584,3.629380941390991,shoulder press_22.mp4,405
146.10343891488952,141.12749693795493,117.52021411104882,121.83700678467741,0.9089664220809937,6.6773985605286255,9.956843351419396,0.03464767443771371,0.036069876291797094,0.9028313159942627,shoulder press_22.mp4,408
156.80235704994632,154.8491650576912,109.50328136632108,114.70243903560525,1.0902453660964966,1.9825637707052024,3.4048156604717663,0.012534461433373167,0.046378456891856414,3.287975549697876,shoulder press_22.mp4,411
162.88000139602553,164.51491704435747,106.95509747060196,107.97278759443329,0.8114458918571472,1.7616298327560251,1.472041743965327,0.009987422261287484,0.009470061304733775,2.1559200286865234,shoulder press_22.mp4,414
170.93399153593876,169.77797486552367,100.15677903170342,107.07753742394702,1.282989740371704,7.306492197517911,4.278167041048077,0.0067858882834361325,0.06679162515755142,2.299485683441162,shoulder press_22.mp4,417
169.78904608242405,171.7734262896007,105.24668152264536,102.63138330048822,0.8516181707382202,6.7403680744362156,6.490475955533398,0.011619427587555922,0.02516184884039862,0.29388996958732605,shoulder press_22.mp4,420
170.0041428478283,173.01753102850643,110.19369946212862,99.06595471326729,0.7940943837165833,8.467563411632373,8.826542267953323,0.017569666351546716,0.10635346591497614,3.172200918197632,shoulder press_22.mp4,423
167.47911078639697,167.07947038032904,105.69212613351755,108.2592155612494,0.7590434551239014,6.625676394980025,5.421561760753761,0.0023890608614744917,0.023996946290658825,1.7238190174102783,shoulder press_22.mp4,426
159.62663231271648,161.43550138423817,111.53096854407833,111.00263200941207,0.8344725966453552,1.9167497973323127,2.8519151012116497,0.011268031210613247,0.004748375376591905,2.5322115421295166,shoulder press_22.mp4,429
101.6439702053165,83.44340741712615,162.90705295614706,179.46770973047586,0.576541006565094,1.3510644053019278,10.601175882411427,0.19666995147899763,0.09673993868226113,9.341951370239258,shoulder press_23.mp4,21
144.4169692027973,128.86633786183518,122.41204251485456,135.70365482157436,0.3131226897239685,0.6444658922763477,9.056272720915505,0.11380593646932373,0.10298956974627904,8.574884414672852,shoulder press_23.mp4,30
151.32867480241782,142.2489191308263,113.80233058907675,128.2437733355743,0.25856074690818787,0.813235062226085,5.349631549713336,0.06185591720365521,0.11932803306756119,6.345500469207764,shoulder press_23.mp4,33
159.58582407210218,152.94218811831513,114.81358663908561,114.90882836018281,1.455163836479187,4.358152094851186,2.0730049561011583,0.04251545906060551,0.0008291896208517498,7.073024272918701,shoulder press_23.mp4,36
165.11083858854258,159.0319046367952,114.45549113801998,106.90187209676242,0.09985646605491638,6.253574301683084,0.8100054192908367,0.03750775902776531,0.06824818412067754,5.148382663726807,shoulder press_23.mp4,39
166.6874297908785,161.96856737322108,109.34417144811908,107.89498339144937,0.6095688939094543,5.284458565967193,0.9572941230116996,0.02871611933678647,0.013341867931128163,5.988070964813232,shoulder press_23.mp4,42
171.76920289008456,162.13858648758335,111.74851209810895,102.94723306545112,1.240311861038208,8.473236531480083,0.7191931266182807,0.05768428715275314,0.08198838804143807,2.4037768840789795,shoulder press_23.mp4,45
170.6248260481631,162.5654859496588,105.6852231918482,109.46897726687253,0.5423836708068848,8.743655117846707,0.5799897941863859,0.048376797333512966,0.03517248621646391,5.108739852905273,shoulder press_23.mp4,48
168.43778966546697,163.77274245366047,106.04004511328306,109.04139994608654,0.631573498249054,7.343062964636301,0.8108453978500194,0.028084884498084817,0.027909007510852575,7.061303615570068,shoulder press_23.mp4,51
167.4587117613754,159.97016526093506,106.80960930183085,111.21805041111872,0.553714394569397,6.599020638845311,0.9546595309947206,0.045741515339406624,0.04043928293402713,4.45210599899292,shoulder press_23.mp4,54
174.53567432098268,158.83975794542505,104.56019566020811,110.77326938705063,0.027920754626393318,10.196247865436392,1.1732744545463443,0.09416360569134365,0.057706531824757976,4.768465042114258,shoulder press_23.mp4,57
163.153320424221,154.45922268503077,111.1205984067154,114.8143523003713,0.36590811610221863,5.3703150128827355,1.8486709160745152,0.05474656418842783,0.03269749883403087,4.259204864501953,shoulder press_23.mp4,60
154.16207579178118,151.92930646831786,119.87190591346844,113.50947685268524,0.5141221284866333,1.6225979486897766,2.3404747408868216,0.014588906796245804,0.05452387834344356,6.342794418334961,shoulder press_23.mp4,63
155.14792872819464,143.77682226210473,117.1413787028884,120.90914443421109,1.1717891693115234,1.4451362360895261,4.7360898350164105,0.07608005980380611,0.031655177074765166,6.449604511260986,shoulder press_23.mp4,66
143.6120059784494,131.69947239660897,123.15848873446392,132.37255962271982,0.19157226383686066,0.08259311206094909,9.494798188625731,0.08653859005189686,0.07211703585527804,6.166616439819336,shoulder press_23.mp4,69
134.58079188320977,121.19079348051535,128.256493257442,145.53048999652196,0.5311069488525391,1.4666030124083094,8.767705589145297,0.10470278302144391,0.12618566838918457,6.066924095153809,shoulder press_23.mp4,72
126.66556107235084,115.4445415301784,138.40263837465662,144.65420245613132,1.0090012550354004,2.899621975478849,10.462530015900255,0.09269352597478284,0.0441717929383088,8.701234817504883,shoulder press_23.mp4,75
115.21655091952582,106.01309769081475,146.08562952502615,155.10166000936917,0.7438598871231079,4.8346957054649975,11.747170404460453,0.08320271072636769,0.0598699267706873,10.595935821533203,shoulder press_23.mp4,78
107.62976491115325,97.3130134134258,154.41085326247241,164.99034135891193,0.6638098359107971,3.738091390259817,10.985786976046299,0.10067933675992478,0.06624576410229374,10.069973945617676,shoulder press_23.mp4,81
136.69759115623893,123.72120526154629,129.46558560937817,137.1943636629266,0.8652617335319519,0.8271024201803824,11.771899164142265,0.09965782864517089,0.057967295611055965,10.369619369506836,shoulder press_23.mp4,129
144.5947705462984,135.4183890680118,123.18119340748099,127.09624622499524,0.2407904416322708,0.27413756961841695,9.277799111186827,0.06554250158046955,0.031285702964385216,9.377906799316406,shoulder press_23.mp4,132
153.67287017947325,144.66684921029332,115.67395168495406,121.31691052294256,0.20040006935596466,1.646843027308753,6.683149286889607,0.060374267211896065,0.04762174191373086,7.005884170532227,shoulder press_23.mp4,135
156.94572444902113,152.84695236454039,116.36657516337446,111.41523712959115,0.36957141757011414,1.3454143385446902,4.152928934780023,0.026461387832918033,0.04347439318302608,8.876806259155273,shoulder press_23.mp4,138
163.79678600355584,157.00443385748915,111.7800938819892,107.33744335932039,0.5589197278022766,3.6547480228760834,4.076824349446131,0.04234617405138794,0.04055038750984331,8.207208633422852,shoulder press_23.mp4,141
174.22114117692283,164.11576817616486,108.819344208911,101.37621641188373,0.6868849992752075,9.254602120882957,0.3891538575433345,0.059735563702345104,0.07082097999638648,5.887779235839844,shoulder press_23.mp4,144
166.35340474995436,167.42163331885726,111.86078525990912,98.00976869163709,0.750537633895874,3.19044144099921,0.6593973348268597,0.006400889503802067,0.13199580701035246,6.412639617919922,shoulder press_23.mp4,147
166.60944878822949,163.13598327091407,99.86174041796245,113.56466471430652,0.8818802833557129,4.698811324608841,1.0379384847441646,0.021067558059105502,0.12840889380910303,12.434765815734863,shoulder press_23.mp4,150
164.87199885799674,159.77682837069514,108.36790779857382,108.07695650648172,0.2637454867362976,3.0468612261756363,2.010415176473424,0.03138881190975268,0.002688456416152604,6.916134357452393,shoulder press_23.mp4,153
159.78231215993708,158.81043029209172,112.93028423527146,107.04715835611806,0.9508529901504517,0.3447930428497882,2.077900030447689,0.0061010923247361345,0.05348844690481621,8.386141777038574,shoulder press_23.mp4,156
170.19309713911872,155.47231306485008,109.67487688709078,106.85175545567296,0.37585747241973877,5.5788778249982895,3.8740371917163463,0.09040434515319759,0.026076435964226232,5.670992851257324,shoulder press_23.mp4,159
161.21530707656282,153.20474892769127,110.41435822616106,112.18588475527983,0.09373242408037186,1.5711367608552191,4.904988196941472,0.05095449858175186,0.015916663031373898,7.3930253982543945,shoulder press_23.mp4,162
152.39266742045558,150.29006525686157,113.60968556856018,118.1518468715965,0.48521021008491516,0.11341604018810196,5.560915037382116,0.013893109428449279,0.03919685251657678,11.553302764892578,shoulder press_23.mp4,165
148.33058007060419,143.58105841053205,116.43586248129256,122.31591692662342,0.9203185439109802,2.486504375240934,7.527928811985329,0.032540817384223986,0.0492566334786102,10.239147186279297,shoulder press_23.mp4,168
137.40100490957752,130.89504798997962,128.30422695780845,131.40595983316865,0.582798182964325,2.9949612217566752,9.08952703047838,0.04849834240411701,0.023886108694354532,6.831595420837402,shoulder press_23.mp4,171
132.11993652879428,123.43879942739252,129.26194354682983,141.3743136597827,0.08351805806159973,2.6414115399267457,10.752564747354311,0.0679384883394482,0.08951032827582962,8.387805938720703,shoulder press_23.mp4,174
126.86204503940742,117.03598405033571,135.81964115458607,141.98976343526448,0.23725257813930511,4.174242210008981,12.759749800649745,0.08057515696821127,0.04441982293427248,10.402956008911133,shoulder press_23.mp4,177
112.98478033610941,104.15112826738907,149.9448426063606,154.56531401692615,1.6614915132522583,2.935819219789851,13.563236343999906,0.08136518851749253,0.03034691165511171,9.697195053100586,shoulder press_23.mp4,180
81.78515512050274,52.20264516815205,175.6669509961641,141.82464853176216,0.3329026401042938,5.918946552552242,10.887217708766878,0.44157020099770283,0.21318549854371943,17.09737205505371,shoulder press_23.mp4,210
105.24232598862784,86.58684260343202,158.504803914437,178.5474737886056,0.10577825456857681,1.0164301691336972,9.354557544580208,0.19450100860175448,0.11892914660453388,12.03417682647705,shoulder press_23.mp4,219
121.85865233788978,106.97240878002306,142.6544352780687,158.18638229825106,0.19356930255889893,0.7292448312157506,8.90784865787869,0.13010684375750972,0.10325691271093625,9.029891967773438,shoulder press_23.mp4,222
132.93057588120215,115.86378793556287,130.55043123923315,147.85298500244784,0.1925087571144104,2.0319938173648087,9.913702993678106,0.137195937109,0.12429842993158105,11.895294189453125,shoulder press_23.mp4,225
139.94692063868746,128.59124889137183,127.05277916776363,139.11012040777354,0.6302872896194458,0.6072385817098817,5.559109419760084,0.08457398638851232,0.09060121646734635,8.510300636291504,shoulder press_23.mp4,228
145.927761922871,130.3657851386865,123.2898248351367,134.0628930220902,0.2865464687347412,2.0056470679520415,7.867480165181823,0.1126481378207312,0.08372220256037977,10.034026145935059,shoulder press_23.mp4,231
153.76548792768432,150.31903281020436,115.7739068881102,118.87106355950021,0.060745950788259506,1.5382488738941222,2.9626889996880093,0.022667744541003405,0.026398662332133963,7.900943756103516,shoulder press_23.mp4,234
162.8290643626183,155.92887753229502,109.31228379772432,118.96129166808117,1.0930297374725342,6.740341370995427,0.6513460160988063,0.04329421120806531,0.08453898223364219,10.002245903015137,shoulder press_23.mp4,237
165.68464377478955,157.88396623287133,109.55378986644556,110.76434101252137,1.1258633136749268,4.710908202065105,0.8713085211612626,0.04821652843107079,0.010989119608506832,6.926213264465332,shoulder press_23.mp4,240
168.8016084128173,163.88268945250576,110.32954482981278,104.33653212505277,0.2764646112918854,6.614312915148034,1.2117712772082676,0.029571091824134216,0.05583567548048182,5.2015604972839355,shoulder press_23.mp4,243
170.46487676507982,166.69993831582062,108.73785615566443,103.23643403168363,0.5543440580368042,8.180981058047891,2.466391439543676,0.02233292609939642,0.05190650355869583,6.241539001464844,shoulder press_23.mp4,246
169.33666310293688,166.2693281419522,104.75993114987872,107.63403815940009,0.9175572395324707,6.286928621066411,2.7090712970524304,0.018279381423476855,0.027063922943463787,7.382361888885498,shoulder press_23.mp4,249
173.1028614218284,165.54747269544885,105.23985004669262,105.25480171083358,0.8989781141281128,7.078467661290534,2.6693087225518073,0.044620589234458406,0.0001420621760801327,7.050838947296143,shoulder press_23.mp4,252
172.81686878258287,163.63869276583267,107.00375600726176,105.32752220110176,0.9149061441421509,7.524570377788567,1.9833319616871163,0.05455802825497044,0.015788854287544847,7.785511016845703,shoulder press_23.mp4,255
168.3807805331602,162.13635974221836,105.85230046813915,108.63905083071066,0.8809602856636047,3.5596609271788835,1.4005279325400661,0.037785760736881224,0.02598473407618887,9.022159576416016,shoulder press_23.mp4,258
161.34886340551552,158.16448253539014,108.09953448467678,114.82827235840378,0.040540121495723724,1.8252039071296122,0.7356547918015484,0.019932693958357128,0.060366967845006204,9.57614803314209,shoulder press_23.mp4,261
154.19585339598734,152.13001183428472,112.71496357907036,121.09243746985285,0.3424588143825531,1.0661737039431491,0.9264950620634558,0.013487868940807116,0.0716613234072051,7.688056468963623,shoulder press_23.mp4,264
150.67672472061508,141.4859137156443,115.1324562065387,127.56062960354076,0.7595309019088745,0.15117970604235934,5.353939052300981,0.06291571745218837,0.1024188501746422,11.091185569763184,shoulder press_23.mp4,267
140.58006950011978,132.71293251902227,123.2300539097965,133.84060384964815,0.6509552001953125,3.9757673823697814,6.135277761916913,0.05757291202462968,0.08254967744922903,9.661284446716309,shoulder press_23.mp4,270
138.04848185782177,127.44946354699098,127.32404860968717,138.83142668865253,0.3983249366283417,1.0742148819330448,7.089392085420339,0.07984256371302717,0.08647109788792794,9.347786903381348,shoulder press_23.mp4,273
125.21306772922212,114.1472139133152,138.55896479740832,149.72473153653206,1.1154205799102783,1.9792800368327517,9.491235458730012,0.09246190504097719,0.07746374062159661,11.779216766357422,shoulder press_23.mp4,276
90.75738000560936,63.8488627650336,177.65681905901153,160.7783980606405,0.632110059261322,1.7974786234395688,6.502098772994324,0.3480909536168513,0.09974388092361991,10.282058715820312,shoulder press_23.mp4,291
133.57104665337366,126.49207132346297,132.46382111129932,142.99364792946076,0.40447255969047546,0.04181216974542237,3.9716216711528487,0.05444044034372612,0.0764533766670405,9.34436321258545,shoulder press_23.mp4,318
150.2889627635331,139.48364823367095,121.04246856680965,131.36943064664206,1.1278316974639893,5.050861353102144,3.0004873005081407,0.07457788707274626,0.08182626977581144,12.851577758789062,shoulder press_23.mp4,321
154.8655624047945,151.27214499320147,118.545602165063,121.50444488689524,0.5720846056938171,4.293280997171001,1.8348165064381499,0.02347582362287306,0.024651882040179783,7.527521133422852,shoulder press_23.mp4,324
164.50895745642902,163.91082341839154,111.83486046902846,110.11382898639025,0.6902302503585815,6.268944521915545,3.8775123217568974,0.00364249702891955,0.015508372559991187,7.169027805328369,shoulder press_23.mp4,327
174.36577031219815,164.5781677250968,109.13825602164111,105.74566379738705,0.3093538284301758,10.507839242213475,3.7488727719592525,0.05775351902605441,0.031576045588811365,5.612025260925293,shoulder press_23.mp4,330
173.7619976596211,169.08982912241962,103.41166927645108,108.32417987966464,0.01446762029081583,9.790509167430976,5.750242424080261,0.027254739057707856,0.04640225661164729,10.209546089172363,shoulder press_23.mp4,333
174.32836117394334,176.09986715335393,103.29021955148002,104.44305955377675,1.3598647117614746,10.267046242825685,9.282040253321993,0.010110520992367193,0.011099232701300525,11.620641708374023,shoulder press_23.mp4,336
176.3507343399757,171.0718980268765,105.68293349582417,104.71667648569917,1.5477657318115234,11.783451097085225,7.264441149171644,0.030388557458888493,0.009184969593906179,10.66339111328125,shoulder press_23.mp4,339
175.54939334201504,164.56604914842654,108.71525381023191,106.71427131658896,1.2112576961517334,13.021165695493824,4.429618632339468,0.06458597770900781,0.018576678312455044,9.049071311950684,shoulder press_23.mp4,342
173.9532763390245,165.01079422941893,106.83859949681359,109.65479454328927,1.1451506614685059,12.222945319234242,4.720283715507953,0.05276359877676131,0.02601645245539471,10.294086456298828,shoulder press_23.mp4,345
172.05124510959735,161.15803687459876,110.54278660189435,109.91708483398395,1.1855769157409668,10.637069355148263,3.6822732097038564,0.0653835821747321,0.005676332511990851,8.114665985107422,shoulder press_23.mp4,348
167.39307733388435,164.28783381368402,112.61058502618638,108.79857798399702,0.7566166520118713,8.335269221738274,5.194703503953962,0.01872428238005398,0.034434049524987694,7.924107551574707,shoulder press_23.mp4,351
162.95579246944482,155.18989927894464,118.68201651527694,112.44126404874442,1.4102567434310913,7.581196941985221,1.9124991620062441,0.04881972877157147,0.054003668096981976,6.107147693634033,shoulder press_23.mp4,354
157.6031591921296,149.94241519438765,119.83343773526185,118.18048605061027,1.6622651815414429,6.222805702669127,0.5816239582434394,0.04981859363785916,0.013889537707370867,7.817172527313232,shoulder press_23.mp4,357
149.64040115812355,141.4604354217272,122.4597814640867,125.2516706076132,0.9165590405464172,2.1476651956717623,3.6455857488415293,0.0562002214250081,0.022541462012974623,7.552587032318115,shoulder press_23.mp4,360
139.07310907096843,132.35250987511364,128.324448854068,135.15333399188245,0.43985775113105774,0.5510972591783229,5.485876638483241,0.04952074326624132,0.051836515884203675,9.017206192016602,shoulder press_23.mp4,363
131.98037711180837,128.12508733202054,136.0556146574338,137.49191704503923,0.8933454155921936,0.6175762339076691,6.447627148785566,0.029644050639469698,0.010501300294441206,8.553055763244629,shoulder press_23.mp4,366
101.6439702053165,83.44340741712615,162.90705295614706,179.46770973047586,0.576541006565094,1.3510644053019278,10.601175882411427,0.19666995147899763,0.09673993868226113,9.341951370239258,shoulder press_23.mp4,21
144.4169692027973,128.86633786183518,122.41204251485456,135.70365482157436,0.3131226897239685,0.6444658922763477,9.056272720915505,0.11380593646932373,0.10298956974627904,8.574884414672852,shoulder press_23.mp4,30
151.32867480241782,142.2489191308263,113.80233058907675,128.2437733355743,0.25856074690818787,0.813235062226085,5.349631549713336,0.06185591720365521,0.11932803306756119,6.345500469207764,shoulder press_23.mp4,33
159.58582407210218,152.94218811831513,114.81358663908561,114.90882836018281,1.455163836479187,4.358152094851186,2.0730049561011583,0.04251545906060551,0.0008291896208517498,7.073024272918701,shoulder press_23.mp4,36
165.11083858854258,159.0319046367952,114.45549113801998,106.90187209676242,0.09985646605491638,6.253574301683084,0.8100054192908367,0.03750775902776531,0.06824818412067754,5.148382663726807,shoulder press_23.mp4,39
166.6874297908785,161.96856737322108,109.34417144811908,107.89498339144937,0.6095688939094543,5.284458565967193,0.9572941230116996,0.02871611933678647,0.013341867931128163,5.988070964813232,shoulder press_23.mp4,42
171.76920289008456,162.13858648758335,111.74851209810895,102.94723306545112,1.240311861038208,8.473236531480083,0.7191931266182807,0.05768428715275314,0.08198838804143807,2.4037768840789795,shoulder press_23.mp4,45
170.6248260481631,162.5654859496588,105.6852231918482,109.46897726687253,0.5423836708068848,8.743655117846707,0.5799897941863859,0.048376797333512966,0.03517248621646391,5.108739852905273,shoulder press_23.mp4,48
168.43778966546697,163.77274245366047,106.04004511328306,109.04139994608654,0.631573498249054,7.343062964636301,0.8108453978500194,0.028084884498084817,0.027909007510852575,7.061303615570068,shoulder press_23.mp4,51
167.4587117613754,159.97016526093506,106.80960930183085,111.21805041111872,0.553714394569397,6.599020638845311,0.9546595309947206,0.045741515339406624,0.04043928293402713,4.45210599899292,shoulder press_23.mp4,54
174.53567432098268,158.83975794542505,104.56019566020811,110.77326938705063,0.027920754626393318,10.196247865436392,1.1732744545463443,0.09416360569134365,0.057706531824757976,4.768465042114258,shoulder press_23.mp4,57
163.153320424221,154.45922268503077,111.1205984067154,114.8143523003713,0.36590811610221863,5.3703150128827355,1.8486709160745152,0.05474656418842783,0.03269749883403087,4.259204864501953,shoulder press_23.mp4,60
154.16207579178118,151.92930646831786,119.87190591346844,113.50947685268524,0.5141221284866333,1.6225979486897766,2.3404747408868216,0.014588906796245804,0.05452387834344356,6.342794418334961,shoulder press_23.mp4,63
155.14792872819464,143.77682226210473,117.1413787028884,120.90914443421109,1.1717891693115234,1.4451362360895261,4.7360898350164105,0.07608005980380611,0.031655177074765166,6.449604511260986,shoulder press_23.mp4,66
143.6120059784494,131.69947239660897,123.15848873446392,132.37255962271982,0.19157226383686066,0.08259311206094909,9.494798188625731,0.08653859005189686,0.07211703585527804,6.166616439819336,shoulder press_23.mp4,69
134.58079188320977,121.19079348051535,128.256493257442,145.53048999652196,0.5311069488525391,1.4666030124083094,8.767705589145297,0.10470278302144391,0.12618566838918457,6.066924095153809,shoulder press_23.mp4,72
126.66556107235084,115.4445415301784,138.40263837465662,144.65420245613132,1.0090012550354004,2.899621975478849,10.462530015900255,0.09269352597478284,0.0441717929383088,8.701234817504883,shoulder press_23.mp4,75
115.21655091952582,106.01309769081475,146.08562952502615,155.10166000936917,0.7438598871231079,4.8346957054649975,11.747170404460453,0.08320271072636769,0.0598699267706873,10.595935821533203,shoulder press_23.mp4,78
107.62976491115325,97.3130134134258,154.41085326247241,164.99034135891193,0.6638098359107971,3.738091390259817,10.985786976046299,0.10067933675992478,0.06624576410229374,10.069973945617676,shoulder press_23.mp4,81
136.69759115623893,123.72120526154629,129.46558560937817,137.1943636629266,0.8652617335319519,0.8271024201803824,11.771899164142265,0.09965782864517089,0.057967295611055965,10.369619369506836,shoulder press_23.mp4,129
144.5947705462984,135.4183890680118,123.18119340748099,127.09624622499524,0.2407904416322708,0.27413756961841695,9.277799111186827,0.06554250158046955,0.031285702964385216,9.377906799316406,shoulder press_23.mp4,132
153.67287017947325,144.66684921029332,115.67395168495406,121.31691052294256,0.20040006935596466,1.646843027308753,6.683149286889607,0.060374267211896065,0.04762174191373086,7.005884170532227,shoulder press_23.mp4,135
156.94572444902113,152.84695236454039,116.36657516337446,111.41523712959115,0.36957141757011414,1.3454143385446902,4.152928934780023,0.026461387832918033,0.04347439318302608,8.876806259155273,shoulder press_23.mp4,138
163.79678600355584,157.00443385748915,111.7800938819892,107.33744335932039,0.5589197278022766,3.6547480228760834,4.076824349446131,0.04234617405138794,0.04055038750984331,8.207208633422852,shoulder press_23.mp4,141
174.22114117692283,164.11576817616486,108.819344208911,101.37621641188373,0.6868849992752075,9.254602120882957,0.3891538575433345,0.059735563702345104,0.07082097999638648,5.887779235839844,shoulder press_23.mp4,144
166.35340474995436,167.42163331885726,111.86078525990912,98.00976869163709,0.750537633895874,3.19044144099921,0.6593973348268597,0.006400889503802067,0.13199580701035246,6.412639617919922,shoulder press_23.mp4,147
166.60944878822949,163.13598327091407,99.86174041796245,113.56466471430652,0.8818802833557129,4.698811324608841,1.0379384847441646,0.021067558059105502,0.12840889380910303,12.434765815734863,shoulder press_23.mp4,150
164.87199885799674,159.77682837069514,108.36790779857382,108.07695650648172,0.2637454867362976,3.0468612261756363,2.010415176473424,0.03138881190975268,0.002688456416152604,6.916134357452393,shoulder press_23.mp4,153
159.78231215993708,158.81043029209172,112.93028423527146,107.04715835611806,0.9508529901504517,0.3447930428497882,2.077900030447689,0.0061010923247361345,0.05348844690481621,8.386141777038574,shoulder press_23.mp4,156
170.19309713911872,155.47231306485008,109.67487688709078,106.85175545567296,0.37585747241973877,5.5788778249982895,3.8740371917163463,0.09040434515319759,0.026076435964226232,5.670992851257324,shoulder press_23.mp4,159
161.21530707656282,153.20474892769127,110.41435822616106,112.18588475527983,0.09373242408037186,1.5711367608552191,4.904988196941472,0.05095449858175186,0.015916663031373898,7.3930253982543945,shoulder press_23.mp4,162
152.39266742045558,150.29006525686157,113.60968556856018,118.1518468715965,0.48521021008491516,0.11341604018810196,5.560915037382116,0.013893109428449279,0.03919685251657678,11.553302764892578,shoulder press_23.mp4,165
148.33058007060419,143.58105841053205,116.43586248129256,122.31591692662342,0.9203185439109802,2.486504375240934,7.527928811985329,0.032540817384223986,0.0492566334786102,10.239147186279297,shoulder press_23.mp4,168
137.40100490957752,130.89504798997962,128.30422695780845,131.40595983316865,0.582798182964325,2.9949612217566752,9.08952703047838,0.04849834240411701,0.023886108694354532,6.831595420837402,shoulder press_23.mp4,171
132.11993652879428,123.43879942739252,129.26194354682983,141.3743136597827,0.08351805806159973,2.6414115399267457,10.752564747354311,0.0679384883394482,0.08951032827582962,8.387805938720703,shoulder press_23.mp4,174
126.86204503940742,117.03598405033571,135.81964115458607,141.98976343526448,0.23725257813930511,4.174242210008981,12.759749800649745,0.08057515696821127,0.04441982293427248,10.402956008911133,shoulder press_23.mp4,177
112.98478033610941,104.15112826738907,149.9448426063606,154.56531401692615,1.6614915132522583,2.935819219789851,13.563236343999906,0.08136518851749253,0.03034691165511171,9.697195053100586,shoulder press_23.mp4,180
81.78515512050274,52.20264516815205,175.6669509961641,141.82464853176216,0.3329026401042938,5.918946552552242,10.887217708766878,0.44157020099770283,0.21318549854371943,17.09737205505371,shoulder press_23.mp4,210
105.24232598862784,86.58684260343202,158.504803914437,178.5474737886056,0.10577825456857681,1.0164301691336972,9.354557544580208,0.19450100860175448,0.11892914660453388,12.03417682647705,shoulder press_23.mp4,219
121.85865233788978,106.97240878002306,142.6544352780687,158.18638229825106,0.19356930255889893,0.7292448312157506,8.90784865787869,0.13010684375750972,0.10325691271093625,9.029891967773438,shoulder press_23.mp4,222
132.93057588120215,115.86378793556287,130.55043123923315,147.85298500244784,0.1925087571144104,2.0319938173648087,9.913702993678106,0.137195937109,0.12429842993158105,11.895294189453125,shoulder press_23.mp4,225
139.94692063868746,128.59124889137183,127.05277916776363,139.11012040777354,0.6302872896194458,0.6072385817098817,5.559109419760084,0.08457398638851232,0.09060121646734635,8.510300636291504,shoulder press_23.mp4,228
145.927761922871,130.3657851386865,123.2898248351367,134.0628930220902,0.2865464687347412,2.0056470679520415,7.867480165181823,0.1126481378207312,0.08372220256037977,10.034026145935059,shoulder press_23.mp4,231
153.76548792768432,150.31903281020436,115.7739068881102,118.87106355950021,0.060745950788259506,1.5382488738941222,2.9626889996880093,0.022667744541003405,0.026398662332133963,7.900943756103516,shoulder press_23.mp4,234
162.8290643626183,155.92887753229502,109.31228379772432,118.96129166808117,1.0930297374725342,6.740341370995427,0.6513460160988063,0.04329421120806531,0.08453898223364219,10.002245903015137,shoulder press_23.mp4,237
165.68464377478955,157.88396623287133,109.55378986644556,110.76434101252137,1.1258633136749268,4.710908202065105,0.8713085211612626,0.04821652843107079,0.010989119608506832,6.926213264465332,shoulder press_23.mp4,240
168.8016084128173,163.88268945250576,110.32954482981278,104.33653212505277,0.2764646112918854,6.614312915148034,1.2117712772082676,0.029571091824134216,0.05583567548048182,5.2015604972839355,shoulder press_23.mp4,243
170.46487676507982,166.69993831582062,108.73785615566443,103.23643403168363,0.5543440580368042,8.180981058047891,2.466391439543676,0.02233292609939642,0.05190650355869583,6.241539001464844,shoulder press_23.mp4,246
169.33666310293688,166.2693281419522,104.75993114987872,107.63403815940009,0.9175572395324707,6.286928621066411,2.7090712970524304,0.018279381423476855,0.027063922943463787,7.382361888885498,shoulder press_23.mp4,249
173.1028614218284,165.54747269544885,105.23985004669262,105.25480171083358,0.8989781141281128,7.078467661290534,2.6693087225518073,0.044620589234458406,0.0001420621760801327,7.050838947296143,shoulder press_23.mp4,252
172.81686878258287,163.63869276583267,107.00375600726176,105.32752220110176,0.9149061441421509,7.524570377788567,1.9833319616871163,0.05455802825497044,0.015788854287544847,7.785511016845703,shoulder press_23.mp4,255
168.3807805331602,162.13635974221836,105.85230046813915,108.63905083071066,0.8809602856636047,3.5596609271788835,1.4005279325400661,0.037785760736881224,0.02598473407618887,9.022159576416016,shoulder press_23.mp4,258
161.34886340551552,158.16448253539014,108.09953448467678,114.82827235840378,0.040540121495723724,1.8252039071296122,0.7356547918015484,0.019932693958357128,0.060366967845006204,9.57614803314209,shoulder press_23.mp4,261
154.19585339598734,152.13001183428472,112.71496357907036,121.09243746985285,0.3424588143825531,1.0661737039431491,0.9264950620634558,0.013487868940807116,0.0716613234072051,7.688056468963623,shoulder press_23.mp4,264
150.67672472061508,141.4859137156443,115.1324562065387,127.56062960354076,0.7595309019088745,0.15117970604235934,5.353939052300981,0.06291571745218837,0.1024188501746422,11.091185569763184,shoulder press_23.mp4,267
140.58006950011978,132.71293251902227,123.2300539097965,133.84060384964815,0.6509552001953125,3.9757673823697814,6.135277761916913,0.05757291202462968,0.08254967744922903,9.661284446716309,shoulder press_23.mp4,270
138.04848185782177,127.44946354699098,127.32404860968717,138.83142668865253,0.3983249366283417,1.0742148819330448,7.089392085420339,0.07984256371302717,0.08647109788792794,9.347786903381348,shoulder press_23.mp4,273
125.21306772922212,114.1472139133152,138.55896479740832,149.72473153653206,1.1154205799102783,1.9792800368327517,9.491235458730012,0.09246190504097719,0.07746374062159661,11.779216766357422,shoulder press_23.mp4,276
90.75738000560936,63.8488627650336,177.65681905901153,160.7783980606405,0.632110059261322,1.7974786234395688,6.502098772994324,0.3480909536168513,0.09974388092361991,10.282058715820312,shoulder press_23.mp4,291
133.57104665337366,126.49207132346297,132.46382111129932,142.99364792946076,0.40447255969047546,0.04181216974542237,3.9716216711528487,0.05444044034372612,0.0764533766670405,9.34436321258545,shoulder press_23.mp4,318
150.2889627635331,139.48364823367095,121.04246856680965,131.36943064664206,1.1278316974639893,5.050861353102144,3.0004873005081407,0.07457788707274626,0.08182626977581144,12.851577758789062,shoulder press_23.mp4,321
154.8655624047945,151.27214499320147,118.545602165063,121.50444488689524,0.5720846056938171,4.293280997171001,1.8348165064381499,0.02347582362287306,0.024651882040179783,7.527521133422852,shoulder press_23.mp4,324
164.50895745642902,163.91082341839154,111.83486046902846,110.11382898639025,0.6902302503585815,6.268944521915545,3.8775123217568974,0.00364249702891955,0.015508372559991187,7.169027805328369,shoulder press_23.mp4,327
174.36577031219815,164.5781677250968,109.13825602164111,105.74566379738705,0.3093538284301758,10.507839242213475,3.7488727719592525,0.05775351902605441,0.031576045588811365,5.612025260925293,shoulder press_23.mp4,330
173.7619976596211,169.08982912241962,103.41166927645108,108.32417987966464,0.01446762029081583,9.790509167430976,5.750242424080261,0.027254739057707856,0.04640225661164729,10.209546089172363,shoulder press_23.mp4,333
174.32836117394334,176.09986715335393,103.29021955148002,104.44305955377675,1.3598647117614746,10.267046242825685,9.282040253321993,0.010110520992367193,0.011099232701300525,11.620641708374023,shoulder press_23.mp4,336
176.3507343399757,171.0718980268765,105.68293349582417,104.71667648569917,1.5477657318115234,11.783451097085225,7.264441149171644,0.030388557458888493,0.009184969593906179,10.66339111328125,shoulder press_23.mp4,339
175.54939334201504,164.56604914842654,108.71525381023191,106.71427131658896,1.2112576961517334,13.021165695493824,4.429618632339468,0.06458597770900781,0.018576678312455044,9.049071311950684,shoulder press_23.mp4,342
173.9532763390245,165.01079422941893,106.83859949681359,109.65479454328927,1.1451506614685059,12.222945319234242,4.720283715507953,0.05276359877676131,0.02601645245539471,10.294086456298828,shoulder press_23.mp4,345
172.05124510959735,161.15803687459876,110.54278660189435,109.91708483398395,1.1855769157409668,10.637069355148263,3.6822732097038564,0.0653835821747321,0.005676332511990851,8.114665985107422,shoulder press_23.mp4,348
167.39307733388435,164.28783381368402,112.61058502618638,108.79857798399702,0.7566166520118713,8.335269221738274,5.194703503953962,0.01872428238005398,0.034434049524987694,7.924107551574707,shoulder press_23.mp4,351
162.95579246944482,155.18989927894464,118.68201651527694,112.44126404874442,1.4102567434310913,7.581196941985221,1.9124991620062441,0.04881972877157147,0.054003668096981976,6.107147693634033,shoulder press_23.mp4,354
157.6031591921296,149.94241519438765,119.83343773526185,118.18048605061027,1.6622651815414429,6.222805702669127,0.5816239582434394,0.04981859363785916,0.013889537707370867,7.817172527313232,shoulder press_23.mp4,357
149.64040115812355,141.4604354217272,122.4597814640867,125.2516706076132,0.9165590405464172,2.1476651956717623,3.6455857488415293,0.0562002214250081,0.022541462012974623,7.552587032318115,shoulder press_23.mp4,360
139.07310907096843,132.35250987511364,128.324448854068,135.15333399188245,0.43985775113105774,0.5510972591783229,5.485876638483241,0.04952074326624132,0.051836515884203675,9.017206192016602,shoulder press_23.mp4,363
131.98037711180837,128.12508733202054,136.0556146574338,137.49191704503923,0.8933454155921936,0.6175762339076691,6.447627148785566,0.029644050639469698,0.010501300294441206,8.553055763244629,shoulder press_23.mp4,366
168.65262318977165,131.7824283097093,89.32136849993856,117.85726952925225,0.3543992042541504,11.231240044540707,9.999572280349359,0.2454453612921796,0.2754714607718685,24.38102912902832,shoulder press_24.mp4,9
40.315232214741734,12.110464166156815,121.71477888734526,125.33090319068464,0.5006736516952515,4.447935703385466,11.53630425881783,1.0759902107418224,0.02927494439831752,8.514979362487793,shoulder press_24.mp4,12
72.07271526104056,73.57640370735214,92.05089807465879,134.38034847068866,0.13113383948802948,4.584166086305553,5.564115371174987,0.02064809532610905,0.37388347272603595,4.886466979980469,shoulder press_24.mp4,15
31.127954513157505,24.385681788070514,118.10801195844772,122.0882340812545,0.5914188027381897,2.3495919373398544,6.621278031701155,0.24290510131608314,0.033141418223071525,5.424778461456299,shoulder press_24.mp4,18
50.8746797050579,32.531134207231176,134.5663184223049,130.52399066125125,0.6735854744911194,6.612917580159833,8.16601057138072,0.43986251407167126,0.03049774075128125,6.514569282531738,shoulder press_24.mp4,21
66.88316167436464,53.47667443782071,163.07435979755152,158.1022685752274,0.13802559673786163,6.761023534849072,13.94881706383117,0.22277343787753207,0.030961725001690785,4.503979682922363,shoulder press_24.mp4,24
104.71166791782373,88.52144316377093,153.23998163590923,170.1498033870612,1.316894292831421,10.871860078722454,16.04355230835063,0.16757195144693726,0.10457857690187013,3.094604969024658,shoulder press_24.mp4,27
131.9113292575281,121.94919342301755,125.33761790758533,137.6269875007569,0.7333039045333862,13.128658829775462,16.273526565608975,0.07848511244930167,0.09346786100044262,5.3963165283203125,shoulder press_24.mp4,30
147.4368536445201,152.44189188464375,116.24913034363982,107.90884892117376,0.5274872183799744,13.490772703012095,8.410440098757464,0.03338041334868054,0.07441431663347663,1.99599289894104,shoulder press_24.mp4,33
160.88294314360655,161.8190206594565,106.82552829616088,103.35281285490697,0.04452357068657875,5.077676636990958,4.697275127015271,0.005801498725438248,0.03304541678495655,2.109881639480591,shoulder press_24.mp4,36
153.80217770338038,156.11487306885087,107.88276963124818,110.41580306093192,0.07355687767267227,7.820968448728925,8.21173628908083,0.014924608760362583,0.02320705443416286,1.9817978143692017,shoulder press_24.mp4,39
140.588497749329,136.6785185639022,116.60260126924264,124.62449377061004,0.5405246615409851,10.953971888720455,15.37513317362852,0.0282037094596904,0.06650905032075374,3.975435495376587,shoulder press_24.mp4,42
123.09475937319809,118.49548032511518,140.90951401667374,142.17153462943753,0.39080822467803955,8.04960395886526,9.28502312686805,0.03807504023197521,0.008916320034842629,4.133249282836914,shoulder press_24.mp4,45
94.80685382710658,86.21024098844718,167.1663416810517,172.29240323478973,0.7441646456718445,11.514648021546838,9.482215257680137,0.09498122646834942,0.030201381643644967,0.39265257120132446,shoulder press_24.mp4,48
65.53631304192943,58.66429130869229,158.13202958415124,157.37334407771215,0.23118598759174347,6.149007839201346,4.9699473589993985,0.11066003694856805,0.004809334925954062,3.746840000152588,shoulder press_24.mp4,51
60.133871461010806,54.53536287866215,157.27283139580177,149.44166150746844,0.8622475266456604,7.207620536227431,4.703929577265233,0.09764621896340159,0.05106488326786099,2.3933393955230713,shoulder press_24.mp4,54
74.30703137944529,71.19486520226101,172.95076353195935,168.32865370702157,0.4274997413158417,9.191478605285113,6.267399212392845,0.04277835891213483,0.027086953337717098,0.26085108518600464,shoulder press_24.mp4,57
105.42687756113745,99.31058361112463,151.5484592462897,166.13953186443658,1.3380309343338013,11.48306872450546,8.274173506247585,0.05974767797737501,0.09185787959521165,1.4235820770263672,shoulder press_24.mp4,60
133.35527194375877,130.9365846697775,129.2226853535204,130.51713956217185,0.8392382264137268,13.310429420659643,6.647501793528077,0.018303153982667197,0.009967314092643325,1.8493295907974243,shoulder press_24.mp4,63
151.68145121072837,157.20110852819576,112.21221694040443,113.17105895405521,0.0357392393052578,7.368585312802219,0.4508358533755142,0.035739520691182795,0.00850854625167289,2.642859935760498,shoulder press_24.mp4,66
159.93729743234454,166.0142650361652,107.88215062214286,108.50152778214478,0.058574412018060684,2.6335770415514532,5.149127245841476,0.03728755007522174,0.005724804796456816,1.2114992141723633,shoulder press_24.mp4,69
149.7087760347351,158.89089514329777,119.44500363258295,107.13669686157226,0.7807244062423706,7.5077757759614565,0.9914947117042553,0.059508288349830706,0.10864343187616064,0.6552914977073669,shoulder press_24.mp4,72
132.60469369530034,133.32345945648757,132.47636329730332,127.05981011046256,1.049446940422058,9.050265149009952,10.077736748772782,0.005405713931890222,0.041740256209531396,2.0913407802581787,shoulder press_24.mp4,75
108.80687009629115,104.86552969207106,152.560128429832,154.8620087976137,2.076566457748413,12.645258008505579,9.219745362146977,0.03689143200641633,0.01497537157565634,4.4272003173828125,shoulder press_24.mp4,78
94.06646464897725,93.98238387471255,166.87209111048443,168.4768392283791,1.9560744762420654,10.677595716072961,6.8274537441286745,0.0008942439682538061,0.009570617185348443,2.665257215499878,shoulder press_24.mp4,81
77.33768272115684,70.84293825606508,174.591510622062,165.13222535695638,1.538808822631836,9.211793817658261,3.401372936967561,0.08765983597936357,0.055688103381094534,1.7361891269683838,shoulder press_24.mp4,84
74.19283411915758,74.84180079814152,168.67578329200785,175.25186885067163,2.0947139263153076,9.804192921856846,6.012550469520091,0.008708937749189072,0.0382410981943125,1.7797417640686035,shoulder press_24.mp4,87
98.11963713894241,92.46092306214113,162.3937696756855,165.03522824779358,1.7432438135147095,12.194890201167198,11.161989665002762,0.05938395889728424,0.016134542687788498,3.161677598953247,shoulder press_24.mp4,90
123.10259459624689,117.03252576530429,139.43524742425296,141.2604199772268,0.43783050775527954,11.80516368258566,10.872867858350421,0.05055544413331472,0.013004636443948314,0.05563221499323845,shoulder press_24.mp4,93
145.92788383897698,148.08591827362017,116.89056522508663,114.58010877438869,0.434366375207901,10.600324711728037,8.73063547247066,0.01467981719998799,0.019963275785883604,1.1118721961975098,shoulder press_24.mp4,96
157.3675127840015,160.31492134368594,107.20012216213921,111.03009243043121,0.03482245281338692,5.073551221691542,1.1884548164124964,0.018555691111959833,0.035100274959106344,1.1191115379333496,shoulder press_24.mp4,99
149.6459017019044,159.61811924215914,114.8539793820004,108.97658857157762,0.7124069333076477,9.759784178782981,0.3404761176595636,0.06448999472886255,0.05251642672543046,1.4977319240570068,shoulder press_24.mp4,102
138.48112518784993,143.1094186885529,127.5458584794622,119.77228218428927,1.6417545080184937,10.5459823106624,4.5856918464184195,0.03287250656211269,0.06286296892181249,1.6086070537567139,shoulder press_24.mp4,105
122.27543121092742,121.3745602795735,142.56036840194452,139.17399168500359,1.180069923400879,10.123201560728855,7.24626444094272,0.007394795508450023,0.024039501010070876,6.918912887573242,shoulder press_24.mp4,108
100.57689172824519,95.07015175170498,164.41220327244508,164.07773042219338,0.14373043179512024,8.857386532780675,8.611604359338369,0.05629259587666124,0.002036426787815198,7.4473876953125,shoulder press_24.mp4,111
69.84920841858697,70.91501523631214,167.85893856054506,162.71414072281632,1.0102585554122925,9.92549325600517,0.9274775376970478,0.015143149161794576,0.0311265384881429,5.611046314239502,shoulder press_24.mp4,114
60.29005299984573,64.04872378300931,160.4460032837871,154.74305701709076,0.3473831117153168,9.488137765716369,1.8062687495238716,0.06045854528113486,0.03618746324033155,3.323251247406006,shoulder press_24.mp4,117
76.62166998135027,77.02361130944483,174.62370789343035,173.2374595191287,0.8743447065353394,9.947638822133051,4.973097609762942,0.005232068628698537,0.007970124314897069,3.43023419380188,shoulder press_24.mp4,120
100.60007541942511,105.26705338217974,157.30559538222417,149.68106837982162,1.6059280633926392,13.484541624076078,13.922676172462575,0.04533971003454581,0.049673343519004036,6.339471817016602,shoulder press_24.mp4,123
125.73213556262525,130.30824042673316,140.16405648115895,123.23377742238867,1.7767025232315063,14.515223152209888,10.52222763081173,0.03574518156697373,0.1285529103095806,4.36255407333374,shoulder press_24.mp4,126
144.8728577319969,151.47998415566497,120.64417844118024,107.65198153296086,3.3023183345794678,11.98799184067008,7.49039134226233,0.04458959382054868,0.1138187949345359,3.6025121212005615,shoulder press_24.mp4,129
151.71100355924472,157.5458026070393,115.05664118882922,106.65431917151935,1.701116919517517,8.513466168219121,4.63780175503862,0.037734329084788305,0.07579527871471496,4.295248985290527,shoulder press_24.mp4,132
144.89855364519474,152.47036161086655,121.44427347311743,109.74694745498446,2.562925100326538,9.794451984892387,5.6271762918714066,0.05092534947139181,0.10119178376388883,4.321796417236328,shoulder press_24.mp4,135
131.93448074510476,128.84638376240167,132.9243820210675,130.76607579489144,3.2903807163238525,12.378410440731104,8.14090905843854,0.023683463037328826,0.016369998702663924,6.591211795806885,shoulder press_24.mp4,138
111.27290597162748,113.4807103361648,150.50506656417093,147.17825988817313,3.3765761852264404,12.509919562588223,7.165491162543067,0.0196464412969784,0.022351313495755278,7.258728504180908,shoulder press_24.mp4,141
86.39587190507802,87.14753630344308,173.3008339252184,179.78420001027308,1.8772940635681152,11.257495323923246,2.8250595963900262,0.008662551993468846,0.03672410587778802,11.300236701965332,shoulder press_24.mp4,144
60.055192422536585,65.38441262003391,158.5070967712202,155.639765420719,2.3944733142852783,8.448742347966451,1.3895393242639769,0.08496870180177542,0.01825471902214525,5.4334540367126465,shoulder press_24.mp4,147
55.80669811861141,63.29687448617198,155.7301038632856,154.35171824854194,0.602070152759552,8.775069601287262,2.968681183902224,0.12577584708419998,0.008890463848258413,3.397141456604004,shoulder press_24.mp4,150
75.6262809788651,83.45073284175639,177.06661819015534,178.21096483018076,1.4096769094467163,10.699816926853266,5.997170972001759,0.09837312978120531,0.0064419861804785785,4.093050003051758,shoulder press_24.mp4,153
102.37990556394945,114.02295319732607,157.58213228394476,146.3652191186911,3.255007266998291,14.359724729994314,8.80044161795752,0.10760530336820212,0.0738082639213048,8.650328636169434,shoulder press_24.mp4,156
137.7097353167193,145.7632440311342,129.79270290757964,115.32338187070901,2.354340076446533,8.698270733905465,5.5074686567030415,0.05682029188773109,0.11806096731643174,6.490642547607422,shoulder press_24.mp4,159
157.12863206037107,155.97916488478592,105.00721789301687,115.00404756609137,3.293335199356079,6.161876612504906,4.0933028515114405,0.0073423094972399905,0.09087561632095183,1.832154631614685,shoulder press_24.mp4,162
160.1186399291885,161.69360236261866,108.53133950297394,103.33967710456164,3.388572931289673,7.094199910176505,2.935166120864065,0.009788082779038856,0.04900776407779449,7.735520839691162,shoulder press_24.mp4,165
150.95367771374137,152.0636771363677,112.28687688761391,114.48683660618639,3.203669548034668,10.401161126655447,5.397005897039142,0.007326309235161728,0.019402246271657198,5.1545867919921875,shoulder press_24.mp4,168
132.87530090308428,138.4377123357536,133.62424421305388,121.63311435665082,3.541435718536377,10.901818495846113,6.548461922784382,0.041003646424970376,0.09395325504889271,7.317562103271484,shoulder press_24.mp4,171
109.22411933486764,113.20091213880137,149.32282239169177,147.66492763440272,3.511653184890747,13.776146680118602,9.418197611630484,0.0357585005391312,0.011164734957205392,9.649949073791504,shoulder press_24.mp4,174
78.31239015975822,84.0109750181148,178.55666415092495,179.1472837384333,1.7775365114212036,13.727221571120037,5.4065604044278,0.07021274912717716,0.0033022816269896345,7.791334629058838,shoulder press_24.mp4,177
56.71969387556373,63.47873164799054,157.79860098576293,157.85276464087838,1.7519826889038086,11.269944567772294,5.551557542094914,0.11246466404174825,0.00034318657236231476,5.712345600128174,shoulder press_24.mp4,180
53.131488016217226,63.019659562114555,154.8551360711822,155.88312653011275,1.987689733505249,10.931136067383767,4.7995126701753605,0.1702638631138585,0.0066164395097334,4.637998104095459,shoulder press_24.mp4,183
68.7156703918099,82.65681107760587,174.37363717802373,176.77802870643538,2.0720584392547607,14.921767784169829,6.475591857282604,0.18419650058538184,0.013694319361154776,6.289421558380127,shoulder press_24.mp4,186
103.03687305845627,115.1687371178814,151.19967778832716,148.4296623803595,4.04642391204834,16.83310975794164,8.174478722643874,0.1111966282592007,0.018489613910361292,7.490477561950684,shoulder press_24.mp4,189
133.48260910121616,143.6082240722387,129.53508064184084,117.30064702067877,2.9527528285980225,13.501712984975004,6.164492201847029,0.07308516745253753,0.099130168367598,6.272582054138184,shoulder press_24.mp4,192
149.83527464501552,155.5992519798409,114.72434704344884,107.12509324723356,3.446714401245117,13.197298643032152,4.618145235447619,0.03774280136904663,0.06850820796534995,6.224192142486572,shoulder press_24.mp4,195
148.73498003454873,155.59500326082934,114.31145801202507,107.86239729033238,2.6395626068115234,13.245408917889815,5.577094984867345,0.045082795668032374,0.05805418205410472,6.326920032501221,shoulder press_24.mp4,198
139.7082412830716,151.79890602859857,125.4653038122835,109.57351164017318,2.527348756790161,13.994767804963482,3.5701761999843775,0.0829527842252184,0.13522695935578252,6.184787750244141,shoulder press_24.mp4,201
121.22360685058403,123.2999656512596,143.04266354431053,136.19238107920816,2.4463722705841064,13.548808791356057,6.715617378602837,0.016982892728347562,0.049064632803080474,6.689746856689453,shoulder press_24.mp4,204
68.43853644615824,72.78159272163671,169.68517378473138,167.36375742711007,2.0055203437805176,11.0166754719163,5.989847934877035,0.061507609447349273,0.013774951602871273,6.3451619148254395,shoulder press_24.mp4,210
54.032518917341235,61.914062327295674,154.02078591163504,154.68057866091905,2.3197827339172363,10.330999158940251,3.7257206520858555,0.13595128593442676,0.00427463448499877,3.938436269760132,shoulder press_24.mp4,213
57.02363797083773,67.51574091542587,156.79153944368613,161.73790597978257,1.7293814420700073,9.767297718286972,5.134060139946866,0.16849454427053334,0.031057515135032437,2.8464767932891846,shoulder press_24.mp4,216
119.37497900964183,123.86242153699189,139.98147155479177,138.28734669395274,3.160961389541626,12.654931049696934,9.254674358156219,0.036897635949613906,0.012176174617772997,3.4857065677642822,shoulder press_24.mp4,222
142.52043965237448,150.40458259688418,124.26358216208438,109.92157994130979,2.890777111053467,11.149025713953984,5.365953354869285,0.05383045042700963,0.12248429483711276,5.960626602172852,shoulder press_24.mp4,225
155.74347572657825,157.83786751621437,115.27268223397404,100.45440117893388,3.2076313495635986,9.722539561868548,5.096498322390375,0.01335788518524536,0.13737988592445333,7.233499526977539,shoulder press_24.mp4,228
147.62619829086935,157.89425505775404,117.3975701414206,104.4004832064452,1.8915473222732544,13.23062060108318,5.21249511383389,0.06721682070278945,0.11719748427720329,5.362870216369629,shoulder press_24.mp4,231
134.31998216275255,141.29229089877677,124.49478390504606,122.82695843403584,2.966610908508301,11.869478587791033,9.096077378973689,0.05059505267000703,0.013487091391452384,4.936215400695801,shoulder press_24.mp4,234
113.35344388333016,122.6978834299083,145.2444154611256,140.53197611893822,2.614112615585327,13.521513588150619,9.154015597578617,0.07917294643446879,0.03297990653554141,4.880472183227539,shoulder press_24.mp4,237
86.65174331028716,92.24748251418573,169.9667316217941,170.6312643587922,2.435822010040283,12.703887657031167,9.434835464474457,0.06255744459608605,0.0039021529476995225,6.6007537841796875,shoulder press_24.mp4,240
58.87537762621108,64.19494227426456,162.0780144981322,156.70721618426975,2.628350257873535,11.366608985987849,5.571254655029375,0.08644756351255603,0.033695402402210084,4.184043884277344,shoulder press_24.mp4,243
56.44196520960035,59.329500667735545,159.9666059867326,152.09652715886256,2.793508768081665,10.778740424078578,6.405024638576623,0.04988337041865993,0.05043901692929676,2.562847375869751,shoulder press_24.mp4,246
74.11074306465541,78.64947785570286,177.72763586016217,176.01213311946825,2.951554298400879,12.918153487811866,8.302117438694085,0.05942299328584659,0.009699235941959955,4.731759071350098,shoulder press_24.mp4,249
110.13290207789204,113.15534277912303,144.06488053692715,145.25019080590616,3.195335626602173,15.198735747768827,14.422082489090018,0.027072098696162374,0.008193906134771922,5.4553985595703125,shoulder press_24.mp4,252
135.40458294799342,139.43607191845965,126.5435396195257,118.13112475519833,3.0452375411987305,11.72992236377951,11.57776504760726,0.029336918676934134,0.06876408626798887,5.472443103790283,shoulder press_24.mp4,255
149.2496860893958,155.80593067552388,116.72057606305961,103.34885011775074,1.9405033588409424,11.53397913295347,8.27307127687914,0.04298392965621364,0.1215227955774518,4.445573329925537,shoulder press_24.mp4,258
148.23641297078873,156.27386082599634,115.72256738112894,103.34699425236172,2.180666446685791,12.559958300046876,9.467507729140335,0.052789337811120246,0.1129830455357544,5.847099304199219,shoulder press_24.mp4,261
139.52286841767707,145.50177824676496,123.48395972485962,110.67137952089692,3.349687099456787,12.461236894834435,11.866517398769627,0.041953633828212905,0.10943658380999222,5.906740665435791,shoulder press_24.mp4,264
124.09875239525819,130.13877181460947,139.55993510045244,126.78571666465139,2.710193395614624,11.090215017349012,11.417493905623456,0.047514775311966725,0.09592210986847208,6.914280891418457,shoulder press_24.mp4,267
98.72669066494147,104.36367876114377,159.43710027691517,159.18746970301066,3.5562047958374023,12.159745128666502,8.795591214036275,0.05551211622817874,0.0015669260780500302,8.552492141723633,shoulder press_24.mp4,270
67.02385720370104,74.95807299803066,166.60664724926733,171.42322598771827,1.6020699739456177,10.412610734802502,6.9703767077589465,0.11176374040071821,0.028497947192224284,3.128072500228882,shoulder press_24.mp4,273
54.470529611596824,59.32163079804361,155.5271014435197,153.9888552689733,1.4939457178115845,8.574984590876015,7.75286305333685,0.08526248502503692,0.009939688996230113,2.330674648284912,shoulder press_24.mp4,276
56.74284084675972,63.99733610940295,158.606528970341,160.56727738737672,1.5653594732284546,9.691094081128972,9.35401641770148,0.12016704705140747,0.01228639930958611,3.22932767868042,shoulder press_24.mp4,279
79.17251140700843,92.82560259842023,176.43651679795371,168.79802167374038,2.0490732192993164,13.334056922152039,10.688101272746238,0.1587586151204063,0.04425104833385387,1.691531777381897,shoulder press_24.mp4,282
110.86399476336658,121.55889961400268,147.70279715295962,136.49662396212986,2.6037774085998535,14.76412119166832,11.124258412448535,0.09202970197308977,0.07886133720372149,4.469532012939453,shoulder press_24.mp4,285
135.6920713839402,145.78442819328427,126.2033312998398,115.23984001200022,3.0971601009368896,13.05460023194481,7.445275434858968,0.07171012020188336,0.09081632939354914,4.2811598777771,shoulder press_24.mp4,288
152.34008796775927,157.62629518759027,113.93328133100339,105.70698988962374,2.108400821685791,9.220948377737228,4.758866112170015,0.03410826145738293,0.0749069503116429,4.713047504425049,shoulder press_24.mp4,291
148.90179950354772,155.00649366851522,116.06158964942308,103.94359091658896,2.874492883682251,12.891337011337203,8.09891735835961,0.04017458096486508,0.11016103076898362,2.970667600631714,shoulder press_24.mp4,294
137.32152295040817,143.74820780509864,126.42938417101495,114.49786791086727,2.035944700241089,11.134150429247015,10.231896984538668,0.045730181171880345,0.0990466305247411,5.228725910186768,shoulder press_24.mp4,297
115.18558623723489,124.8607226604933,147.28726985076466,132.0344628300848,2.815873622894287,14.090574656610135,9.969529144757374,0.08061058274701906,0.10921317775232031,7.083998203277588,shoulder press_24.mp4,300
58.22275345524152,70.78638163199646,158.26349182412454,168.94760542157425,1.0270724296569824,11.748561321589861,7.615412020385578,0.19477114032675633,0.06530410299273645,3.7955496311187744,shoulder press_24.mp4,306
56.481626178775485,66.13083537115185,159.96302738400254,162.80292878814598,1.836936116218567,12.611537733081208,8.174458523081336,0.15739361351043815,0.01759727969965184,2.3410804271698,shoulder press_24.mp4,312
86.44353656254974,95.64092383856757,170.06813133710486,162.70929123200258,1.4801360368728638,14.123667399986557,12.270876074796673,0.10102330814784233,0.04422679909166057,3.656898021697998,shoulder press_24.mp4,315
112.48193798382799,120.2608257085378,144.64724310673873,136.8675108186158,2.600189447402954,16.191268307051413,12.00739029937514,0.06684536697340043,0.05527051196887366,5.466864585876465,shoulder press_24.mp4,318
136.8212560528843,142.88498899642772,125.35819671575875,117.14782620291193,2.162583827972412,13.096842232262265,7.6769496216221444,0.04335786598167933,0.06771271421658948,3.725351095199585,shoulder press_24.mp4,321
151.81989224758854,155.52816491388162,115.51165369089297,104.78512020967865,1.514896273612976,11.051854449925376,5.4099482816496,0.024130770179847823,0.09738257434542018,4.2251296043396,shoulder press_24.mp4,324
157.3399288458771,158.93203078197374,110.47447518406271,101.921981860698,2.270193338394165,9.159617717051399,6.486108813487511,0.010067929752419567,0.0805332955395047,4.6616339683532715,shoulder press_24.mp4,327
146.45105429869622,147.66504256296338,119.38316017391385,107.69095459574395,1.2050812244415283,12.345424373482771,11.629464110308096,0.008255163707263322,0.10298140402335498,2.7334890365600586,shoulder press_24.mp4,330
127.92516040300836,128.78585401453162,131.95709414537822,127.91958434371905,2.6059813499450684,14.75304442849604,12.221817278837735,0.006705544859273886,0.031072505814164902,2.9567348957061768,shoulder press_24.mp4,333
98.69115931251542,97.48084823390164,156.00889772503666,164.07511640015738,2.3292484283447266,14.048695374752636,12.594270505286731,0.012339284220531902,0.0504006343282473,1.423223853111267,shoulder press_24.mp4,336
57.63420756024548,58.0517564195016,158.66499782992133,154.5493199690178,1.4315059185028076,11.988875203306815,6.69707547994705,0.007218660672252717,0.026280266431150175,3.677640438079834,shoulder press_24.mp4,339
32.35832513937481,38.11833730148912,130.55211221343419,127.88685949035501,2.4032721519470215,8.244851519951325,1.0427614026657501,0.16345870995089928,0.02062578028002655,2.565884828567505,shoulder press_24.mp4,342
25.51163689578117,28.23956640845417,121.43309794888387,104.94392787454002,0.9477025866508484,2.1484828130940636,8.643933735249101,0.10150208162718667,0.14567882950459424,1.5911273956298828,shoulder press_24.mp4,345
157.2009146386098,173.3401772228154,95.4105972042048,101.23163922467104,4.9500885009765625,4.145824306656375,2.7344270874828904,0.0976535927398206,0.059204391957489444,88.7057113647461,shoulder press_24.mp4,363
140.92954700318742,150.87714198927796,90.48409813855878,139.54325871866044,14.094305992126465,5.500744169867832,2.215269856730046,0.06817934859846471,0.42655066119420987,24.390605926513672,shoulder press_24.mp4,366
165.15789457604532,131.71194669828046,25.906411622420464,177.03978035682016,24.711944580078125,3.891573943889268,5.870658256885593,0.2253239853142157,1.4893934915503038,44.183353424072266,shoulder press_24.mp4,378
157.79133563640838,171.55452125663024,96.10907532687433,104.82243414018342,4.000161647796631,3.871255573948912,1.069241625347349,0.0835789206523507,0.08672964072603674,15.680646896362305,shoulder press_24.mp4,381
158.9486339170143,152.0660463417893,103.45855497884686,105.85499856870251,0.35193106532096863,3.143356008766572,5.429497914611657,0.04425892417359723,0.02289812149514011,58.53898620605469,shoulder press_24.mp4,384
170.7748005397017,167.483853204328,99.74845123777484,103.26821075902204,0.4490790367126465,0.6032315799294576,1.059802870557907,0.019458170834346453,0.034674587658255644,35.733497619628906,shoulder press_24.mp4,387
157.2152137764641,132.32665523593806,99.98392123127965,103.90749720189163,0.3947555422782898,5.380806376847185,6.092102925224099,0.17191681897625644,0.03848691622985588,52.30084991455078,shoulder press_24.mp4,414
171.73411498905315,160.41480418277303,97.86768372002796,94.08642172493273,0.7667005658149719,1.6987674752802882,7.778844034177339,0.06815804690560778,0.03939756314489901,42.04026794433594,shoulder press_24.mp4,432
167.52523927074088,169.48099651236896,103.81344756092086,88.1129345682584,0.8465443253517151,4.397290472220063,4.4038441369243095,0.011606653135562525,0.16360974263658004,33.8026123046875,shoulder press_24.mp4,456
167.42483280132788,172.64520611412365,100.37049711269457,88.89030684344924,0.9539865851402283,5.353033821654717,3.114968700649003,0.030701753847204784,0.12131608900811346,33.353797912597656,shoulder press_24.mp4,459
169.58850370079975,171.89571713033024,98.54476703139656,91.70973321745431,0.03163162246346474,2.735285406271586,3.9834465557291274,0.013512855287515321,0.07185148109508152,22.11661720275879,shoulder press_24.mp4,465
165.08186541206337,168.59735272791426,101.44560993647264,88.82150970407315,0.16231326758861542,5.874683202626496,6.051965171662862,0.021071059417168452,0.132698705443684,21.946699142456055,shoulder press_24.mp4,468
167.17290841841384,166.32590071476145,100.05888480017305,90.81262626883017,0.2766934931278229,5.599429214123048,6.901142404330841,0.0050795246067230244,0.09688463699540995,19.695789337158203,shoulder press_24.mp4,471
167.29278243943403,169.8549488591058,98.92939079096404,90.48056792624685,0.017875146120786667,5.512114576121628,4.897678719117928,0.015199072583424887,0.08921202371762597,16.57942008972168,shoulder press_24.mp4,474
165.26906454701202,170.51065018412578,100.36029276422029,90.82377704929273,0.549169659614563,5.748867250143672,4.450111711075999,0.03122038293058143,0.09976266039560491,16.096466064453125,shoulder press_24.mp4,480
166.05327650450388,168.73611809865073,99.55793015156482,91.53293570380643,0.3312762677669525,5.727131269293017,4.09758166754809,0.016027040506029048,0.08399139761951964,19.515798568725586,shoulder press_24.mp4,483
166.48162077779673,169.37814009251287,99.2066892988186,86.8466540379957,0.5984862446784973,5.885454468603544,5.567089704866831,0.01724838550000996,0.13286550017483317,16.18684196472168,shoulder press_24.mp4,489
168.65262318977165,131.7824283097093,89.32136849993856,117.85726952925225,0.3543992042541504,11.231240044540707,9.999572280349359,0.2454453612921796,0.2754714607718685,24.38102912902832,shoulder press_24.mp4,9
40.315232214741734,12.110464166156815,121.71477888734526,125.33090319068464,0.5006736516952515,4.447935703385466,11.53630425881783,1.0759902107418224,0.02927494439831752,8.514979362487793,shoulder press_24.mp4,12
72.07271526104056,73.57640370735214,92.05089807465879,134.38034847068866,0.13113383948802948,4.584166086305553,5.564115371174987,0.02064809532610905,0.37388347272603595,4.886466979980469,shoulder press_24.mp4,15
31.127954513157505,24.385681788070514,118.10801195844772,122.0882340812545,0.5914188027381897,2.3495919373398544,6.621278031701155,0.24290510131608314,0.033141418223071525,5.424778461456299,shoulder press_24.mp4,18
50.8746797050579,32.531134207231176,134.5663184223049,130.52399066125125,0.6735854744911194,6.612917580159833,8.16601057138072,0.43986251407167126,0.03049774075128125,6.514569282531738,shoulder press_24.mp4,21
66.88316167436464,53.47667443782071,163.07435979755152,158.1022685752274,0.13802559673786163,6.761023534849072,13.94881706383117,0.22277343787753207,0.030961725001690785,4.503979682922363,shoulder press_24.mp4,24
104.71166791782373,88.52144316377093,153.23998163590923,170.1498033870612,1.316894292831421,10.871860078722454,16.04355230835063,0.16757195144693726,0.10457857690187013,3.094604969024658,shoulder press_24.mp4,27
131.9113292575281,121.94919342301755,125.33761790758533,137.6269875007569,0.7333039045333862,13.128658829775462,16.273526565608975,0.07848511244930167,0.09346786100044262,5.3963165283203125,shoulder press_24.mp4,30
147.4368536445201,152.44189188464375,116.24913034363982,107.90884892117376,0.5274872183799744,13.490772703012095,8.410440098757464,0.03338041334868054,0.07441431663347663,1.99599289894104,shoulder press_24.mp4,33
160.88294314360655,161.8190206594565,106.82552829616088,103.35281285490697,0.04452357068657875,5.077676636990958,4.697275127015271,0.005801498725438248,0.03304541678495655,2.109881639480591,shoulder press_24.mp4,36
153.80217770338038,156.11487306885087,107.88276963124818,110.41580306093192,0.07355687767267227,7.820968448728925,8.21173628908083,0.014924608760362583,0.02320705443416286,1.9817978143692017,shoulder press_24.mp4,39
140.588497749329,136.6785185639022,116.60260126924264,124.62449377061004,0.5405246615409851,10.953971888720455,15.37513317362852,0.0282037094596904,0.06650905032075374,3.975435495376587,shoulder press_24.mp4,42
123.09475937319809,118.49548032511518,140.90951401667374,142.17153462943753,0.39080822467803955,8.04960395886526,9.28502312686805,0.03807504023197521,0.008916320034842629,4.133249282836914,shoulder press_24.mp4,45
94.80685382710658,86.21024098844718,167.1663416810517,172.29240323478973,0.7441646456718445,11.514648021546838,9.482215257680137,0.09498122646834942,0.030201381643644967,0.39265257120132446,shoulder press_24.mp4,48
65.53631304192943,58.66429130869229,158.13202958415124,157.37334407771215,0.23118598759174347,6.149007839201346,4.9699473589993985,0.11066003694856805,0.004809334925954062,3.746840000152588,shoulder press_24.mp4,51
60.133871461010806,54.53536287866215,157.27283139580177,149.44166150746844,0.8622475266456604,7.207620536227431,4.703929577265233,0.09764621896340159,0.05106488326786099,2.3933393955230713,shoulder press_24.mp4,54
74.30703137944529,71.19486520226101,172.95076353195935,168.32865370702157,0.4274997413158417,9.191478605285113,6.267399212392845,0.04277835891213483,0.027086953337717098,0.26085108518600464,shoulder press_24.mp4,57
105.42687756113745,99.31058361112463,151.5484592462897,166.13953186443658,1.3380309343338013,11.48306872450546,8.274173506247585,0.05974767797737501,0.09185787959521165,1.4235820770263672,shoulder press_24.mp4,60
133.35527194375877,130.9365846697775,129.2226853535204,130.51713956217185,0.8392382264137268,13.310429420659643,6.647501793528077,0.018303153982667197,0.009967314092643325,1.8493295907974243,shoulder press_24.mp4,63
151.68145121072837,157.20110852819576,112.21221694040443,113.17105895405521,0.0357392393052578,7.368585312802219,0.4508358533755142,0.035739520691182795,0.00850854625167289,2.642859935760498,shoulder press_24.mp4,66
159.93729743234454,166.0142650361652,107.88215062214286,108.50152778214478,0.058574412018060684,2.6335770415514532,5.149127245841476,0.03728755007522174,0.005724804796456816,1.2114992141723633,shoulder press_24.mp4,69
149.7087760347351,158.89089514329777,119.44500363258295,107.13669686157226,0.7807244062423706,7.5077757759614565,0.9914947117042553,0.059508288349830706,0.10864343187616064,0.6552914977073669,shoulder press_24.mp4,72
132.60469369530034,133.32345945648757,132.47636329730332,127.05981011046256,1.049446940422058,9.050265149009952,10.077736748772782,0.005405713931890222,0.041740256209531396,2.0913407802581787,shoulder press_24.mp4,75
108.80687009629115,104.86552969207106,152.560128429832,154.8620087976137,2.076566457748413,12.645258008505579,9.219745362146977,0.03689143200641633,0.01497537157565634,4.4272003173828125,shoulder press_24.mp4,78
94.06646464897725,93.98238387471255,166.87209111048443,168.4768392283791,1.9560744762420654,10.677595716072961,6.8274537441286745,0.0008942439682538061,0.009570617185348443,2.665257215499878,shoulder press_24.mp4,81
77.33768272115684,70.84293825606508,174.591510622062,165.13222535695638,1.538808822631836,9.211793817658261,3.401372936967561,0.08765983597936357,0.055688103381094534,1.7361891269683838,shoulder press_24.mp4,84
74.19283411915758,74.84180079814152,168.67578329200785,175.25186885067163,2.0947139263153076,9.804192921856846,6.012550469520091,0.008708937749189072,0.0382410981943125,1.7797417640686035,shoulder press_24.mp4,87
98.11963713894241,92.46092306214113,162.3937696756855,165.03522824779358,1.7432438135147095,12.194890201167198,11.161989665002762,0.05938395889728424,0.016134542687788498,3.161677598953247,shoulder press_24.mp4,90
123.10259459624689,117.03252576530429,139.43524742425296,141.2604199772268,0.43783050775527954,11.80516368258566,10.872867858350421,0.05055544413331472,0.013004636443948314,0.05563221499323845,shoulder press_24.mp4,93
145.92788383897698,148.08591827362017,116.89056522508663,114.58010877438869,0.434366375207901,10.600324711728037,8.73063547247066,0.01467981719998799,0.019963275785883604,1.1118721961975098,shoulder press_24.mp4,96
157.3675127840015,160.31492134368594,107.20012216213921,111.03009243043121,0.03482245281338692,5.073551221691542,1.1884548164124964,0.018555691111959833,0.035100274959106344,1.1191115379333496,shoulder press_24.mp4,99
149.6459017019044,159.61811924215914,114.8539793820004,108.97658857157762,0.7124069333076477,9.759784178782981,0.3404761176595636,0.06448999472886255,0.05251642672543046,1.4977319240570068,shoulder press_24.mp4,102
138.48112518784993,143.1094186885529,127.5458584794622,119.77228218428927,1.6417545080184937,10.5459823106624,4.5856918464184195,0.03287250656211269,0.06286296892181249,1.6086070537567139,shoulder press_24.mp4,105
122.27543121092742,121.3745602795735,142.56036840194452,139.17399168500359,1.180069923400879,10.123201560728855,7.24626444094272,0.007394795508450023,0.024039501010070876,6.918912887573242,shoulder press_24.mp4,108
100.57689172824519,95.07015175170498,164.41220327244508,164.07773042219338,0.14373043179512024,8.857386532780675,8.611604359338369,0.05629259587666124,0.002036426787815198,7.4473876953125,shoulder press_24.mp4,111
69.84920841858697,70.91501523631214,167.85893856054506,162.71414072281632,1.0102585554122925,9.92549325600517,0.9274775376970478,0.015143149161794576,0.0311265384881429,5.611046314239502,shoulder press_24.mp4,114
60.29005299984573,64.04872378300931,160.4460032837871,154.74305701709076,0.3473831117153168,9.488137765716369,1.8062687495238716,0.06045854528113486,0.03618746324033155,3.323251247406006,shoulder press_24.mp4,117
76.62166998135027,77.02361130944483,174.62370789343035,173.2374595191287,0.8743447065353394,9.947638822133051,4.973097609762942,0.005232068628698537,0.007970124314897069,3.43023419380188,shoulder press_24.mp4,120
100.60007541942511,105.26705338217974,157.30559538222417,149.68106837982162,1.6059280633926392,13.484541624076078,13.922676172462575,0.04533971003454581,0.049673343519004036,6.339471817016602,shoulder press_24.mp4,123
125.73213556262525,130.30824042673316,140.16405648115895,123.23377742238867,1.7767025232315063,14.515223152209888,10.52222763081173,0.03574518156697373,0.1285529103095806,4.36255407333374,shoulder press_24.mp4,126
144.8728577319969,151.47998415566497,120.64417844118024,107.65198153296086,3.3023183345794678,11.98799184067008,7.49039134226233,0.04458959382054868,0.1138187949345359,3.6025121212005615,shoulder press_24.mp4,129
151.71100355924472,157.5458026070393,115.05664118882922,106.65431917151935,1.701116919517517,8.513466168219121,4.63780175503862,0.037734329084788305,0.07579527871471496,4.295248985290527,shoulder press_24.mp4,132
144.89855364519474,152.47036161086655,121.44427347311743,109.74694745498446,2.562925100326538,9.794451984892387,5.6271762918714066,0.05092534947139181,0.10119178376388883,4.321796417236328,shoulder press_24.mp4,135
131.93448074510476,128.84638376240167,132.9243820210675,130.76607579489144,3.2903807163238525,12.378410440731104,8.14090905843854,0.023683463037328826,0.016369998702663924,6.591211795806885,shoulder press_24.mp4,138
111.27290597162748,113.4807103361648,150.50506656417093,147.17825988817313,3.3765761852264404,12.509919562588223,7.165491162543067,0.0196464412969784,0.022351313495755278,7.258728504180908,shoulder press_24.mp4,141
86.39587190507802,87.14753630344308,173.3008339252184,179.78420001027308,1.8772940635681152,11.257495323923246,2.8250595963900262,0.008662551993468846,0.03672410587778802,11.300236701965332,shoulder press_24.mp4,144
60.055192422536585,65.38441262003391,158.5070967712202,155.639765420719,2.3944733142852783,8.448742347966451,1.3895393242639769,0.08496870180177542,0.01825471902214525,5.4334540367126465,shoulder press_24.mp4,147
55.80669811861141,63.29687448617198,155.7301038632856,154.35171824854194,0.602070152759552,8.775069601287262,2.968681183902224,0.12577584708419998,0.008890463848258413,3.397141456604004,shoulder press_24.mp4,150
75.6262809788651,83.45073284175639,177.06661819015534,178.21096483018076,1.4096769094467163,10.699816926853266,5.997170972001759,0.09837312978120531,0.0064419861804785785,4.093050003051758,shoulder press_24.mp4,153
102.37990556394945,114.02295319732607,157.58213228394476,146.3652191186911,3.255007266998291,14.359724729994314,8.80044161795752,0.10760530336820212,0.0738082639213048,8.650328636169434,shoulder press_24.mp4,156
137.7097353167193,145.7632440311342,129.79270290757964,115.32338187070901,2.354340076446533,8.698270733905465,5.5074686567030415,0.05682029188773109,0.11806096731643174,6.490642547607422,shoulder press_24.mp4,159
157.12863206037107,155.97916488478592,105.00721789301687,115.00404756609137,3.293335199356079,6.161876612504906,4.0933028515114405,0.0073423094972399905,0.09087561632095183,1.832154631614685,shoulder press_24.mp4,162
160.1186399291885,161.69360236261866,108.53133950297394,103.33967710456164,3.388572931289673,7.094199910176505,2.935166120864065,0.009788082779038856,0.04900776407779449,7.735520839691162,shoulder press_24.mp4,165
150.95367771374137,152.0636771363677,112.28687688761391,114.48683660618639,3.203669548034668,10.401161126655447,5.397005897039142,0.007326309235161728,0.019402246271657198,5.1545867919921875,shoulder press_24.mp4,168
132.87530090308428,138.4377123357536,133.62424421305388,121.63311435665082,3.541435718536377,10.901818495846113,6.548461922784382,0.041003646424970376,0.09395325504889271,7.317562103271484,shoulder press_24.mp4,171
109.22411933486764,113.20091213880137,149.32282239169177,147.66492763440272,3.511653184890747,13.776146680118602,9.418197611630484,0.0357585005391312,0.011164734957205392,9.649949073791504,shoulder press_24.mp4,174
78.31239015975822,84.0109750181148,178.55666415092495,179.1472837384333,1.7775365114212036,13.727221571120037,5.4065604044278,0.07021274912717716,0.0033022816269896345,7.791334629058838,shoulder press_24.mp4,177
56.71969387556373,63.47873164799054,157.79860098576293,157.85276464087838,1.7519826889038086,11.269944567772294,5.551557542094914,0.11246466404174825,0.00034318657236231476,5.712345600128174,shoulder press_24.mp4,180
53.131488016217226,63.019659562114555,154.8551360711822,155.88312653011275,1.987689733505249,10.931136067383767,4.7995126701753605,0.1702638631138585,0.0066164395097334,4.637998104095459,shoulder press_24.mp4,183
68.7156703918099,82.65681107760587,174.37363717802373,176.77802870643538,2.0720584392547607,14.921767784169829,6.475591857282604,0.18419650058538184,0.013694319361154776,6.289421558380127,shoulder press_24.mp4,186
103.03687305845627,115.1687371178814,151.19967778832716,148.4296623803595,4.04642391204834,16.83310975794164,8.174478722643874,0.1111966282592007,0.018489613910361292,7.490477561950684,shoulder press_24.mp4,189
133.48260910121616,143.6082240722387,129.53508064184084,117.30064702067877,2.9527528285980225,13.501712984975004,6.164492201847029,0.07308516745253753,0.099130168367598,6.272582054138184,shoulder press_24.mp4,192
149.83527464501552,155.5992519798409,114.72434704344884,107.12509324723356,3.446714401245117,13.197298643032152,4.618145235447619,0.03774280136904663,0.06850820796534995,6.224192142486572,shoulder press_24.mp4,195
148.73498003454873,155.59500326082934,114.31145801202507,107.86239729033238,2.6395626068115234,13.245408917889815,5.577094984867345,0.045082795668032374,0.05805418205410472,6.326920032501221,shoulder press_24.mp4,198
139.7082412830716,151.79890602859857,125.4653038122835,109.57351164017318,2.527348756790161,13.994767804963482,3.5701761999843775,0.0829527842252184,0.13522695935578252,6.184787750244141,shoulder press_24.mp4,201
121.22360685058403,123.2999656512596,143.04266354431053,136.19238107920816,2.4463722705841064,13.548808791356057,6.715617378602837,0.016982892728347562,0.049064632803080474,6.689746856689453,shoulder press_24.mp4,204
68.43853644615824,72.78159272163671,169.68517378473138,167.36375742711007,2.0055203437805176,11.0166754719163,5.989847934877035,0.061507609447349273,0.013774951602871273,6.3451619148254395,shoulder press_24.mp4,210
54.032518917341235,61.914062327295674,154.02078591163504,154.68057866091905,2.3197827339172363,10.330999158940251,3.7257206520858555,0.13595128593442676,0.00427463448499877,3.938436269760132,shoulder press_24.mp4,213
57.02363797083773,67.51574091542587,156.79153944368613,161.73790597978257,1.7293814420700073,9.767297718286972,5.134060139946866,0.16849454427053334,0.031057515135032437,2.8464767932891846,shoulder press_24.mp4,216
119.37497900964183,123.86242153699189,139.98147155479177,138.28734669395274,3.160961389541626,12.654931049696934,9.254674358156219,0.036897635949613906,0.012176174617772997,3.4857065677642822,shoulder press_24.mp4,222
142.52043965237448,150.40458259688418,124.26358216208438,109.92157994130979,2.890777111053467,11.149025713953984,5.365953354869285,0.05383045042700963,0.12248429483711276,5.960626602172852,shoulder press_24.mp4,225
155.74347572657825,157.83786751621437,115.27268223397404,100.45440117893388,3.2076313495635986,9.722539561868548,5.096498322390375,0.01335788518524536,0.13737988592445333,7.233499526977539,shoulder press_24.mp4,228
147.62619829086935,157.89425505775404,117.3975701414206,104.4004832064452,1.8915473222732544,13.23062060108318,5.21249511383389,0.06721682070278945,0.11719748427720329,5.362870216369629,shoulder press_24.mp4,231
134.31998216275255,141.29229089877677,124.49478390504606,122.82695843403584,2.966610908508301,11.869478587791033,9.096077378973689,0.05059505267000703,0.013487091391452384,4.936215400695801,shoulder press_24.mp4,234
113.35344388333016,122.6978834299083,145.2444154611256,140.53197611893822,2.614112615585327,13.521513588150619,9.154015597578617,0.07917294643446879,0.03297990653554141,4.880472183227539,shoulder press_24.mp4,237
86.65174331028716,92.24748251418573,169.9667316217941,170.6312643587922,2.435822010040283,12.703887657031167,9.434835464474457,0.06255744459608605,0.0039021529476995225,6.6007537841796875,shoulder press_24.mp4,240
58.87537762621108,64.19494227426456,162.0780144981322,156.70721618426975,2.628350257873535,11.366608985987849,5.571254655029375,0.08644756351255603,0.033695402402210084,4.184043884277344,shoulder press_24.mp4,243
56.44196520960035,59.329500667735545,159.9666059867326,152.09652715886256,2.793508768081665,10.778740424078578,6.405024638576623,0.04988337041865993,0.05043901692929676,2.562847375869751,shoulder press_24.mp4,246
74.11074306465541,78.64947785570286,177.72763586016217,176.01213311946825,2.951554298400879,12.918153487811866,8.302117438694085,0.05942299328584659,0.009699235941959955,4.731759071350098,shoulder press_24.mp4,249
110.13290207789204,113.15534277912303,144.06488053692715,145.25019080590616,3.195335626602173,15.198735747768827,14.422082489090018,0.027072098696162374,0.008193906134771922,5.4553985595703125,shoulder press_24.mp4,252
135.40458294799342,139.43607191845965,126.5435396195257,118.13112475519833,3.0452375411987305,11.72992236377951,11.57776504760726,0.029336918676934134,0.06876408626798887,5.472443103790283,shoulder press_24.mp4,255
149.2496860893958,155.80593067552388,116.72057606305961,103.34885011775074,1.9405033588409424,11.53397913295347,8.27307127687914,0.04298392965621364,0.1215227955774518,4.445573329925537,shoulder press_24.mp4,258
148.23641297078873,156.27386082599634,115.72256738112894,103.34699425236172,2.180666446685791,12.559958300046876,9.467507729140335,0.052789337811120246,0.1129830455357544,5.847099304199219,shoulder press_24.mp4,261
139.52286841767707,145.50177824676496,123.48395972485962,110.67137952089692,3.349687099456787,12.461236894834435,11.866517398769627,0.041953633828212905,0.10943658380999222,5.906740665435791,shoulder press_24.mp4,264
124.09875239525819,130.13877181460947,139.55993510045244,126.78571666465139,2.710193395614624,11.090215017349012,11.417493905623456,0.047514775311966725,0.09592210986847208,6.914280891418457,shoulder press_24.mp4,267
98.72669066494147,104.36367876114377,159.43710027691517,159.18746970301066,3.5562047958374023,12.159745128666502,8.795591214036275,0.05551211622817874,0.0015669260780500302,8.552492141723633,shoulder press_24.mp4,270
67.02385720370104,74.95807299803066,166.60664724926733,171.42322598771827,1.6020699739456177,10.412610734802502,6.9703767077589465,0.11176374040071821,0.028497947192224284,3.128072500228882,shoulder press_24.mp4,273
54.470529611596824,59.32163079804361,155.5271014435197,153.9888552689733,1.4939457178115845,8.574984590876015,7.75286305333685,0.08526248502503692,0.009939688996230113,2.330674648284912,shoulder press_24.mp4,276
56.74284084675972,63.99733610940295,158.606528970341,160.56727738737672,1.5653594732284546,9.691094081128972,9.35401641770148,0.12016704705140747,0.01228639930958611,3.22932767868042,shoulder press_24.mp4,279
79.17251140700843,92.82560259842023,176.43651679795371,168.79802167374038,2.0490732192993164,13.334056922152039,10.688101272746238,0.1587586151204063,0.04425104833385387,1.691531777381897,shoulder press_24.mp4,282
110.86399476336658,121.55889961400268,147.70279715295962,136.49662396212986,2.6037774085998535,14.76412119166832,11.124258412448535,0.09202970197308977,0.07886133720372149,4.469532012939453,shoulder press_24.mp4,285
135.6920713839402,145.78442819328427,126.2033312998398,115.23984001200022,3.0971601009368896,13.05460023194481,7.445275434858968,0.07171012020188336,0.09081632939354914,4.2811598777771,shoulder press_24.mp4,288
152.34008796775927,157.62629518759027,113.93328133100339,105.70698988962374,2.108400821685791,9.220948377737228,4.758866112170015,0.03410826145738293,0.0749069503116429,4.713047504425049,shoulder press_24.mp4,291
148.90179950354772,155.00649366851522,116.06158964942308,103.94359091658896,2.874492883682251,12.891337011337203,8.09891735835961,0.04017458096486508,0.11016103076898362,2.970667600631714,shoulder press_24.mp4,294
137.32152295040817,143.74820780509864,126.42938417101495,114.49786791086727,2.035944700241089,11.134150429247015,10.231896984538668,0.045730181171880345,0.0990466305247411,5.228725910186768,shoulder press_24.mp4,297
115.18558623723489,124.8607226604933,147.28726985076466,132.0344628300848,2.815873622894287,14.090574656610135,9.969529144757374,0.08061058274701906,0.10921317775232031,7.083998203277588,shoulder press_24.mp4,300
58.22275345524152,70.78638163199646,158.26349182412454,168.94760542157425,1.0270724296569824,11.748561321589861,7.615412020385578,0.19477114032675633,0.06530410299273645,3.7955496311187744,shoulder press_24.mp4,306
56.481626178775485,66.13083537115185,159.96302738400254,162.80292878814598,1.836936116218567,12.611537733081208,8.174458523081336,0.15739361351043815,0.01759727969965184,2.3410804271698,shoulder press_24.mp4,312
86.44353656254974,95.64092383856757,170.06813133710486,162.70929123200258,1.4801360368728638,14.123667399986557,12.270876074796673,0.10102330814784233,0.04422679909166057,3.656898021697998,shoulder press_24.mp4,315
112.48193798382799,120.2608257085378,144.64724310673873,136.8675108186158,2.600189447402954,16.191268307051413,12.00739029937514,0.06684536697340043,0.05527051196887366,5.466864585876465,shoulder press_24.mp4,318
136.8212560528843,142.88498899642772,125.35819671575875,117.14782620291193,2.162583827972412,13.096842232262265,7.6769496216221444,0.04335786598167933,0.06771271421658948,3.725351095199585,shoulder press_24.mp4,321
151.81989224758854,155.52816491388162,115.51165369089297,104.78512020967865,1.514896273612976,11.051854449925376,5.4099482816496,0.024130770179847823,0.09738257434542018,4.2251296043396,shoulder press_24.mp4,324
157.3399288458771,158.93203078197374,110.47447518406271,101.921981860698,2.270193338394165,9.159617717051399,6.486108813487511,0.010067929752419567,0.0805332955395047,4.6616339683532715,shoulder press_24.mp4,327
146.45105429869622,147.66504256296338,119.38316017391385,107.69095459574395,1.2050812244415283,12.345424373482771,11.629464110308096,0.008255163707263322,0.10298140402335498,2.7334890365600586,shoulder press_24.mp4,330
127.92516040300836,128.78585401453162,131.95709414537822,127.91958434371905,2.6059813499450684,14.75304442849604,12.221817278837735,0.006705544859273886,0.031072505814164902,2.9567348957061768,shoulder press_24.mp4,333
98.69115931251542,97.48084823390164,156.00889772503666,164.07511640015738,2.3292484283447266,14.048695374752636,12.594270505286731,0.012339284220531902,0.0504006343282473,1.423223853111267,shoulder press_24.mp4,336
57.63420756024548,58.0517564195016,158.66499782992133,154.5493199690178,1.4315059185028076,11.988875203306815,6.69707547994705,0.007218660672252717,0.026280266431150175,3.677640438079834,shoulder press_24.mp4,339
32.35832513937481,38.11833730148912,130.55211221343419,127.88685949035501,2.4032721519470215,8.244851519951325,1.0427614026657501,0.16345870995089928,0.02062578028002655,2.565884828567505,shoulder press_24.mp4,342
25.51163689578117,28.23956640845417,121.43309794888387,104.94392787454002,0.9477025866508484,2.1484828130940636,8.643933735249101,0.10150208162718667,0.14567882950459424,1.5911273956298828,shoulder press_24.mp4,345
157.2009146386098,173.3401772228154,95.4105972042048,101.23163922467104,4.9500885009765625,4.145824306656375,2.7344270874828904,0.0976535927398206,0.059204391957489444,88.7057113647461,shoulder press_24.mp4,363
140.92954700318742,150.87714198927796,90.48409813855878,139.54325871866044,14.094305992126465,5.500744169867832,2.215269856730046,0.06817934859846471,0.42655066119420987,24.390605926513672,shoulder press_24.mp4,366
165.15789457604532,131.71194669828046,25.906411622420464,177.03978035682016,24.711944580078125,3.891573943889268,5.870658256885593,0.2253239853142157,1.4893934915503038,44.183353424072266,shoulder press_24.mp4,378
157.79133563640838,171.55452125663024,96.10907532687433,104.82243414018342,4.000161647796631,3.871255573948912,1.069241625347349,0.0835789206523507,0.08672964072603674,15.680646896362305,shoulder press_24.mp4,381
158.9486339170143,152.0660463417893,103.45855497884686,105.85499856870251,0.35193106532096863,3.143356008766572,5.429497914611657,0.04425892417359723,0.02289812149514011,58.53898620605469,shoulder press_24.mp4,384
170.7748005397017,167.483853204328,99.74845123777484,103.26821075902204,0.4490790367126465,0.6032315799294576,1.059802870557907,0.019458170834346453,0.034674587658255644,35.733497619628906,shoulder press_24.mp4,387
157.2152137764641,132.32665523593806,99.98392123127965,103.90749720189163,0.3947555422782898,5.380806376847185,6.092102925224099,0.17191681897625644,0.03848691622985588,52.30084991455078,shoulder press_24.mp4,414
171.73411498905315,160.41480418277303,97.86768372002796,94.08642172493273,0.7667005658149719,1.6987674752802882,7.778844034177339,0.06815804690560778,0.03939756314489901,42.04026794433594,shoulder press_24.mp4,432
167.52523927074088,169.48099651236896,103.81344756092086,88.1129345682584,0.8465443253517151,4.397290472220063,4.4038441369243095,0.011606653135562525,0.16360974263658004,33.8026123046875,shoulder press_24.mp4,456
167.42483280132788,172.64520611412365,100.37049711269457,88.89030684344924,0.9539865851402283,5.353033821654717,3.114968700649003,0.030701753847204784,0.12131608900811346,33.353797912597656,shoulder press_24.mp4,459
169.58850370079975,171.89571713033024,98.54476703139656,91.70973321745431,0.03163162246346474,2.735285406271586,3.9834465557291274,0.013512855287515321,0.07185148109508152,22.11661720275879,shoulder press_24.mp4,465
165.08186541206337,168.59735272791426,101.44560993647264,88.82150970407315,0.16231326758861542,5.874683202626496,6.051965171662862,0.021071059417168452,0.132698705443684,21.946699142456055,shoulder press_24.mp4,468
167.17290841841384,166.32590071476145,100.05888480017305,90.81262626883017,0.2766934931278229,5.599429214123048,6.901142404330841,0.0050795246067230244,0.09688463699540995,19.695789337158203,shoulder press_24.mp4,471
167.29278243943403,169.8549488591058,98.92939079096404,90.48056792624685,0.017875146120786667,5.512114576121628,4.897678719117928,0.015199072583424887,0.08921202371762597,16.57942008972168,shoulder press_24.mp4,474
165.26906454701202,170.51065018412578,100.36029276422029,90.82377704929273,0.549169659614563,5.748867250143672,4.450111711075999,0.03122038293058143,0.09976266039560491,16.096466064453125,shoulder press_24.mp4,480
166.05327650450388,168.73611809865073,99.55793015156482,91.53293570380643,0.3312762677669525,5.727131269293017,4.09758166754809,0.016027040506029048,0.08399139761951964,19.515798568725586,shoulder press_24.mp4,483
166.48162077779673,169.37814009251287,99.2066892988186,86.8466540379957,0.5984862446784973,5.885454468603544,5.567089704866831,0.01724838550000996,0.13286550017483317,16.18684196472168,shoulder press_24.mp4,489
165.9006687947003,159.08150055540173,108.85041175006613,105.70754153675688,1.0816925764083862,0.7356375344032946,1.3717166970284764,0.041966414667829355,0.02929623596015417,3.463977336883545,shoulder press_25.mp4,39
168.6709145776182,163.12941569259146,104.14615265662472,105.43283830141507,0.5905032157897949,1.6355437695848394,0.08351565420227149,0.03340261223075861,0.012278765528057749,2.39639949798584,shoulder press_25.mp4,42
169.60561987586328,164.59899897821063,102.5542427033033,104.46843539378021,0.18314100801944733,2.05648603788077,0.5806848198995115,0.029961410556319856,0.01849258939234905,0.9250068068504333,shoulder press_25.mp4,45
170.54314434725688,162.84555620256407,101.84128570977367,105.65919204992258,0.8558639287948608,2.446654371777306,1.492138215322932,0.046177858649666524,0.036799012526326606,2.7667205333709717,shoulder press_25.mp4,48
166.42848595464744,163.8845963717066,102.38793166069915,106.54237443502572,0.48124977946281433,0.10705716620574073,1.0556864714843248,0.015402899364593959,0.03976869466149293,0.24763207137584686,shoulder press_25.mp4,51
164.36576848690368,160.81990288433687,107.51172167273351,104.44214882471456,1.1023035049438477,0.08273533959218096,3.4371636900613964,0.021808252421545056,0.028964536866581146,1.6691820621490479,shoulder press_25.mp4,54
159.01138632403217,158.5843793211746,108.8279097609894,109.40207445080372,0.9684008359909058,1.3274117851884815,3.4976138688724627,0.0026889968258241685,0.005262014675830203,0.5930904746055603,shoulder press_25.mp4,57
173.11287899326095,165.37069983708824,101.02350174522613,104.098315390374,0.521721363067627,3.969136932102023,0.206716138238076,0.04574626150507086,0.02998036667269966,0.7710697054862976,shoulder press_25.mp4,120
172.38065243575522,163.48919600655879,98.0071036870153,107.01509672104022,0.27213165163993835,3.812466250658898,2.9596932483570555,0.05294584476953164,0.08787334265358891,0.35026639699935913,shoulder press_25.mp4,123
172.36868496392793,165.30597633103332,97.14439626551844,107.03109024137501,0.2214774191379547,2.9273521192752914,0.9518594230100819,0.04183143979953702,0.09684506347947677,1.2979040145874023,shoulder press_25.mp4,126
172.14911998692358,163.79879324012728,100.01783359061004,105.62935732327188,0.49587321281433105,3.5608746153111066,1.8267446213573408,0.04971203224085942,0.05457428042391062,0.3088846802711487,shoulder press_25.mp4,129
153.8230099151759,153.07385113534312,109.92904119352202,113.15647379181617,0.5167089104652405,4.679475033483732,6.901695145372941,0.004882153419675817,0.02893448818051911,1.360671877861023,shoulder press_25.mp4,192
160.95811341625026,163.79356758659424,106.57834352052421,105.92754842191732,1.1784018278121948,0.7267028955977293,2.5853382969156007,0.017462290951584903,0.006124960514348126,0.5734096169471741,shoulder press_25.mp4,195
166.37104634246512,165.56102556943307,100.01438558133052,105.5317106396522,0.7256678938865662,0.01675913252062599,3.2877499764935756,0.004880641803405169,0.05368455212489182,0.0937577411532402,shoulder press_25.mp4,198
165.6416279607504,165.4048134020627,99.9211263223484,106.76225444247332,0.29187101125717163,0.22045983679385894,2.706777559308264,0.0014307029413324706,0.06619911184740312,1.149435043334961,shoulder press_25.mp4,201
163.67560063695925,162.02439994921085,103.61153012299046,106.17801243736865,1.3371071815490723,0.6743566423333796,4.905001361519029,0.010139396283553544,0.024467209214108297,0.348688542842865,shoulder press_25.mp4,204
157.42416412469245,158.73179045778247,108.45636179249746,107.50433410196999,0.91880202293396,3.23553137021536,5.838797557787093,0.00827203355898771,0.00881667552129667,1.15639328956604,shoulder press_25.mp4,207
165.9006687947003,159.08150055540173,108.85041175006613,105.70754153675688,1.0816925764083862,0.7356375344032946,1.3717166970284764,0.041966414667829355,0.02929623596015417,3.463977336883545,shoulder press_25.mp4,39
168.6709145776182,163.12941569259146,104.14615265662472,105.43283830141507,0.5905032157897949,1.6355437695848394,0.08351565420227149,0.03340261223075861,0.012278765528057749,2.39639949798584,shoulder press_25.mp4,42
169.60561987586328,164.59899897821063,102.5542427033033,104.46843539378021,0.18314100801944733,2.05648603788077,0.5806848198995115,0.029961410556319856,0.01849258939234905,0.9250068068504333,shoulder press_25.mp4,45
170.54314434725688,162.84555620256407,101.84128570977367,105.65919204992258,0.8558639287948608,2.446654371777306,1.492138215322932,0.046177858649666524,0.036799012526326606,2.7667205333709717,shoulder press_25.mp4,48
166.42848595464744,163.8845963717066,102.38793166069915,106.54237443502572,0.48124977946281433,0.10705716620574073,1.0556864714843248,0.015402899364593959,0.03976869466149293,0.24763207137584686,shoulder press_25.mp4,51
164.36576848690368,160.81990288433687,107.51172167273351,104.44214882471456,1.1023035049438477,0.08273533959218096,3.4371636900613964,0.021808252421545056,0.028964536866581146,1.6691820621490479,shoulder press_25.mp4,54
159.01138632403217,158.5843793211746,108.8279097609894,109.40207445080372,0.9684008359909058,1.3274117851884815,3.4976138688724627,0.0026889968258241685,0.005262014675830203,0.5930904746055603,shoulder press_25.mp4,57
173.11287899326095,165.37069983708824,101.02350174522613,104.098315390374,0.521721363067627,3.969136932102023,0.206716138238076,0.04574626150507086,0.02998036667269966,0.7710697054862976,shoulder press_25.mp4,120
172.38065243575522,163.48919600655879,98.0071036870153,107.01509672104022,0.27213165163993835,3.812466250658898,2.9596932483570555,0.05294584476953164,0.08787334265358891,0.35026639699935913,shoulder press_25.mp4,123
172.36868496392793,165.30597633103332,97.14439626551844,107.03109024137501,0.2214774191379547,2.9273521192752914,0.9518594230100819,0.04183143979953702,0.09684506347947677,1.2979040145874023,shoulder press_25.mp4,126
172.14911998692358,163.79879324012728,100.01783359061004,105.62935732327188,0.49587321281433105,3.5608746153111066,1.8267446213573408,0.04971203224085942,0.05457428042391062,0.3088846802711487,shoulder press_25.mp4,129
153.8230099151759,153.07385113534312,109.92904119352202,113.15647379181617,0.5167089104652405,4.679475033483732,6.901695145372941,0.004882153419675817,0.02893448818051911,1.360671877861023,shoulder press_25.mp4,192
160.95811341625026,163.79356758659424,106.57834352052421,105.92754842191732,1.1784018278121948,0.7267028955977293,2.5853382969156007,0.017462290951584903,0.006124960514348126,0.5734096169471741,shoulder press_25.mp4,195
166.37104634246512,165.56102556943307,100.01438558133052,105.5317106396522,0.7256678938865662,0.01675913252062599,3.2877499764935756,0.004880641803405169,0.05368455212489182,0.0937577411532402,shoulder press_25.mp4,198
165.6416279607504,165.4048134020627,99.9211263223484,106.76225444247332,0.29187101125717163,0.22045983679385894,2.706777559308264,0.0014307029413324706,0.06619911184740312,1.149435043334961,shoulder press_25.mp4,201
163.67560063695925,162.02439994921085,103.61153012299046,106.17801243736865,1.3371071815490723,0.6743566423333796,4.905001361519029,0.010139396283553544,0.024467209214108297,0.348688542842865,shoulder press_25.mp4,204
157.42416412469245,158.73179045778247,108.45636179249746,107.50433410196999,0.91880202293396,3.23553137021536,5.838797557787093,0.00827203355898771,0.00881667552129667,1.15639328956604,shoulder press_25.mp4,207
15.336133759671604,44.847774964229224,129.4141839574432,92.80955145957347,9.922489166259766,3.9713190343308433,12.916203623380706,0.9807153383787339,0.3294394492035594,9.30935287475586,shoulder press_5.mp4,0
15.76031837050626,44.600431759062324,129.7887206387142,81.88586419503058,9.802387237548828,4.060885944889713,10.337645254933976,0.9555916162953156,0.45260848373750573,5.280623912811279,shoulder press_5.mp4,3
11.907493522537992,49.25673623149775,121.1708387096961,95.5399707213324,10.539929389953613,3.922928766715799,12.793863681863984,1.221277300773836,0.23654443500679292,3.9506499767303467,shoulder press_5.mp4,6
14.496468036238717,36.38510411756867,125.48972779920678,102.16729375397966,9.828715324401855,3.7707951795733683,4.451346397604007,0.8603757767218309,0.20489097051441835,1.733497977256775,shoulder press_5.mp4,9
12.848932040836184,93.1689175141141,123.63905631832897,79.42288158522419,9.340751647949219,5.393471710455202,6.777382659264591,1.5152162736831807,0.43549446232612843,3.9247019290924072,shoulder press_5.mp4,12
17.805746670675553,45.05503283250766,131.05024245430062,97.68171270494553,9.097208976745605,4.258129131743692,9.728150730677863,0.8669725821790749,0.29176972431441417,0.6467567682266235,shoulder press_5.mp4,15
14.75165780099351,75.55897349164444,126.31873619628877,95.68007457179301,10.161792755126953,8.59484001239528,17.368218159947677,1.3466258583358588,0.2760254572399797,2.94661021232605,shoulder press_5.mp4,18
20.63998232162966,49.46271845584599,122.11809172754168,122.35116930331671,9.170794486999512,4.337687207687707,7.714405446787065,0.8223003055390762,0.0019068047638562376,2.656583786010742,shoulder press_5.mp4,21
26.4226541316567,36.70491509219317,122.98625904645185,128.1040527496908,10.032796859741211,6.080424570296774,4.046853134624445,0.3257613460158953,0.040764565280352376,4.998637676239014,shoulder press_5.mp4,24
88.53862845264858,89.04454352051268,167.74584235472506,178.79179634632098,8.939634323120117,9.46656925510835,10.458242964201832,0.005697781633729972,0.06375038528570998,0.3837318420410156,shoulder press_5.mp4,27
143.808243794288,120.78506490973145,110.1580727377672,160.0584238809451,9.575511932373047,2.5455902047695664,8.929274541757986,0.1740269169868603,0.36933608249380534,3.8195302486419678,shoulder press_5.mp4,30
168.425766518598,151.29769844279508,82.30638630005444,139.35693111924033,8.62621021270752,12.034839490562705,7.697306905144733,0.10714301546726424,0.5147495353168426,1.931339144706726,shoulder press_5.mp4,33
175.01858296898087,166.79655251025073,77.72709632558524,125.44493239972509,9.165017127990723,18.541915202312044,7.265643550798438,0.04810805377124499,0.4697284008386275,0.2807963192462921,shoulder press_5.mp4,36
176.50027354699048,170.86382289497664,74.83947795889762,122.01509865467617,9.020767211914062,24.63776472313952,5.092181227453589,0.032452695657079866,0.4792941216539197,0.1199498176574707,shoulder press_5.mp4,39
177.42435330106696,168.05048922049974,68.1998635135276,127.66018388135176,7.81514835357666,19.768599089908513,6.144150454656549,0.054266551000639304,0.6071715100522201,0.8093127012252808,shoulder press_5.mp4,42
176.80162998108537,171.53320191672802,72.21975376949075,121.43506317553323,9.466595649719238,24.321408133221592,6.6732652775316454,0.030249217602808576,0.5082787010664862,3.4783787727355957,shoulder press_5.mp4,45
179.1560488634504,152.42825374856963,81.4689298790797,111.84056859681934,8.73983383178711,24.868138421037024,33.36864641819545,0.16121266841847098,0.31422810526329353,3.172377586364746,shoulder press_5.mp4,48
178.8375255390298,171.90786278740308,76.68258710754279,123.15982678034354,8.994272232055664,20.971970496580845,3.0698310763880574,0.03951392082268749,0.4651388938774025,3.02061128616333,shoulder press_5.mp4,51
172.38663029600593,167.0600266092619,78.40426882455739,125.97254892458363,8.778688430786133,15.5779940427822,5.83775436116481,0.03138403975049642,0.46549584854005455,3.7731051445007324,shoulder press_5.mp4,54
166.82753810724577,149.97200628695572,85.21958953778834,139.33824810140942,8.791864395141602,12.169202300848795,8.627453153022172,0.10641133876958044,0.4820019566680614,3.1684489250183105,shoulder press_5.mp4,57
153.70190786575773,144.34235344266628,98.28825847465626,141.83812150794822,9.193724632263184,4.617771121869865,5.904225058804377,0.06280647298493656,0.36272452061657573,4.463193893432617,shoulder press_5.mp4,60
138.41023156388513,121.05962559762764,113.58139457809739,164.10260944965285,9.353731155395508,2.6070606226618005,5.378270618111211,0.13373889480701584,0.36387558619693944,5.5086212158203125,shoulder press_5.mp4,63
113.68648197598974,104.20077500453195,138.1477862980334,175.51052659089132,10.030121803283691,3.285307202854241,7.675064628042971,0.08706986450617234,0.23823848281737797,4.438665866851807,shoulder press_5.mp4,66
103.11927357831809,97.03533027634141,147.10342154209255,177.48494975618806,10.080020904541016,5.151691644474906,10.937954296497587,0.06079243929252285,0.18720034912265168,1.8692277669906616,shoulder press_5.mp4,69
57.676938321322794,78.67208916175453,163.73913228861989,167.2862634419359,9.726754188537598,7.981355065785396,10.16857660412151,0.30796187149978027,0.021431172345479227,3.442729949951172,shoulder press_5.mp4,72
41.43291798031476,68.48161972563733,144.29840970565277,159.78509906381822,10.338016510009766,7.835807628554041,8.898580870383462,0.49217696420985496,0.10185813377933675,2.963435649871826,shoulder press_5.mp4,75
35.41066984636733,49.44651690738177,138.64547279882234,134.98447855234198,9.11137580871582,4.923860586387017,6.490439811636627,0.3308110390636848,0.026758724535838562,0.6979944705963135,shoulder press_5.mp4,78
21.862275885258533,32.61039924489,117.86555926364811,124.75981049922996,9.104904174804688,4.11614876756357,5.067970157174807,0.39462439962610874,0.05683042331739437,2.065929889678955,shoulder press_5.mp4,81
31.01098510093763,46.732180561288445,131.96837859233761,128.3040876961107,9.0005464553833,3.1752192089294327,1.9288733454174478,0.40443929254579974,0.028157345634600723,2.415438413619995,shoulder press_5.mp4,84
15.642795626443345,39.14583794636403,128.15610768793024,111.60947806090807,9.669038772583008,8.072745871450715,6.634757681808869,0.8579532208514755,0.13802339126646193,2.2675914764404297,shoulder press_5.mp4,87
14.399573030817672,104.78805005792185,136.9443956765659,93.31191186020837,9.523082733154297,10.169724196051712,19.606663902278072,1.5167426731852294,0.3789905630219401,4.264512062072754,shoulder press_5.mp4,90
20.171389351045118,179.13317298369788,138.57363660822983,79.58698509089459,8.14747142791748,8.410605668478981,1.7613842838610505,1.5951645237871441,0.5407635077120977,2.0706846714019775,shoulder press_5.mp4,93
7.882767640237813,54.29871293342031,129.5764645853412,100.20697572574016,8.541511535644531,10.718405535434114,10.101981871908231,1.4929186267348427,0.2556275493120005,1.30100679397583,shoulder press_5.mp4,96
14.989535871937752,126.7770225069847,132.8708273636546,81.0060674921802,9.60910701751709,6.738874391049297,8.652358178011424,1.5770642655548486,0.4849963798701511,2.3533003330230713,shoulder press_5.mp4,99
15.165433763142783,179.12262732316992,131.6546589735491,79.03357833199256,9.642044067382812,2.8024637150644893,0.9739566238079984,1.6877742527595556,0.49951607469424175,2.1801950931549072,shoulder press_5.mp4,102
16.0456562714102,145.2566920682381,131.6126218736967,76.28918284463059,8.242496490478516,3.2603139684802827,1.7747479169576905,1.6020973919704267,0.5322073957368504,1.4235743284225464,shoulder press_5.mp4,105
18.09239982804662,142.09390650519154,129.4489590559194,75.30496704702207,8.408014297485352,2.5939069513823805,0.5737896139316955,1.5482160680973889,0.5288689017047327,0.6050470471382141,shoulder press_5.mp4,108
17.048098620344607,159.32303983677448,141.03351259864175,90.42939826920588,8.614771842956543,11.237656017977228,0.1973528029579257,1.6133585399633967,0.4372546265809989,0.15571904182434082,shoulder press_5.mp4,111
35.58573047073359,47.23743134307319,133.5111948790453,138.47523678474562,10.030282020568848,6.554042199246179,5.564644705364774,0.281363343711354,0.03650212898734964,5.4545979499816895,shoulder press_5.mp4,114
143.6956687345026,111.20951117997345,115.95809394457032,164.3348148585342,9.783998489379883,5.313128259101053,10.550649299762695,0.254888171087215,0.34518690551637715,7.338156700134277,shoulder press_5.mp4,117
170.9924577252018,154.6335611365249,82.26588129868432,135.24843586878302,9.239659309387207,14.295880354927812,6.628707350570884,0.10047659364483111,0.48716383601826707,4.073443412780762,shoulder press_5.mp4,120
178.64563640916955,169.6858794980679,73.72595292746352,125.61924371888126,9.225111961364746,20.460842990139824,4.546901646724136,0.051443848758650344,0.5206374837662211,0.38046419620513916,shoulder press_5.mp4,123
179.88985657019026,178.96296843749272,80.84039618392094,117.74453058347571,8.910089492797852,25.389358256331292,5.464145015466445,0.005165839966162714,0.37167105278620394,4.847421646118164,shoulder press_5.mp4,126
179.78785790640129,171.15026965578753,71.58524874162114,127.36891411140022,8.659062385559082,19.764625328248965,2.6322998383799527,0.04922570431782518,0.5607690190527916,1.6685073375701904,shoulder press_5.mp4,129
179.92598125278,174.999740298746,75.19656361581923,121.72931276186593,8.764140129089355,19.195296087138182,0.4965895617020015,0.027759278378018813,0.47259151516280473,2.3020362854003906,shoulder press_5.mp4,132
175.06779078218057,171.60990363911014,71.07665794958751,131.23042028528474,8.345596313476562,17.045568987213585,2.0559179663375646,0.019948714317156606,0.5946777825129832,0.6398552060127258,shoulder press_5.mp4,135
169.07607047869286,164.57375055787352,81.68941460015236,128.58917788463646,9.230289459228516,12.792686083289253,4.448842591817208,0.02698829513429231,0.4460726384962534,5.627381801605225,shoulder press_5.mp4,138
156.44849522288868,150.69749799687375,91.94392267147836,139.4540146650288,9.57282543182373,2.5541616718486364,3.63869295269451,0.037447971667988536,0.4106353975356277,6.378403186798096,shoulder press_5.mp4,141
146.33667085902943,140.8467676445857,108.0618402791934,146.19140678039145,10.157390594482422,4.9837277396293995,2.2518232745659925,0.038232728482179665,0.2999337624369634,5.821917533874512,shoulder press_5.mp4,144
123.61355795998742,112.73404261008717,126.47589256572148,167.3051620653197,10.244319915771484,5.025276319486763,7.55041398208574,0.09206368352087063,0.2779571306997696,4.492860317230225,shoulder press_5.mp4,147
103.46662460221583,102.39268694668236,147.0477967708693,174.48011710255903,9.816117286682129,7.000141156322944,8.773061181741738,0.010433704916752095,0.17063725510618438,2.4794704914093018,shoulder press_5.mp4,150
80.95792662763522,92.59653194839808,170.256740097268,178.786947168186,10.422974586486816,9.544375587371006,9.362799031204798,0.1341204993090287,0.04887758972377939,4.7552490234375,shoulder press_5.mp4,153
41.0887452364642,66.05642460917653,144.54635124788075,156.04461959764228,8.933545112609863,8.650161132928805,7.872835021606054,0.4660532884250807,0.07650441606691251,0.12357034534215927,shoulder press_5.mp4,156
33.67363503994435,44.60646730023107,138.18967238436662,130.47831940500834,8.992502212524414,8.680035420570317,4.551488869960051,0.2793259572599127,0.057404329618867864,3.0600812435150146,shoulder press_5.mp4,159
27.963559101839202,38.00369763036858,135.74325417702897,119.83006196856418,9.915227890014648,10.325275818964396,1.5429576126889162,0.304397636824191,0.12452937144188779,1.3430328369140625,shoulder press_5.mp4,162
27.3215278218122,97.8555218145953,143.74303929263388,71.1270182790122,8.94018268585205,9.90427295649602,13.526786146843898,1.1269476984424538,0.675906376479735,2.6069140434265137,shoulder press_5.mp4,165
14.518103516475717,96.5722802165059,145.82157837436185,128.27628422988934,9.662052154541016,13.033168141468389,12.71218842114414,1.477250756415726,0.1280221157346623,2.527421236038208,shoulder press_5.mp4,168
21.05509265929881,178.32345244498353,134.40772484078525,63.08721597292015,10.104035377502441,6.691306100663623,2.0357306214967616,1.577585589296256,0.7222515024842169,0.8757399916648865,shoulder press_5.mp4,171
18.472662318058415,59.18654774927332,127.25730683255665,97.09215890961148,10.193892478942871,5.688248187472562,23.087605702566815,1.0485269009539329,0.2689121440352546,1.1340837478637695,shoulder press_5.mp4,174
20.73302254380504,68.14016041901735,132.67175652615222,92.436870569033,9.464692115783691,3.3142569835577023,20.455383135608816,1.066849105540504,0.3574708484193833,2.848175287246704,shoulder press_5.mp4,177
11.193660280098142,135.37110811562331,131.14852091874008,75.158859672181,9.431600570678711,12.939600999513477,1.9749752931796754,1.694506110776213,0.5427790424771939,0.12856128811836243,shoulder press_5.mp4,180
10.270904675239102,155.87021658612753,128.6909245070652,66.3191322995794,10.492530822753906,9.231791414361567,4.3293217676310665,1.7527185419898226,0.6396776989745547,2.9077181816101074,shoulder press_5.mp4,183
18.078472557018895,62.792042528575955,131.9141240646853,91.80906742434364,9.692521095275879,2.7703145914332676,14.914668423344038,1.105806483963442,0.3585239095993171,0.20172998309135437,shoulder press_5.mp4,186
21.415667444160466,75.8759074200529,137.66503611639348,82.82990683347911,10.134354591369629,7.206147613553644,24.308484536148963,1.119526332098145,0.4973821943424852,3.958411931991577,shoulder press_5.mp4,189
32.49046762137887,48.513330025348736,126.73694576399924,141.34130325280566,10.003290176391602,3.968694644803651,4.387643502641852,0.39560768431743176,0.10895593016120393,4.576526165008545,shoulder press_5.mp4,192
128.3127485416953,112.66493678910398,124.60043494902611,171.19339458041193,10.592018127441406,2.763310387133142,5.725896450258984,0.1298693838071436,0.3150367247721697,3.766387701034546,shoulder press_5.mp4,195
162.3301345377677,148.45142338255903,85.98921971507463,140.57419697243947,9.582489013671875,8.126492497366927,8.424373546107077,0.08931489531155944,0.4818516427358682,4.009026527404785,shoulder press_5.mp4,198
173.71580938945675,167.5310902936969,74.22448444374258,129.17067770066743,9.112564086914062,16.153573271389007,5.5666922711273,0.03624776724126919,0.5402900705958109,0.8837999701499939,shoulder press_5.mp4,201
176.72481476016796,173.55469307962585,77.15619511500768,123.21029989707169,9.294095993041992,21.35761769686638,2.3540019445575373,0.018100526063271834,0.45969866148816524,3.891456127166748,shoulder press_5.mp4,204
177.38446064004538,171.82019462726592,76.17930594613098,126.33797281745211,8.650311470031738,20.774825749898756,2.0777088867245865,0.031868223569471534,0.4953519736938192,0.3156901001930237,shoulder press_5.mp4,207
179.08272079032741,172.80837981213475,81.7476567702502,118.74309596553856,9.260224342346191,23.449755983457496,1.8493716616512696,0.03566069711595751,0.36904883332990207,3.2406625747680664,shoulder press_5.mp4,210
174.5406615553951,166.20414426340218,78.41397437067705,124.62807953878978,9.351822853088379,17.936228904598654,6.703847683274231,0.04893114817677454,0.45521707723385074,1.4262051582336426,shoulder press_5.mp4,213
169.38305098506797,163.0204127207223,81.229628351711,131.3720018120719,9.621498107910156,15.330390348790552,5.147964814947551,0.038282623131612264,0.47170262449758715,3.7757248878479004,shoulder press_5.mp4,216
158.88051418378552,155.20179258130648,91.41842725883345,137.97896520355658,10.042753219604492,9.449942564554325,3.294962935118665,0.023425207490152755,0.40593781337210966,6.498056411743164,shoulder press_5.mp4,219
143.85735131872693,129.32019448096682,104.83832281460246,158.83068700401225,10.7815523147583,4.056772019432838,6.58286336636735,0.1064301005794921,0.4095465312859683,6.071280002593994,shoulder press_5.mp4,222
115.7875677967804,115.71408781382408,130.8221834164136,166.16274511219154,11.374147415161133,5.465775377873897,7.354422161914426,0.0006348117274799178,0.23799565769798992,1.11594820022583,shoulder press_5.mp4,225
91.48945133367712,91.70258428282635,154.63756319079334,172.11379675939017,11.618017196655273,5.895976762992287,9.527973789203502,0.002326880078950614,0.10696961488552793,0.7647072076797485,shoulder press_5.mp4,228
62.05692843887736,79.89628464117999,175.572735270443,164.945677277887,10.765935897827148,10.533217781463813,9.522403714013523,0.25134135135415037,0.06241693606537464,0.1118488535284996,shoulder press_5.mp4,231
45.87533395953294,51.85617350372298,159.98480753520667,133.17219409583387,12.107093811035156,10.730824892540335,7.016616975435115,0.12239327315070125,0.18292323424100526,7.2801008224487305,shoulder press_5.mp4,234
31.39585119770305,51.02506184010472,145.70987017718505,124.28634134610566,10.66740894317627,12.206815952903284,1.5606743523684197,0.47631626292218926,0.15869503286886924,2.2188212871551514,shoulder press_5.mp4,237
24.479509236755007,152.50341461564653,149.09744469679663,52.94192307955766,10.645186424255371,9.529234882471158,14.562539534571794,1.4467373754731234,0.9518493615925139,3.532457113265991,shoulder press_5.mp4,240
11.067135008843213,147.87976536828864,136.47487460955008,79.28369035199162,9.805459976196289,10.448073661486168,14.079411219958185,1.7214884975401388,0.5301405695551656,2.6442368030548096,shoulder press_5.mp4,243
13.918881788230014,148.46761420808147,128.65055135478218,69.00504437055187,9.989394187927246,6.198243462002789,6.008674410076462,1.6571418897160963,0.6035296573856157,1.023266077041626,shoulder press_5.mp4,246
15.8595820917848,172.80993492226622,132.53676674964802,66.57864058229502,10.779627799987793,5.9374229148025846,0.3302657390413051,1.66375952315384,0.6625115258649468,1.1995958089828491,shoulder press_5.mp4,249
17.27137189996521,21.440691646187272,130.277288543318,72.49078146900207,9.707716941833496,5.385131242014443,3.171296581421726,0.2154015758551028,0.5699763978697914,0.018765432760119438,shoulder press_5.mp4,252
15.929002948083573,25.236853709654124,133.47271645148757,76.94347988260664,9.34017562866211,10.049396332643388,2.3583854764748016,0.45221217374185313,0.5373087961263691,3.326263904571533,shoulder press_5.mp4,255
7.076760395708605,168.09174513515947,129.88684230437437,79.09813184374876,10.108712196350098,13.038472951590286,3.2029521883113397,1.8384010784527347,0.48605131223097303,0.8625894784927368,shoulder press_5.mp4,258
29.82545314742,42.45026137600274,139.32479589853318,125.76404397963506,9.87051773071289,11.51516535979854,4.6736779947198315,0.3493513225522346,0.1023109982685841,2.2995266914367676,shoulder press_5.mp4,261
97.58014906215752,92.98684091477321,150.8362656648203,177.6474823306735,9.9328031539917,6.596395541699895,11.76201260180382,0.0482067555135373,0.16324227198126717,0.2671531140804291,shoulder press_5.mp4,264
155.53564340708104,145.17383111745886,95.04018384395279,143.0405050947036,9.535321235656738,4.594607558729906,4.924085906885116,0.06891576865681089,0.4032273383005752,0.9803093671798706,shoulder press_5.mp4,267
173.29302207543336,168.46405867920265,79.10854350833692,127.27712830035583,10.153295516967773,17.023392595812364,2.251741284377295,0.02825962455886994,0.4667822564414096,4.18981409072876,shoulder press_5.mp4,270
179.57988622078312,165.54558449461678,77.867565452638,116.42597536499514,9.717923164367676,21.498456961847143,12.352527994694404,0.0813286929943193,0.39690881899721664,2.6904819011688232,shoulder press_5.mp4,273
178.99633794275834,173.65884669828534,78.14489001325038,120.09853567073277,8.399001121520996,21.190527799530397,3.2169603888232268,0.030270312060807273,0.42325384070350025,1.2509660720825195,shoulder press_5.mp4,276
176.2616260103998,167.1784935146457,68.00341707521163,136.92512536535386,9.637466430664062,19.959768906439123,5.437631083599536,0.05289499961923753,0.6726413750796212,1.0499721765518188,shoulder press_5.mp4,279
175.68234655626372,172.9400301160326,78.21077129395096,126.16011948006506,9.425450325012207,18.73491620296287,0.6395149895514236,0.015732303051842755,0.4692385300520543,2.5846145153045654,shoulder press_5.mp4,282
173.63600662158464,170.4744680100839,75.22821107195347,129.34166083973716,9.621481895446777,15.932199876840773,2.245435166453504,0.018375137315333405,0.5290461323761649,2.6705944538116455,shoulder press_5.mp4,285
169.6629206291127,164.16917311649797,88.23362506996858,125.50338984884056,10.34134578704834,13.68705970814934,1.16332980172805,0.03291323761580048,0.34874413112796016,4.138376235961914,shoulder press_5.mp4,288
163.11685240633742,151.386554717856,100.0320300301757,131.78529077172198,10.178677558898926,10.986030188548993,4.557015734079216,0.07459567955554305,0.27395071801974114,3.825099468231201,shoulder press_5.mp4,291
15.336133759671604,44.847774964229224,129.4141839574432,92.80955145957347,9.922489166259766,3.9713190343308433,12.916203623380706,0.9807153383787339,0.3294394492035594,9.30935287475586,shoulder press_5.mp4,0
15.76031837050626,44.600431759062324,129.7887206387142,81.88586419503058,9.802387237548828,4.060885944889713,10.337645254933976,0.9555916162953156,0.45260848373750573,5.280623912811279,shoulder press_5.mp4,3
11.907493522537992,49.25673623149775,121.1708387096961,95.5399707213324,10.539929389953613,3.922928766715799,12.793863681863984,1.221277300773836,0.23654443500679292,3.9506499767303467,shoulder press_5.mp4,6
14.496468036238717,36.38510411756867,125.48972779920678,102.16729375397966,9.828715324401855,3.7707951795733683,4.451346397604007,0.8603757767218309,0.20489097051441835,1.733497977256775,shoulder press_5.mp4,9
12.848932040836184,93.1689175141141,123.63905631832897,79.42288158522419,9.340751647949219,5.393471710455202,6.777382659264591,1.5152162736831807,0.43549446232612843,3.9247019290924072,shoulder press_5.mp4,12
17.805746670675553,45.05503283250766,131.05024245430062,97.68171270494553,9.097208976745605,4.258129131743692,9.728150730677863,0.8669725821790749,0.29176972431441417,0.6467567682266235,shoulder press_5.mp4,15
14.75165780099351,75.55897349164444,126.31873619628877,95.68007457179301,10.161792755126953,8.59484001239528,17.368218159947677,1.3466258583358588,0.2760254572399797,2.94661021232605,shoulder press_5.mp4,18
20.63998232162966,49.46271845584599,122.11809172754168,122.35116930331671,9.170794486999512,4.337687207687707,7.714405446787065,0.8223003055390762,0.0019068047638562376,2.656583786010742,shoulder press_5.mp4,21
26.4226541316567,36.70491509219317,122.98625904645185,128.1040527496908,10.032796859741211,6.080424570296774,4.046853134624445,0.3257613460158953,0.040764565280352376,4.998637676239014,shoulder press_5.mp4,24
88.53862845264858,89.04454352051268,167.74584235472506,178.79179634632098,8.939634323120117,9.46656925510835,10.458242964201832,0.005697781633729972,0.06375038528570998,0.3837318420410156,shoulder press_5.mp4,27
143.808243794288,120.78506490973145,110.1580727377672,160.0584238809451,9.575511932373047,2.5455902047695664,8.929274541757986,0.1740269169868603,0.36933608249380534,3.8195302486419678,shoulder press_5.mp4,30
168.425766518598,151.29769844279508,82.30638630005444,139.35693111924033,8.62621021270752,12.034839490562705,7.697306905144733,0.10714301546726424,0.5147495353168426,1.931339144706726,shoulder press_5.mp4,33
175.01858296898087,166.79655251025073,77.72709632558524,125.44493239972509,9.165017127990723,18.541915202312044,7.265643550798438,0.04810805377124499,0.4697284008386275,0.2807963192462921,shoulder press_5.mp4,36
176.50027354699048,170.86382289497664,74.83947795889762,122.01509865467617,9.020767211914062,24.63776472313952,5.092181227453589,0.032452695657079866,0.4792941216539197,0.1199498176574707,shoulder press_5.mp4,39
177.42435330106696,168.05048922049974,68.1998635135276,127.66018388135176,7.81514835357666,19.768599089908513,6.144150454656549,0.054266551000639304,0.6071715100522201,0.8093127012252808,shoulder press_5.mp4,42
176.80162998108537,171.53320191672802,72.21975376949075,121.43506317553323,9.466595649719238,24.321408133221592,6.6732652775316454,0.030249217602808576,0.5082787010664862,3.4783787727355957,shoulder press_5.mp4,45
179.1560488634504,152.42825374856963,81.4689298790797,111.84056859681934,8.73983383178711,24.868138421037024,33.36864641819545,0.16121266841847098,0.31422810526329353,3.172377586364746,shoulder press_5.mp4,48
178.8375255390298,171.90786278740308,76.68258710754279,123.15982678034354,8.994272232055664,20.971970496580845,3.0698310763880574,0.03951392082268749,0.4651388938774025,3.02061128616333,shoulder press_5.mp4,51
172.38663029600593,167.0600266092619,78.40426882455739,125.97254892458363,8.778688430786133,15.5779940427822,5.83775436116481,0.03138403975049642,0.46549584854005455,3.7731051445007324,shoulder press_5.mp4,54
166.82753810724577,149.97200628695572,85.21958953778834,139.33824810140942,8.791864395141602,12.169202300848795,8.627453153022172,0.10641133876958044,0.4820019566680614,3.1684489250183105,shoulder press_5.mp4,57
153.70190786575773,144.34235344266628,98.28825847465626,141.83812150794822,9.193724632263184,4.617771121869865,5.904225058804377,0.06280647298493656,0.36272452061657573,4.463193893432617,shoulder press_5.mp4,60
138.41023156388513,121.05962559762764,113.58139457809739,164.10260944965285,9.353731155395508,2.6070606226618005,5.378270618111211,0.13373889480701584,0.36387558619693944,5.5086212158203125,shoulder press_5.mp4,63
113.68648197598974,104.20077500453195,138.1477862980334,175.51052659089132,10.030121803283691,3.285307202854241,7.675064628042971,0.08706986450617234,0.23823848281737797,4.438665866851807,shoulder press_5.mp4,66
103.11927357831809,97.03533027634141,147.10342154209255,177.48494975618806,10.080020904541016,5.151691644474906,10.937954296497587,0.06079243929252285,0.18720034912265168,1.8692277669906616,shoulder press_5.mp4,69
57.676938321322794,78.67208916175453,163.73913228861989,167.2862634419359,9.726754188537598,7.981355065785396,10.16857660412151,0.30796187149978027,0.021431172345479227,3.442729949951172,shoulder press_5.mp4,72
41.43291798031476,68.48161972563733,144.29840970565277,159.78509906381822,10.338016510009766,7.835807628554041,8.898580870383462,0.49217696420985496,0.10185813377933675,2.963435649871826,shoulder press_5.mp4,75
35.41066984636733,49.44651690738177,138.64547279882234,134.98447855234198,9.11137580871582,4.923860586387017,6.490439811636627,0.3308110390636848,0.026758724535838562,0.6979944705963135,shoulder press_5.mp4,78
21.862275885258533,32.61039924489,117.86555926364811,124.75981049922996,9.104904174804688,4.11614876756357,5.067970157174807,0.39462439962610874,0.05683042331739437,2.065929889678955,shoulder press_5.mp4,81
31.01098510093763,46.732180561288445,131.96837859233761,128.3040876961107,9.0005464553833,3.1752192089294327,1.9288733454174478,0.40443929254579974,0.028157345634600723,2.415438413619995,shoulder press_5.mp4,84
15.642795626443345,39.14583794636403,128.15610768793024,111.60947806090807,9.669038772583008,8.072745871450715,6.634757681808869,0.8579532208514755,0.13802339126646193,2.2675914764404297,shoulder press_5.mp4,87
14.399573030817672,104.78805005792185,136.9443956765659,93.31191186020837,9.523082733154297,10.169724196051712,19.606663902278072,1.5167426731852294,0.3789905630219401,4.264512062072754,shoulder press_5.mp4,90
20.171389351045118,179.13317298369788,138.57363660822983,79.58698509089459,8.14747142791748,8.410605668478981,1.7613842838610505,1.5951645237871441,0.5407635077120977,2.0706846714019775,shoulder press_5.mp4,93
7.882767640237813,54.29871293342031,129.5764645853412,100.20697572574016,8.541511535644531,10.718405535434114,10.101981871908231,1.4929186267348427,0.2556275493120005,1.30100679397583,shoulder press_5.mp4,96
14.989535871937752,126.7770225069847,132.8708273636546,81.0060674921802,9.60910701751709,6.738874391049297,8.652358178011424,1.5770642655548486,0.4849963798701511,2.3533003330230713,shoulder press_5.mp4,99
15.165433763142783,179.12262732316992,131.6546589735491,79.03357833199256,9.642044067382812,2.8024637150644893,0.9739566238079984,1.6877742527595556,0.49951607469424175,2.1801950931549072,shoulder press_5.mp4,102
16.0456562714102,145.2566920682381,131.6126218736967,76.28918284463059,8.242496490478516,3.2603139684802827,1.7747479169576905,1.6020973919704267,0.5322073957368504,1.4235743284225464,shoulder press_5.mp4,105
18.09239982804662,142.09390650519154,129.4489590559194,75.30496704702207,8.408014297485352,2.5939069513823805,0.5737896139316955,1.5482160680973889,0.5288689017047327,0.6050470471382141,shoulder press_5.mp4,108
17.048098620344607,159.32303983677448,141.03351259864175,90.42939826920588,8.614771842956543,11.237656017977228,0.1973528029579257,1.6133585399633967,0.4372546265809989,0.15571904182434082,shoulder press_5.mp4,111
35.58573047073359,47.23743134307319,133.5111948790453,138.47523678474562,10.030282020568848,6.554042199246179,5.564644705364774,0.281363343711354,0.03650212898734964,5.4545979499816895,shoulder press_5.mp4,114
143.6956687345026,111.20951117997345,115.95809394457032,164.3348148585342,9.783998489379883,5.313128259101053,10.550649299762695,0.254888171087215,0.34518690551637715,7.338156700134277,shoulder press_5.mp4,117
170.9924577252018,154.6335611365249,82.26588129868432,135.24843586878302,9.239659309387207,14.295880354927812,6.628707350570884,0.10047659364483111,0.48716383601826707,4.073443412780762,shoulder press_5.mp4,120
178.64563640916955,169.6858794980679,73.72595292746352,125.61924371888126,9.225111961364746,20.460842990139824,4.546901646724136,0.051443848758650344,0.5206374837662211,0.38046419620513916,shoulder press_5.mp4,123
179.88985657019026,178.96296843749272,80.84039618392094,117.74453058347571,8.910089492797852,25.389358256331292,5.464145015466445,0.005165839966162714,0.37167105278620394,4.847421646118164,shoulder press_5.mp4,126
179.78785790640129,171.15026965578753,71.58524874162114,127.36891411140022,8.659062385559082,19.764625328248965,2.6322998383799527,0.04922570431782518,0.5607690190527916,1.6685073375701904,shoulder press_5.mp4,129
179.92598125278,174.999740298746,75.19656361581923,121.72931276186593,8.764140129089355,19.195296087138182,0.4965895617020015,0.027759278378018813,0.47259151516280473,2.3020362854003906,shoulder press_5.mp4,132
175.06779078218057,171.60990363911014,71.07665794958751,131.23042028528474,8.345596313476562,17.045568987213585,2.0559179663375646,0.019948714317156606,0.5946777825129832,0.6398552060127258,shoulder press_5.mp4,135
169.07607047869286,164.57375055787352,81.68941460015236,128.58917788463646,9.230289459228516,12.792686083289253,4.448842591817208,0.02698829513429231,0.4460726384962534,5.627381801605225,shoulder press_5.mp4,138
156.44849522288868,150.69749799687375,91.94392267147836,139.4540146650288,9.57282543182373,2.5541616718486364,3.63869295269451,0.037447971667988536,0.4106353975356277,6.378403186798096,shoulder press_5.mp4,141
146.33667085902943,140.8467676445857,108.0618402791934,146.19140678039145,10.157390594482422,4.9837277396293995,2.2518232745659925,0.038232728482179665,0.2999337624369634,5.821917533874512,shoulder press_5.mp4,144
123.61355795998742,112.73404261008717,126.47589256572148,167.3051620653197,10.244319915771484,5.025276319486763,7.55041398208574,0.09206368352087063,0.2779571306997696,4.492860317230225,shoulder press_5.mp4,147
103.46662460221583,102.39268694668236,147.0477967708693,174.48011710255903,9.816117286682129,7.000141156322944,8.773061181741738,0.010433704916752095,0.17063725510618438,2.4794704914093018,shoulder press_5.mp4,150
80.95792662763522,92.59653194839808,170.256740097268,178.786947168186,10.422974586486816,9.544375587371006,9.362799031204798,0.1341204993090287,0.04887758972377939,4.7552490234375,shoulder press_5.mp4,153
41.0887452364642,66.05642460917653,144.54635124788075,156.04461959764228,8.933545112609863,8.650161132928805,7.872835021606054,0.4660532884250807,0.07650441606691251,0.12357034534215927,shoulder press_5.mp4,156
33.67363503994435,44.60646730023107,138.18967238436662,130.47831940500834,8.992502212524414,8.680035420570317,4.551488869960051,0.2793259572599127,0.057404329618867864,3.0600812435150146,shoulder press_5.mp4,159
27.963559101839202,38.00369763036858,135.74325417702897,119.83006196856418,9.915227890014648,10.325275818964396,1.5429576126889162,0.304397636824191,0.12452937144188779,1.3430328369140625,shoulder press_5.mp4,162
27.3215278218122,97.8555218145953,143.74303929263388,71.1270182790122,8.94018268585205,9.90427295649602,13.526786146843898,1.1269476984424538,0.675906376479735,2.6069140434265137,shoulder press_5.mp4,165
14.518103516475717,96.5722802165059,145.82157837436185,128.27628422988934,9.662052154541016,13.033168141468389,12.71218842114414,1.477250756415726,0.1280221157346623,2.527421236038208,shoulder press_5.mp4,168
21.05509265929881,178.32345244498353,134.40772484078525,63.08721597292015,10.104035377502441,6.691306100663623,2.0357306214967616,1.577585589296256,0.7222515024842169,0.8757399916648865,shoulder press_5.mp4,171
18.472662318058415,59.18654774927332,127.25730683255665,97.09215890961148,10.193892478942871,5.688248187472562,23.087605702566815,1.0485269009539329,0.2689121440352546,1.1340837478637695,shoulder press_5.mp4,174
20.73302254380504,68.14016041901735,132.67175652615222,92.436870569033,9.464692115783691,3.3142569835577023,20.455383135608816,1.066849105540504,0.3574708484193833,2.848175287246704,shoulder press_5.mp4,177
11.193660280098142,135.37110811562331,131.14852091874008,75.158859672181,9.431600570678711,12.939600999513477,1.9749752931796754,1.694506110776213,0.5427790424771939,0.12856128811836243,shoulder press_5.mp4,180
10.270904675239102,155.87021658612753,128.6909245070652,66.3191322995794,10.492530822753906,9.231791414361567,4.3293217676310665,1.7527185419898226,0.6396776989745547,2.9077181816101074,shoulder press_5.mp4,183
18.078472557018895,62.792042528575955,131.9141240646853,91.80906742434364,9.692521095275879,2.7703145914332676,14.914668423344038,1.105806483963442,0.3585239095993171,0.20172998309135437,shoulder press_5.mp4,186
21.415667444160466,75.8759074200529,137.66503611639348,82.82990683347911,10.134354591369629,7.206147613553644,24.308484536148963,1.119526332098145,0.4973821943424852,3.958411931991577,shoulder press_5.mp4,189
32.49046762137887,48.513330025348736,126.73694576399924,141.34130325280566,10.003290176391602,3.968694644803651,4.387643502641852,0.39560768431743176,0.10895593016120393,4.576526165008545,shoulder press_5.mp4,192
128.3127485416953,112.66493678910398,124.60043494902611,171.19339458041193,10.592018127441406,2.763310387133142,5.725896450258984,0.1298693838071436,0.3150367247721697,3.766387701034546,shoulder press_5.mp4,195
162.3301345377677,148.45142338255903,85.98921971507463,140.57419697243947,9.582489013671875,8.126492497366927,8.424373546107077,0.08931489531155944,0.4818516427358682,4.009026527404785,shoulder press_5.mp4,198
173.71580938945675,167.5310902936969,74.22448444374258,129.17067770066743,9.112564086914062,16.153573271389007,5.5666922711273,0.03624776724126919,0.5402900705958109,0.8837999701499939,shoulder press_5.mp4,201
176.72481476016796,173.55469307962585,77.15619511500768,123.21029989707169,9.294095993041992,21.35761769686638,2.3540019445575373,0.018100526063271834,0.45969866148816524,3.891456127166748,shoulder press_5.mp4,204
177.38446064004538,171.82019462726592,76.17930594613098,126.33797281745211,8.650311470031738,20.774825749898756,2.0777088867245865,0.031868223569471534,0.4953519736938192,0.3156901001930237,shoulder press_5.mp4,207
179.08272079032741,172.80837981213475,81.7476567702502,118.74309596553856,9.260224342346191,23.449755983457496,1.8493716616512696,0.03566069711595751,0.36904883332990207,3.2406625747680664,shoulder press_5.mp4,210
174.5406615553951,166.20414426340218,78.41397437067705,124.62807953878978,9.351822853088379,17.936228904598654,6.703847683274231,0.04893114817677454,0.45521707723385074,1.4262051582336426,shoulder press_5.mp4,213
169.38305098506797,163.0204127207223,81.229628351711,131.3720018120719,9.621498107910156,15.330390348790552,5.147964814947551,0.038282623131612264,0.47170262449758715,3.7757248878479004,shoulder press_5.mp4,216
158.88051418378552,155.20179258130648,91.41842725883345,137.97896520355658,10.042753219604492,9.449942564554325,3.294962935118665,0.023425207490152755,0.40593781337210966,6.498056411743164,shoulder press_5.mp4,219
143.85735131872693,129.32019448096682,104.83832281460246,158.83068700401225,10.7815523147583,4.056772019432838,6.58286336636735,0.1064301005794921,0.4095465312859683,6.071280002593994,shoulder press_5.mp4,222
115.7875677967804,115.71408781382408,130.8221834164136,166.16274511219154,11.374147415161133,5.465775377873897,7.354422161914426,0.0006348117274799178,0.23799565769798992,1.11594820022583,shoulder press_5.mp4,225
91.48945133367712,91.70258428282635,154.63756319079334,172.11379675939017,11.618017196655273,5.895976762992287,9.527973789203502,0.002326880078950614,0.10696961488552793,0.7647072076797485,shoulder press_5.mp4,228
62.05692843887736,79.89628464117999,175.572735270443,164.945677277887,10.765935897827148,10.533217781463813,9.522403714013523,0.25134135135415037,0.06241693606537464,0.1118488535284996,shoulder press_5.mp4,231
45.87533395953294,51.85617350372298,159.98480753520667,133.17219409583387,12.107093811035156,10.730824892540335,7.016616975435115,0.12239327315070125,0.18292323424100526,7.2801008224487305,shoulder press_5.mp4,234
31.39585119770305,51.02506184010472,145.70987017718505,124.28634134610566,10.66740894317627,12.206815952903284,1.5606743523684197,0.47631626292218926,0.15869503286886924,2.2188212871551514,shoulder press_5.mp4,237
24.479509236755007,152.50341461564653,149.09744469679663,52.94192307955766,10.645186424255371,9.529234882471158,14.562539534571794,1.4467373754731234,0.9518493615925139,3.532457113265991,shoulder press_5.mp4,240
11.067135008843213,147.87976536828864,136.47487460955008,79.28369035199162,9.805459976196289,10.448073661486168,14.079411219958185,1.7214884975401388,0.5301405695551656,2.6442368030548096,shoulder press_5.mp4,243
13.918881788230014,148.46761420808147,128.65055135478218,69.00504437055187,9.989394187927246,6.198243462002789,6.008674410076462,1.6571418897160963,0.6035296573856157,1.023266077041626,shoulder press_5.mp4,246
15.8595820917848,172.80993492226622,132.53676674964802,66.57864058229502,10.779627799987793,5.9374229148025846,0.3302657390413051,1.66375952315384,0.6625115258649468,1.1995958089828491,shoulder press_5.mp4,249
17.27137189996521,21.440691646187272,130.277288543318,72.49078146900207,9.707716941833496,5.385131242014443,3.171296581421726,0.2154015758551028,0.5699763978697914,0.018765432760119438,shoulder press_5.mp4,252
15.929002948083573,25.236853709654124,133.47271645148757,76.94347988260664,9.34017562866211,10.049396332643388,2.3583854764748016,0.45221217374185313,0.5373087961263691,3.326263904571533,shoulder press_5.mp4,255
7.076760395708605,168.09174513515947,129.88684230437437,79.09813184374876,10.108712196350098,13.038472951590286,3.2029521883113397,1.8384010784527347,0.48605131223097303,0.8625894784927368,shoulder press_5.mp4,258
29.82545314742,42.45026137600274,139.32479589853318,125.76404397963506,9.87051773071289,11.51516535979854,4.6736779947198315,0.3493513225522346,0.1023109982685841,2.2995266914367676,shoulder press_5.mp4,261
97.58014906215752,92.98684091477321,150.8362656648203,177.6474823306735,9.9328031539917,6.596395541699895,11.76201260180382,0.0482067555135373,0.16324227198126717,0.2671531140804291,shoulder press_5.mp4,264
155.53564340708104,145.17383111745886,95.04018384395279,143.0405050947036,9.535321235656738,4.594607558729906,4.924085906885116,0.06891576865681089,0.4032273383005752,0.9803093671798706,shoulder press_5.mp4,267
173.29302207543336,168.46405867920265,79.10854350833692,127.27712830035583,10.153295516967773,17.023392595812364,2.251741284377295,0.02825962455886994,0.4667822564414096,4.18981409072876,shoulder press_5.mp4,270
179.57988622078312,165.54558449461678,77.867565452638,116.42597536499514,9.717923164367676,21.498456961847143,12.352527994694404,0.0813286929943193,0.39690881899721664,2.6904819011688232,shoulder press_5.mp4,273
178.99633794275834,173.65884669828534,78.14489001325038,120.09853567073277,8.399001121520996,21.190527799530397,3.2169603888232268,0.030270312060807273,0.42325384070350025,1.2509660720825195,shoulder press_5.mp4,276
176.2616260103998,167.1784935146457,68.00341707521163,136.92512536535386,9.637466430664062,19.959768906439123,5.437631083599536,0.05289499961923753,0.6726413750796212,1.0499721765518188,shoulder press_5.mp4,279
175.68234655626372,172.9400301160326,78.21077129395096,126.16011948006506,9.425450325012207,18.73491620296287,0.6395149895514236,0.015732303051842755,0.4692385300520543,2.5846145153045654,shoulder press_5.mp4,282
173.63600662158464,170.4744680100839,75.22821107195347,129.34166083973716,9.621481895446777,15.932199876840773,2.245435166453504,0.018375137315333405,0.5290461323761649,2.6705944538116455,shoulder press_5.mp4,285
169.6629206291127,164.16917311649797,88.23362506996858,125.50338984884056,10.34134578704834,13.68705970814934,1.16332980172805,0.03291323761580048,0.34874413112796016,4.138376235961914,shoulder press_5.mp4,288
163.11685240633742,151.386554717856,100.0320300301757,131.78529077172198,10.178677558898926,10.986030188548993,4.557015734079216,0.07459567955554305,0.27395071801974114,3.825099468231201,shoulder press_5.mp4,291
32.299593220862,29.683822344759854,123.87425870588729,129.35032519047022,0.07105382531881332,8.306920514007983,2.2371381877636662,0.08440228252129248,0.043250670217898225,0.007568304426968098,shoulder press_6.mp4,0
34.43229228075832,31.104494462630427,129.6533449315427,131.01191534728477,0.14215882122516632,10.14524466763806,5.023873980430784,0.1015551107550629,0.010423870171950296,0.0178482998162508,shoulder press_6.mp4,3
47.38906080508535,49.363996689058645,134.80265032616498,154.30368720071064,0.43546047806739807,8.165117549261463,5.365894727131334,0.040824257860643386,0.13490563397098015,1.7156871557235718,shoulder press_6.mp4,6
79.76469471110606,77.32601270792283,172.01381996955362,179.68101892515222,0.552746057510376,9.45811312350594,8.165721291877388,0.031048074621985264,0.04360143003346194,1.377408742904663,shoulder press_6.mp4,9
113.90251240257747,110.74437323932663,152.4725635135745,151.36623040484938,0.6109222173690796,9.36329537850529,4.334615355810093,0.02811647403191722,0.007282369011918589,0.06281604617834091,shoulder press_6.mp4,12
142.10991843934798,146.92333405899927,128.63833016995224,117.27083948704966,0.4083109498023987,4.572997933473712,0.6679299382877742,0.03330700241612386,0.09245275968161859,1.4339072704315186,shoulder press_6.mp4,15
160.39906982259023,166.24283624129373,113.4113427286285,108.68421836920506,0.6974570751190186,3.0207315176768432,7.598937082026741,0.03578087385738303,0.0425683821509709,0.9576903581619263,shoulder press_6.mp4,18
161.89554044492974,173.5973034629357,118.00017476931085,99.70325948585622,0.5337084531784058,3.5163349147893403,13.377649173933701,0.06975864451654037,0.16809027699589776,0.8035154938697815,shoulder press_6.mp4,24
167.66413167679627,174.1143692309425,115.36573282652397,98.24652776785364,0.2310182750225067,6.52585603527679,12.743651298166553,0.03774513339496108,0.16028298198835614,1.2356066703796387,shoulder press_6.mp4,27
158.4143752396149,170.63411791138202,110.03871581758219,111.09621247534079,3.460559129714966,0.27514684984123505,13.231883190260195,0.07427320243742672,0.009564266178319951,1.4482738971710205,shoulder press_6.mp4,30
166.06135533713376,170.77916854833393,109.9949236606022,106.02235512702445,0.875683605670929,4.911437307763573,10.405060462620893,0.028012147450550303,0.03678009977603041,1.9365195035934448,shoulder press_6.mp4,33
171.6290942567549,173.4912682060581,105.95716780924138,107.07462040443689,0.15026620030403137,8.319773637360349,13.684028141738503,0.010791446416053384,0.010490946957405795,0.5522527694702148,shoulder press_6.mp4,36
167.34096980694898,175.51580879128892,108.32855271339271,105.29925946788964,0.18501290678977966,4.863427902641296,14.964933870990718,0.047686611405278814,0.02836047623735848,0.900574266910553,shoulder press_6.mp4,39
166.05188797430117,175.42512640519985,117.33420304125234,97.2906372517228,0.17577005922794342,5.5706880023526155,15.735621345560045,0.05489821004749513,0.1867776885673525,1.9107143878936768,shoulder press_6.mp4,42
164.58859919361447,172.8183437687607,117.64156669428684,102.27024751224837,0.09145664423704147,8.225795826541093,15.159965256344575,0.04878230722160305,0.13979530147118097,1.4765849113464355,shoulder press_6.mp4,45
158.63291809790582,168.2123206815972,122.77059937439246,100.37389516423208,0.4983615279197693,2.4709560352969744,10.284142714248558,0.05861736043310609,0.20073723312303085,0.24230505526065826,shoulder press_6.mp4,48
148.63927792523918,158.54597099595236,123.42558163560057,108.67484179489504,0.10622775554656982,4.333338152401343,3.4613354652507033,0.06449979681970171,0.12710653106690908,2.0685365200042725,shoulder press_6.mp4,51
127.32826166477233,130.0127220319295,139.31304984380142,134.62119185667063,0.8404675126075745,7.690925799094313,2.9907089977210255,0.020863061363914345,0.03425535966592309,0.19015955924987793,shoulder press_6.mp4,54
105.64170562393208,101.98066678737887,162.0955020935773,157.39204577506476,0.02287210524082184,8.611552202768998,6.5806359696986245,0.03526632312341085,0.029443753597848336,1.111939787864685,shoulder press_6.mp4,57
75.36881005069111,73.53546052327768,169.55177428758236,173.18505244903577,0.10067969560623169,10.254650256791235,5.969166507708655,0.024624539247216665,0.02120156270365109,0.012520797550678253,shoulder press_6.mp4,60
51.43479600620357,53.04907294756054,144.54235373220092,153.84605782665136,0.025373265147209167,11.569087568424782,4.03490357181079,0.030900022319642752,0.06235968780319361,1.0139319896697998,shoulder press_6.mp4,63
39.14461534883543,40.16728523405483,130.80103937666598,143.2069549486439,0.3212619423866272,10.953919205735478,4.984463181225139,0.025788560801177376,0.09055148629896738,0.7500048279762268,shoulder press_6.mp4,66
34.12298283725523,35.988104213300765,126.41237824692745,135.8678267901187,0.05682491138577461,10.444416848119214,2.595129898393731,0.05320474847867148,0.07210188463788722,1.309333086013794,shoulder press_6.mp4,69
32.9807152795871,34.42761719914537,122.93548700423719,136.14587382906942,0.00213976064696908,9.336566404526899,2.81818085732925,0.042929467807700676,0.10197867405314283,1.129394292831421,shoulder press_6.mp4,72
31.351612644292242,32.658932967965626,122.30852221683142,132.58435608005382,0.002756031695753336,8.936606832828728,2.3325027200665027,0.04084702953767778,0.08062864629158979,1.4279212951660156,shoulder press_6.mp4,75
30.983445320860554,30.2998689943354,123.42334340389505,130.88024914095587,0.2798806428909302,9.770356110655465,3.539225474707634,0.02230872576536387,0.05864569715621037,1.0483002662658691,shoulder press_6.mp4,78
31.14535093539804,32.07617154872862,124.24422083398676,131.1476682917411,0.38307347893714905,9.518602827193538,2.6469330046632513,0.029446320707138426,0.05406160298501739,1.154078483581543,shoulder press_6.mp4,81
31.330313027232656,32.03537659262895,123.59741057743948,132.65496314395585,0.059024251997470856,10.189358376925563,3.0051880584459267,0.022253796009356338,0.07069243835660231,1.0010113716125488,shoulder press_6.mp4,84
36.997482973580595,36.441065162222664,129.71839777518952,138.62015215297242,0.37033477425575256,10.76473561242225,4.388569274053318,0.01515329007673187,0.06634718999686057,0.3810468316078186,shoulder press_6.mp4,87
59.259868561018436,60.04809994163257,152.2586432196698,161.12741626052076,0.20335769653320312,10.971162044314779,4.122857480578899,0.013213390362884622,0.05659966531734994,0.4384624660015106,shoulder press_6.mp4,90
95.38944671727518,94.133290627072,171.72817851307937,164.69615465048662,0.2399103343486786,11.886669962682628,4.461170294588236,0.013255993532014529,0.041804490159597675,0.07668125629425049,shoulder press_6.mp4,93
132.9911107561455,132.01858807706984,135.61161580579784,132.79754939356732,0.4336774945259094,6.892716925265231,1.0353396519351588,0.0073395251823423005,0.020968482280702482,0.2621521055698395,shoulder press_6.mp4,96
135.32264750999994,114.51414737377368,103.04351071168388,153.90539080610785,12.79992389678955,8.06655590957479,7.606574047926453,0.16657674579844464,0.39589101018906026,3.0722296237945557,shoulder press_6.mp4,102
153.8301251834256,134.35541117644834,83.12278588427233,142.7048332792681,10.538925170898438,5.223644794826848,12.001844993100727,0.13515400011371875,0.5276772399734461,3.089412212371826,shoulder press_6.mp4,108
166.72188209774936,170.92028267879226,109.05750828274584,108.49726398707581,2.682206153869629,4.237556286890783,14.292569275860606,0.024868935334670005,0.005150374683348157,0.9832279682159424,shoulder press_6.mp4,111
145.6189525986726,153.3457177831981,96.41790719081133,154.23007284468102,19.450227737426758,1.7023301596525642,0.16020315927659623,0.05169015572747126,0.46130166814576634,3.17543363571167,shoulder press_6.mp4,114
175.46360838572116,174.80993203255912,105.15569063489264,107.14666432655652,0.017917830497026443,12.638436694756322,13.967080175899467,0.003732376430040654,0.018756020789551884,0.31534433364868164,shoulder press_6.mp4,117
86.90998767396778,52.53167101947355,171.3303639504254,140.5617122171726,10.818065643310547,8.581191506251388,13.114832690067844,0.4930853086031344,0.1973031961011987,9.529017448425293,shoulder press_6.mp4,120
24.642810336317584,138.42248800517845,125.02832214182658,179.98021765897056,13.964264869689941,2.218669884793679,0.44308066353172626,1.3955106184588728,0.3603302094625507,5.393975734710693,shoulder press_6.mp4,123
125.61022867018583,125.11939000439918,142.20147483295204,137.66176546218992,0.12435057759284973,8.29558243594576,3.6208204672283584,0.003915282672875598,0.03244234123763148,1.639609456062317,shoulder press_6.mp4,126
98.6450988934587,95.06227351342024,165.93781115939072,165.29251892512292,0.16844442486763,11.894491946999507,5.881401844612797,0.03699214268946662,0.0038963354237708404,0.11893665045499802,shoulder press_6.mp4,129
66.0164175667724,70.60698613011634,159.58007760468283,170.48483318159631,0.23267337679862976,10.82237015379316,4.184267291532423,0.06720032496816612,0.06607643054777454,0.11644747853279114,shoulder press_6.mp4,132
40.12879976133849,41.72039242449416,133.3363984366607,144.78704829608515,0.062096528708934784,11.127039572848812,5.776094149638699,0.03889085819056272,0.08234221166133907,1.4422979354858398,shoulder press_6.mp4,135
32.89912495742598,34.84784637352652,125.52564336949105,134.15602660662955,0.3043666481971741,9.782308529691136,2.5151594822283685,0.057529403243158715,0.06646894436509225,0.662087082862854,shoulder press_6.mp4,138
31.874149088288682,34.44703266113811,124.27806268767483,133.11591058801926,0.09782290458679199,9.80985984745172,1.7086741724305439,0.07758859251242654,0.06867175472580495,0.05639690160751343,shoulder press_6.mp4,141
33.87315575057206,35.197283287297736,126.27681612844378,132.66843092764566,0.2672877013683319,8.392193982977442,1.5896906546991418,0.03834136731054182,0.049366534986582736,1.270774483680725,shoulder press_6.mp4,144
33.29644576881821,32.98966667712482,125.77508424993805,133.30363379719185,0.42480820417404175,9.294867362606892,3.8612434803134517,0.0092562100981127,0.05811785394031677,0.6493223905563354,shoulder press_6.mp4,147
32.75563180575751,32.24908058702107,124.04618169150572,132.23629364999687,0.11149948090314865,9.06534756271534,2.4519657262330465,0.015585061454489681,0.06391472493448974,0.46748581528663635,shoulder press_6.mp4,150
29.497243162328537,30.352861565207803,121.70241885703173,129.95507914831228,0.6457034945487976,9.593820808267823,2.120481408655772,0.028592043632151093,0.06558644472500717,0.3651420474052429,shoulder press_6.mp4,153
32.299593220862,29.683822344759854,123.87425870588729,129.35032519047022,0.07105382531881332,8.306920514007983,2.2371381877636662,0.08440228252129248,0.043250670217898225,0.007568304426968098,shoulder press_6.mp4,0
34.43229228075832,31.104494462630427,129.6533449315427,131.01191534728477,0.14215882122516632,10.14524466763806,5.023873980430784,0.1015551107550629,0.010423870171950296,0.0178482998162508,shoulder press_6.mp4,3
47.38906080508535,49.363996689058645,134.80265032616498,154.30368720071064,0.43546047806739807,8.165117549261463,5.365894727131334,0.040824257860643386,0.13490563397098015,1.7156871557235718,shoulder press_6.mp4,6
79.76469471110606,77.32601270792283,172.01381996955362,179.68101892515222,0.552746057510376,9.45811312350594,8.165721291877388,0.031048074621985264,0.04360143003346194,1.377408742904663,shoulder press_6.mp4,9
113.90251240257747,110.74437323932663,152.4725635135745,151.36623040484938,0.6109222173690796,9.36329537850529,4.334615355810093,0.02811647403191722,0.007282369011918589,0.06281604617834091,shoulder press_6.mp4,12
142.10991843934798,146.92333405899927,128.63833016995224,117.27083948704966,0.4083109498023987,4.572997933473712,0.6679299382877742,0.03330700241612386,0.09245275968161859,1.4339072704315186,shoulder press_6.mp4,15
160.39906982259023,166.24283624129373,113.4113427286285,108.68421836920506,0.6974570751190186,3.0207315176768432,7.598937082026741,0.03578087385738303,0.0425683821509709,0.9576903581619263,shoulder press_6.mp4,18
161.89554044492974,173.5973034629357,118.00017476931085,99.70325948585622,0.5337084531784058,3.5163349147893403,13.377649173933701,0.06975864451654037,0.16809027699589776,0.8035154938697815,shoulder press_6.mp4,24
167.66413167679627,174.1143692309425,115.36573282652397,98.24652776785364,0.2310182750225067,6.52585603527679,12.743651298166553,0.03774513339496108,0.16028298198835614,1.2356066703796387,shoulder press_6.mp4,27
158.4143752396149,170.63411791138202,110.03871581758219,111.09621247534079,3.460559129714966,0.27514684984123505,13.231883190260195,0.07427320243742672,0.009564266178319951,1.4482738971710205,shoulder press_6.mp4,30
166.06135533713376,170.77916854833393,109.9949236606022,106.02235512702445,0.875683605670929,4.911437307763573,10.405060462620893,0.028012147450550303,0.03678009977603041,1.9365195035934448,shoulder press_6.mp4,33
171.6290942567549,173.4912682060581,105.95716780924138,107.07462040443689,0.15026620030403137,8.319773637360349,13.684028141738503,0.010791446416053384,0.010490946957405795,0.5522527694702148,shoulder press_6.mp4,36
167.34096980694898,175.51580879128892,108.32855271339271,105.29925946788964,0.18501290678977966,4.863427902641296,14.964933870990718,0.047686611405278814,0.02836047623735848,0.900574266910553,shoulder press_6.mp4,39
166.05188797430117,175.42512640519985,117.33420304125234,97.2906372517228,0.17577005922794342,5.5706880023526155,15.735621345560045,0.05489821004749513,0.1867776885673525,1.9107143878936768,shoulder press_6.mp4,42
164.58859919361447,172.8183437687607,117.64156669428684,102.27024751224837,0.09145664423704147,8.225795826541093,15.159965256344575,0.04878230722160305,0.13979530147118097,1.4765849113464355,shoulder press_6.mp4,45
158.63291809790582,168.2123206815972,122.77059937439246,100.37389516423208,0.4983615279197693,2.4709560352969744,10.284142714248558,0.05861736043310609,0.20073723312303085,0.24230505526065826,shoulder press_6.mp4,48
148.63927792523918,158.54597099595236,123.42558163560057,108.67484179489504,0.10622775554656982,4.333338152401343,3.4613354652507033,0.06449979681970171,0.12710653106690908,2.0685365200042725,shoulder press_6.mp4,51
127.32826166477233,130.0127220319295,139.31304984380142,134.62119185667063,0.8404675126075745,7.690925799094313,2.9907089977210255,0.020863061363914345,0.03425535966592309,0.19015955924987793,shoulder press_6.mp4,54
105.64170562393208,101.98066678737887,162.0955020935773,157.39204577506476,0.02287210524082184,8.611552202768998,6.5806359696986245,0.03526632312341085,0.029443753597848336,1.111939787864685,shoulder press_6.mp4,57
75.36881005069111,73.53546052327768,169.55177428758236,173.18505244903577,0.10067969560623169,10.254650256791235,5.969166507708655,0.024624539247216665,0.02120156270365109,0.012520797550678253,shoulder press_6.mp4,60
51.43479600620357,53.04907294756054,144.54235373220092,153.84605782665136,0.025373265147209167,11.569087568424782,4.03490357181079,0.030900022319642752,0.06235968780319361,1.0139319896697998,shoulder press_6.mp4,63
39.14461534883543,40.16728523405483,130.80103937666598,143.2069549486439,0.3212619423866272,10.953919205735478,4.984463181225139,0.025788560801177376,0.09055148629896738,0.7500048279762268,shoulder press_6.mp4,66
34.12298283725523,35.988104213300765,126.41237824692745,135.8678267901187,0.05682491138577461,10.444416848119214,2.595129898393731,0.05320474847867148,0.07210188463788722,1.309333086013794,shoulder press_6.mp4,69
32.9807152795871,34.42761719914537,122.93548700423719,136.14587382906942,0.00213976064696908,9.336566404526899,2.81818085732925,0.042929467807700676,0.10197867405314283,1.129394292831421,shoulder press_6.mp4,72
31.351612644292242,32.658932967965626,122.30852221683142,132.58435608005382,0.002756031695753336,8.936606832828728,2.3325027200665027,0.04084702953767778,0.08062864629158979,1.4279212951660156,shoulder press_6.mp4,75
30.983445320860554,30.2998689943354,123.42334340389505,130.88024914095587,0.2798806428909302,9.770356110655465,3.539225474707634,0.02230872576536387,0.05864569715621037,1.0483002662658691,shoulder press_6.mp4,78
31.14535093539804,32.07617154872862,124.24422083398676,131.1476682917411,0.38307347893714905,9.518602827193538,2.6469330046632513,0.029446320707138426,0.05406160298501739,1.154078483581543,shoulder press_6.mp4,81
31.330313027232656,32.03537659262895,123.59741057743948,132.65496314395585,0.059024251997470856,10.189358376925563,3.0051880584459267,0.022253796009356338,0.07069243835660231,1.0010113716125488,shoulder press_6.mp4,84
36.997482973580595,36.441065162222664,129.71839777518952,138.62015215297242,0.37033477425575256,10.76473561242225,4.388569274053318,0.01515329007673187,0.06634718999686057,0.3810468316078186,shoulder press_6.mp4,87
59.259868561018436,60.04809994163257,152.2586432196698,161.12741626052076,0.20335769653320312,10.971162044314779,4.122857480578899,0.013213390362884622,0.05659966531734994,0.4384624660015106,shoulder press_6.mp4,90
95.38944671727518,94.133290627072,171.72817851307937,164.69615465048662,0.2399103343486786,11.886669962682628,4.461170294588236,0.013255993532014529,0.041804490159597675,0.07668125629425049,shoulder press_6.mp4,93
132.9911107561455,132.01858807706984,135.61161580579784,132.79754939356732,0.4336774945259094,6.892716925265231,1.0353396519351588,0.0073395251823423005,0.020968482280702482,0.2621521055698395,shoulder press_6.mp4,96
135.32264750999994,114.51414737377368,103.04351071168388,153.90539080610785,12.79992389678955,8.06655590957479,7.606574047926453,0.16657674579844464,0.39589101018906026,3.0722296237945557,shoulder press_6.mp4,102
153.8301251834256,134.35541117644834,83.12278588427233,142.7048332792681,10.538925170898438,5.223644794826848,12.001844993100727,0.13515400011371875,0.5276772399734461,3.089412212371826,shoulder press_6.mp4,108
166.72188209774936,170.92028267879226,109.05750828274584,108.49726398707581,2.682206153869629,4.237556286890783,14.292569275860606,0.024868935334670005,0.005150374683348157,0.9832279682159424,shoulder press_6.mp4,111
145.6189525986726,153.3457177831981,96.41790719081133,154.23007284468102,19.450227737426758,1.7023301596525642,0.16020315927659623,0.05169015572747126,0.46130166814576634,3.17543363571167,shoulder press_6.mp4,114
175.46360838572116,174.80993203255912,105.15569063489264,107.14666432655652,0.017917830497026443,12.638436694756322,13.967080175899467,0.003732376430040654,0.018756020789551884,0.31534433364868164,shoulder press_6.mp4,117
86.90998767396778,52.53167101947355,171.3303639504254,140.5617122171726,10.818065643310547,8.581191506251388,13.114832690067844,0.4930853086031344,0.1973031961011987,9.529017448425293,shoulder press_6.mp4,120
24.642810336317584,138.42248800517845,125.02832214182658,179.98021765897056,13.964264869689941,2.218669884793679,0.44308066353172626,1.3955106184588728,0.3603302094625507,5.393975734710693,shoulder press_6.mp4,123
125.61022867018583,125.11939000439918,142.20147483295204,137.66176546218992,0.12435057759284973,8.29558243594576,3.6208204672283584,0.003915282672875598,0.03244234123763148,1.639609456062317,shoulder press_6.mp4,126
98.6450988934587,95.06227351342024,165.93781115939072,165.29251892512292,0.16844442486763,11.894491946999507,5.881401844612797,0.03699214268946662,0.0038963354237708404,0.11893665045499802,shoulder press_6.mp4,129
66.0164175667724,70.60698613011634,159.58007760468283,170.48483318159631,0.23267337679862976,10.82237015379316,4.184267291532423,0.06720032496816612,0.06607643054777454,0.11644747853279114,shoulder press_6.mp4,132
40.12879976133849,41.72039242449416,133.3363984366607,144.78704829608515,0.062096528708934784,11.127039572848812,5.776094149638699,0.03889085819056272,0.08234221166133907,1.4422979354858398,shoulder press_6.mp4,135
32.89912495742598,34.84784637352652,125.52564336949105,134.15602660662955,0.3043666481971741,9.782308529691136,2.5151594822283685,0.057529403243158715,0.06646894436509225,0.662087082862854,shoulder press_6.mp4,138
31.874149088288682,34.44703266113811,124.27806268767483,133.11591058801926,0.09782290458679199,9.80985984745172,1.7086741724305439,0.07758859251242654,0.06867175472580495,0.05639690160751343,shoulder press_6.mp4,141
33.87315575057206,35.197283287297736,126.27681612844378,132.66843092764566,0.2672877013683319,8.392193982977442,1.5896906546991418,0.03834136731054182,0.049366534986582736,1.270774483680725,shoulder press_6.mp4,144
33.29644576881821,32.98966667712482,125.77508424993805,133.30363379719185,0.42480820417404175,9.294867362606892,3.8612434803134517,0.0092562100981127,0.05811785394031677,0.6493223905563354,shoulder press_6.mp4,147
32.75563180575751,32.24908058702107,124.04618169150572,132.23629364999687,0.11149948090314865,9.06534756271534,2.4519657262330465,0.015585061454489681,0.06391472493448974,0.46748581528663635,shoulder press_6.mp4,150
29.497243162328537,30.352861565207803,121.70241885703173,129.95507914831228,0.6457034945487976,9.593820808267823,2.120481408655772,0.028592043632151093,0.06558644472500717,0.3651420474052429,shoulder press_6.mp4,153
40.55112826298932,42.69861464799394,131.37911969211433,127.53506521901323,1.224008321762085,0.6182062438059758,4.585016627169196,0.051591423826998946,0.029693656795363062,2.428499937057495,shoulder press_7.mp4,0
41.21135548918059,43.56208678942308,128.9445417665832,129.76562269144947,1.523491621017456,0.7072522138884673,4.793241973998951,0.05545914468158379,0.006347496447125172,1.322218418121338,shoulder press_7.mp4,3
43.217304092564625,43.02112251474024,130.15903350276045,130.54849412610787,1.5925092697143555,1.5849884263368272,3.2870531693256266,0.004549748541162868,0.002987720583978202,1.3818858861923218,shoulder press_7.mp4,6
43.50387709003304,47.55948336721106,133.50243221989345,134.35381115695625,1.5207288265228271,0.8913172500156498,3.7541559563174944,0.08907218571364266,0.006356984077201373,0.5868174433708191,shoulder press_7.mp4,9
45.577267204983606,50.832220763335805,132.91967174613418,141.12094570929955,1.6827365159988403,0.3324951487404701,2.4357580228618065,0.10901320334942552,0.059854440843968015,0.904424250125885,shoulder press_7.mp4,12
49.907554935403176,54.30839321531001,138.96271341695748,146.01333778704847,1.3695759773254395,2.032788329439869,1.323414105533686,0.08445613858528656,0.04948222378899939,0.7726456522941589,shoulder press_7.mp4,15
70.15653866377366,72.68776296318045,162.10859251137475,165.28402005129453,1.1044477224349976,4.502948273406965,0.1545186629225164,0.03544032587337255,0.01939828461652868,0.7196053862571716,shoulder press_7.mp4,18
95.75382538207158,97.27000166495209,171.4863844240337,170.39912994669393,1.280969262123108,4.1790848323489,1.419275820285544,0.015709731861353503,0.006360342463417692,0.2525564432144165,shoulder press_7.mp4,21
111.61466113509093,119.17550876337235,159.20903909955817,145.0263803851638,0.7826440334320068,4.280905847103416,1.5256920009083148,0.06552140094708399,0.09323476364727865,0.6250787973403931,shoulder press_7.mp4,24
139.2203009194954,144.80857689855915,131.5738897526999,128.09138543957403,0.9062690138816833,0.9032425870519247,5.132351167752119,0.039350054980279395,0.026823026764338724,0.7624096870422363,shoulder press_7.mp4,27
159.01404661392004,164.59434458126128,116.35906843554663,114.30650777814192,1.0457767248153687,4.916469857285145,10.691609459756158,0.034487968292364425,0.01779685283861533,0.31283843517303467,shoulder press_7.mp4,30
158.7190840066456,167.2563182983515,118.3187656243697,112.05872492636924,1.4103045463562012,6.709426134151074,13.972495215868031,0.05237962270366688,0.05434594050864304,0.7545709609985352,shoulder press_7.mp4,33
161.13462860648247,169.30060458119445,113.60206952484396,113.87814267661388,1.3294039964675903,7.094940257541495,13.791352316084629,0.04942557666103339,0.0024272278375178343,1.3903067111968994,shoulder press_7.mp4,36
160.85413118814955,168.24550032719574,116.80496294160737,111.66211639530715,1.1649436950683594,7.5901894004058885,12.842241309291966,0.04491873239123663,0.045020460376404565,0.25819072127342224,shoulder press_7.mp4,39
152.76582682324045,160.41993957255664,126.25166133930082,114.25789444765711,1.4291690587997437,5.5064827627125155,10.259645956897907,0.048879058824423734,0.09973630238848163,1.2798266410827637,shoulder press_7.mp4,42
138.71439902280406,140.23328373325938,133.49834561122154,127.30091751925696,0.7900397181510925,1.6940700016591943,1.5345365064868315,0.010890104520305852,0.04752642333091251,2.6794323921203613,shoulder press_7.mp4,45
116.01363801497786,118.8817417812837,153.0600233533242,146.54868609538383,1.0573090314865112,4.179201230126908,2.0439511482418165,0.024420265471321825,0.04346560732444319,0.5568740963935852,shoulder press_7.mp4,48
93.8641087668046,94.04210272410654,172.993160878949,171.32128361769588,1.0844738483428955,5.506557606838232,3.0306062987944964,0.0018944978549636253,0.009711339666259087,0.7068259716033936,shoulder press_7.mp4,51
74.2338653773361,74.65328975101991,165.88487797807733,169.94061592718685,1.3644248247146606,4.406358463306478,2.991337983509888,0.005634124358440773,0.024153841937048677,0.6805230379104614,shoulder press_7.mp4,54
60.506438468378214,67.12973123347537,153.11315368637102,158.63076233654314,0.32340091466903687,3.9497102643577,0.15441502129686815,0.10378394745891482,0.0353983405390119,0.8656905889511108,shoulder press_7.mp4,57
50.20755488019609,58.76158387402595,140.22591662845025,152.26063886817707,1.2231303453445435,3.322511235689695,0.15105374129926782,0.1569991117048896,0.08229248157606746,0.6948677897453308,shoulder press_7.mp4,60
48.15766690783548,54.58508497007464,138.9707765108313,145.89181339990057,1.2272844314575195,3.256048934895505,1.1675296839695237,0.1251167200558713,0.04859210815458863,0.5392312407493591,shoulder press_7.mp4,63
46.66731546415251,54.20621576781457,136.17139838834612,145.4195228128935,1.1254351139068604,3.0014384569985406,2.209230249245451,0.1494723186863704,0.06568481956091317,0.2784056067466736,shoulder press_7.mp4,66
46.5698524137483,55.142702585035316,137.89793216326095,145.35113728917386,1.3036258220672607,3.335318948268359,1.6999619065352305,0.16857014694773007,0.05262651093838464,0.17756377160549164,shoulder press_7.mp4,69
45.82558711681376,54.31068065156222,135.86824367577876,145.4008260372579,1.4922953844070435,2.9110506779453096,1.7391426656097722,0.16947093643184777,0.06778265645209203,0.562018871307373,shoulder press_7.mp4,72
53.14936788892569,64.62543990665691,142.46382338797943,155.9411720358512,1.3562171459197998,3.698753743546895,2.979581414705213,0.19488160893711354,0.09032924283810741,0.21169131994247437,shoulder press_7.mp4,75
79.15808500851513,78.41607998344809,172.7601736153204,171.64376854916247,1.3350528478622437,4.508354554843978,2.7371505500065165,0.00941785127155697,0.0064831143287248285,0.416707843542099,shoulder press_7.mp4,78
96.15727179997728,98.67626870768122,173.95220657648238,164.9116867182454,1.395241141319275,4.70805531554763,2.1422620239802788,0.025857939050334306,0.05335782322712072,0.11316734552383423,shoulder press_7.mp4,81
116.95522712798139,129.84733572085332,151.93925812410308,137.5604259580498,1.0344288349151611,5.510373168816638,1.1370991125439027,0.10447305282456312,0.09933573649063417,0.3049927055835724,shoulder press_7.mp4,84
145.39698310514527,149.27517702565922,126.86160539243178,126.06680006920395,1.6627302169799805,3.91501007962514,5.020619594586913,0.026322092448722856,0.006284824527930615,1.6631392240524292,shoulder press_7.mp4,87
159.6623399625489,165.5616829949525,115.43030338083824,118.89637834471522,1.790824294090271,10.08254980398366,15.195372387272045,0.036278642510823834,0.02958327185238334,0.22504498064517975,shoulder press_7.mp4,90
160.44676856815698,168.80111604815042,119.07451331845185,109.88941231612368,1.486353874206543,7.636858728921485,13.38628447354919,0.050748070802211935,0.08023186165131978,0.2786739766597748,shoulder press_7.mp4,93
162.01579260710895,170.66617467167939,115.83372957373345,111.30868797012053,1.6261866092681885,8.578502822962575,14.415313027247365,0.05200391313858858,0.039843210726937674,0.663368821144104,shoulder press_7.mp4,96
162.85223832674154,168.61012519543584,115.1007548393791,113.01597059033335,1.932252049446106,9.420557953427348,12.574827347081152,0.03474232674569735,0.018278223528928567,0.7652791142463684,shoulder press_7.mp4,99
158.78577474734305,167.17681619591022,117.25828213837383,115.57168560293056,0.5543094277381897,8.757156195893485,13.388693629834965,0.05148468984913645,0.014487795980947233,0.5051366090774536,shoulder press_7.mp4,102
146.39636183683777,147.85762567634345,126.47195139005144,127.05388747153386,1.198046088218689,3.6010676416913623,5.887932582160924,0.009931990059711382,0.004590743760837127,0.3660096526145935,shoulder press_7.mp4,105
124.20703528014408,129.14095869295087,144.06529951995458,138.8037722658749,1.2344682216644287,4.3012570592685035,0.04605540919314151,0.03894977288299164,0.037201149074815615,0.029466308653354645,shoulder press_7.mp4,108
97.5775246881755,101.92352286909525,168.61720020483898,164.26549016367804,0.899671196937561,5.698667649299985,3.080244762121403,0.04356867529401965,0.02614560724886831,1.4041595458984375,shoulder press_7.mp4,111
84.8846280482927,87.3175164663835,178.71351227155745,179.3308967146138,1.1437948942184448,5.705099619497131,2.0680736510727105,0.028256191872029223,0.00344864730497829,0.8895955681800842,shoulder press_7.mp4,114
67.28887004845443,71.76116990810074,156.65915818316418,166.3182462667267,0.8154069185256958,2.4472270380168752,1.4640541345524012,0.06432648075532577,0.05981277916338638,1.1597832441329956,shoulder press_7.mp4,117
54.34437069199025,62.885267019872124,145.29575199518297,156.27908120655064,1.200509786605835,3.811510666274733,0.5742483090686186,0.14571223616462012,0.07283982615366684,0.9342395067214966,shoulder press_7.mp4,120
45.27551000683185,55.89369182637527,136.2855385845713,146.5084495867418,1.4533334970474243,3.4334996486306384,1.7490211482412255,0.2099093721634596,0.0722993516819571,0.4514477849006653,shoulder press_7.mp4,123
43.429328289270984,52.26589938462496,131.90240413282828,144.12722165609716,1.3848479986190796,1.8461306361639396,1.4556450298948214,0.1846815418103539,0.08857612648156082,0.38137978315353394,shoulder press_7.mp4,126
44.294687411280016,49.99269534116961,134.073325856448,139.8235825396336,1.2925442457199097,1.4106257626786143,1.7860045390536643,0.12086469607178815,0.04198847454583289,0.4269319176673889,shoulder press_7.mp4,129
43.763857010286635,49.26330788903018,133.17799155010846,139.4108129762353,0.9881982207298279,2.1810383379535287,2.513108017033357,0.11823322541744863,0.04573057530339236,0.6639028787612915,shoulder press_7.mp4,132
45.208226307348525,50.77538377875316,134.86752439966435,141.6372072157825,1.256485104560852,2.621785668494111,2.1294805893114437,0.11600225218473527,0.04896612637741901,0.6664571762084961,shoulder press_7.mp4,135
55.03517833360931,60.6264435640215,140.70833466387126,156.88766935280546,0.35768792033195496,1.592623186937015,0.2187154119705988,0.09668315451016031,0.10873354796812087,0.5138984322547913,shoulder press_7.mp4,138
76.50188265018095,77.72385909172642,167.63636430556102,171.69662002028704,0.9292855858802795,3.551404287521404,1.7146954839991357,0.015846595098118234,0.023930804857019865,0.06463588029146194,shoulder press_7.mp4,141
101.74651307072602,102.6725005082901,163.9845434826243,163.7974713742006,1.2844961881637573,4.028352905776054,4.664205863053859,0.009059699695754023,0.0011414421776949487,2.423400640487671,shoulder press_7.mp4,144
115.77099817481258,127.06108970084647,151.434498587779,140.3948242306889,1.258962869644165,5.78507050748454,0.484669269868072,0.09298681755612895,0.07565843110260247,0.9853808879852295,shoulder press_7.mp4,147
146.14496084768282,152.4710930974485,128.21099446086527,120.4528266034781,0.801173746585846,2.831520973540662,5.319236778756045,0.04236967280351275,0.06239884695875954,0.08674343675374985,shoulder press_7.mp4,150
161.71281326441994,167.55422037664266,115.17188978268914,112.5076810956168,0.738166332244873,7.085795908287187,10.855947709471188,0.0354812751682302,0.02340314220371,0.32373279333114624,shoulder press_7.mp4,153
166.87685841821016,167.88410015673892,111.71612302436192,112.80267213325334,1.6968591213226318,9.477344847955763,10.841041033667237,0.006017677466431633,0.009678914481334589,0.9856583476066589,shoulder press_7.mp4,156
162.41499702316398,170.5672439310702,115.20905435847422,110.62794971169492,1.4328171014785767,6.740365778060809,13.910076871067124,0.04896505522062779,0.04057000902611968,0.14199985563755035,shoulder press_7.mp4,159
164.32269021631683,170.79416322572754,112.47493610911371,113.31477625499122,1.3559470176696777,9.589688305734485,13.361448394372035,0.03862218771118834,0.00743913561945807,0.2749423384666443,shoulder press_7.mp4,162
153.32372554243764,158.357940521059,123.4129672735664,118.86273780387845,1.399762511253357,7.3120019552005155,10.249435167506778,0.03230356820279423,0.037562408234316697,1.1071184873580933,shoulder press_7.mp4,165
139.53252841349646,143.18246603659688,135.37339295468223,125.18563501551125,1.4702293872833252,0.6131744447065657,3.2417159445758763,0.025820615777383,0.07819923200155937,0.29214897751808167,shoulder press_7.mp4,168
116.97866387140405,116.93506657854446,147.22785367021913,150.51570869195632,0.998892068862915,8.013224286704046,1.850563561890168,0.0003727638627773161,0.022085145993771902,0.6377695202827454,shoulder press_7.mp4,171
96.48535041636822,99.58615095991452,168.490900309914,166.54807936728616,1.0749882459640503,7.001369384976587,2.800036640665179,0.03162928341733379,0.01159758153812241,0.3338339924812317,shoulder press_7.mp4,174
79.05834331789552,81.08693794554229,172.11145741913236,174.93202137195556,0.663582444190979,4.7969452547792,2.561296343356929,0.025334428984014147,0.01625481604004498,1.8351637125015259,shoulder press_7.mp4,177
65.98752105456767,67.7577545018693,157.3658266782509,162.18401505264222,0.9322303533554077,4.361324011409544,1.0353771238857288,0.026471715579286285,0.030156099269477547,1.2073466777801514,shoulder press_7.mp4,180
53.498353201903555,60.757401854614564,142.82180039083445,153.5415665522429,0.5211416482925415,3.385724080460905,1.3863326915122387,0.12706666109064219,0.07234204599563342,0.7679526209831238,shoulder press_7.mp4,183
50.79524096743719,54.74784846518805,139.70857926598327,147.35549252388398,0.891793429851532,1.730297822742316,0.24376181751032958,0.0749003562241573,0.05327670028660567,1.8743600845336914,shoulder press_7.mp4,186
45.79396188056858,51.58209846653044,134.19525315015315,142.37030863864072,0.9456228017807007,1.846191560364046,2.5843893471821784,0.11888212698952748,0.059118390848175495,1.1647199392318726,shoulder press_7.mp4,189
44.27289224775808,49.22720082783757,132.55537809062758,140.92912978707415,0.6778280735015869,1.9189048848888683,1.9938016946589947,0.1059744095885314,0.06123748479523513,1.4410343170166016,shoulder press_7.mp4,192
47.8230752788869,52.73136480111407,136.29634733665975,143.8305856138379,0.8952528834342957,2.1760828866000637,2.5699699159755593,0.0976245209723637,0.05379160224132797,0.9548121690750122,shoulder press_7.mp4,195
55.456211451695616,61.180767562930306,144.6383788926615,154.43603238005156,0.9637889266014099,2.707365076486066,0.4698554834273199,0.09816022602088911,0.06551983799413713,1.570540189743042,shoulder press_7.mp4,198
78.79670889473843,79.88064043004634,173.51735042347667,171.25537723594263,1.1502933502197266,5.397808373678788,0.8692949184663595,0.01366208270960329,0.013121531989435716,0.5489123463630676,shoulder press_7.mp4,201
99.5746862443638,104.92716019275389,169.23997977661816,159.86769730709477,1.7132107019424438,4.365619268886512,2.482906058252568,0.05234646084269872,0.05695572070863251,0.7470110654830933,shoulder press_7.mp4,204
119.56530146253681,129.33657843043642,148.55660101035704,143.75695818901278,1.7923986911773682,2.201932102319734,3.5701012451768652,0.07851509174700663,0.03283900229938161,0.2269820272922516,shoulder press_7.mp4,207
144.49793641853338,142.62049008976723,127.72360379862384,133.59016331272653,1.6107579469680786,3.980932854194241,6.065841884476863,0.013077853285824396,0.04490050087259923,1.2553532123565674,shoulder press_7.mp4,210
160.0613679485481,166.47387987744023,112.62033708567735,115.02177287531532,1.7173559665679932,4.8234468482503505,10.956186720935882,0.03927607798291573,0.021098344151259774,1.2529634237289429,shoulder press_7.mp4,213
160.3969321083408,166.36951014156426,116.43259592070628,115.22200754381058,1.596393346786499,7.660073808372729,14.068296617525368,0.03655563889670012,0.01045166691091575,0.49662595987319946,shoulder press_7.mp4,216
160.52293079437382,166.1692150951229,118.94791040642737,114.25470865823813,1.3987541198730469,9.274187782247527,14.796525889618312,0.034566391459309356,0.04024999176263836,0.6794819831848145,shoulder press_7.mp4,219
162.44086713806058,169.06083513961292,115.42665997077167,113.2124476445977,1.2367678880691528,9.470722777024243,14.185866529937977,0.039939270031303174,0.019368622885799984,0.6788371801376343,shoulder press_7.mp4,222
153.61919527709898,157.62821523913084,123.11845062656768,119.36322475843171,0.7737841010093689,6.043684675996921,10.498571835400028,0.025760985162141994,0.030973275503591104,0.124715656042099,shoulder press_7.mp4,225
139.01231430499834,136.33801089589747,130.32522454267476,137.4813447199665,1.298067331314087,0.5699590366959527,3.4126645111067218,0.019424733979520083,0.05344245435797091,0.3048371970653534,shoulder press_7.mp4,228
120.40523549060435,123.12941575277232,147.45404645454505,143.02692070262776,0.7578614354133606,4.7184026867023325,2.129856654707541,0.022372013578023025,0.03048134819464346,0.34515267610549927,shoulder press_7.mp4,231
97.65487681358911,101.56404907678126,170.59547925594154,163.79692062770582,0.8613068461418152,4.896079970137968,2.1048519597461723,0.03924498885556038,0.040662159968954434,1.120436668395996,shoulder press_7.mp4,234
79.22988763473825,80.57533347626986,169.6272013691573,176.34205247615503,0.7684690952301025,4.946658906364324,1.4452681987707794,0.01683857175851601,0.03881761764876393,0.07973407953977585,shoulder press_7.mp4,237
63.14117955457623,67.66378671563706,155.0068331468773,161.0712445248276,0.74937504529953,4.366801260253481,0.6961355644590547,0.06915038916363693,0.038372869277249214,3.7425239086151123,shoulder press_7.mp4,240
51.43069899474015,57.05482403156675,142.22589869128794,146.74771744956928,0.7927709817886353,3.136284953094099,2.677359322015573,0.10368434201976974,0.03129572047904351,1.851337194442749,shoulder press_7.mp4,243
48.27131646076853,50.88509897352499,137.50565110604003,139.2066299322274,1.0639448165893555,1.199683682532757,3.493505860619658,0.05272039133944881,0.012294205517767626,1.8388620615005493,shoulder press_7.mp4,246
45.95577217352062,47.396331694645845,133.32623856957701,140.34945552305487,0.7141892313957214,1.7973556426235135,1.5905259305988462,0.030862925663884502,0.0513251056273977,3.066119432449341,shoulder press_7.mp4,249
45.642248417846,50.21093269971907,131.94471432396588,140.3310002511413,0.8088787198066711,0.6835617550178242,4.088523342494258,0.09532671171903058,0.06160142442569592,2.710542678833008,shoulder press_7.mp4,252
45.85034203080923,51.43226706829873,135.38668088031423,141.69957748058707,1.4673680067062378,2.6145972775964945,2.8197915499242994,0.11475689414955631,0.04556629143297586,1.322655200958252,shoulder press_7.mp4,255
52.34966410774682,59.125339312168784,143.38796064694705,150.34547209424102,0.9503951668739319,3.9230082474038133,1.7461683197849636,0.12156402774707527,0.04737296250116896,0.6726805567741394,shoulder press_7.mp4,258
72.39634539274194,77.2055315418469,163.29672158913579,170.33402953971068,1.7813493013381958,4.038674643998984,0.20915815104237945,0.06429312583033572,0.04218620691746204,1.0439969301223755,shoulder press_7.mp4,261
94.17880160820081,96.0445199006256,174.77111613943623,168.68700659195693,1.8944931030273438,4.086830947418314,2.783777150354949,0.019616083639231563,0.035428537832179766,0.8370698094367981,shoulder press_7.mp4,264
113.4597901278617,120.64637752936096,156.26659653623238,142.53504584722845,1.2874584197998047,6.325808307310621,1.95413508975972,0.061395968106417766,0.09191081132935569,0.3622315227985382,shoulder press_7.mp4,267
136.7118041443377,137.33183145438102,133.94946245801583,131.6641393873705,1.467806339263916,1.4651281775872287,1.0781362126008127,0.004525026160076424,0.01720787681630555,0.4057955741882324,shoulder press_7.mp4,270
158.56614821649492,162.74532618955573,119.14418385426386,115.32276225672916,0.3693668246269226,7.466610716717034,10.312144939059912,0.026013250729909846,0.03259667651171345,1.1193126440048218,shoulder press_7.mp4,273
159.0850207693334,169.69656640294505,118.31659707884124,111.7095431620607,0.024386253207921982,7.451784385208659,15.191877578428068,0.06455072940597069,0.05744611381872602,0.09149617701768875,shoulder press_7.mp4,276
157.64890608729314,166.8302508804231,117.90820772840097,115.83389841960206,0.8607999086380005,7.280632543183188,14.465008166395998,0.05659127617891004,0.017748700420158546,0.15478737652301788,shoulder press_7.mp4,279
162.18155960604923,169.51297662556544,116.95264675950591,110.23678113457946,0.06703375279903412,7.815670182068347,12.987766632473635,0.044205835301410264,0.05912128647163419,0.9177453517913818,shoulder press_7.mp4,282
149.86558667689638,154.58194601600044,121.49227294057943,123.52633323610777,2.121276378631592,3.965732893870923,7.682710311781769,0.03098306823108045,0.016603312926052254,0.20040079951286316,shoulder press_7.mp4,285
130.9785003210789,131.0939207381599,137.35272166609536,136.71809012800554,1.1314665079116821,4.303526529334592,0.11155322602778642,0.0008808284108224267,0.0046311501318615075,0.7818269729614258,shoulder press_7.mp4,288
107.00774866016842,109.80019144624532,162.7517172664867,152.45476821439627,0.4542907476425171,6.160206133232671,2.777360017825083,0.025759598884674762,0.06533462683282855,2.117680788040161,shoulder press_7.mp4,291
82.41537645958813,88.96276535384645,172.43804697016225,171.93749070393216,1.5484158992767334,7.118210703008574,2.8359443097781667,0.07640868111857493,0.0029070372977757883,0.1967705637216568,shoulder press_7.mp4,294
64.98656156080237,67.18783071774675,154.42478079354817,163.86817945533892,0.9498698711395264,3.394927172506749,2.4098269761770785,0.033308557262822024,0.05933777897196689,2.534663200378418,shoulder press_7.mp4,297
51.678441577285454,53.41466818454481,136.86801033184219,148.5510040794295,0.4915922284126282,1.6167427186340029,1.5090334070594886,0.0330416829646419,0.08186556016028297,1.2019381523132324,shoulder press_7.mp4,300
43.51822705054838,45.83646627666629,127.97207146213871,137.59237951686805,0.7432507872581482,0.4051374957644954,3.1772312838820946,0.05188847143436721,0.07245177597576744,0.6153402328491211,shoulder press_7.mp4,303
44.51931492176974,44.89306876703236,132.7348279689602,135.9257548286865,0.30584701895713806,1.4255244652521153,2.2122278770178263,0.008360225504410262,0.023754335872409698,2.6931662559509277,shoulder press_7.mp4,306
42.46202403247873,45.38238738283149,128.47529449062895,134.09717381007536,1.1487535238265991,0.12397702790996389,4.772976590989122,0.0664894511398314,0.04282154451172768,1.2042912244796753,shoulder press_7.mp4,309
40.537542198242555,43.67637665562676,129.25943826796401,132.61179765206026,1.1108614206314087,1.2873899099378923,3.5639239877660103,0.0745443152415413,0.025603112707804687,1.695098638534546,shoulder press_7.mp4,312
40.55112826298932,42.69861464799394,131.37911969211433,127.53506521901323,1.224008321762085,0.6182062438059758,4.585016627169196,0.051591423826998946,0.029693656795363062,2.428499937057495,shoulder press_7.mp4,0
41.21135548918059,43.56208678942308,128.9445417665832,129.76562269144947,1.523491621017456,0.7072522138884673,4.793241973998951,0.05545914468158379,0.006347496447125172,1.322218418121338,shoulder press_7.mp4,3
43.217304092564625,43.02112251474024,130.15903350276045,130.54849412610787,1.5925092697143555,1.5849884263368272,3.2870531693256266,0.004549748541162868,0.002987720583978202,1.3818858861923218,shoulder press_7.mp4,6
43.50387709003304,47.55948336721106,133.50243221989345,134.35381115695625,1.5207288265228271,0.8913172500156498,3.7541559563174944,0.08907218571364266,0.006356984077201373,0.5868174433708191,shoulder press_7.mp4,9
45.577267204983606,50.832220763335805,132.91967174613418,141.12094570929955,1.6827365159988403,0.3324951487404701,2.4357580228618065,0.10901320334942552,0.059854440843968015,0.904424250125885,shoulder press_7.mp4,12
49.907554935403176,54.30839321531001,138.96271341695748,146.01333778704847,1.3695759773254395,2.032788329439869,1.323414105533686,0.08445613858528656,0.04948222378899939,0.7726456522941589,shoulder press_7.mp4,15
70.15653866377366,72.68776296318045,162.10859251137475,165.28402005129453,1.1044477224349976,4.502948273406965,0.1545186629225164,0.03544032587337255,0.01939828461652868,0.7196053862571716,shoulder press_7.mp4,18
95.75382538207158,97.27000166495209,171.4863844240337,170.39912994669393,1.280969262123108,4.1790848323489,1.419275820285544,0.015709731861353503,0.006360342463417692,0.2525564432144165,shoulder press_7.mp4,21
111.61466113509093,119.17550876337235,159.20903909955817,145.0263803851638,0.7826440334320068,4.280905847103416,1.5256920009083148,0.06552140094708399,0.09323476364727865,0.6250787973403931,shoulder press_7.mp4,24
139.2203009194954,144.80857689855915,131.5738897526999,128.09138543957403,0.9062690138816833,0.9032425870519247,5.132351167752119,0.039350054980279395,0.026823026764338724,0.7624096870422363,shoulder press_7.mp4,27
159.01404661392004,164.59434458126128,116.35906843554663,114.30650777814192,1.0457767248153687,4.916469857285145,10.691609459756158,0.034487968292364425,0.01779685283861533,0.31283843517303467,shoulder press_7.mp4,30
158.7190840066456,167.2563182983515,118.3187656243697,112.05872492636924,1.4103045463562012,6.709426134151074,13.972495215868031,0.05237962270366688,0.05434594050864304,0.7545709609985352,shoulder press_7.mp4,33
161.13462860648247,169.30060458119445,113.60206952484396,113.87814267661388,1.3294039964675903,7.094940257541495,13.791352316084629,0.04942557666103339,0.0024272278375178343,1.3903067111968994,shoulder press_7.mp4,36
160.85413118814955,168.24550032719574,116.80496294160737,111.66211639530715,1.1649436950683594,7.5901894004058885,12.842241309291966,0.04491873239123663,0.045020460376404565,0.25819072127342224,shoulder press_7.mp4,39
152.76582682324045,160.41993957255664,126.25166133930082,114.25789444765711,1.4291690587997437,5.5064827627125155,10.259645956897907,0.048879058824423734,0.09973630238848163,1.2798266410827637,shoulder press_7.mp4,42
138.71439902280406,140.23328373325938,133.49834561122154,127.30091751925696,0.7900397181510925,1.6940700016591943,1.5345365064868315,0.010890104520305852,0.04752642333091251,2.6794323921203613,shoulder press_7.mp4,45
116.01363801497786,118.8817417812837,153.0600233533242,146.54868609538383,1.0573090314865112,4.179201230126908,2.0439511482418165,0.024420265471321825,0.04346560732444319,0.5568740963935852,shoulder press_7.mp4,48
93.8641087668046,94.04210272410654,172.993160878949,171.32128361769588,1.0844738483428955,5.506557606838232,3.0306062987944964,0.0018944978549636253,0.009711339666259087,0.7068259716033936,shoulder press_7.mp4,51
74.2338653773361,74.65328975101991,165.88487797807733,169.94061592718685,1.3644248247146606,4.406358463306478,2.991337983509888,0.005634124358440773,0.024153841937048677,0.6805230379104614,shoulder press_7.mp4,54
60.506438468378214,67.12973123347537,153.11315368637102,158.63076233654314,0.32340091466903687,3.9497102643577,0.15441502129686815,0.10378394745891482,0.0353983405390119,0.8656905889511108,shoulder press_7.mp4,57
50.20755488019609,58.76158387402595,140.22591662845025,152.26063886817707,1.2231303453445435,3.322511235689695,0.15105374129926782,0.1569991117048896,0.08229248157606746,0.6948677897453308,shoulder press_7.mp4,60
48.15766690783548,54.58508497007464,138.9707765108313,145.89181339990057,1.2272844314575195,3.256048934895505,1.1675296839695237,0.1251167200558713,0.04859210815458863,0.5392312407493591,shoulder press_7.mp4,63
46.66731546415251,54.20621576781457,136.17139838834612,145.4195228128935,1.1254351139068604,3.0014384569985406,2.209230249245451,0.1494723186863704,0.06568481956091317,0.2784056067466736,shoulder press_7.mp4,66
46.5698524137483,55.142702585035316,137.89793216326095,145.35113728917386,1.3036258220672607,3.335318948268359,1.6999619065352305,0.16857014694773007,0.05262651093838464,0.17756377160549164,shoulder press_7.mp4,69
45.82558711681376,54.31068065156222,135.86824367577876,145.4008260372579,1.4922953844070435,2.9110506779453096,1.7391426656097722,0.16947093643184777,0.06778265645209203,0.562018871307373,shoulder press_7.mp4,72
53.14936788892569,64.62543990665691,142.46382338797943,155.9411720358512,1.3562171459197998,3.698753743546895,2.979581414705213,0.19488160893711354,0.09032924283810741,0.21169131994247437,shoulder press_7.mp4,75
79.15808500851513,78.41607998344809,172.7601736153204,171.64376854916247,1.3350528478622437,4.508354554843978,2.7371505500065165,0.00941785127155697,0.0064831143287248285,0.416707843542099,shoulder press_7.mp4,78
96.15727179997728,98.67626870768122,173.95220657648238,164.9116867182454,1.395241141319275,4.70805531554763,2.1422620239802788,0.025857939050334306,0.05335782322712072,0.11316734552383423,shoulder press_7.mp4,81
116.95522712798139,129.84733572085332,151.93925812410308,137.5604259580498,1.0344288349151611,5.510373168816638,1.1370991125439027,0.10447305282456312,0.09933573649063417,0.3049927055835724,shoulder press_7.mp4,84
145.39698310514527,149.27517702565922,126.86160539243178,126.06680006920395,1.6627302169799805,3.91501007962514,5.020619594586913,0.026322092448722856,0.006284824527930615,1.6631392240524292,shoulder press_7.mp4,87
159.6623399625489,165.5616829949525,115.43030338083824,118.89637834471522,1.790824294090271,10.08254980398366,15.195372387272045,0.036278642510823834,0.02958327185238334,0.22504498064517975,shoulder press_7.mp4,90
160.44676856815698,168.80111604815042,119.07451331845185,109.88941231612368,1.486353874206543,7.636858728921485,13.38628447354919,0.050748070802211935,0.08023186165131978,0.2786739766597748,shoulder press_7.mp4,93
162.01579260710895,170.66617467167939,115.83372957373345,111.30868797012053,1.6261866092681885,8.578502822962575,14.415313027247365,0.05200391313858858,0.039843210726937674,0.663368821144104,shoulder press_7.mp4,96
162.85223832674154,168.61012519543584,115.1007548393791,113.01597059033335,1.932252049446106,9.420557953427348,12.574827347081152,0.03474232674569735,0.018278223528928567,0.7652791142463684,shoulder press_7.mp4,99
158.78577474734305,167.17681619591022,117.25828213837383,115.57168560293056,0.5543094277381897,8.757156195893485,13.388693629834965,0.05148468984913645,0.014487795980947233,0.5051366090774536,shoulder press_7.mp4,102
146.39636183683777,147.85762567634345,126.47195139005144,127.05388747153386,1.198046088218689,3.6010676416913623,5.887932582160924,0.009931990059711382,0.004590743760837127,0.3660096526145935,shoulder press_7.mp4,105
124.20703528014408,129.14095869295087,144.06529951995458,138.8037722658749,1.2344682216644287,4.3012570592685035,0.04605540919314151,0.03894977288299164,0.037201149074815615,0.029466308653354645,shoulder press_7.mp4,108
97.5775246881755,101.92352286909525,168.61720020483898,164.26549016367804,0.899671196937561,5.698667649299985,3.080244762121403,0.04356867529401965,0.02614560724886831,1.4041595458984375,shoulder press_7.mp4,111
84.8846280482927,87.3175164663835,178.71351227155745,179.3308967146138,1.1437948942184448,5.705099619497131,2.0680736510727105,0.028256191872029223,0.00344864730497829,0.8895955681800842,shoulder press_7.mp4,114
67.28887004845443,71.76116990810074,156.65915818316418,166.3182462667267,0.8154069185256958,2.4472270380168752,1.4640541345524012,0.06432648075532577,0.05981277916338638,1.1597832441329956,shoulder press_7.mp4,117
54.34437069199025,62.885267019872124,145.29575199518297,156.27908120655064,1.200509786605835,3.811510666274733,0.5742483090686186,0.14571223616462012,0.07283982615366684,0.9342395067214966,shoulder press_7.mp4,120
45.27551000683185,55.89369182637527,136.2855385845713,146.5084495867418,1.4533334970474243,3.4334996486306384,1.7490211482412255,0.2099093721634596,0.0722993516819571,0.4514477849006653,shoulder press_7.mp4,123
43.429328289270984,52.26589938462496,131.90240413282828,144.12722165609716,1.3848479986190796,1.8461306361639396,1.4556450298948214,0.1846815418103539,0.08857612648156082,0.38137978315353394,shoulder press_7.mp4,126
44.294687411280016,49.99269534116961,134.073325856448,139.8235825396336,1.2925442457199097,1.4106257626786143,1.7860045390536643,0.12086469607178815,0.04198847454583289,0.4269319176673889,shoulder press_7.mp4,129
43.763857010286635,49.26330788903018,133.17799155010846,139.4108129762353,0.9881982207298279,2.1810383379535287,2.513108017033357,0.11823322541744863,0.04573057530339236,0.6639028787612915,shoulder press_7.mp4,132
45.208226307348525,50.77538377875316,134.86752439966435,141.6372072157825,1.256485104560852,2.621785668494111,2.1294805893114437,0.11600225218473527,0.04896612637741901,0.6664571762084961,shoulder press_7.mp4,135
55.03517833360931,60.6264435640215,140.70833466387126,156.88766935280546,0.35768792033195496,1.592623186937015,0.2187154119705988,0.09668315451016031,0.10873354796812087,0.5138984322547913,shoulder press_7.mp4,138
76.50188265018095,77.72385909172642,167.63636430556102,171.69662002028704,0.9292855858802795,3.551404287521404,1.7146954839991357,0.015846595098118234,0.023930804857019865,0.06463588029146194,shoulder press_7.mp4,141
101.74651307072602,102.6725005082901,163.9845434826243,163.7974713742006,1.2844961881637573,4.028352905776054,4.664205863053859,0.009059699695754023,0.0011414421776949487,2.423400640487671,shoulder press_7.mp4,144
115.77099817481258,127.06108970084647,151.434498587779,140.3948242306889,1.258962869644165,5.78507050748454,0.484669269868072,0.09298681755612895,0.07565843110260247,0.9853808879852295,shoulder press_7.mp4,147
146.14496084768282,152.4710930974485,128.21099446086527,120.4528266034781,0.801173746585846,2.831520973540662,5.319236778756045,0.04236967280351275,0.06239884695875954,0.08674343675374985,shoulder press_7.mp4,150
161.71281326441994,167.55422037664266,115.17188978268914,112.5076810956168,0.738166332244873,7.085795908287187,10.855947709471188,0.0354812751682302,0.02340314220371,0.32373279333114624,shoulder press_7.mp4,153
166.87685841821016,167.88410015673892,111.71612302436192,112.80267213325334,1.6968591213226318,9.477344847955763,10.841041033667237,0.006017677466431633,0.009678914481334589,0.9856583476066589,shoulder press_7.mp4,156
162.41499702316398,170.5672439310702,115.20905435847422,110.62794971169492,1.4328171014785767,6.740365778060809,13.910076871067124,0.04896505522062779,0.04057000902611968,0.14199985563755035,shoulder press_7.mp4,159
164.32269021631683,170.79416322572754,112.47493610911371,113.31477625499122,1.3559470176696777,9.589688305734485,13.361448394372035,0.03862218771118834,0.00743913561945807,0.2749423384666443,shoulder press_7.mp4,162
153.32372554243764,158.357940521059,123.4129672735664,118.86273780387845,1.399762511253357,7.3120019552005155,10.249435167506778,0.03230356820279423,0.037562408234316697,1.1071184873580933,shoulder press_7.mp4,165
139.53252841349646,143.18246603659688,135.37339295468223,125.18563501551125,1.4702293872833252,0.6131744447065657,3.2417159445758763,0.025820615777383,0.07819923200155937,0.29214897751808167,shoulder press_7.mp4,168
116.97866387140405,116.93506657854446,147.22785367021913,150.51570869195632,0.998892068862915,8.013224286704046,1.850563561890168,0.0003727638627773161,0.022085145993771902,0.6377695202827454,shoulder press_7.mp4,171
96.48535041636822,99.58615095991452,168.490900309914,166.54807936728616,1.0749882459640503,7.001369384976587,2.800036640665179,0.03162928341733379,0.01159758153812241,0.3338339924812317,shoulder press_7.mp4,174
79.05834331789552,81.08693794554229,172.11145741913236,174.93202137195556,0.663582444190979,4.7969452547792,2.561296343356929,0.025334428984014147,0.01625481604004498,1.8351637125015259,shoulder press_7.mp4,177
65.98752105456767,67.7577545018693,157.3658266782509,162.18401505264222,0.9322303533554077,4.361324011409544,1.0353771238857288,0.026471715579286285,0.030156099269477547,1.2073466777801514,shoulder press_7.mp4,180
53.498353201903555,60.757401854614564,142.82180039083445,153.5415665522429,0.5211416482925415,3.385724080460905,1.3863326915122387,0.12706666109064219,0.07234204599563342,0.7679526209831238,shoulder press_7.mp4,183
50.79524096743719,54.74784846518805,139.70857926598327,147.35549252388398,0.891793429851532,1.730297822742316,0.24376181751032958,0.0749003562241573,0.05327670028660567,1.8743600845336914,shoulder press_7.mp4,186
45.79396188056858,51.58209846653044,134.19525315015315,142.37030863864072,0.9456228017807007,1.846191560364046,2.5843893471821784,0.11888212698952748,0.059118390848175495,1.1647199392318726,shoulder press_7.mp4,189
44.27289224775808,49.22720082783757,132.55537809062758,140.92912978707415,0.6778280735015869,1.9189048848888683,1.9938016946589947,0.1059744095885314,0.06123748479523513,1.4410343170166016,shoulder press_7.mp4,192
47.8230752788869,52.73136480111407,136.29634733665975,143.8305856138379,0.8952528834342957,2.1760828866000637,2.5699699159755593,0.0976245209723637,0.05379160224132797,0.9548121690750122,shoulder press_7.mp4,195
55.456211451695616,61.180767562930306,144.6383788926615,154.43603238005156,0.9637889266014099,2.707365076486066,0.4698554834273199,0.09816022602088911,0.06551983799413713,1.570540189743042,shoulder press_7.mp4,198
78.79670889473843,79.88064043004634,173.51735042347667,171.25537723594263,1.1502933502197266,5.397808373678788,0.8692949184663595,0.01366208270960329,0.013121531989435716,0.5489123463630676,shoulder press_7.mp4,201
99.5746862443638,104.92716019275389,169.23997977661816,159.86769730709477,1.7132107019424438,4.365619268886512,2.482906058252568,0.05234646084269872,0.05695572070863251,0.7470110654830933,shoulder press_7.mp4,204
119.56530146253681,129.33657843043642,148.55660101035704,143.75695818901278,1.7923986911773682,2.201932102319734,3.5701012451768652,0.07851509174700663,0.03283900229938161,0.2269820272922516,shoulder press_7.mp4,207
144.49793641853338,142.62049008976723,127.72360379862384,133.59016331272653,1.6107579469680786,3.980932854194241,6.065841884476863,0.013077853285824396,0.04490050087259923,1.2553532123565674,shoulder press_7.mp4,210
160.0613679485481,166.47387987744023,112.62033708567735,115.02177287531532,1.7173559665679932,4.8234468482503505,10.956186720935882,0.03927607798291573,0.021098344151259774,1.2529634237289429,shoulder press_7.mp4,213
160.3969321083408,166.36951014156426,116.43259592070628,115.22200754381058,1.596393346786499,7.660073808372729,14.068296617525368,0.03655563889670012,0.01045166691091575,0.49662595987319946,shoulder press_7.mp4,216
160.52293079437382,166.1692150951229,118.94791040642737,114.25470865823813,1.3987541198730469,9.274187782247527,14.796525889618312,0.034566391459309356,0.04024999176263836,0.6794819831848145,shoulder press_7.mp4,219
162.44086713806058,169.06083513961292,115.42665997077167,113.2124476445977,1.2367678880691528,9.470722777024243,14.185866529937977,0.039939270031303174,0.019368622885799984,0.6788371801376343,shoulder press_7.mp4,222
153.61919527709898,157.62821523913084,123.11845062656768,119.36322475843171,0.7737841010093689,6.043684675996921,10.498571835400028,0.025760985162141994,0.030973275503591104,0.124715656042099,shoulder press_7.mp4,225
139.01231430499834,136.33801089589747,130.32522454267476,137.4813447199665,1.298067331314087,0.5699590366959527,3.4126645111067218,0.019424733979520083,0.05344245435797091,0.3048371970653534,shoulder press_7.mp4,228
120.40523549060435,123.12941575277232,147.45404645454505,143.02692070262776,0.7578614354133606,4.7184026867023325,2.129856654707541,0.022372013578023025,0.03048134819464346,0.34515267610549927,shoulder press_7.mp4,231
97.65487681358911,101.56404907678126,170.59547925594154,163.79692062770582,0.8613068461418152,4.896079970137968,2.1048519597461723,0.03924498885556038,0.040662159968954434,1.120436668395996,shoulder press_7.mp4,234
79.22988763473825,80.57533347626986,169.6272013691573,176.34205247615503,0.7684690952301025,4.946658906364324,1.4452681987707794,0.01683857175851601,0.03881761764876393,0.07973407953977585,shoulder press_7.mp4,237
63.14117955457623,67.66378671563706,155.0068331468773,161.0712445248276,0.74937504529953,4.366801260253481,0.6961355644590547,0.06915038916363693,0.038372869277249214,3.7425239086151123,shoulder press_7.mp4,240
51.43069899474015,57.05482403156675,142.22589869128794,146.74771744956928,0.7927709817886353,3.136284953094099,2.677359322015573,0.10368434201976974,0.03129572047904351,1.851337194442749,shoulder press_7.mp4,243
48.27131646076853,50.88509897352499,137.50565110604003,139.2066299322274,1.0639448165893555,1.199683682532757,3.493505860619658,0.05272039133944881,0.012294205517767626,1.8388620615005493,shoulder press_7.mp4,246
45.95577217352062,47.396331694645845,133.32623856957701,140.34945552305487,0.7141892313957214,1.7973556426235135,1.5905259305988462,0.030862925663884502,0.0513251056273977,3.066119432449341,shoulder press_7.mp4,249
45.642248417846,50.21093269971907,131.94471432396588,140.3310002511413,0.8088787198066711,0.6835617550178242,4.088523342494258,0.09532671171903058,0.06160142442569592,2.710542678833008,shoulder press_7.mp4,252
45.85034203080923,51.43226706829873,135.38668088031423,141.69957748058707,1.4673680067062378,2.6145972775964945,2.8197915499242994,0.11475689414955631,0.04556629143297586,1.322655200958252,shoulder press_7.mp4,255
52.34966410774682,59.125339312168784,143.38796064694705,150.34547209424102,0.9503951668739319,3.9230082474038133,1.7461683197849636,0.12156402774707527,0.04737296250116896,0.6726805567741394,shoulder press_7.mp4,258
72.39634539274194,77.2055315418469,163.29672158913579,170.33402953971068,1.7813493013381958,4.038674643998984,0.20915815104237945,0.06429312583033572,0.04218620691746204,1.0439969301223755,shoulder press_7.mp4,261
94.17880160820081,96.0445199006256,174.77111613943623,168.68700659195693,1.8944931030273438,4.086830947418314,2.783777150354949,0.019616083639231563,0.035428537832179766,0.8370698094367981,shoulder press_7.mp4,264
113.4597901278617,120.64637752936096,156.26659653623238,142.53504584722845,1.2874584197998047,6.325808307310621,1.95413508975972,0.061395968106417766,0.09191081132935569,0.3622315227985382,shoulder press_7.mp4,267
136.7118041443377,137.33183145438102,133.94946245801583,131.6641393873705,1.467806339263916,1.4651281775872287,1.0781362126008127,0.004525026160076424,0.01720787681630555,0.4057955741882324,shoulder press_7.mp4,270
158.56614821649492,162.74532618955573,119.14418385426386,115.32276225672916,0.3693668246269226,7.466610716717034,10.312144939059912,0.026013250729909846,0.03259667651171345,1.1193126440048218,shoulder press_7.mp4,273
159.0850207693334,169.69656640294505,118.31659707884124,111.7095431620607,0.024386253207921982,7.451784385208659,15.191877578428068,0.06455072940597069,0.05744611381872602,0.09149617701768875,shoulder press_7.mp4,276
157.64890608729314,166.8302508804231,117.90820772840097,115.83389841960206,0.8607999086380005,7.280632543183188,14.465008166395998,0.05659127617891004,0.017748700420158546,0.15478737652301788,shoulder press_7.mp4,279
162.18155960604923,169.51297662556544,116.95264675950591,110.23678113457946,0.06703375279903412,7.815670182068347,12.987766632473635,0.044205835301410264,0.05912128647163419,0.9177453517913818,shoulder press_7.mp4,282
149.86558667689638,154.58194601600044,121.49227294057943,123.52633323610777,2.121276378631592,3.965732893870923,7.682710311781769,0.03098306823108045,0.016603312926052254,0.20040079951286316,shoulder press_7.mp4,285
130.9785003210789,131.0939207381599,137.35272166609536,136.71809012800554,1.1314665079116821,4.303526529334592,0.11155322602778642,0.0008808284108224267,0.0046311501318615075,0.7818269729614258,shoulder press_7.mp4,288
107.00774866016842,109.80019144624532,162.7517172664867,152.45476821439627,0.4542907476425171,6.160206133232671,2.777360017825083,0.025759598884674762,0.06533462683282855,2.117680788040161,shoulder press_7.mp4,291
82.41537645958813,88.96276535384645,172.43804697016225,171.93749070393216,1.5484158992767334,7.118210703008574,2.8359443097781667,0.07640868111857493,0.0029070372977757883,0.1967705637216568,shoulder press_7.mp4,294
64.98656156080237,67.18783071774675,154.42478079354817,163.86817945533892,0.9498698711395264,3.394927172506749,2.4098269761770785,0.033308557262822024,0.05933777897196689,2.534663200378418,shoulder press_7.mp4,297
51.678441577285454,53.41466818454481,136.86801033184219,148.5510040794295,0.4915922284126282,1.6167427186340029,1.5090334070594886,0.0330416829646419,0.08186556016028297,1.2019381523132324,shoulder press_7.mp4,300
43.51822705054838,45.83646627666629,127.97207146213871,137.59237951686805,0.7432507872581482,0.4051374957644954,3.1772312838820946,0.05188847143436721,0.07245177597576744,0.6153402328491211,shoulder press_7.mp4,303
44.51931492176974,44.89306876703236,132.7348279689602,135.9257548286865,0.30584701895713806,1.4255244652521153,2.2122278770178263,0.008360225504410262,0.023754335872409698,2.6931662559509277,shoulder press_7.mp4,306
42.46202403247873,45.38238738283149,128.47529449062895,134.09717381007536,1.1487535238265991,0.12397702790996389,4.772976590989122,0.0664894511398314,0.04282154451172768,1.2042912244796753,shoulder press_7.mp4,309
40.537542198242555,43.67637665562676,129.25943826796401,132.61179765206026,1.1108614206314087,1.2873899099378923,3.5639239877660103,0.0745443152415413,0.025603112707804687,1.695098638534546,shoulder press_7.mp4,312
39.92938206245959,37.850332655722966,115.36339713869383,86.41270945085554,8.929065704345703,25.999231155909765,13.311429134820953,0.05345993911830595,0.2869585321787325,8.810808181762695,shoulder press_8.mp4,0
27.570993659282045,87.06764830941245,114.88657149582001,84.50882724572615,8.404168128967285,22.17354699594842,11.100833328417817,1.0379860338257976,0.30469854812917835,8.294732093811035,shoulder press_8.mp4,3
28.687564212439867,37.76526371960739,117.402616920248,84.50887956601656,9.740702629089355,22.04080121061989,8.69999492639699,0.2732073198284388,0.32582332285838017,8.032983779907227,shoulder press_8.mp4,6
24.236840326346424,39.24874049780952,118.63758244550549,81.65893552279898,10.988245010375977,22.742484689492734,11.597775872253752,0.4729231418089553,0.36923903917848555,8.209936141967773,shoulder press_8.mp4,9
21.018122254267023,27.576224521051795,118.31933977263004,82.67131417038702,11.417031288146973,19.569415342785515,5.899646982489662,0.2699121483042817,0.3547232162581013,7.863430023193359,shoulder press_8.mp4,12
19.156081039488026,24.22830345304349,106.6135762614832,91.40455872713466,11.98957633972168,16.527952207832783,2.7092360353644627,0.2338271003673514,0.1536123702530858,6.004793643951416,shoulder press_8.mp4,15
19.729618613096935,38.62072397188984,96.46502645729132,121.98409084683435,10.44803524017334,18.709775822678075,3.7714671711590007,0.6475062363611034,0.2336385214504236,5.794494152069092,shoulder press_8.mp4,18
108.07697806096687,85.71791387643208,1.6424671489294655,171.64849324205815,8.29507827758789,9.16440622199711,12.550819810352921,0.2307497783972281,1.9620876439204067,2.754704475402832,shoulder press_8.mp4,24
145.82034432675204,115.11349097404714,48.77212714150553,152.5959819714016,6.91782808303833,5.683090724531455,7.366572490918164,0.23536122340980936,1.0311846824929167,3.153611898422241,shoulder press_8.mp4,27
168.08153785089792,132.57168090060026,73.88236118646341,130.03003375607602,6.125576496124268,10.810918613746376,4.223677614632033,0.23621803949252224,0.5507038705070821,4.334469795227051,shoulder press_8.mp4,30
173.9215875583062,153.20346110919309,77.24054784154094,116.08678200030707,5.931427478790283,10.10851376862576,1.0306468311361527,0.1266679304046306,0.40187007383326917,5.236502647399902,shoulder press_8.mp4,33
175.4633061454922,150.43680139611752,85.79167696957525,109.79848913414169,5.16868782043457,10.490828447907111,0.8657034686510947,0.1535838999143588,0.24548076871959076,3.658838987350464,shoulder press_8.mp4,36
171.0284545837623,122.7140486787665,73.45228522767768,140.81229930666223,3.755924701690674,11.008427956237208,6.373910428252838,0.3289575418496069,0.6287554634880768,5.530506610870361,shoulder press_8.mp4,39
16.921311123088756,43.713295141549246,92.94330548851197,133.7678689678794,6.067061424255371,19.80912348444553,6.278293583463446,0.8837192378730933,0.3601460190681529,4.311131477355957,shoulder press_8.mp4,51
14.590130619650921,28.10419031688175,95.49102222623762,111.81552847680554,4.391331672668457,15.320772785357976,1.5024400374006437,0.6330612316012793,0.15749146561173558,6.85875129699707,shoulder press_8.mp4,54
12.11493982350903,19.617425492189657,97.90383627574245,96.71891888200722,5.1370110511779785,10.830865990846176,2.465620926039557,0.4728601599055073,0.012176555539713836,8.072272300720215,shoulder press_8.mp4,57
10.865440594968245,20.556705220954242,107.19674920338856,90.77834800812961,6.068791389465332,11.727383868327687,2.8288628853802233,0.6168429541864808,0.16586329721780513,7.2253546714782715,shoulder press_8.mp4,60
14.23624903753028,21.50689907428139,103.92974141011558,94.75087450542429,3.949044942855835,15.941973616892211,4.816342447484203,0.40682762547983015,0.09239821270327925,10.383853912353516,shoulder press_8.mp4,63
12.093164673438634,23.902723268852654,108.8954699056962,87.994727141543,4.8568267822265625,13.364044492198907,5.921478967243226,0.6561615379149495,0.212308617469041,11.240156173706055,shoulder press_8.mp4,66
11.05978502124333,22.903602651884437,110.19120328869748,86.14439061923017,5.737213134765625,12.508392954716209,6.447108668035399,0.6974461879144096,0.2449562220566502,9.038748741149902,shoulder press_8.mp4,69
12.68706547967858,21.56655896650958,108.70983085072093,89.09092429786507,6.002042293548584,14.887923553730815,5.227477830855807,0.5184557039083866,0.19837039083211114,7.178764820098877,shoulder press_8.mp4,72
10.344879610383668,22.2522632742586,112.20163404692235,87.5210265478976,6.520626068115234,14.528198903720144,5.014972166478742,0.7305783642458398,0.24714879548990812,7.954777717590332,shoulder press_8.mp4,75
5.151530930209483,26.221870078413723,107.09132287880725,109.54697669275417,4.082324504852295,20.458665581804066,0.3488812112603963,1.343197643278324,0.022670541809120467,3.5478007793426514,shoulder press_8.mp4,78
1.2344799942189366,39.62524444444189,102.14154387463012,140.90013972079026,2.2308380603790283,22.698831672842108,9.865963130997242,1.8791494547573706,0.31894607766690497,6.235836029052734,shoulder press_8.mp4,81
1.726350855281675,69.2572664295691,90.86690398339881,177.5268571388849,3.558530807495117,16.90424144046499,10.931562373798068,1.9027183498776068,0.6457672696497792,6.7478251457214355,shoulder press_8.mp4,84
174.93155747825196,114.58325960087386,94.65243483549203,130.95326363039555,4.338435649871826,13.37791516797909,4.095998640385222,0.41689263773249036,0.32180772951878556,12.801149368286133,shoulder press_8.mp4,87
178.13229249371395,142.45575810716338,92.94594628207989,114.74520411835002,3.0465521812438965,13.913159422527974,1.5489267808902452,0.22256933357111808,0.20991994886870255,6.868680953979492,shoulder press_8.mp4,90
179.79346618539532,152.7161454002088,90.11323786000975,108.1558618804076,4.334991455078125,14.248287962770437,1.7716656310211607,0.16286639448445234,0.18200137130818722,5.965436935424805,shoulder press_8.mp4,93
178.81270864136167,140.03725771031216,91.43184333899745,117.01916329321134,3.7659854888916016,10.616295425496167,2.5014737954902246,0.2432206681701972,0.24549960556784628,7.550050735473633,shoulder press_8.mp4,96
172.1325114150615,107.14081029700858,96.60007812495195,148.11507154395522,3.936054229736328,12.480083592653981,6.417659864524983,0.46543436888009765,0.42102005935228476,5.5465803146362305,shoulder press_8.mp4,99
11.01926461533943,77.50237392852864,101.48259563716358,173.98888056848344,3.2501211166381836,15.113242923893393,10.951477829991111,1.502075885778879,0.5264159173938714,8.082292556762695,shoulder press_8.mp4,102
3.8589959113443446,43.26556388265008,109.1609120840984,137.17946427597687,1.3114007711410522,18.676233341921872,7.123167479848734,1.6724429105999936,0.2274783582446412,2.2366459369659424,shoulder press_8.mp4,105
0.14935344105781187,18.289635413934747,108.61531029426432,102.51298877873869,2.2743446826934814,12.763594984672304,2.296049155290085,1.9676005138389412,0.057806760555728226,0.2780400514602661,shoulder press_8.mp4,108
2.916449305054047,19.49672494022352,105.22546396710169,98.30615045723206,4.629571437835693,9.818643486030325,3.673709407090027,1.479511599180372,0.06799251830670261,5.420891761779785,shoulder press_8.mp4,111
3.266865836584742,21.855827717127724,105.76604235915735,93.70937190761231,4.33774471282959,6.026197720609601,7.365595713506308,1.4798542075752883,0.12088377403163063,5.054242134094238,shoulder press_8.mp4,114
6.998911968394832,23.9335022878752,107.53902570664361,90.12325438045194,3.6059412956237793,0.7033819716440513,8.682376392823763,1.0949413892611184,0.17621744845316767,4.934769153594971,shoulder press_8.mp4,117
39.92938206245959,37.850332655722966,115.36339713869383,86.41270945085554,8.929065704345703,25.999231155909765,13.311429134820953,0.05345993911830595,0.2869585321787325,8.810808181762695,shoulder press_8.mp4,0
27.570993659282045,87.06764830941245,114.88657149582001,84.50882724572615,8.404168128967285,22.17354699594842,11.100833328417817,1.0379860338257976,0.30469854812917835,8.294732093811035,shoulder press_8.mp4,3
28.687564212439867,37.76526371960739,117.402616920248,84.50887956601656,9.740702629089355,22.04080121061989,8.69999492639699,0.2732073198284388,0.32582332285838017,8.032983779907227,shoulder press_8.mp4,6
24.236840326346424,39.24874049780952,118.63758244550549,81.65893552279898,10.988245010375977,22.742484689492734,11.597775872253752,0.4729231418089553,0.36923903917848555,8.209936141967773,shoulder press_8.mp4,9
21.018122254267023,27.576224521051795,118.31933977263004,82.67131417038702,11.417031288146973,19.569415342785515,5.899646982489662,0.2699121483042817,0.3547232162581013,7.863430023193359,shoulder press_8.mp4,12
19.156081039488026,24.22830345304349,106.6135762614832,91.40455872713466,11.98957633972168,16.527952207832783,2.7092360353644627,0.2338271003673514,0.1536123702530858,6.004793643951416,shoulder press_8.mp4,15
19.729618613096935,38.62072397188984,96.46502645729132,121.98409084683435,10.44803524017334,18.709775822678075,3.7714671711590007,0.6475062363611034,0.2336385214504236,5.794494152069092,shoulder press_8.mp4,18
108.07697806096687,85.71791387643208,1.6424671489294655,171.64849324205815,8.29507827758789,9.16440622199711,12.550819810352921,0.2307497783972281,1.9620876439204067,2.754704475402832,shoulder press_8.mp4,24
145.82034432675204,115.11349097404714,48.77212714150553,152.5959819714016,6.91782808303833,5.683090724531455,7.366572490918164,0.23536122340980936,1.0311846824929167,3.153611898422241,shoulder press_8.mp4,27
168.08153785089792,132.57168090060026,73.88236118646341,130.03003375607602,6.125576496124268,10.810918613746376,4.223677614632033,0.23621803949252224,0.5507038705070821,4.334469795227051,shoulder press_8.mp4,30
173.9215875583062,153.20346110919309,77.24054784154094,116.08678200030707,5.931427478790283,10.10851376862576,1.0306468311361527,0.1266679304046306,0.40187007383326917,5.236502647399902,shoulder press_8.mp4,33
175.4633061454922,150.43680139611752,85.79167696957525,109.79848913414169,5.16868782043457,10.490828447907111,0.8657034686510947,0.1535838999143588,0.24548076871959076,3.658838987350464,shoulder press_8.mp4,36
171.0284545837623,122.7140486787665,73.45228522767768,140.81229930666223,3.755924701690674,11.008427956237208,6.373910428252838,0.3289575418496069,0.6287554634880768,5.530506610870361,shoulder press_8.mp4,39
16.921311123088756,43.713295141549246,92.94330548851197,133.7678689678794,6.067061424255371,19.80912348444553,6.278293583463446,0.8837192378730933,0.3601460190681529,4.311131477355957,shoulder press_8.mp4,51
14.590130619650921,28.10419031688175,95.49102222623762,111.81552847680554,4.391331672668457,15.320772785357976,1.5024400374006437,0.6330612316012793,0.15749146561173558,6.85875129699707,shoulder press_8.mp4,54
12.11493982350903,19.617425492189657,97.90383627574245,96.71891888200722,5.1370110511779785,10.830865990846176,2.465620926039557,0.4728601599055073,0.012176555539713836,8.072272300720215,shoulder press_8.mp4,57
10.865440594968245,20.556705220954242,107.19674920338856,90.77834800812961,6.068791389465332,11.727383868327687,2.8288628853802233,0.6168429541864808,0.16586329721780513,7.2253546714782715,shoulder press_8.mp4,60
14.23624903753028,21.50689907428139,103.92974141011558,94.75087450542429,3.949044942855835,15.941973616892211,4.816342447484203,0.40682762547983015,0.09239821270327925,10.383853912353516,shoulder press_8.mp4,63
12.093164673438634,23.902723268852654,108.8954699056962,87.994727141543,4.8568267822265625,13.364044492198907,5.921478967243226,0.6561615379149495,0.212308617469041,11.240156173706055,shoulder press_8.mp4,66
11.05978502124333,22.903602651884437,110.19120328869748,86.14439061923017,5.737213134765625,12.508392954716209,6.447108668035399,0.6974461879144096,0.2449562220566502,9.038748741149902,shoulder press_8.mp4,69
12.68706547967858,21.56655896650958,108.70983085072093,89.09092429786507,6.002042293548584,14.887923553730815,5.227477830855807,0.5184557039083866,0.19837039083211114,7.178764820098877,shoulder press_8.mp4,72
10.344879610383668,22.2522632742586,112.20163404692235,87.5210265478976,6.520626068115234,14.528198903720144,5.014972166478742,0.7305783642458398,0.24714879548990812,7.954777717590332,shoulder press_8.mp4,75
5.151530930209483,26.221870078413723,107.09132287880725,109.54697669275417,4.082324504852295,20.458665581804066,0.3488812112603963,1.343197643278324,0.022670541809120467,3.5478007793426514,shoulder press_8.mp4,78
1.2344799942189366,39.62524444444189,102.14154387463012,140.90013972079026,2.2308380603790283,22.698831672842108,9.865963130997242,1.8791494547573706,0.31894607766690497,6.235836029052734,shoulder press_8.mp4,81
1.726350855281675,69.2572664295691,90.86690398339881,177.5268571388849,3.558530807495117,16.90424144046499,10.931562373798068,1.9027183498776068,0.6457672696497792,6.7478251457214355,shoulder press_8.mp4,84
174.93155747825196,114.58325960087386,94.65243483549203,130.95326363039555,4.338435649871826,13.37791516797909,4.095998640385222,0.41689263773249036,0.32180772951878556,12.801149368286133,shoulder press_8.mp4,87
178.13229249371395,142.45575810716338,92.94594628207989,114.74520411835002,3.0465521812438965,13.913159422527974,1.5489267808902452,0.22256933357111808,0.20991994886870255,6.868680953979492,shoulder press_8.mp4,90
179.79346618539532,152.7161454002088,90.11323786000975,108.1558618804076,4.334991455078125,14.248287962770437,1.7716656310211607,0.16286639448445234,0.18200137130818722,5.965436935424805,shoulder press_8.mp4,93
178.81270864136167,140.03725771031216,91.43184333899745,117.01916329321134,3.7659854888916016,10.616295425496167,2.5014737954902246,0.2432206681701972,0.24549960556784628,7.550050735473633,shoulder press_8.mp4,96
172.1325114150615,107.14081029700858,96.60007812495195,148.11507154395522,3.936054229736328,12.480083592653981,6.417659864524983,0.46543436888009765,0.42102005935228476,5.5465803146362305,shoulder press_8.mp4,99
11.01926461533943,77.50237392852864,101.48259563716358,173.98888056848344,3.2501211166381836,15.113242923893393,10.951477829991111,1.502075885778879,0.5264159173938714,8.082292556762695,shoulder press_8.mp4,102
3.8589959113443446,43.26556388265008,109.1609120840984,137.17946427597687,1.3114007711410522,18.676233341921872,7.123167479848734,1.6724429105999936,0.2274783582446412,2.2366459369659424,shoulder press_8.mp4,105
0.14935344105781187,18.289635413934747,108.61531029426432,102.51298877873869,2.2743446826934814,12.763594984672304,2.296049155290085,1.9676005138389412,0.057806760555728226,0.2780400514602661,shoulder press_8.mp4,108
2.916449305054047,19.49672494022352,105.22546396710169,98.30615045723206,4.629571437835693,9.818643486030325,3.673709407090027,1.479511599180372,0.06799251830670261,5.420891761779785,shoulder press_8.mp4,111
3.266865836584742,21.855827717127724,105.76604235915735,93.70937190761231,4.33774471282959,6.026197720609601,7.365595713506308,1.4798542075752883,0.12088377403163063,5.054242134094238,shoulder press_8.mp4,114
6.998911968394832,23.9335022878752,107.53902570664361,90.12325438045194,3.6059412956237793,0.7033819716440513,8.682376392823763,1.0949413892611184,0.17621744845316767,4.934769153594971,shoulder press_8.mp4,117
26.316578306430984,25.27215413422531,115.01961713603177,93.52911432005767,5.242485046386719,13.239232523609692,7.283802119432506,0.04049039868956262,0.20609574238047076,0.22668574750423431,shoulder press_9.mp4,0
30.695138576649452,25.152249147052906,115.21463710097548,97.82325066391067,5.316030502319336,12.311774221373478,8.505585529005328,0.1985012963191498,0.1632703611505797,1.0823676586151123,shoulder press_9.mp4,3
33.805597945369804,25.369212849916746,120.02971016788753,102.54762053453327,4.741815090179443,6.934367842421008,4.679916682305052,0.28513433273622035,0.1570877822838777,2.508136749267578,shoulder press_9.mp4,6
24.98737080678383,24.88440047107501,117.2588103751935,97.64399338635816,5.400270938873291,9.20135254178983,4.694919182476565,0.004129403591266989,0.18254593840105718,2.344649076461792,shoulder press_9.mp4,9
21.037128946075118,25.456107289538313,120.23484448047522,100.858644087047,4.718488693237305,2.598556136031044,2.6125803386506394,0.1900912348225953,0.17527608360578836,1.4133745431900024,shoulder press_9.mp4,12
25.584987409221533,27.863785132767593,125.57519892626433,105.99917059694614,3.9110219478607178,2.3018756820005604,0.07757885587824472,0.08527034822945076,0.16906904135913975,1.2882726192474365,shoulder press_9.mp4,15
31.137624674497435,38.44250420614369,132.8144233364859,118.28019228701696,4.003976821899414,1.2004289046964665,0.4903579523608359,0.20997027884720254,0.11576696707237967,0.9809355139732361,shoulder press_9.mp4,18
46.22955835902354,51.31698132544081,146.02372498309327,138.2543404340024,2.0278537273406982,5.297083023853628,2.8410337509317074,0.10430760502368712,0.0546604574481789,1.1287310123443604,shoulder press_9.mp4,21
91.780444281311,85.09663164909018,166.84266769927044,172.95282309144753,1.5073565244674683,7.313884551126228,3.5284245134850805,0.07557579292921841,0.03596372263774608,0.05192543566226959,shoulder press_9.mp4,24
127.70921033598823,116.4218891921594,131.2265424237072,156.69867625181962,4.5449748039245605,6.775752531537643,2.395181000432614,0.09246934262488289,0.17693576092629715,4.158949851989746,shoulder press_9.mp4,27
146.97760096703865,128.7412062799673,117.77460577342558,145.2540734595513,4.997840881347656,3.8186055337213194,2.2777584980524193,0.13228255895314445,0.20894655112331592,6.611268520355225,shoulder press_9.mp4,30
154.5487398444401,144.22021161699004,106.41794429377451,135.52931085210264,4.480672359466553,2.422220421530554,3.2186089628317363,0.06914057285355786,0.2406422551954642,5.3946733474731445,shoulder press_9.mp4,33
161.56060655394396,148.6844414951801,111.91648650149786,120.76269888438809,3.610773801803589,1.1540402763186839,4.538241048180552,0.08300641792500135,0.07603784900844707,7.511140823364258,shoulder press_9.mp4,36
166.19897523675087,149.1446161060746,103.64409635815547,127.55203537379887,4.738837718963623,2.0456606693825545,5.456168613717852,0.10816366400885967,0.20681954180238576,5.387442111968994,shoulder press_9.mp4,39
165.41366587934482,154.76526898730427,106.76548584783428,118.93937946167529,3.6120078563690186,2.2024236565783912,4.551930754586249,0.06651528712515387,0.10787444565846568,4.574619293212891,shoulder press_9.mp4,42
163.6755763367756,157.83303365479892,105.13121332307819,118.64470534071219,3.9701411724090576,0.21648682472058942,6.356597877104993,0.03634454879531712,0.1207769995835629,3.3380041122436523,shoulder press_9.mp4,45
161.79954840180528,148.81473109910075,102.45259000860686,128.33565471827328,4.325059413909912,1.8384863850106044,3.703712673038818,0.08360734299510304,0.22430141310097487,6.679267406463623,shoulder press_9.mp4,48
151.53603904221546,148.6087510946285,109.64282249212025,130.17836704710274,4.113338470458984,3.2708542938624827,3.2664658935292024,0.019505838807012663,0.17125713198602815,5.411739349365234,shoulder press_9.mp4,51
157.94239350573844,146.19857618743342,108.64643044358742,128.4488816075202,4.324661731719971,2.370602028502246,4.197106988988768,0.07722614503499871,0.16704211477335515,6.00775146484375,shoulder press_9.mp4,54
159.33756206401893,149.66386245858354,108.15592477599532,127.84414992250412,3.3883252143859863,0.5756111979783454,5.498036831355294,0.06261265377906236,0.1668493128373911,5.4845356941223145,shoulder press_9.mp4,57
162.98846969605387,142.26569566044873,106.25353478606706,132.9087135888483,4.36430025100708,2.1577358537573526,2.9429808466253866,0.13577389852422336,0.22290456778944517,7.490908622741699,shoulder press_9.mp4,60
162.60160908822874,148.42608794601898,104.8525803386512,129.1749375142601,3.5148370265960693,2.0043705613573177,4.0554897037328175,0.0911527897828911,0.2078589509366652,4.076389312744141,shoulder press_9.mp4,63
155.65983459053692,146.28075179874293,112.45518345333276,131.42339183207835,3.8586580753326416,2.422915457436608,4.9924305085220295,0.06212535322894232,0.15555452836762795,5.732898235321045,shoulder press_9.mp4,66
163.58305332834996,151.66107707606736,104.33717541398273,125.72225382660321,3.7122225761413574,1.3979596086814037,4.860177369190667,0.07563646775588338,0.1859091668897162,4.430492401123047,shoulder press_9.mp4,69
157.96702364340587,151.5880894786151,109.21026767542588,125.29860582743946,3.912123441696167,1.0476168993814088,3.705186601404357,0.04121356032827862,0.13720877945215154,3.8563976287841797,shoulder press_9.mp4,72
164.8313813150968,148.9787486557761,104.78325883175843,128.73991903149496,4.258236885070801,4.600556416197035,3.7149194154889544,0.1010332755082961,0.20517586664365353,3.1729979515075684,shoulder press_9.mp4,75
160.6775862359329,142.29740261436066,107.19867072773496,136.78596763250616,4.657856464385986,3.2555984473779893,5.267975585321497,0.12133135933972602,0.24253409643836524,4.556340217590332,shoulder press_9.mp4,78
156.47871809462742,140.2534743673858,111.04684884558014,137.98146509657943,4.687676429748535,1.2555943431836736,5.75332700608305,0.10935951096252382,0.2163177015867781,4.397319316864014,shoulder press_9.mp4,81
158.822035703305,143.80032115197739,106.93704163690317,134.32598258030237,5.223600387573242,0.33870136418282387,5.32108380494551,0.09927696491050184,0.22704632035733194,4.427358627319336,shoulder press_9.mp4,84
164.18823787243517,142.8903376423158,101.98176737139188,135.4844843577795,5.108213424682617,0.776342462994985,4.612264707902912,0.13871303261334997,0.2821682385806741,3.5920722484588623,shoulder press_9.mp4,87
162.79968331596373,146.06696574689175,101.96760325877764,135.1671904988384,4.3877339363098145,0.1911401431443113,6.470394331164258,0.10834913785506711,0.28000603972098037,2.8583486080169678,shoulder press_9.mp4,90
153.20110530719643,135.8253992726743,114.59867688541281,138.89411538624464,4.2519683837890625,0.7192198448927952,3.718660557850624,0.12023607357241836,0.19168543833621457,4.405581474304199,shoulder press_9.mp4,93
151.37190362968119,133.35235530065714,112.85298103419001,142.64932380717252,4.4826130867004395,1.086336785868467,1.3458174958667117,0.12657543404780816,0.23323736974883735,4.22258186340332,shoulder press_9.mp4,96
128.32040054128103,117.56022182048461,136.33321297614404,152.5077420873594,5.084310531616211,5.9648013912864215,0.40734912345933305,0.0875236008225561,0.11199609215846335,4.978641033172607,shoulder press_9.mp4,99
110.46357952958832,110.19005710001026,153.1324697462701,157.9081530992851,4.752469539642334,5.379203738595902,4.09248133873993,0.00247920164612742,0.030707778998927356,2.8531506061553955,shoulder press_9.mp4,102
106.6650133482018,98.52472472854687,152.54804362773856,172.7875952777266,3.7108957767486572,5.53611392905353,4.564381657237164,0.07934401297018227,0.12442259150015333,2.5305662155151367,shoulder press_9.mp4,105
84.64850962808167,89.25110168765613,178.7958522429663,177.4750078153766,3.2968552112579346,5.216851801314201,4.677872761338971,0.052933897031176756,0.0074148327897116785,0.7750371694564819,shoulder press_9.mp4,108
69.7706201687602,66.95474696930707,166.82530535214508,157.36015691128298,2.9790849685668945,4.735565419996841,2.9451442978538394,0.041190208640794895,0.05839341699518199,1.8569093942642212,shoulder press_9.mp4,111
58.43402226424519,61.80870786272463,153.89478699016186,149.64109036604447,2.6408166885375977,2.6311244704460006,0.744802715912166,0.0561312204890217,0.028027636542783934,2.4716713428497314,shoulder press_9.mp4,114
44.61455906922719,48.13334810182481,139.76782599490824,131.78734266312827,3.190884828567505,0.79139068788063,0.4184775170566191,0.07587856459354986,0.05877614755939051,2.7843525409698486,shoulder press_9.mp4,117
39.00668871271386,41.63099261672945,132.22334732379926,127.70786783701342,2.6691644191741943,1.3390989450175201,0.611039241475455,0.06508877390196924,0.03474364926884388,1.546376347541809,shoulder press_9.mp4,120
36.9062689504134,37.790299917547536,128.44957059225632,122.80545391996235,2.402467966079712,2.44170989566783,0.9137882806754993,0.02366992167195295,0.04492739345811172,0.19242702424526215,shoulder press_9.mp4,123
33.625068861396485,33.61357773245786,126.50934117192006,113.185511960124,2.4878876209259033,4.547619362268816,2.638952826119135,0.00034180131578297125,0.11117326081637781,0.6917847990989685,shoulder press_9.mp4,126
33.30971261423497,31.404195405273043,124.323181554991,112.10159148185724,1.9211673736572266,5.416352335224379,2.452311842418082,0.058890500273527185,0.10338671295861998,0.1663488745689392,shoulder press_9.mp4,129
32.94302300222108,35.65235023110458,119.47024660148885,119.51825735702775,2.426874876022339,6.672504496615345,2.3411673685316416,0.07899445986445115,0.00040178297067569867,1.6323001384735107,shoulder press_9.mp4,132
35.39889221876611,34.455611058061955,121.38947331653453,117.40215146834727,2.465698480606079,7.355404024648523,3.052191545652911,0.02700702507227062,0.03339582660639199,0.5811981558799744,shoulder press_9.mp4,135
33.79376800911515,34.098191381037864,121.76116678338488,114.38159336308136,2.0163567066192627,6.85397861852785,3.818600255303919,0.008967877040439927,0.06250094998234437,0.5982176661491394,shoulder press_9.mp4,138
33.2021119279118,34.98589707771106,119.43887817835268,116.50351045872313,1.9317983388900757,6.56988236719576,4.7439381881575295,0.052319613838619765,0.024882071734424173,1.5864238739013672,shoulder press_9.mp4,141
34.954036993576445,29.341491431226288,122.98035164351117,109.81907780658551,1.9740691184997559,7.420016064685019,3.0781450984874277,0.17458587556098387,0.11306963997303897,1.1018249988555908,shoulder press_9.mp4,144
33.252811944816386,30.82589288507199,119.8671800198698,114.47862802183738,2.450014114379883,6.899600436127153,2.1762392372054764,0.07574806844761327,0.045988038301699945,0.9366700053215027,shoulder press_9.mp4,147
31.002877312039285,33.1664905748496,115.57634618954944,117.96441284973518,2.7579598426818848,6.498164729765891,3.0935942895422057,0.0674344577189573,0.020450962564389358,0.35573163628578186,shoulder press_9.mp4,150
34.426161407652444,34.34401804689596,122.9398572833712,117.68345444617567,2.8630807399749756,6.0966525156329645,1.4427383713179627,0.002388923844841003,0.0436898885599543,0.5836919546127319,shoulder press_9.mp4,153
37.5455364598011,37.42883881643408,132.75719162061353,118.87350291775662,2.738037109375,1.6318347933367443,1.4590106124477704,0.003113000753579031,0.11034972286133266,0.9621138572692871,shoulder press_9.mp4,156
51.36331373738669,52.18775039309849,144.9364981532364,141.2598415042723,2.9584004878997803,1.7484054215206424,0.8530477559292203,0.01592328698183002,0.025693247183831792,0.21736085414886475,shoulder press_9.mp4,159
68.25761334203584,71.59837886315346,164.0143647658242,166.08989476176015,2.2062265872955322,5.763705200931009,5.102762055459283,0.04777436373575218,0.012574996753487824,0.48310112953186035,shoulder press_9.mp4,162
104.5963525086597,101.32791432119103,158.4849794873452,166.93496985218277,2.7240898609161377,4.392460405662049,4.65163671211065,0.031744079877378324,0.05193283559897083,0.7327402830123901,shoulder press_9.mp4,165
126.48234412528701,113.73140114558673,138.3979112094709,160.9683217901321,3.505467414855957,1.767059939970555,1.125717588777915,0.10616330855939869,0.15078795196444986,1.9684371948242188,shoulder press_9.mp4,168
140.549639238989,132.37690041763457,126.72991041040817,142.3536154322733,2.3768465518951416,2.3344669024905627,4.802350459418735,0.0598896599182825,0.11612531813634304,2.375650405883789,shoulder press_9.mp4,171
157.11013421606611,152.32012881296217,107.74242088510545,124.27661617602564,2.422806978225708,2.065566533441761,4.086795657251175,0.030960161143996356,0.14252447127055232,1.1738070249557495,shoulder press_9.mp4,174
158.9805637860991,149.64737497359778,111.49106538613717,123.59058021797067,2.687678337097168,1.5471335224788547,2.761641952410769,0.06048181412226789,0.10293883047092363,2.6605331897735596,shoulder press_9.mp4,177
152.1891713677646,137.8233986080812,117.60575494702712,138.79797569175662,2.8404979705810547,0.9484340042924158,6.850999165378014,0.09907000073051929,0.16530352886779687,2.075779914855957,shoulder press_9.mp4,180
133.15489866118156,115.72701968029511,131.5204144030384,158.3665167530135,3.771543502807617,1.687138957228506,0.31786710698768317,0.1400493784122529,0.18521774847120193,4.415732383728027,shoulder press_9.mp4,183
114.64309153829163,112.15414441530577,150.64747792292673,156.4305532735431,2.1485488414764404,3.2651775681156394,3.525229381963775,0.02194865481954198,0.037665184501045175,1.7366526126861572,shoulder press_9.mp4,186
86.72967552859124,83.52837412419116,174.10451945945462,177.38775553124557,1.6653189659118652,6.84828228787345,6.821396683464828,0.03760528692685829,0.018681696898617872,0.9617757201194763,shoulder press_9.mp4,189
59.38025030435968,68.82177863012677,154.96934685281138,162.76893277564704,2.4734034538269043,7.103429910363411,3.0197870589077414,0.14729140255014037,0.049094405193834165,1.4502986669540405,shoulder press_9.mp4,192
45.246749680380326,53.15760855153998,141.2536151949081,140.9406127237397,2.942004680633545,2.135921296840311,1.7230887750805326,0.1607826932322503,0.002218347791710585,0.07392379641532898,shoulder press_9.mp4,195
35.09173487401972,36.460206200826924,126.42728740708291,120.12738701946266,1.9598044157028198,3.6823469596538683,1.296848497583786,0.038251130752014646,0.05110347554572236,0.32774239778518677,shoulder press_9.mp4,198
35.683409544862286,35.56325907261235,124.58677373677831,118.3187656243697,1.7818185091018677,5.472929358997439,2.5346679128581076,0.0033728025346709367,0.05160860578884894,1.6385031938552856,shoulder press_9.mp4,201
36.964799688057276,37.31665226897892,122.39336330436362,121.89074004420455,1.4544978141784668,6.088270563350799,3.3368782449526173,0.009473497667362584,0.0041150713719744405,0.639217734336853,shoulder press_9.mp4,204
35.51024865385232,36.812758127427294,123.4078901315544,117.60313630390064,1.4300450086593628,5.9429289179884845,4.575574964336826,0.036019229054290884,0.04817002701914405,0.25243082642555237,shoulder press_9.mp4,207
35.249803343840284,38.8863335531088,117.65771105928766,123.63130798929919,1.5341095924377441,6.635184974585754,5.27319805556413,0.09810411929942812,0.0495140388366257,0.30994123220443726,shoulder press_9.mp4,210
34.277719437602705,37.43637325566777,117.48594711914112,122.68995001414393,0.5029300451278687,6.130860974838731,4.307016390300636,0.08809018421455857,0.043334930416559385,0.6853715777397156,shoulder press_9.mp4,213
36.30074917336843,36.927663857939635,121.56658296815039,121.811395686294,0.759371817111969,5.9313279712081295,3.2650590183499104,0.01712217044231652,0.0020117902161658863,0.8627464771270752,shoulder press_9.mp4,216
38.111930302981726,37.340216177572294,128.39981489572924,121.31515962985624,1.470141053199768,3.077166751631281,2.126091730674248,0.020455723565354692,0.05674193371328728,0.8993921875953674,shoulder press_9.mp4,219
49.40332657939599,51.874882279346465,143.1459410668931,140.65150193777012,2.06203293800354,2.843436177606216,0.2862026111551785,0.04880725533757563,0.017579010597935464,2.0118260383605957,shoulder press_9.mp4,222
67.33191926032774,70.0624691149097,159.8110982554287,166.87329405606695,1.2649506330490112,7.023993945818198,3.0471714380257757,0.039747618325205084,0.04323558741615302,0.8672109246253967,shoulder press_9.mp4,225
106.86621486355048,94.38211488144584,156.5361860913563,174.09432094295101,1.8251007795333862,6.223538397637797,3.0694442383626264,0.12406661956323671,0.10621001074031447,1.4680627584457397,shoulder press_9.mp4,228
120.5787962607808,107.05137697864058,146.82895893684926,165.9666254193632,2.900989055633545,2.118679469844965,2.3671061495556764,0.1188543600317177,0.12236532380661685,3.17253041267395,shoulder press_9.mp4,231
146.59813313000157,128.34657927432798,115.77271988176501,149.70587831343275,2.469062089920044,1.753656222105789,2.315753979166114,0.1327652653951252,0.25563761947181735,0.4068709909915924,shoulder press_9.mp4,234
150.03850875209147,139.00874780494152,113.16430385588399,140.5156461696825,1.6884303092956543,0.5317999256756399,3.8373539936349523,0.0763180462498085,0.21563661070606469,0.29098331928253174,shoulder press_9.mp4,237
145.50195310789644,132.9960552959865,120.22018069031354,145.36255170517032,1.7166574001312256,0.3975076358496588,5.542936342118183,0.08980960318950394,0.18933739244324693,0.5329262018203735,shoulder press_9.mp4,240
125.5905343645173,113.64797002142409,139.37377498301305,162.38030502719693,1.809375286102295,1.9126501016656445,2.656235246394837,0.09983814581809435,0.15248529559835905,1.1910886764526367,shoulder press_9.mp4,243
107.60534035814976,100.59696238666126,155.26053153642064,172.13997471354423,2.3957998752593994,3.7270219729892604,1.399320504762114,0.06732277096933471,0.10311189417793028,0.7646863460540771,shoulder press_9.mp4,246
67.64803157037879,72.63045882231592,160.8026757420758,167.86041627713564,1.4986393451690674,5.941048529294018,3.6975942208779236,0.07103622569631808,0.042948178280068645,0.9873825311660767,shoulder press_9.mp4,249
49.455200166337974,58.47895481401122,143.63245255865752,147.4380909523562,2.938516855239868,3.2864176214030074,0.13039941611733377,0.16720851058344108,0.026149251296908864,0.05211222171783447,shoulder press_9.mp4,252
34.98978624175854,40.206914546523954,127.26531804246513,120.14896787495555,2.4381346702575684,4.750022595224637,2.967233075044817,0.13875950008642865,0.05752578224108531,0.844817578792572,shoulder press_9.mp4,255
30.075927840174778,37.403607840981515,112.63012498647332,117.75539729253933,2.656750440597534,8.315125716219297,6.191830008310772,0.2171822887291442,0.04449300681193806,0.6147257685661316,shoulder press_9.mp4,258
31.580583795552513,35.147874667946404,104.56861814263263,114.42699469309258,3.3875577449798584,14.402589160292813,9.084169150044936,0.1069196248357882,0.09003263967534361,1.1838693618774414,shoulder press_9.mp4,261
32.95347773239122,34.634359829201216,105.16373124560117,113.38161160079349,2.760596752166748,14.884723761189779,9.991114771854871,0.04973918851237743,0.07520526631371217,0.32730212807655334,shoulder press_9.mp4,264
30.59885214139049,34.17521170272277,106.51130258823115,109.52696465797399,2.9847617149353027,13.35925069300535,10.320638204624137,0.11042566573989328,0.027917850926901633,1.676147699356079,shoulder press_9.mp4,267
26.316578306430984,25.27215413422531,115.01961713603177,93.52911432005767,5.242485046386719,13.239232523609692,7.283802119432506,0.04049039868956262,0.20609574238047076,0.22668574750423431,shoulder press_9.mp4,0
30.695138576649452,25.152249147052906,115.21463710097548,97.82325066391067,5.316030502319336,12.311774221373478,8.505585529005328,0.1985012963191498,0.1632703611505797,1.0823676586151123,shoulder press_9.mp4,3
33.805597945369804,25.369212849916746,120.02971016788753,102.54762053453327,4.741815090179443,6.934367842421008,4.679916682305052,0.28513433273622035,0.1570877822838777,2.508136749267578,shoulder press_9.mp4,6
24.98737080678383,24.88440047107501,117.2588103751935,97.64399338635816,5.400270938873291,9.20135254178983,4.694919182476565,0.004129403591266989,0.18254593840105718,2.344649076461792,shoulder press_9.mp4,9
21.037128946075118,25.456107289538313,120.23484448047522,100.858644087047,4.718488693237305,2.598556136031044,2.6125803386506394,0.1900912348225953,0.17527608360578836,1.4133745431900024,shoulder press_9.mp4,12
25.584987409221533,27.863785132767593,125.57519892626433,105.99917059694614,3.9110219478607178,2.3018756820005604,0.07757885587824472,0.08527034822945076,0.16906904135913975,1.2882726192474365,shoulder press_9.mp4,15
31.137624674497435,38.44250420614369,132.8144233364859,118.28019228701696,4.003976821899414,1.2004289046964665,0.4903579523608359,0.20997027884720254,0.11576696707237967,0.9809355139732361,shoulder press_9.mp4,18
46.22955835902354,51.31698132544081,146.02372498309327,138.2543404340024,2.0278537273406982,5.297083023853628,2.8410337509317074,0.10430760502368712,0.0546604574481789,1.1287310123443604,shoulder press_9.mp4,21
91.780444281311,85.09663164909018,166.84266769927044,172.95282309144753,1.5073565244674683,7.313884551126228,3.5284245134850805,0.07557579292921841,0.03596372263774608,0.05192543566226959,shoulder press_9.mp4,24
127.70921033598823,116.4218891921594,131.2265424237072,156.69867625181962,4.5449748039245605,6.775752531537643,2.395181000432614,0.09246934262488289,0.17693576092629715,4.158949851989746,shoulder press_9.mp4,27
146.97760096703865,128.7412062799673,117.77460577342558,145.2540734595513,4.997840881347656,3.8186055337213194,2.2777584980524193,0.13228255895314445,0.20894655112331592,6.611268520355225,shoulder press_9.mp4,30
154.5487398444401,144.22021161699004,106.41794429377451,135.52931085210264,4.480672359466553,2.422220421530554,3.2186089628317363,0.06914057285355786,0.2406422551954642,5.3946733474731445,shoulder press_9.mp4,33
161.56060655394396,148.6844414951801,111.91648650149786,120.76269888438809,3.610773801803589,1.1540402763186839,4.538241048180552,0.08300641792500135,0.07603784900844707,7.511140823364258,shoulder press_9.mp4,36
166.19897523675087,149.1446161060746,103.64409635815547,127.55203537379887,4.738837718963623,2.0456606693825545,5.456168613717852,0.10816366400885967,0.20681954180238576,5.387442111968994,shoulder press_9.mp4,39
165.41366587934482,154.76526898730427,106.76548584783428,118.93937946167529,3.6120078563690186,2.2024236565783912,4.551930754586249,0.06651528712515387,0.10787444565846568,4.574619293212891,shoulder press_9.mp4,42
163.6755763367756,157.83303365479892,105.13121332307819,118.64470534071219,3.9701411724090576,0.21648682472058942,6.356597877104993,0.03634454879531712,0.1207769995835629,3.3380041122436523,shoulder press_9.mp4,45
161.79954840180528,148.81473109910075,102.45259000860686,128.33565471827328,4.325059413909912,1.8384863850106044,3.703712673038818,0.08360734299510304,0.22430141310097487,6.679267406463623,shoulder press_9.mp4,48
151.53603904221546,148.6087510946285,109.64282249212025,130.17836704710274,4.113338470458984,3.2708542938624827,3.2664658935292024,0.019505838807012663,0.17125713198602815,5.411739349365234,shoulder press_9.mp4,51
157.94239350573844,146.19857618743342,108.64643044358742,128.4488816075202,4.324661731719971,2.370602028502246,4.197106988988768,0.07722614503499871,0.16704211477335515,6.00775146484375,shoulder press_9.mp4,54
159.33756206401893,149.66386245858354,108.15592477599532,127.84414992250412,3.3883252143859863,0.5756111979783454,5.498036831355294,0.06261265377906236,0.1668493128373911,5.4845356941223145,shoulder press_9.mp4,57
162.98846969605387,142.26569566044873,106.25353478606706,132.9087135888483,4.36430025100708,2.1577358537573526,2.9429808466253866,0.13577389852422336,0.22290456778944517,7.490908622741699,shoulder press_9.mp4,60
162.60160908822874,148.42608794601898,104.8525803386512,129.1749375142601,3.5148370265960693,2.0043705613573177,4.0554897037328175,0.0911527897828911,0.2078589509366652,4.076389312744141,shoulder press_9.mp4,63
155.65983459053692,146.28075179874293,112.45518345333276,131.42339183207835,3.8586580753326416,2.422915457436608,4.9924305085220295,0.06212535322894232,0.15555452836762795,5.732898235321045,shoulder press_9.mp4,66
163.58305332834996,151.66107707606736,104.33717541398273,125.72225382660321,3.7122225761413574,1.3979596086814037,4.860177369190667,0.07563646775588338,0.1859091668897162,4.430492401123047,shoulder press_9.mp4,69
157.96702364340587,151.5880894786151,109.21026767542588,125.29860582743946,3.912123441696167,1.0476168993814088,3.705186601404357,0.04121356032827862,0.13720877945215154,3.8563976287841797,shoulder press_9.mp4,72
164.8313813150968,148.9787486557761,104.78325883175843,128.73991903149496,4.258236885070801,4.600556416197035,3.7149194154889544,0.1010332755082961,0.20517586664365353,3.1729979515075684,shoulder press_9.mp4,75
160.6775862359329,142.29740261436066,107.19867072773496,136.78596763250616,4.657856464385986,3.2555984473779893,5.267975585321497,0.12133135933972602,0.24253409643836524,4.556340217590332,shoulder press_9.mp4,78
156.47871809462742,140.2534743673858,111.04684884558014,137.98146509657943,4.687676429748535,1.2555943431836736,5.75332700608305,0.10935951096252382,0.2163177015867781,4.397319316864014,shoulder press_9.mp4,81
158.822035703305,143.80032115197739,106.93704163690317,134.32598258030237,5.223600387573242,0.33870136418282387,5.32108380494551,0.09927696491050184,0.22704632035733194,4.427358627319336,shoulder press_9.mp4,84
164.18823787243517,142.8903376423158,101.98176737139188,135.4844843577795,5.108213424682617,0.776342462994985,4.612264707902912,0.13871303261334997,0.2821682385806741,3.5920722484588623,shoulder press_9.mp4,87
162.79968331596373,146.06696574689175,101.96760325877764,135.1671904988384,4.3877339363098145,0.1911401431443113,6.470394331164258,0.10834913785506711,0.28000603972098037,2.8583486080169678,shoulder press_9.mp4,90
153.20110530719643,135.8253992726743,114.59867688541281,138.89411538624464,4.2519683837890625,0.7192198448927952,3.718660557850624,0.12023607357241836,0.19168543833621457,4.405581474304199,shoulder press_9.mp4,93
151.37190362968119,133.35235530065714,112.85298103419001,142.64932380717252,4.4826130867004395,1.086336785868467,1.3458174958667117,0.12657543404780816,0.23323736974883735,4.22258186340332,shoulder press_9.mp4,96
128.32040054128103,117.56022182048461,136.33321297614404,152.5077420873594,5.084310531616211,5.9648013912864215,0.40734912345933305,0.0875236008225561,0.11199609215846335,4.978641033172607,shoulder press_9.mp4,99
110.46357952958832,110.19005710001026,153.1324697462701,157.9081530992851,4.752469539642334,5.379203738595902,4.09248133873993,0.00247920164612742,0.030707778998927356,2.8531506061553955,shoulder press_9.mp4,102
106.6650133482018,98.52472472854687,152.54804362773856,172.7875952777266,3.7108957767486572,5.53611392905353,4.564381657237164,0.07934401297018227,0.12442259150015333,2.5305662155151367,shoulder press_9.mp4,105
84.64850962808167,89.25110168765613,178.7958522429663,177.4750078153766,3.2968552112579346,5.216851801314201,4.677872761338971,0.052933897031176756,0.0074148327897116785,0.7750371694564819,shoulder press_9.mp4,108
69.7706201687602,66.95474696930707,166.82530535214508,157.36015691128298,2.9790849685668945,4.735565419996841,2.9451442978538394,0.041190208640794895,0.05839341699518199,1.8569093942642212,shoulder press_9.mp4,111
58.43402226424519,61.80870786272463,153.89478699016186,149.64109036604447,2.6408166885375977,2.6311244704460006,0.744802715912166,0.0561312204890217,0.028027636542783934,2.4716713428497314,shoulder press_9.mp4,114
44.61455906922719,48.13334810182481,139.76782599490824,131.78734266312827,3.190884828567505,0.79139068788063,0.4184775170566191,0.07587856459354986,0.05877614755939051,2.7843525409698486,shoulder press_9.mp4,117
39.00668871271386,41.63099261672945,132.22334732379926,127.70786783701342,2.6691644191741943,1.3390989450175201,0.611039241475455,0.06508877390196924,0.03474364926884388,1.546376347541809,shoulder press_9.mp4,120
36.9062689504134,37.790299917547536,128.44957059225632,122.80545391996235,2.402467966079712,2.44170989566783,0.9137882806754993,0.02366992167195295,0.04492739345811172,0.19242702424526215,shoulder press_9.mp4,123
33.625068861396485,33.61357773245786,126.50934117192006,113.185511960124,2.4878876209259033,4.547619362268816,2.638952826119135,0.00034180131578297125,0.11117326081637781,0.6917847990989685,shoulder press_9.mp4,126
33.30971261423497,31.404195405273043,124.323181554991,112.10159148185724,1.9211673736572266,5.416352335224379,2.452311842418082,0.058890500273527185,0.10338671295861998,0.1663488745689392,shoulder press_9.mp4,129
32.94302300222108,35.65235023110458,119.47024660148885,119.51825735702775,2.426874876022339,6.672504496615345,2.3411673685316416,0.07899445986445115,0.00040178297067569867,1.6323001384735107,shoulder press_9.mp4,132
35.39889221876611,34.455611058061955,121.38947331653453,117.40215146834727,2.465698480606079,7.355404024648523,3.052191545652911,0.02700702507227062,0.03339582660639199,0.5811981558799744,shoulder press_9.mp4,135
33.79376800911515,34.098191381037864,121.76116678338488,114.38159336308136,2.0163567066192627,6.85397861852785,3.818600255303919,0.008967877040439927,0.06250094998234437,0.5982176661491394,shoulder press_9.mp4,138
33.2021119279118,34.98589707771106,119.43887817835268,116.50351045872313,1.9317983388900757,6.56988236719576,4.7439381881575295,0.052319613838619765,0.024882071734424173,1.5864238739013672,shoulder press_9.mp4,141
34.954036993576445,29.341491431226288,122.98035164351117,109.81907780658551,1.9740691184997559,7.420016064685019,3.0781450984874277,0.17458587556098387,0.11306963997303897,1.1018249988555908,shoulder press_9.mp4,144
33.252811944816386,30.82589288507199,119.8671800198698,114.47862802183738,2.450014114379883,6.899600436127153,2.1762392372054764,0.07574806844761327,0.045988038301699945,0.9366700053215027,shoulder press_9.mp4,147
31.002877312039285,33.1664905748496,115.57634618954944,117.96441284973518,2.7579598426818848,6.498164729765891,3.0935942895422057,0.0674344577189573,0.020450962564389358,0.35573163628578186,shoulder press_9.mp4,150
34.426161407652444,34.34401804689596,122.9398572833712,117.68345444617567,2.8630807399749756,6.0966525156329645,1.4427383713179627,0.002388923844841003,0.0436898885599543,0.5836919546127319,shoulder press_9.mp4,153
37.5455364598011,37.42883881643408,132.75719162061353,118.87350291775662,2.738037109375,1.6318347933367443,1.4590106124477704,0.003113000753579031,0.11034972286133266,0.9621138572692871,shoulder press_9.mp4,156
51.36331373738669,52.18775039309849,144.9364981532364,141.2598415042723,2.9584004878997803,1.7484054215206424,0.8530477559292203,0.01592328698183002,0.025693247183831792,0.21736085414886475,shoulder press_9.mp4,159
68.25761334203584,71.59837886315346,164.0143647658242,166.08989476176015,2.2062265872955322,5.763705200931009,5.102762055459283,0.04777436373575218,0.012574996753487824,0.48310112953186035,shoulder press_9.mp4,162
104.5963525086597,101.32791432119103,158.4849794873452,166.93496985218277,2.7240898609161377,4.392460405662049,4.65163671211065,0.031744079877378324,0.05193283559897083,0.7327402830123901,shoulder press_9.mp4,165
126.48234412528701,113.73140114558673,138.3979112094709,160.9683217901321,3.505467414855957,1.767059939970555,1.125717588777915,0.10616330855939869,0.15078795196444986,1.9684371948242188,shoulder press_9.mp4,168
140.549639238989,132.37690041763457,126.72991041040817,142.3536154322733,2.3768465518951416,2.3344669024905627,4.802350459418735,0.0598896599182825,0.11612531813634304,2.375650405883789,shoulder press_9.mp4,171
157.11013421606611,152.32012881296217,107.74242088510545,124.27661617602564,2.422806978225708,2.065566533441761,4.086795657251175,0.030960161143996356,0.14252447127055232,1.1738070249557495,shoulder press_9.mp4,174
158.9805637860991,149.64737497359778,111.49106538613717,123.59058021797067,2.687678337097168,1.5471335224788547,2.761641952410769,0.06048181412226789,0.10293883047092363,2.6605331897735596,shoulder press_9.mp4,177
152.1891713677646,137.8233986080812,117.60575494702712,138.79797569175662,2.8404979705810547,0.9484340042924158,6.850999165378014,0.09907000073051929,0.16530352886779687,2.075779914855957,shoulder press_9.mp4,180
133.15489866118156,115.72701968029511,131.5204144030384,158.3665167530135,3.771543502807617,1.687138957228506,0.31786710698768317,0.1400493784122529,0.18521774847120193,4.415732383728027,shoulder press_9.mp4,183
114.64309153829163,112.15414441530577,150.64747792292673,156.4305532735431,2.1485488414764404,3.2651775681156394,3.525229381963775,0.02194865481954198,0.037665184501045175,1.7366526126861572,shoulder press_9.mp4,186
86.72967552859124,83.52837412419116,174.10451945945462,177.38775553124557,1.6653189659118652,6.84828228787345,6.821396683464828,0.03760528692685829,0.018681696898617872,0.9617757201194763,shoulder press_9.mp4,189
59.38025030435968,68.82177863012677,154.96934685281138,162.76893277564704,2.4734034538269043,7.103429910363411,3.0197870589077414,0.14729140255014037,0.049094405193834165,1.4502986669540405,shoulder press_9.mp4,192
45.246749680380326,53.15760855153998,141.2536151949081,140.9406127237397,2.942004680633545,2.135921296840311,1.7230887750805326,0.1607826932322503,0.002218347791710585,0.07392379641532898,shoulder press_9.mp4,195
35.09173487401972,36.460206200826924,126.42728740708291,120.12738701946266,1.9598044157028198,3.6823469596538683,1.296848497583786,0.038251130752014646,0.05110347554572236,0.32774239778518677,shoulder press_9.mp4,198
35.683409544862286,35.56325907261235,124.58677373677831,118.3187656243697,1.7818185091018677,5.472929358997439,2.5346679128581076,0.0033728025346709367,0.05160860578884894,1.6385031938552856,shoulder press_9.mp4,201
36.964799688057276,37.31665226897892,122.39336330436362,121.89074004420455,1.4544978141784668,6.088270563350799,3.3368782449526173,0.009473497667362584,0.0041150713719744405,0.639217734336853,shoulder press_9.mp4,204
35.51024865385232,36.812758127427294,123.4078901315544,117.60313630390064,1.4300450086593628,5.9429289179884845,4.575574964336826,0.036019229054290884,0.04817002701914405,0.25243082642555237,shoulder press_9.mp4,207
35.249803343840284,38.8863335531088,117.65771105928766,123.63130798929919,1.5341095924377441,6.635184974585754,5.27319805556413,0.09810411929942812,0.0495140388366257,0.30994123220443726,shoulder press_9.mp4,210
34.277719437602705,37.43637325566777,117.48594711914112,122.68995001414393,0.5029300451278687,6.130860974838731,4.307016390300636,0.08809018421455857,0.043334930416559385,0.6853715777397156,shoulder press_9.mp4,213
36.30074917336843,36.927663857939635,121.56658296815039,121.811395686294,0.759371817111969,5.9313279712081295,3.2650590183499104,0.01712217044231652,0.0020117902161658863,0.8627464771270752,shoulder press_9.mp4,216
38.111930302981726,37.340216177572294,128.39981489572924,121.31515962985624,1.470141053199768,3.077166751631281,2.126091730674248,0.020455723565354692,0.05674193371328728,0.8993921875953674,shoulder press_9.mp4,219
49.40332657939599,51.874882279346465,143.1459410668931,140.65150193777012,2.06203293800354,2.843436177606216,0.2862026111551785,0.04880725533757563,0.017579010597935464,2.0118260383605957,shoulder press_9.mp4,222
67.33191926032774,70.0624691149097,159.8110982554287,166.87329405606695,1.2649506330490112,7.023993945818198,3.0471714380257757,0.039747618325205084,0.04323558741615302,0.8672109246253967,shoulder press_9.mp4,225
106.86621486355048,94.38211488144584,156.5361860913563,174.09432094295101,1.8251007795333862,6.223538397637797,3.0694442383626264,0.12406661956323671,0.10621001074031447,1.4680627584457397,shoulder press_9.mp4,228
120.5787962607808,107.05137697864058,146.82895893684926,165.9666254193632,2.900989055633545,2.118679469844965,2.3671061495556764,0.1188543600317177,0.12236532380661685,3.17253041267395,shoulder press_9.mp4,231
146.59813313000157,128.34657927432798,115.77271988176501,149.70587831343275,2.469062089920044,1.753656222105789,2.315753979166114,0.1327652653951252,0.25563761947181735,0.4068709909915924,shoulder press_9.mp4,234
150.03850875209147,139.00874780494152,113.16430385588399,140.5156461696825,1.6884303092956543,0.5317999256756399,3.8373539936349523,0.0763180462498085,0.21563661070606469,0.29098331928253174,shoulder press_9.mp4,237
145.50195310789644,132.9960552959865,120.22018069031354,145.36255170517032,1.7166574001312256,0.3975076358496588,5.542936342118183,0.08980960318950394,0.18933739244324693,0.5329262018203735,shoulder press_9.mp4,240
125.5905343645173,113.64797002142409,139.37377498301305,162.38030502719693,1.809375286102295,1.9126501016656445,2.656235246394837,0.09983814581809435,0.15248529559835905,1.1910886764526367,shoulder press_9.mp4,243
107.60534035814976,100.59696238666126,155.26053153642064,172.13997471354423,2.3957998752593994,3.7270219729892604,1.399320504762114,0.06732277096933471,0.10311189417793028,0.7646863460540771,shoulder press_9.mp4,246
67.64803157037879,72.63045882231592,160.8026757420758,167.86041627713564,1.4986393451690674,5.941048529294018,3.6975942208779236,0.07103622569631808,0.042948178280068645,0.9873825311660767,shoulder press_9.mp4,249
49.455200166337974,58.47895481401122,143.63245255865752,147.4380909523562,2.938516855239868,3.2864176214030074,0.13039941611733377,0.16720851058344108,0.026149251296908864,0.05211222171783447,shoulder press_9.mp4,252
34.98978624175854,40.206914546523954,127.26531804246513,120.14896787495555,2.4381346702575684,4.750022595224637,2.967233075044817,0.13875950008642865,0.05752578224108531,0.844817578792572,shoulder press_9.mp4,255
30.075927840174778,37.403607840981515,112.63012498647332,117.75539729253933,2.656750440597534,8.315125716219297,6.191830008310772,0.2171822887291442,0.04449300681193806,0.6147257685661316,shoulder press_9.mp4,258
31.580583795552513,35.147874667946404,104.56861814263263,114.42699469309258,3.3875577449798584,14.402589160292813,9.084169150044936,0.1069196248357882,0.09003263967534361,1.1838693618774414,shoulder press_9.mp4,261
32.95347773239122,34.634359829201216,105.16373124560117,113.38161160079349,2.760596752166748,14.884723761189779,9.991114771854871,0.04973918851237743,0.07520526631371217,0.32730212807655334,shoulder press_9.mp4,264
30.59885214139049,34.17521170272277,106.51130258823115,109.52696465797399,2.9847617149353027,13.35925069300535,10.320638204624137,0.11042566573989328,0.027917850926901633,1.676147699356079,shoulder press_9.mp4,267
