left_knee_angle,right_knee_angle,left_hip_angle,right_hip_angle,trunk_lean_angle,left_knee_valgus,right_knee_valgus,knee_symmetry_ratio,hip_symmetry_ratio,knee_depth_score,_video,_frame_idx
179.01921475424916,177.72058402494582,174.6906050041991,174.10282402606754,1.352447509765625,0.23850396667530757,-0.5636936602971813,0.007280548644964233,0.0033703672673292893,87.72058402494582,squat_10.mp4,0
178.34743626271302,174.2412210039226,174.98917235565338,174.34538831240445,4.491921901702881,-0.41309260935197933,-1.4403950826011271,0.02329181710281289,0.0036857735576907888,84.24122100392259,squat_10.mp4,3
178.74617402167937,169.50601786018234,174.59727460210374,173.47730394935235,3.952190637588501,-0.3134582868590612,-2.62692381095917,0.053065889472601414,0.006435233836451088,79.50601786018234,squat_10.mp4,6
179.59894911428532,175.15701484873978,174.85623388397156,177.5715812146716,3.69923996925354,-0.09993907723653,-1.210214744856824,0.02504219642102201,0.015409381520808885,85.15701484873978,squat_10.mp4,9
178.7421227146454,169.32329064677074,173.5531721220832,173.2544758579498,4.244232654571533,-0.31421678252681373,-2.674753270430283,0.05412104567881641,0.001722547157613896,79.32329064677074,squat_10.mp4,12
174.59440997185092,166.7862248981671,169.97335933182313,171.38162626335662,4.6925740242004395,-1.3511931940412925,-3.312867677482231,0.04574474516784953,0.008251040652463673,76.78622489816709,squat_10.mp4,15
162.28960775075237,163.2846061265607,162.29358227921614,162.99876828707448,6.804903984069824,-4.4506158007037415,-4.195068877496771,0.006112267700557415,0.004335706060291364,72.28960775075237,squat_10.mp4,18
149.03836075556643,149.36917394947966,148.09988767188798,148.65031061573532,11.17088794708252,-7.8052893878766145,-7.757010850922509,0.002217190623153762,0.003709671953201819,59.03836075556643,squat_10.mp4,21
135.81079686488079,129.46612972173418,138.51877973536227,139.87930802483632,11.784445762634277,-11.332839577678227,-13.25470654059142,0.04783429320284307,0.009773977259829125,39.46612972173418,squat_10.mp4,24
120.95311779301034,104.48955048615517,125.83833334889515,126.71876851322624,12.869711875915527,-15.401884223751535,-21.061554357333666,0.14605546884734655,0.006972167148257394,14.489550486155167,squat_10.mp4,27
113.31777732148934,113.36806177822353,121.37182434631957,121.15243646549322,13.6227445602417,-17.725910108441223,-17.821145819007587,0.0004436488572369165,0.0018092035831135326,23.317777321489345,squat_10.mp4,30
98.47000073011556,89.9334347823139,107.97100681991625,108.74193485239508,14.552970886230469,-22.45933500594421,-26.088023041590024,0.0906200667156994,0.0071147392170471365,0.06656521768610446,squat_10.mp4,33
84.76514327718755,66.21796183816832,97.87383591319288,96.88749248121911,13.947957992553711,-27.197642128813282,-36.96389839370242,0.24568552123561896,0.010128740033815304,23.78203816183168,squat_10.mp4,36
68.25955092688983,60.49333691283782,80.85566910537008,77.0302112456403,15.219219207763672,-33.161255282208046,-38.11933646664716,0.12063751181595928,0.04845851764863406,29.50666308716218,squat_10.mp4,39
70.11078924438607,57.31958538395344,82.26118290488851,75.15449819530468,16.371068954467773,-32.89191766156122,-40.109128952784914,0.2007559641528036,0.09029195388813281,32.68041461604656,squat_10.mp4,42
58.398804026951154,57.624895549902135,72.67763935203989,73.0316813103012,16.643335342407227,-38.74437105787521,-38.90394424213406,0.013340524045889226,0.004859565011379651,32.375104450097865,squat_10.mp4,45
51.73415563637071,48.79254837799809,65.3039794404171,62.18581838453166,16.991830825805664,-42.096639063117365,-43.34396922570664,0.05852389745021704,0.04891624442242606,41.20745162200191,squat_10.mp4,48
54.947660562973795,48.95339382943119,66.51536326462991,63.77157627123558,17.413982391357422,-39.5327229421622,-43.93948035524441,0.1153841367365522,0.04211914107690002,41.04660617056881,squat_10.mp4,51
45.075482538639385,43.540664528618926,59.19083421860454,58.61349107812983,16.324478149414062,-45.461534796830186,-46.259280863103186,0.03463969176758622,0.009801730777209661,46.459335471381074,squat_10.mp4,54
40.00582310051637,42.33846778594084,51.364310556453404,53.47539952722276,16.85034942626953,-48.240186349271404,-45.959210898712655,0.056655893452064655,0.04027269760827126,49.99417689948363,squat_10.mp4,57
47.08366720096078,45.019779907645116,55.59913681702116,56.868728725961184,17.500473022460938,-42.0356287681802,-44.6585502464138,0.04481672202522422,0.02257697170317181,44.980220092354884,squat_10.mp4,60
37.04874309972831,39.604222202156116,47.62626159683433,53.24054188506992,16.510080337524414,-50.498903373496745,-48.63272406431053,0.06667658824061122,0.11132067428393934,52.95125690027169,squat_10.mp4,63
39.42103837707123,43.07260936985266,48.237321486094224,53.51657702299484,17.344026565551758,-48.673833451944844,-45.33158202598701,0.08852974968409234,0.10376517488278938,50.57896162292877,squat_10.mp4,66
42.179592103767554,41.21624329859199,49.08681935899293,50.98031091111203,17.555049896240234,-45.58498899629536,-46.26008627613258,0.023103043468002887,0.037844425977003854,48.78375670140801,squat_10.mp4,69
39.229941750184295,42.698665007556706,49.454696819747255,53.3442646278588,17.29291534423828,-48.959266020044765,-45.84610781962827,0.08467673001273561,0.07567328995038447,50.770058249815705,squat_10.mp4,72
36.92196792679476,39.70874867947255,49.96630444317428,53.10236077163626,16.1885986328125,-50.73272457377244,-47.0957844272719,0.07273273371555222,0.06085372934491722,53.07803207320524,squat_10.mp4,75
62.89190252141855,61.157194504815514,77.0406491784043,76.67398963560204,16.50582504272461,-36.36086015606316,-37.4589275960872,0.02796808776828385,0.0047706522375648135,28.842805495184486,squat_10.mp4,78
82.75843645067376,59.8412135441322,95.96299025083128,85.51829857719405,16.480077743530273,-28.3895409878521,-39.859727584902885,0.32142046502044413,0.11510488757366936,30.158786455867798,squat_10.mp4,81
107.24110128488786,102.91571231168722,119.86987178265659,117.75571952862794,13.869508743286133,-19.915357348300816,-21.427739653914347,0.04116344266147682,0.017793977848616128,12.915712311687216,squat_10.mp4,84
127.23403753265276,125.23358981461307,138.91368145537513,139.06885013051564,9.757951736450195,-13.883920315210888,-14.487562034436571,0.015847162181217837,0.0011163915534927907,35.23358981461307,squat_10.mp4,87
153.0426838204993,154.17665438917555,156.87479659187187,158.50271631253625,7.524145603179932,-6.799542764622026,-6.524512171327769,0.007382156183816366,0.010323625839219598,63.04268382049929,squat_10.mp4,90
167.08507686787837,166.86023285526093,167.0938045281946,169.65135552702853,5.16285514831543,-3.238109697392891,-3.2942861139493926,0.0013465918284874124,0.015189830781321504,76.86023285526093,squat_10.mp4,93
177.97454604872536,174.5216697559463,175.03840510661036,177.50589396211768,3.3774302005767822,-0.5060705797753902,-1.3678313313881894,0.019590997792114685,0.013998177602221235,84.5216697559463,squat_10.mp4,96
177.15159915398343,169.2928080276462,174.90068774725887,175.871750263033,2.6731386184692383,-0.7121114981757648,-2.6656191036927366,0.04536826667383383,0.005536709333734085,79.2928080276462,squat_10.mp4,99
177.30550144995385,154.84856240453405,173.17679762999848,166.4818837526774,3.910517454147339,-0.6737137608415229,-6.3108626332256215,0.13522001678870246,0.039421420645381774,64.84856240453405,squat_10.mp4,102
178.64852924984112,163.75064954800382,172.66457279732083,169.62299148455193,4.951415538787842,-0.337763689404963,-4.059075651247184,0.08702053406870534,0.01777208189932466,73.75064954800382,squat_10.mp4,105
175.64153217623502,170.5543541039067,169.64204426241798,171.32517726856742,6.180972576141357,-1.088149765820116,-2.3650194066294237,0.02938901514393954,0.009872696845121683,80.55435410390669,squat_10.mp4,108
169.08912544714167,166.8207960206408,165.62782183029418,168.17323274819967,6.304995536804199,-2.731984342793001,-3.2995696551932028,0.01350558159514448,0.015251065765023986,76.82079602064081,squat_10.mp4,111
159.45362616327552,151.8749815481852,157.6584183027152,155.64991816457766,9.208937644958496,-5.169609951118583,-7.1339576567828775,0.048685822165846146,0.012821236490445073,61.87498154818519,squat_10.mp4,114
145.78284915407883,144.07603158175348,147.19683241581552,145.91197093334003,11.805105209350586,-8.651239760744145,-9.193412687138323,0.01177688651796655,0.008767129938058843,54.07603158175348,squat_10.mp4,117
127.79679298676274,103.7801273182924,134.79109036200012,132.94282084875948,11.78744125366211,-13.552572138079682,-20.84018128621504,0.20741847362710675,0.0138067643720013,13.7801273182924,squat_10.mp4,120
113.76771929491089,111.3095384139869,122.9593756171339,125.3687414614596,13.368919372558594,-17.679820049042576,-18.718312661260555,0.02184299654213188,0.019404696275800007,21.3095384139869,squat_10.mp4,123
99.3274661115506,83.66116230730626,110.32048938098998,109.15803607034427,14.951750755310059,-22.421164310532575,-28.946861249380632,0.1712270750331494,0.010592866051521486,6.338837692693744,squat_10.mp4,126
85.01650447384718,79.77692388396713,96.47374521780834,92.92215521427586,16.014034271240234,-27.161746040294286,-29.616243598447497,0.06358967881296092,0.03750440210616969,10.223076116032871,squat_10.mp4,129
69.92097959581878,62.77647417434262,81.94832437827586,79.76058322259655,16.41570472717285,-32.81532224977036,-37.20950211383969,0.10768112301311826,0.027057769273651344,27.223525825657383,squat_10.mp4,132
71.67575716382615,65.69954953140615,85.33629526799368,81.54048513899644,17.205354690551758,-32.655986941929505,-35.88981501678293,0.08700555836687945,0.045492370115719626,24.30045046859385,squat_10.mp4,135
58.60480565725451,54.08380355454293,73.22946185041961,72.31984910251062,15.243243217468262,-38.02483614685974,-41.11338457488617,0.08023884817345445,0.01249903200439276,35.91619644545707,squat_10.mp4,138
51.685410351292525,48.1778338677263,63.7141628374026,62.42157490284472,16.868101119995117,-41.466409804253516,-44.19767624459567,0.07024759732166226,0.02049518966971469,41.8221661322737,squat_10.mp4,141
46.846842784262826,45.75985523314803,60.68711566793176,59.09582294599194,16.44055938720703,-44.755915477215666,-44.58263315331886,0.023475354901660188,0.026569605660932447,44.24014476685197,squat_10.mp4,144
39.26230848020817,39.2298391515749,51.29258287273155,52.27978111833951,15.786595344543457,-48.91645954100612,-47.45940817838472,0.0008273267992509714,0.01906296636606774,50.7701608484251,squat_10.mp4,147
34.002903410859155,37.135369442014046,43.94865675342066,48.95072210878768,14.76689338684082,-52.096566786408786,-48.002526079270396,0.08806696889122953,0.10768781054577908,55.997096589140845,squat_10.mp4,150
36.49632642184019,37.786671630445525,48.502930407860454,50.20060316121789,14.939024925231934,-50.62089636038879,-48.03748535431322,0.03474133361437836,0.03439943215749839,53.50367357815981,squat_10.mp4,153
44.00464665543047,47.079899214026064,53.860227899764396,58.055040545084296,15.355029106140137,-43.62598894059026,-42.23596295371673,0.06752523228261098,0.07496408137352739,45.99535334456953,squat_10.mp4,156
75.09188565658059,70.38598437425703,81.35508159584298,78.60731382845911,18.348186492919922,-30.043577088496406,-32.295105328538526,0.06469576824744576,0.03435517154010325,19.614015625742965,squat_10.mp4,159
86.06725207759702,74.90300276669221,97.39121658328378,96.98821587422987,14.555830955505371,-26.46379219731955,-32.24926811297081,0.13871195422662752,0.004146536533817677,15.096997233307789,squat_10.mp4,162
108.22047119097104,107.21248305313019,119.76596371372372,121.91892805704153,12.789386749267578,-19.423962014776457,-20.047343573356223,0.009357789678720467,0.017816292342840045,17.212483053130185,squat_10.mp4,165
132.08231336461117,123.38882383736093,140.9491115977034,139.38548308512446,9.525650024414062,-12.416239931792115,-15.030614050709149,0.0680584869387987,0.011155444545458458,33.38882383736093,squat_10.mp4,168
153.2678085291548,149.5947759888842,157.6869600434943,155.3090002141389,7.85994815826416,-6.760355003215033,-7.734267570965683,0.02425543945030827,0.01519482760990307,59.59477598888421,squat_10.mp4,171
165.86339831865104,164.96564948230832,166.3970135527516,168.01257909685702,5.442715167999268,-3.5475600942389343,-3.768884214057326,0.00542726729898783,0.009662196178673688,74.96564948230832,squat_10.mp4,174
179.01921475424916,177.72058402494582,174.6906050041991,174.10282402606754,1.352447509765625,0.23850396667530757,-0.5636936602971813,0.007280548644964233,0.0033703672673292893,87.72058402494582,squat_10.mp4,0
178.34743626271302,174.2412210039226,174.98917235565338,174.34538831240445,4.491921901702881,-0.41309260935197933,-1.4403950826011271,0.02329181710281289,0.0036857735576907888,84.24122100392259,squat_10.mp4,3
178.74617402167937,169.50601786018234,174.59727460210374,173.47730394935235,3.952190637588501,-0.3134582868590612,-2.62692381095917,0.053065889472601414,0.006435233836451088,79.50601786018234,squat_10.mp4,6
179.59894911428532,175.15701484873978,174.85623388397156,177.5715812146716,3.69923996925354,-0.09993907723653,-1.210214744856824,0.02504219642102201,0.015409381520808885,85.15701484873978,squat_10.mp4,9
178.7421227146454,169.32329064677074,173.5531721220832,173.2544758579498,4.244232654571533,-0.31421678252681373,-2.674753270430283,0.05412104567881641,0.001722547157613896,79.32329064677074,squat_10.mp4,12
174.59440997185092,166.7862248981671,169.97335933182313,171.38162626335662,4.6925740242004395,-1.3511931940412925,-3.312867677482231,0.04574474516784953,0.008251040652463673,76.78622489816709,squat_10.mp4,15
162.28960775075237,163.2846061265607,162.29358227921614,162.99876828707448,6.804903984069824,-4.4506158007037415,-4.195068877496771,0.006112267700557415,0.004335706060291364,72.28960775075237,squat_10.mp4,18
149.03836075556643,149.36917394947966,148.09988767188798,148.65031061573532,11.17088794708252,-7.8052893878766145,-7.757010850922509,0.002217190623153762,0.003709671953201819,59.03836075556643,squat_10.mp4,21
135.81079686488079,129.46612972173418,138.51877973536227,139.87930802483632,11.784445762634277,-11.332839577678227,-13.25470654059142,0.04783429320284307,0.009773977259829125,39.46612972173418,squat_10.mp4,24
120.95311779301034,104.48955048615517,125.83833334889515,126.71876851322624,12.869711875915527,-15.401884223751535,-21.061554357333666,0.14605546884734655,0.006972167148257394,14.489550486155167,squat_10.mp4,27
113.31777732148934,113.36806177822353,121.37182434631957,121.15243646549322,13.6227445602417,-17.725910108441223,-17.821145819007587,0.0004436488572369165,0.0018092035831135326,23.317777321489345,squat_10.mp4,30
98.47000073011556,89.9334347823139,107.97100681991625,108.74193485239508,14.552970886230469,-22.45933500594421,-26.088023041590024,0.0906200667156994,0.0071147392170471365,0.06656521768610446,squat_10.mp4,33
84.76514327718755,66.21796183816832,97.87383591319288,96.88749248121911,13.947957992553711,-27.197642128813282,-36.96389839370242,0.24568552123561896,0.010128740033815304,23.78203816183168,squat_10.mp4,36
68.25955092688983,60.49333691283782,80.85566910537008,77.0302112456403,15.219219207763672,-33.161255282208046,-38.11933646664716,0.12063751181595928,0.04845851764863406,29.50666308716218,squat_10.mp4,39
70.11078924438607,57.31958538395344,82.26118290488851,75.15449819530468,16.371068954467773,-32.89191766156122,-40.109128952784914,0.2007559641528036,0.09029195388813281,32.68041461604656,squat_10.mp4,42
58.398804026951154,57.624895549902135,72.67763935203989,73.0316813103012,16.643335342407227,-38.74437105787521,-38.90394424213406,0.013340524045889226,0.004859565011379651,32.375104450097865,squat_10.mp4,45
51.73415563637071,48.79254837799809,65.3039794404171,62.18581838453166,16.991830825805664,-42.096639063117365,-43.34396922570664,0.05852389745021704,0.04891624442242606,41.20745162200191,squat_10.mp4,48
54.947660562973795,48.95339382943119,66.51536326462991,63.77157627123558,17.413982391357422,-39.5327229421622,-43.93948035524441,0.1153841367365522,0.04211914107690002,41.04660617056881,squat_10.mp4,51
45.075482538639385,43.540664528618926,59.19083421860454,58.61349107812983,16.324478149414062,-45.461534796830186,-46.259280863103186,0.03463969176758622,0.009801730777209661,46.459335471381074,squat_10.mp4,54
40.00582310051637,42.33846778594084,51.364310556453404,53.47539952722276,16.85034942626953,-48.240186349271404,-45.959210898712655,0.056655893452064655,0.04027269760827126,49.99417689948363,squat_10.mp4,57
47.08366720096078,45.019779907645116,55.59913681702116,56.868728725961184,17.500473022460938,-42.0356287681802,-44.6585502464138,0.04481672202522422,0.02257697170317181,44.980220092354884,squat_10.mp4,60
37.04874309972831,39.604222202156116,47.62626159683433,53.24054188506992,16.510080337524414,-50.498903373496745,-48.63272406431053,0.06667658824061122,0.11132067428393934,52.95125690027169,squat_10.mp4,63
39.42103837707123,43.07260936985266,48.237321486094224,53.51657702299484,17.344026565551758,-48.673833451944844,-45.33158202598701,0.08852974968409234,0.10376517488278938,50.57896162292877,squat_10.mp4,66
42.179592103767554,41.21624329859199,49.08681935899293,50.98031091111203,17.555049896240234,-45.58498899629536,-46.26008627613258,0.023103043468002887,0.037844425977003854,48.78375670140801,squat_10.mp4,69
39.229941750184295,42.698665007556706,49.454696819747255,53.3442646278588,17.29291534423828,-48.959266020044765,-45.84610781962827,0.08467673001273561,0.07567328995038447,50.770058249815705,squat_10.mp4,72
36.92196792679476,39.70874867947255,49.96630444317428,53.10236077163626,16.1885986328125,-50.73272457377244,-47.0957844272719,0.07273273371555222,0.06085372934491722,53.07803207320524,squat_10.mp4,75
62.89190252141855,61.157194504815514,77.0406491784043,76.67398963560204,16.50582504272461,-36.36086015606316,-37.4589275960872,0.02796808776828385,0.0047706522375648135,28.842805495184486,squat_10.mp4,78
82.75843645067376,59.8412135441322,95.96299025083128,85.51829857719405,16.480077743530273,-28.3895409878521,-39.859727584902885,0.32142046502044413,0.11510488757366936,30.158786455867798,squat_10.mp4,81
107.24110128488786,102.91571231168722,119.86987178265659,117.75571952862794,13.869508743286133,-19.915357348300816,-21.427739653914347,0.04116344266147682,0.017793977848616128,12.915712311687216,squat_10.mp4,84
127.23403753265276,125.23358981461307,138.91368145537513,139.06885013051564,9.757951736450195,-13.883920315210888,-14.487562034436571,0.015847162181217837,0.0011163915534927907,35.23358981461307,squat_10.mp4,87
153.0426838204993,154.17665438917555,156.87479659187187,158.50271631253625,7.524145603179932,-6.799542764622026,-6.524512171327769,0.007382156183816366,0.010323625839219598,63.04268382049929,squat_10.mp4,90
167.08507686787837,166.86023285526093,167.0938045281946,169.65135552702853,5.16285514831543,-3.238109697392891,-3.2942861139493926,0.0013465918284874124,0.015189830781321504,76.86023285526093,squat_10.mp4,93
177.97454604872536,174.5216697559463,175.03840510661036,177.50589396211768,3.3774302005767822,-0.5060705797753902,-1.3678313313881894,0.019590997792114685,0.013998177602221235,84.5216697559463,squat_10.mp4,96
177.15159915398343,169.2928080276462,174.90068774725887,175.871750263033,2.6731386184692383,-0.7121114981757648,-2.6656191036927366,0.04536826667383383,0.005536709333734085,79.2928080276462,squat_10.mp4,99
177.30550144995385,154.84856240453405,173.17679762999848,166.4818837526774,3.910517454147339,-0.6737137608415229,-6.3108626332256215,0.13522001678870246,0.039421420645381774,64.84856240453405,squat_10.mp4,102
178.64852924984112,163.75064954800382,172.66457279732083,169.62299148455193,4.951415538787842,-0.337763689404963,-4.059075651247184,0.08702053406870534,0.01777208189932466,73.75064954800382,squat_10.mp4,105
175.64153217623502,170.5543541039067,169.64204426241798,171.32517726856742,6.180972576141357,-1.088149765820116,-2.3650194066294237,0.02938901514393954,0.009872696845121683,80.55435410390669,squat_10.mp4,108
169.08912544714167,166.8207960206408,165.62782183029418,168.17323274819967,6.304995536804199,-2.731984342793001,-3.2995696551932028,0.01350558159514448,0.015251065765023986,76.82079602064081,squat_10.mp4,111
159.45362616327552,151.8749815481852,157.6584183027152,155.64991816457766,9.208937644958496,-5.169609951118583,-7.1339576567828775,0.048685822165846146,0.012821236490445073,61.87498154818519,squat_10.mp4,114
145.78284915407883,144.07603158175348,147.19683241581552,145.91197093334003,11.805105209350586,-8.651239760744145,-9.193412687138323,0.01177688651796655,0.008767129938058843,54.07603158175348,squat_10.mp4,117
127.79679298676274,103.7801273182924,134.79109036200012,132.94282084875948,11.78744125366211,-13.552572138079682,-20.84018128621504,0.20741847362710675,0.0138067643720013,13.7801273182924,squat_10.mp4,120
113.76771929491089,111.3095384139869,122.9593756171339,125.3687414614596,13.368919372558594,-17.679820049042576,-18.718312661260555,0.02184299654213188,0.019404696275800007,21.3095384139869,squat_10.mp4,123
99.3274661115506,83.66116230730626,110.32048938098998,109.15803607034427,14.951750755310059,-22.421164310532575,-28.946861249380632,0.1712270750331494,0.010592866051521486,6.338837692693744,squat_10.mp4,126
85.01650447384718,79.77692388396713,96.47374521780834,92.92215521427586,16.014034271240234,-27.161746040294286,-29.616243598447497,0.06358967881296092,0.03750440210616969,10.223076116032871,squat_10.mp4,129
69.92097959581878,62.77647417434262,81.94832437827586,79.76058322259655,16.41570472717285,-32.81532224977036,-37.20950211383969,0.10768112301311826,0.027057769273651344,27.223525825657383,squat_10.mp4,132
71.67575716382615,65.69954953140615,85.33629526799368,81.54048513899644,17.205354690551758,-32.655986941929505,-35.88981501678293,0.08700555836687945,0.045492370115719626,24.30045046859385,squat_10.mp4,135
58.60480565725451,54.08380355454293,73.22946185041961,72.31984910251062,15.243243217468262,-38.02483614685974,-41.11338457488617,0.08023884817345445,0.01249903200439276,35.91619644545707,squat_10.mp4,138
51.685410351292525,48.1778338677263,63.7141628374026,62.42157490284472,16.868101119995117,-41.466409804253516,-44.19767624459567,0.07024759732166226,0.02049518966971469,41.8221661322737,squat_10.mp4,141
46.846842784262826,45.75985523314803,60.68711566793176,59.09582294599194,16.44055938720703,-44.755915477215666,-44.58263315331886,0.023475354901660188,0.026569605660932447,44.24014476685197,squat_10.mp4,144
39.26230848020817,39.2298391515749,51.29258287273155,52.27978111833951,15.786595344543457,-48.91645954100612,-47.45940817838472,0.0008273267992509714,0.01906296636606774,50.7701608484251,squat_10.mp4,147
34.002903410859155,37.135369442014046,43.94865675342066,48.95072210878768,14.76689338684082,-52.096566786408786,-48.002526079270396,0.08806696889122953,0.10768781054577908,55.997096589140845,squat_10.mp4,150
36.49632642184019,37.786671630445525,48.502930407860454,50.20060316121789,14.939024925231934,-50.62089636038879,-48.03748535431322,0.03474133361437836,0.03439943215749839,53.50367357815981,squat_10.mp4,153
44.00464665543047,47.079899214026064,53.860227899764396,58.055040545084296,15.355029106140137,-43.62598894059026,-42.23596295371673,0.06752523228261098,0.07496408137352739,45.99535334456953,squat_10.mp4,156
75.09188565658059,70.38598437425703,81.35508159584298,78.60731382845911,18.348186492919922,-30.043577088496406,-32.295105328538526,0.06469576824744576,0.03435517154010325,19.614015625742965,squat_10.mp4,159
86.06725207759702,74.90300276669221,97.39121658328378,96.98821587422987,14.555830955505371,-26.46379219731955,-32.24926811297081,0.13871195422662752,0.004146536533817677,15.096997233307789,squat_10.mp4,162
108.22047119097104,107.21248305313019,119.76596371372372,121.91892805704153,12.789386749267578,-19.423962014776457,-20.047343573356223,0.009357789678720467,0.017816292342840045,17.212483053130185,squat_10.mp4,165
132.08231336461117,123.38882383736093,140.9491115977034,139.38548308512446,9.525650024414062,-12.416239931792115,-15.030614050709149,0.0680584869387987,0.011155444545458458,33.38882383736093,squat_10.mp4,168
153.2678085291548,149.5947759888842,157.6869600434943,155.3090002141389,7.85994815826416,-6.760355003215033,-7.734267570965683,0.02425543945030827,0.01519482760990307,59.59477598888421,squat_10.mp4,171
165.86339831865104,164.96564948230832,166.3970135527516,168.01257909685702,5.442715167999268,-3.5475600942389343,-3.768884214057326,0.00542726729898783,0.009662196178673688,74.96564948230832,squat_10.mp4,174
171.88663788822458,173.9126604187871,171.6316046830415,168.38792126927214,8.373370170593262,-2.030543522398531,-1.5156767856868016,0.011717910015906167,0.01907939495347849,81.88663788822458,squat_11.mp4,0
171.39430660595673,176.4601114056865,171.09311403248697,167.48287621617922,8.957440376281738,-2.1540213099741377,-0.8779642517358217,0.029126005233374386,0.021326012004904516,81.39430660595673,squat_11.mp4,3
171.7062265666781,178.08265569532162,171.1099594661913,168.77227965465337,8.513630867004395,-2.0756006030357845,-0.47810390371365996,0.036458729547998725,0.013755822119947641,81.70622656667811,squat_11.mp4,6
171.39773073913378,176.95714668378707,171.76419486688943,169.355467902634,8.433954238891602,-2.1530946005607166,-0.7534827851279753,0.03191811744265534,0.014122475055815742,81.39773073913378,squat_11.mp4,9
169.8648805500269,170.85593278589278,169.57250964575658,164.93568773618975,8.816123008728027,-2.5379383208390496,-2.2783140219805125,0.005817385948118129,0.027723218419502246,79.8648805500269,squat_11.mp4,12
169.25931360000786,158.1036513163941,169.74912992441799,160.42094846190065,8.491666793823242,-2.688002032237058,-5.465678707929504,0.0681546997013701,0.056505310887698355,68.10365131639409,squat_11.mp4,15
164.87576803881007,161.80035752160995,164.80451820572148,156.72287897076959,10.481646537780762,-3.7936685802900967,-4.512693640116218,0.018828498788665243,0.05027029923994791,71.80035752160995,squat_11.mp4,18
150.17132664436653,138.52425552938496,159.64547517843852,149.93449324899558,10.51596736907959,-7.301441173634052,-10.6107297416375,0.08068756042114825,0.06273650054796232,48.52425552938496,squat_11.mp4,21
149.04489996476812,135.2902501898132,155.0186286581945,147.331929810184,12.261006355285645,-7.874163090485707,-11.568405654314034,0.09674955606070565,0.05084626856288361,45.29025018981321,squat_11.mp4,24
142.31771145218494,124.49869144763471,147.57682706815362,138.37997358143355,15.066693305969238,-9.612626147128074,-14.502283577442773,0.13356765034599954,0.06432337657875771,34.49869144763471,squat_11.mp4,27
144.12789187363273,122.70730705277086,147.92897995570644,131.83681863081233,14.371822357177734,-9.164778401283323,-15.235913064212953,0.16055291735907704,0.11504023298199932,32.70730705277086,squat_11.mp4,30
140.29499859035067,112.98335585518572,144.09503483500907,126.12813108644094,14.602262496948242,-10.195302250675631,-18.239140255710186,0.21566503616113708,0.13297826400117635,22.98335585518572,squat_11.mp4,33
132.39787822139965,108.49591536791316,134.92098207443772,114.91117043060787,19.115015029907227,-12.382639920364406,-19.568620662979875,0.1984439905847944,0.16018604045310567,18.495915367913156,squat_11.mp4,36
108.47924126220995,86.93848457403259,100.38720563976501,87.99142677606879,31.0952205657959,-19.32096558340632,-27.208297414771415,0.2204585750448067,0.1316049352809116,3.061515425967414,squat_11.mp4,39
28.797933192533257,92.84658887317828,31.755372966602422,47.75978549221047,60.47857666015625,-51.04377260665981,-24.98545956034292,1.0530462793227366,0.40254997501886336,61.20206680746674,squat_11.mp4,42
19.707208807165074,25.22557346750998,26.433035910934553,5.418154761206131,66.36278533935547,-15.489229940787002,-56.819360025923174,0.24562755213380855,1.319566440453953,70.29279119283493,squat_11.mp4,45
18.351422333684354,25.58737554172352,43.565401976633275,62.9253982235604,67.44087982177734,-44.50119115874075,-55.563728787155014,0.3293650968129495,0.3635994134804504,71.64857766631565,squat_11.mp4,48
46.99170537334112,60.34820966043969,61.47799155243116,90.9537412236159,68.73576354980469,0.8091868713112694,-21.222117972573752,0.24886370150181625,0.38674033463216695,43.00829462665888,squat_11.mp4,51
20.980860750246006,34.06814758231611,26.889768665624615,59.310301347919626,68.07827758789062,13.632591524381521,-36.716799307617414,0.47547765994283403,0.7522159245856974,69.01913924975399,squat_11.mp4,54
23.33970400070045,33.528214006394144,42.844597068321534,73.94316598041455,69.0965805053711,-32.30252175332101,-46.92833743547026,0.35832189265035586,0.5325655376944832,66.66029599929955,squat_11.mp4,57
22.597122562317818,32.9472115267982,34.609084238349595,9.15034008439145,59.57711410522461,11.260597626991972,-32.77048780497657,0.37267847870404097,1.1635776543215473,67.40287743768218,squat_11.mp4,60
20.302551700303503,18.567416068704297,25.58403051633992,59.884220858067415,66.43510437011719,13.340073832423464,21.062460270065305,0.08927898484045992,0.8026416778195224,71.43258393129571,squat_11.mp4,63
11.243932815700772,24.836993591992805,29.999824195782576,57.66579978922948,70.67137908935547,32.165061689164965,-59.85979367679943,0.7534762618175774,0.6311704482518,78.75606718429923,squat_11.mp4,66
17.265631180749974,32.57698866064173,44.69901102348272,71.36923666002794,75.46826171875,26.466778019232905,-34.49364175010969,0.6143881492832954,0.4595610973514188,72.73436881925002,squat_11.mp4,69
20.031529707175988,37.01360828125249,33.14189963015417,9.604002403697246,62.472511291503906,-20.74041779164567,-41.17031985015733,0.5953909192934651,1.1012937430969056,69.96847029282401,squat_11.mp4,72
5.4053000078891955,14.700040618521493,18.816673970797194,9.245010867746062,68.12047576904297,37.970202278794375,-74.50038585116754,0.9246041420877578,0.6821873425008516,84.5946999921108,squat_11.mp4,75
15.663970909130308,54.969550873100715,1.4024899792038013,23.239846257583416,63.26517868041992,-70.21059088630126,-42.79346999480779,1.1129440801536912,1.7723446404225103,74.33602909086969,squat_11.mp4,78
36.64901482921417,85.48738815841645,33.76362723103699,54.63388438438516,49.1579704284668,-45.817026429812366,-22.66917970429317,0.7997349215229205,0.47219105542575174,53.35098517078583,squat_11.mp4,81
62.78123438923399,99.76086442667842,37.067721942551984,86.73780598912957,44.807594299316406,-29.456827632328814,-22.35106771741798,0.4550160273164165,0.8023887927522358,27.218765610766013,squat_11.mp4,84
127.02083359716954,104.73886245281099,113.1843602689327,100.64699102865148,32.3759880065918,-13.84030691228687,-20.894044381397162,0.19228512570670003,0.1172640883967782,14.738862452810991,squat_11.mp4,87
145.78195641792263,110.82569794684356,141.83195924878927,121.5447409741325,17.115694046020508,-8.699049978266757,-18.85455108183531,0.2724490706063582,0.15405476837917476,20.82569794684356,squat_11.mp4,90
150.95118779628547,129.76457418056725,147.91797682722344,130.95058675546872,16.375226974487305,-7.309365054631889,-13.063785826892676,0.15094708944391388,0.12168736306287478,39.76457418056725,squat_11.mp4,93
144.9539077986176,133.00606698970105,150.37987799868694,145.27686173791082,12.383536338806152,-8.971250741382399,-12.248941943866878,0.08596806657516398,0.03451987101882015,43.006066989701054,squat_11.mp4,96
153.65802768973154,145.42296475396654,160.06405201980903,155.38054285034096,10.313983917236328,-6.633402741092201,-8.626131868533358,0.05506911601756337,0.0296946547547977,55.42296475396654,squat_11.mp4,99
156.27704385609462,156.4968402953841,161.13788189540912,159.05491634114483,9.807830810546875,-5.994916891200827,-5.81298742342495,0.0014054654203994766,0.01301069584160619,66.27704385609462,squat_11.mp4,102
169.8873204934714,151.51081257802892,170.69766483127447,162.14094713091313,7.511301040649414,-2.531856460932124,-7.078916747029118,0.11435354486862767,0.051416616899805034,61.51081257802892,squat_11.mp4,105
174.5056316848154,178.1865190728232,172.20139617335488,175.9284971126584,7.080413341522217,-1.3742883437285394,-0.4460489009870921,0.02087308935058895,0.02141212812334639,84.5056316848154,squat_11.mp4,108
178.26629636124235,177.53931389950284,175.1926617257517,173.9038427759076,7.530181407928467,-0.43343603963093463,-0.6012318621287364,0.004086402466823136,0.0073837402163845454,87.53931389950284,squat_11.mp4,111
176.12768153999488,178.62015723825533,174.57736228744483,177.30550144995385,6.345973968505859,-0.9670833208716527,0.3389905779690173,0.014052098002031659,0.01550595066513364,86.12768153999488,squat_11.mp4,114
175.52564760978734,176.82343376720883,175.01382635033195,177.7899001249271,6.5588836669921875,-1.1084356923966123,0.7849659969914587,0.007366479585243571,0.015737213449131888,85.52564760978734,squat_11.mp4,117
175.82758324035296,176.7806425349126,174.49124077839778,176.01635847871222,6.857837200164795,-1.040614268058734,0.8018812346452009,0.005405768923649943,0.00870233743032607,85.82758324035296,squat_11.mp4,120
175.46011226262132,178.30441724043237,173.54037980193525,176.72607029422275,6.140338897705078,-1.134241659825034,0.4223107725866657,0.016080215740150946,0.01819009780361747,85.46011226262132,squat_11.mp4,123
175.44378942714673,179.03125952662447,173.7073599927454,173.63939659976944,6.737333297729492,-1.138296534085629,0.2399770907039662,0.02024103027880871,0.0003913287899544098,85.44378942714673,squat_11.mp4,126
173.66627190620127,179.34717921805145,173.46706037115632,175.63798354295272,6.435149192810059,-1.5742977123447044,0.16256833863547981,0.03218521727009562,0.012437077089785729,83.66627190620127,squat_11.mp4,129
174.67284571986,177.1949494672636,174.1194336103284,177.03475877688214,5.676738739013672,-1.3280479287892724,0.6994267401687512,0.014335519089278109,0.01660424525610717,84.67284571985999,squat_11.mp4,132
174.43063372549236,169.5993943087333,174.0388193587813,168.93816788754967,6.634636878967285,-1.3849423196659216,-2.587259945017618,0.02808614959783925,0.029743403557092117,79.59939430873331,squat_11.mp4,135
176.0598546882522,170.25980790076702,173.4969949444787,168.9450760944236,7.030710220336914,-0.9789255795500921,-2.3980976004858126,0.033495336326705434,0.02658504450837755,80.25980790076702,squat_11.mp4,138
175.54534633645463,169.03509437206392,172.66106967581703,168.56537118062033,7.150568008422852,-1.1076602063971435,-2.7023356983237012,0.03778654383867216,0.02400575104858222,79.03509437206392,squat_11.mp4,141
171.88663788822458,173.9126604187871,171.6316046830415,168.38792126927214,8.373370170593262,-2.030543522398531,-1.5156767856868016,0.011717910015906167,0.01907939495347849,81.88663788822458,squat_11.mp4,0
171.39430660595673,176.4601114056865,171.09311403248697,167.48287621617922,8.957440376281738,-2.1540213099741377,-0.8779642517358217,0.029126005233374386,0.021326012004904516,81.39430660595673,squat_11.mp4,3
171.7062265666781,178.08265569532162,171.1099594661913,168.77227965465337,8.513630867004395,-2.0756006030357845,-0.47810390371365996,0.036458729547998725,0.013755822119947641,81.70622656667811,squat_11.mp4,6
171.39773073913378,176.95714668378707,171.76419486688943,169.355467902634,8.433954238891602,-2.1530946005607166,-0.7534827851279753,0.03191811744265534,0.014122475055815742,81.39773073913378,squat_11.mp4,9
169.8648805500269,170.85593278589278,169.57250964575658,164.93568773618975,8.816123008728027,-2.5379383208390496,-2.2783140219805125,0.005817385948118129,0.027723218419502246,79.8648805500269,squat_11.mp4,12
169.25931360000786,158.1036513163941,169.74912992441799,160.42094846190065,8.491666793823242,-2.688002032237058,-5.465678707929504,0.0681546997013701,0.056505310887698355,68.10365131639409,squat_11.mp4,15
164.87576803881007,161.80035752160995,164.80451820572148,156.72287897076959,10.481646537780762,-3.7936685802900967,-4.512693640116218,0.018828498788665243,0.05027029923994791,71.80035752160995,squat_11.mp4,18
150.17132664436653,138.52425552938496,159.64547517843852,149.93449324899558,10.51596736907959,-7.301441173634052,-10.6107297416375,0.08068756042114825,0.06273650054796232,48.52425552938496,squat_11.mp4,21
149.04489996476812,135.2902501898132,155.0186286581945,147.331929810184,12.261006355285645,-7.874163090485707,-11.568405654314034,0.09674955606070565,0.05084626856288361,45.29025018981321,squat_11.mp4,24
142.31771145218494,124.49869144763471,147.57682706815362,138.37997358143355,15.066693305969238,-9.612626147128074,-14.502283577442773,0.13356765034599954,0.06432337657875771,34.49869144763471,squat_11.mp4,27
144.12789187363273,122.70730705277086,147.92897995570644,131.83681863081233,14.371822357177734,-9.164778401283323,-15.235913064212953,0.16055291735907704,0.11504023298199932,32.70730705277086,squat_11.mp4,30
140.29499859035067,112.98335585518572,144.09503483500907,126.12813108644094,14.602262496948242,-10.195302250675631,-18.239140255710186,0.21566503616113708,0.13297826400117635,22.98335585518572,squat_11.mp4,33
132.39787822139965,108.49591536791316,134.92098207443772,114.91117043060787,19.115015029907227,-12.382639920364406,-19.568620662979875,0.1984439905847944,0.16018604045310567,18.495915367913156,squat_11.mp4,36
108.47924126220995,86.93848457403259,100.38720563976501,87.99142677606879,31.0952205657959,-19.32096558340632,-27.208297414771415,0.2204585750448067,0.1316049352809116,3.061515425967414,squat_11.mp4,39
28.797933192533257,92.84658887317828,31.755372966602422,47.75978549221047,60.47857666015625,-51.04377260665981,-24.98545956034292,1.0530462793227366,0.40254997501886336,61.20206680746674,squat_11.mp4,42
19.707208807165074,25.22557346750998,26.433035910934553,5.418154761206131,66.36278533935547,-15.489229940787002,-56.819360025923174,0.24562755213380855,1.319566440453953,70.29279119283493,squat_11.mp4,45
18.351422333684354,25.58737554172352,43.565401976633275,62.9253982235604,67.44087982177734,-44.50119115874075,-55.563728787155014,0.3293650968129495,0.3635994134804504,71.64857766631565,squat_11.mp4,48
46.99170537334112,60.34820966043969,61.47799155243116,90.9537412236159,68.73576354980469,0.8091868713112694,-21.222117972573752,0.24886370150181625,0.38674033463216695,43.00829462665888,squat_11.mp4,51
20.980860750246006,34.06814758231611,26.889768665624615,59.310301347919626,68.07827758789062,13.632591524381521,-36.716799307617414,0.47547765994283403,0.7522159245856974,69.01913924975399,squat_11.mp4,54
23.33970400070045,33.528214006394144,42.844597068321534,73.94316598041455,69.0965805053711,-32.30252175332101,-46.92833743547026,0.35832189265035586,0.5325655376944832,66.66029599929955,squat_11.mp4,57
22.597122562317818,32.9472115267982,34.609084238349595,9.15034008439145,59.57711410522461,11.260597626991972,-32.77048780497657,0.37267847870404097,1.1635776543215473,67.40287743768218,squat_11.mp4,60
20.302551700303503,18.567416068704297,25.58403051633992,59.884220858067415,66.43510437011719,13.340073832423464,21.062460270065305,0.08927898484045992,0.8026416778195224,71.43258393129571,squat_11.mp4,63
11.243932815700772,24.836993591992805,29.999824195782576,57.66579978922948,70.67137908935547,32.165061689164965,-59.85979367679943,0.7534762618175774,0.6311704482518,78.75606718429923,squat_11.mp4,66
17.265631180749974,32.57698866064173,44.69901102348272,71.36923666002794,75.46826171875,26.466778019232905,-34.49364175010969,0.6143881492832954,0.4595610973514188,72.73436881925002,squat_11.mp4,69
20.031529707175988,37.01360828125249,33.14189963015417,9.604002403697246,62.472511291503906,-20.74041779164567,-41.17031985015733,0.5953909192934651,1.1012937430969056,69.96847029282401,squat_11.mp4,72
5.4053000078891955,14.700040618521493,18.816673970797194,9.245010867746062,68.12047576904297,37.970202278794375,-74.50038585116754,0.9246041420877578,0.6821873425008516,84.5946999921108,squat_11.mp4,75
15.663970909130308,54.969550873100715,1.4024899792038013,23.239846257583416,63.26517868041992,-70.21059088630126,-42.79346999480779,1.1129440801536912,1.7723446404225103,74.33602909086969,squat_11.mp4,78
36.64901482921417,85.48738815841645,33.76362723103699,54.63388438438516,49.1579704284668,-45.817026429812366,-22.66917970429317,0.7997349215229205,0.47219105542575174,53.35098517078583,squat_11.mp4,81
62.78123438923399,99.76086442667842,37.067721942551984,86.73780598912957,44.807594299316406,-29.456827632328814,-22.35106771741798,0.4550160273164165,0.8023887927522358,27.218765610766013,squat_11.mp4,84
127.02083359716954,104.73886245281099,113.1843602689327,100.64699102865148,32.3759880065918,-13.84030691228687,-20.894044381397162,0.19228512570670003,0.1172640883967782,14.738862452810991,squat_11.mp4,87
145.78195641792263,110.82569794684356,141.83195924878927,121.5447409741325,17.115694046020508,-8.699049978266757,-18.85455108183531,0.2724490706063582,0.15405476837917476,20.82569794684356,squat_11.mp4,90
150.95118779628547,129.76457418056725,147.91797682722344,130.95058675546872,16.375226974487305,-7.309365054631889,-13.063785826892676,0.15094708944391388,0.12168736306287478,39.76457418056725,squat_11.mp4,93
144.9539077986176,133.00606698970105,150.37987799868694,145.27686173791082,12.383536338806152,-8.971250741382399,-12.248941943866878,0.08596806657516398,0.03451987101882015,43.006066989701054,squat_11.mp4,96
153.65802768973154,145.42296475396654,160.06405201980903,155.38054285034096,10.313983917236328,-6.633402741092201,-8.626131868533358,0.05506911601756337,0.0296946547547977,55.42296475396654,squat_11.mp4,99
156.27704385609462,156.4968402953841,161.13788189540912,159.05491634114483,9.807830810546875,-5.994916891200827,-5.81298742342495,0.0014054654203994766,0.01301069584160619,66.27704385609462,squat_11.mp4,102
169.8873204934714,151.51081257802892,170.69766483127447,162.14094713091313,7.511301040649414,-2.531856460932124,-7.078916747029118,0.11435354486862767,0.051416616899805034,61.51081257802892,squat_11.mp4,105
174.5056316848154,178.1865190728232,172.20139617335488,175.9284971126584,7.080413341522217,-1.3742883437285394,-0.4460489009870921,0.02087308935058895,0.02141212812334639,84.5056316848154,squat_11.mp4,108
178.26629636124235,177.53931389950284,175.1926617257517,173.9038427759076,7.530181407928467,-0.43343603963093463,-0.6012318621287364,0.004086402466823136,0.0073837402163845454,87.53931389950284,squat_11.mp4,111
176.12768153999488,178.62015723825533,174.57736228744483,177.30550144995385,6.345973968505859,-0.9670833208716527,0.3389905779690173,0.014052098002031659,0.01550595066513364,86.12768153999488,squat_11.mp4,114
175.52564760978734,176.82343376720883,175.01382635033195,177.7899001249271,6.5588836669921875,-1.1084356923966123,0.7849659969914587,0.007366479585243571,0.015737213449131888,85.52564760978734,squat_11.mp4,117
175.82758324035296,176.7806425349126,174.49124077839778,176.01635847871222,6.857837200164795,-1.040614268058734,0.8018812346452009,0.005405768923649943,0.00870233743032607,85.82758324035296,squat_11.mp4,120
175.46011226262132,178.30441724043237,173.54037980193525,176.72607029422275,6.140338897705078,-1.134241659825034,0.4223107725866657,0.016080215740150946,0.01819009780361747,85.46011226262132,squat_11.mp4,123
175.44378942714673,179.03125952662447,173.7073599927454,173.63939659976944,6.737333297729492,-1.138296534085629,0.2399770907039662,0.02024103027880871,0.0003913287899544098,85.44378942714673,squat_11.mp4,126
173.66627190620127,179.34717921805145,173.46706037115632,175.63798354295272,6.435149192810059,-1.5742977123447044,0.16256833863547981,0.03218521727009562,0.012437077089785729,83.66627190620127,squat_11.mp4,129
174.67284571986,177.1949494672636,174.1194336103284,177.03475877688214,5.676738739013672,-1.3280479287892724,0.6994267401687512,0.014335519089278109,0.01660424525610717,84.67284571985999,squat_11.mp4,132
174.43063372549236,169.5993943087333,174.0388193587813,168.93816788754967,6.634636878967285,-1.3849423196659216,-2.587259945017618,0.02808614959783925,0.029743403557092117,79.59939430873331,squat_11.mp4,135
176.0598546882522,170.25980790076702,173.4969949444787,168.9450760944236,7.030710220336914,-0.9789255795500921,-2.3980976004858126,0.033495336326705434,0.02658504450837755,80.25980790076702,squat_11.mp4,138
175.54534633645463,169.03509437206392,172.66106967581703,168.56537118062033,7.150568008422852,-1.1076602063971435,-2.7023356983237012,0.03778654383867216,0.02400575104858222,79.03509437206392,squat_11.mp4,141
176.07155149845656,165.68920238832806,174.0697439255322,168.23313506932715,6.85735559463501,-0.9803472273157045,-3.5392423227222136,0.060757995129937424,0.034102014411001864,75.68920238832806,squat_12.mp4,0
174.87998144780153,176.76523328829205,175.76510672603834,167.8164366605229,5.1447882652282715,1.279999827438392,0.808172775001237,0.010722465493553717,0.046269482272931345,84.87998144780153,squat_12.mp4,3
172.3036152531354,176.17776489998934,176.35981338376882,168.71074220369422,4.22669792175293,1.9188732397892339,0.9556003277114367,0.022234471438052805,0.04433337505167597,82.3036152531354,squat_12.mp4,6
172.6738601088539,174.77415233793565,175.18041146951504,167.73308946353657,4.67919921875,1.8327615332165792,1.3065904528356105,0.012089821520584533,0.04343557186121076,82.67386010885389,squat_12.mp4,9
171.32304912823656,169.65464495342673,174.77152835951554,166.61229515126115,3.7591326236724854,2.172029480125495,2.5908380012125107,0.009786001863278822,0.047800936343996535,79.65464495342673,squat_12.mp4,12
172.52217808720093,162.66627811699945,173.71265903028788,161.70444553374338,4.427595615386963,1.8694725540732204,4.355226127064956,0.05880811100604943,0.07160167643896721,72.66627811699945,squat_12.mp4,15
167.05581808445402,155.45273307871736,169.81605188150544,156.7469324708091,6.41945219039917,3.245993514472382,6.205141933614357,0.07195520840541152,0.08004042121685563,65.45273307871736,squat_12.mp4,18
164.21312338004762,154.38067352630017,167.01371538578374,153.1881858929075,6.807575702667236,3.9565770858997684,6.451188800696278,0.06172405080842013,0.08635507433069878,64.38067352630017,squat_12.mp4,21
156.2488350061237,138.37607627469032,156.98503466364204,138.71283593935,8.41467571258545,5.834601389897733,10.52594928467886,0.1213255094671776,0.12358694830660148,48.37607627469032,squat_12.mp4,24
115.97039913844371,113.7709844698382,129.0192011757443,122.5652829402725,8.130782127380371,15.993660349319969,17.260490436909098,0.019146874055181992,0.05130617063408114,23.770984469838197,squat_12.mp4,27
121.71613582117173,96.4341665853795,133.45953661171114,106.16295197135739,8.568015098571777,13.97787241976567,22.08323099350125,0.2317848653601774,0.22782990696543917,6.434166585379501,squat_12.mp4,30
149.06377438749152,109.09704420075997,152.80147479782872,113.32072081250243,10.275627136230469,6.531240141390495,17.55980133332741,0.3096266149548875,0.29671147041891915,19.097044200759967,squat_12.mp4,33
71.46180063468519,65.71332119982513,85.74537397619031,78.15966688075865,8.92507553100586,26.71501439806391,32.7186398815041,0.08381227379983802,0.09256221841343146,24.28667880017487,squat_12.mp4,36
115.8584044946809,99.37487697561025,123.49214939153038,107.98827139593523,7.009535789489746,14.067997703567583,20.362947211374635,0.1531689467954879,0.13395411968626128,9.374876975610249,squat_12.mp4,42
87.70028838700162,89.41522624346857,102.32997220650871,100.3263492253968,2.100149631500244,22.547701590194055,23.606210157502918,0.019365190678467144,0.019773604563183132,2.2997116129983795,squat_12.mp4,45
104.66037069321762,107.49429350338166,106.0550926977751,99.35803890235351,8.351247787475586,19.135694794112496,14.96384698018289,0.026715630513198647,0.06520570270510775,14.660370693217615,squat_12.mp4,54
78.75397196680922,86.91789761841584,84.41855457244465,93.37473165819571,8.487748146057129,26.08704565688426,25.037860562635668,0.09855536334618262,0.10074820344040172,11.246028033190782,squat_12.mp4,57
53.809927147315456,48.91034780369316,54.437875029632266,53.41391538603001,7.700506687164307,33.13979739420548,38.297264391808426,0.09539653872537036,0.01898827343813022,41.08965219630684,squat_12.mp4,60
83.11937526657793,77.48356898198519,88.08224455327382,92.27217812676275,4.6094207763671875,24.344554752881002,27.862804196266907,0.07018310045263282,0.046463330493671476,12.516431018014814,squat_12.mp4,63
98.68232731004572,95.02294118168538,106.6330894350218,104.22680252252681,7.6675333976745605,19.059693322025247,21.86732330169683,0.03778303147719032,0.022823562035964976,5.022941181685383,squat_12.mp4,72
95.07686395111737,124.17344071989697,116.37269677576226,137.8892939531659,10.420961380004883,23.95192026045532,13.909250963130557,0.2654188035217473,0.1692474531149466,5.0768639511173745,squat_12.mp4,75
154.8168337008614,103.82128929268266,147.1820026325222,106.90639977339333,10.797761917114258,4.20012385127291,18.449642266967114,0.3943389614643286,0.3170203950890062,13.821289292682664,squat_12.mp4,78
135.8648939652544,118.23789016180945,138.14363027803407,122.25052497174525,9.572571754455566,9.584132264986666,15.761126517901177,0.13873916308316075,0.12206960091745213,28.237890161809446,squat_12.mp4,81
154.21881869935947,140.91663129398333,156.13733518921913,139.7110825251325,9.680622100830078,6.269759676442411,9.87187127737736,0.09014293203799269,0.11104506010876525,50.91663129398333,squat_12.mp4,84
163.9974094294179,149.94258565290983,169.38916957717026,152.46837412669083,5.99223518371582,4.004241555202809,7.630511267997919,0.08953828117900256,0.10514462551201309,59.94258565290983,squat_12.mp4,87
172.9948968060985,169.326904187789,174.6546686856705,164.89326486259787,5.543620586395264,1.7493745436531773,2.672496349613098,0.021430084836314468,0.05749647021005935,79.32690418778901,squat_12.mp4,93
173.44910513263125,174.43619631555282,176.56948981678025,167.59860412944224,5.050546646118164,1.6348234300529931,1.3917334599050992,0.00567480821300866,0.05213083865199745,83.44910513263125,squat_12.mp4,96
176.07155149845656,165.68920238832806,174.0697439255322,168.23313506932715,6.85735559463501,-0.9803472273157045,-3.5392423227222136,0.060757995129937424,0.034102014411001864,75.68920238832806,squat_12.mp4,0
174.87998144780153,176.76523328829205,175.76510672603834,167.8164366605229,5.1447882652282715,1.279999827438392,0.808172775001237,0.010722465493553717,0.046269482272931345,84.87998144780153,squat_12.mp4,3
172.3036152531354,176.17776489998934,176.35981338376882,168.71074220369422,4.22669792175293,1.9188732397892339,0.9556003277114367,0.022234471438052805,0.04433337505167597,82.3036152531354,squat_12.mp4,6
172.6738601088539,174.77415233793565,175.18041146951504,167.73308946353657,4.67919921875,1.8327615332165792,1.3065904528356105,0.012089821520584533,0.04343557186121076,82.67386010885389,squat_12.mp4,9
171.32304912823656,169.65464495342673,174.77152835951554,166.61229515126115,3.7591326236724854,2.172029480125495,2.5908380012125107,0.009786001863278822,0.047800936343996535,79.65464495342673,squat_12.mp4,12
172.52217808720093,162.66627811699945,173.71265903028788,161.70444553374338,4.427595615386963,1.8694725540732204,4.355226127064956,0.05880811100604943,0.07160167643896721,72.66627811699945,squat_12.mp4,15
167.05581808445402,155.45273307871736,169.81605188150544,156.7469324708091,6.41945219039917,3.245993514472382,6.205141933614357,0.07195520840541152,0.08004042121685563,65.45273307871736,squat_12.mp4,18
164.21312338004762,154.38067352630017,167.01371538578374,153.1881858929075,6.807575702667236,3.9565770858997684,6.451188800696278,0.06172405080842013,0.08635507433069878,64.38067352630017,squat_12.mp4,21
156.2488350061237,138.37607627469032,156.98503466364204,138.71283593935,8.41467571258545,5.834601389897733,10.52594928467886,0.1213255094671776,0.12358694830660148,48.37607627469032,squat_12.mp4,24
115.97039913844371,113.7709844698382,129.0192011757443,122.5652829402725,8.130782127380371,15.993660349319969,17.260490436909098,0.019146874055181992,0.05130617063408114,23.770984469838197,squat_12.mp4,27
121.71613582117173,96.4341665853795,133.45953661171114,106.16295197135739,8.568015098571777,13.97787241976567,22.08323099350125,0.2317848653601774,0.22782990696543917,6.434166585379501,squat_12.mp4,30
149.06377438749152,109.09704420075997,152.80147479782872,113.32072081250243,10.275627136230469,6.531240141390495,17.55980133332741,0.3096266149548875,0.29671147041891915,19.097044200759967,squat_12.mp4,33
71.46180063468519,65.71332119982513,85.74537397619031,78.15966688075865,8.92507553100586,26.71501439806391,32.7186398815041,0.08381227379983802,0.09256221841343146,24.28667880017487,squat_12.mp4,36
115.8584044946809,99.37487697561025,123.49214939153038,107.98827139593523,7.009535789489746,14.067997703567583,20.362947211374635,0.1531689467954879,0.13395411968626128,9.374876975610249,squat_12.mp4,42
87.70028838700162,89.41522624346857,102.32997220650871,100.3263492253968,2.100149631500244,22.547701590194055,23.606210157502918,0.019365190678467144,0.019773604563183132,2.2997116129983795,squat_12.mp4,45
104.66037069321762,107.49429350338166,106.0550926977751,99.35803890235351,8.351247787475586,19.135694794112496,14.96384698018289,0.026715630513198647,0.06520570270510775,14.660370693217615,squat_12.mp4,54
78.75397196680922,86.91789761841584,84.41855457244465,93.37473165819571,8.487748146057129,26.08704565688426,25.037860562635668,0.09855536334618262,0.10074820344040172,11.246028033190782,squat_12.mp4,57
53.809927147315456,48.91034780369316,54.437875029632266,53.41391538603001,7.700506687164307,33.13979739420548,38.297264391808426,0.09539653872537036,0.01898827343813022,41.08965219630684,squat_12.mp4,60
83.11937526657793,77.48356898198519,88.08224455327382,92.27217812676275,4.6094207763671875,24.344554752881002,27.862804196266907,0.07018310045263282,0.046463330493671476,12.516431018014814,squat_12.mp4,63
98.68232731004572,95.02294118168538,106.6330894350218,104.22680252252681,7.6675333976745605,19.059693322025247,21.86732330169683,0.03778303147719032,0.022823562035964976,5.022941181685383,squat_12.mp4,72
95.07686395111737,124.17344071989697,116.37269677576226,137.8892939531659,10.420961380004883,23.95192026045532,13.909250963130557,0.2654188035217473,0.1692474531149466,5.0768639511173745,squat_12.mp4,75
154.8168337008614,103.82128929268266,147.1820026325222,106.90639977339333,10.797761917114258,4.20012385127291,18.449642266967114,0.3943389614643286,0.3170203950890062,13.821289292682664,squat_12.mp4,78
135.8648939652544,118.23789016180945,138.14363027803407,122.25052497174525,9.572571754455566,9.584132264986666,15.761126517901177,0.13873916308316075,0.12206960091745213,28.237890161809446,squat_12.mp4,81
154.21881869935947,140.91663129398333,156.13733518921913,139.7110825251325,9.680622100830078,6.269759676442411,9.87187127737736,0.09014293203799269,0.11104506010876525,50.91663129398333,squat_12.mp4,84
163.9974094294179,149.94258565290983,169.38916957717026,152.46837412669083,5.99223518371582,4.004241555202809,7.630511267997919,0.08953828117900256,0.10514462551201309,59.94258565290983,squat_12.mp4,87
172.9948968060985,169.326904187789,174.6546686856705,164.89326486259787,5.543620586395264,1.7493745436531773,2.672496349613098,0.021430084836314468,0.05749647021005935,79.32690418778901,squat_12.mp4,93
173.44910513263125,174.43619631555282,176.56948981678025,167.59860412944224,5.050546646118164,1.6348234300529931,1.3917334599050992,0.00567480821300866,0.05213083865199745,83.44910513263125,squat_12.mp4,96
175.8397578297599,178.31297971159148,176.3471411937305,174.2859116824592,6.207217693328857,-1.0359541589116406,0.4216591800091128,0.013966978761771194,0.011757188858057472,85.83975782975989,squat_13.mp4,0
175.5177311316388,179.3954208924214,177.3978156546943,171.31074324020918,6.6459455490112305,-1.1178420376133529,0.1510755836659782,0.02185148529249052,0.03491209067982587,85.51773113163881,squat_13.mp4,3
177.54472878646015,177.73721662775574,174.46522578195248,169.8776779154085,7.57871150970459,-0.6125050054023281,-0.5653108310629592,0.0010835779514276759,0.026645229608541196,87.54472878646015,squat_13.mp4,6
173.51816717664224,178.0895067500801,172.41048511464146,167.7653427083399,8.37911605834961,-1.619837158107596,-0.4774971193996806,0.026002501722363177,0.027310243858471833,83.51816717664224,squat_13.mp4,9
169.98450679890934,172.676833450833,167.805454040584,163.0024595051135,9.783148765563965,-2.5072948612432033,-1.8304266553894655,0.01571421304756118,0.029037966377470123,79.98450679890934,squat_13.mp4,12
166.2012087105892,165.9873151141991,162.46978986878344,156.62912842061675,11.417000770568848,-3.4482300322306823,-3.4969915260554,0.0012877843817562166,0.03660721558992949,75.9873151141991,squat_13.mp4,15
162.723349191704,156.8980681843001,158.55315238660384,148.47731921977248,13.21025276184082,-4.295040234989965,-5.757968888915995,0.03645113056082231,0.06563409236949566,66.89806818430009,squat_13.mp4,18
161.85351850125895,150.90940874723861,155.41562804782833,142.29959167806342,15.083818435668945,-4.458531190971269,-7.278810032348772,0.0699834206713699,0.08811129227347482,60.909408747238615,squat_13.mp4,21
156.0540417098459,142.1785068073509,153.3573066190803,137.30715687568878,13.649539947509766,-5.892300563581377,-9.503268007306344,0.09305178104458234,0.11043764724737584,52.178506807350914,squat_13.mp4,24
148.44770315724878,129.0955456131626,147.60818462241713,127.008310595204,13.998950004577637,-7.531132301268227,-12.73924690810112,0.13945327533507837,0.15002648701702107,39.095545613162614,squat_13.mp4,27
141.38502692061476,122.32978262459491,144.3429217104742,125.6395207899096,12.104063034057617,-8.717308048535601,-14.556631380128305,0.14451402504760077,0.13855272029800986,32.32978262459491,squat_13.mp4,30
148.15301101400482,116.49749828021365,150.34893038007638,120.37724456766864,12.52446460723877,-7.329472547034939,-16.008490049501276,0.23922502789215463,0.22141697837819202,26.497498280213648,squat_13.mp4,33
138.8215187180681,98.1742854665199,137.5660184481097,105.44539450115717,12.321723937988281,-7.000793524765629,-20.902821561125023,0.3430206993866392,0.2643548593634021,8.174285466519905,squat_13.mp4,36
93.23305487670162,82.07697255432085,94.20928312674437,89.9347836655257,12.245756149291992,-9.510275394560335,-23.033761723270505,0.12727260939788793,0.04642560073402377,7.923027445679153,squat_13.mp4,39
77.63052921661306,74.79057918359551,78.80757512550737,80.26653597415198,13.755097389221191,-13.77644647133719,-25.777281381315003,0.037264524091515636,0.018343158903218068,15.209420816404489,squat_13.mp4,42
115.02154486263922,79.135623435169,117.29375257284559,85.23841858913903,13.763826370239258,-10.231740856006942,-25.404605949698396,0.36965847557507187,0.31654560161771833,10.864376564831005,squat_13.mp4,45
114.09855091750778,80.22061412083612,116.08127617609557,85.34841619219281,13.946976661682129,-10.785540326285556,-24.56796032009894,0.3486834331547969,0.30514726625021754,9.779385879163883,squat_13.mp4,48
134.98348391772896,93.89589290541977,130.51213084096588,103.31727865534366,13.61688232421875,-5.596663029998954,-22.00901343047399,0.3590327060708216,0.23260420700888296,3.895892905419771,squat_13.mp4,51
122.24259453417679,102.00217481025064,127.26659682543323,106.66776719542375,12.981263160705566,-10.780627670504844,-18.698313515234226,0.18052077453666712,0.17610777036735772,12.002174810250636,squat_13.mp4,54
155.66870211045784,115.45461892168349,154.74003971179377,118.49985976489621,13.249053001403809,-5.358271687576011,-15.893984104361607,0.29664790941393804,0.26526272346245827,25.45461892168349,squat_13.mp4,57
148.78126948202265,124.66071549475704,151.57545251625,125.76133781097201,13.612223625183105,-7.37936712866494,-13.749161881080733,0.17642172974507841,0.18615716057592385,34.66071549475704,squat_13.mp4,60
135.60533782173505,125.68664094487488,136.76514868950875,123.48729692053578,15.303611755371094,-9.906599653100733,-13.339840804418229,0.07592040845402072,0.10203824780857698,35.68664094487488,squat_13.mp4,63
159.94748402210547,146.73329567596465,161.47819828788857,143.18584554092823,12.419637680053711,-5.00297790656306,-8.354163774640048,0.08617552335135119,0.1200821240148599,56.733295675964655,squat_13.mp4,66
143.43630041280744,132.23762210158512,139.99263635698205,123.89362617662518,18.054399490356445,-8.734116330227458,-11.837155916624903,0.08124582992167245,0.12201476519306556,42.23762210158512,squat_13.mp4,69
147.8405550509,140.37049868171923,144.53876277810394,130.99572379895903,17.256532669067383,-7.909802562230634,-9.83766269751055,0.05183740368341975,0.0983037669613609,50.370498681719226,squat_13.mp4,72
157.10154885695843,147.16696464324292,151.6196433789323,136.56190938840484,17.278438568115234,-5.7389211133230456,-8.2021003684626,0.06530142800141517,0.10450172015475456,57.16696464324292,squat_13.mp4,75
159.60893326084636,154.77431434778904,154.14526505106855,145.11893089721246,15.646463394165039,-5.101628478091727,-6.315734103258405,0.03075621204267066,0.060323515315651194,64.77431434778904,squat_13.mp4,78
162.30983743252338,160.15407911082826,156.98695641595404,151.17390633277287,14.422054290771484,-4.425306301186286,-4.952881183268279,0.013370539840883561,0.037727374146931204,70.15407911082826,squat_13.mp4,81
166.11026648165407,166.37194495381186,160.98412113447657,153.8069355625846,13.767534255981445,-3.471286393663969,-3.4042416556206008,0.0015740900605059188,0.04559967902009942,76.11026648165407,squat_13.mp4,84
170.15655311029266,176.15396538616167,166.69616822081653,164.91617422510967,10.930353164672852,-2.4609727024535126,-0.9601711455702872,0.03463603878916207,0.010735390501920851,80.15655311029266,squat_13.mp4,87
175.97951255272986,179.9137707668765,172.28001244011102,170.79213550336434,8.327960014343262,-1.0036913589184235,-0.021935030509906566,0.022109201822803258,0.008673842780101347,85.97951255272986,squat_13.mp4,90
178.2902798695221,179.6483408635862,176.21508911311716,170.76221935051097,7.417779922485352,-0.42658253384804506,-0.08780821490585025,0.00758823393397795,0.03143069952759047,88.2902798695221,squat_13.mp4,93
178.3718934195343,179.5042544107926,176.71044028057958,172.25027383111484,6.912321090698242,-0.4061400680102136,0.12395384081003884,0.0063282283444895835,0.02556257062241762,88.3718934195343,squat_13.mp4,96
178.4662166681838,179.63684388645962,174.9045699082147,172.82744618425463,7.040957450866699,-0.3822942350541198,-0.09083179484941913,0.006537934730089791,0.01194669244035173,88.46621666818379,squat_13.mp4,99
177.10274328045176,177.11459140736306,176.70740641461435,173.03347765017656,6.792510032653809,-0.72268562750864,0.7213550498128671,6.689749908341176e-05,0.021009432593286286,87.10274328045176,squat_13.mp4,102
178.97721834931903,179.51826709928275,176.69553575108918,171.07999958414004,7.1983537673950195,-0.255199666988088,0.12045722715950646,0.0030184410790372006,0.032294026441717305,88.97721834931903,squat_13.mp4,105
178.80008491633308,179.27126348158401,176.06831273461114,171.1022724348762,7.484344005584717,-0.2994759477702049,0.18187905221198047,0.0026317579854355003,0.028608646653117457,88.80008491633308,squat_13.mp4,108
177.59368539108794,178.5445128577593,174.32411234454014,171.61067604473246,7.6514787673950195,-0.6006192889159809,0.36351377928664147,0.005339654501239223,0.01568755956833294,87.59368539108794,squat_13.mp4,111
175.77413438864534,179.81442511154538,172.96812153956628,169.53179377832495,8.185895919799805,-1.0556987042422432,0.046336390236136324,0.02272452594413613,0.020066152472194936,85.77413438864534,squat_13.mp4,114
175.63825295829034,177.7005793430516,171.21125762196425,167.657068241199,9.245308876037598,-1.0897708198305358,-0.5745865917730602,0.011673363900192132,0.02097681671317048,85.63825295829034,squat_13.mp4,117
170.45523328257636,170.60620687836396,166.46690218832998,160.33239712325204,10.897467613220215,-2.3885125789126818,-2.3453198424247597,0.0008853161220240146,0.03754295115075563,80.45523328257636,squat_13.mp4,120
166.88900243667305,161.99525286708536,161.5762361557244,152.34395778383328,12.735448837280273,-3.283621942075973,-4.499789782450222,0.02975970719588152,0.05881927031217814,71.99525286708536,squat_13.mp4,123
163.23942655388265,155.50075935589976,157.14530630166388,146.7304754837928,13.822728157043457,-4.166263196340243,-6.124396229211308,0.04855783826500796,0.06854663281606432,65.50075935589976,squat_13.mp4,126
159.5927277541965,150.19258997823547,153.80235562512382,142.04170192292307,14.565439224243164,-5.076201159363223,-7.440375579810388,0.060688078084321015,0.079505762594476,60.192589978235475,squat_13.mp4,129
156.59519712096267,140.9865782873421,152.61277051130887,137.93553739616124,13.677969932556152,-5.65147207539668,-9.751515110167587,0.10490305605714166,0.10103127580300235,50.9865782873421,squat_13.mp4,132
148.19750311974371,131.18387842263817,145.87794861132303,126.84864761345935,14.950525283813477,-7.634106249965448,-12.190242585755467,0.1217949786287,0.13954855346912817,41.18387842263817,squat_13.mp4,135
146.02096904879335,121.74643112931506,145.17304774859028,123.92038092446367,13.188450813293457,-7.639079510843894,-14.665655619243438,0.18131062932479322,0.15795753117366831,31.746431129315056,squat_13.mp4,138
139.7480655221653,114.87479616311282,141.75798950324128,121.07907849317098,12.199627876281738,-8.46869596838263,-16.274668195457476,0.19537341772394828,0.1573515575082626,24.87479616311282,squat_13.mp4,141
136.9708943029787,106.11874792089407,137.76220976921317,110.03143293808623,12.859415054321289,-8.097224009821552,-18.535147180457304,0.25383349203888694,0.22382153575976357,16.118747920894066,squat_13.mp4,144
149.64954445014504,90.1609619838306,144.57127537893373,95.17162608794139,14.043689727783203,-3.872980484513233,-22.587869846711524,0.4961299098268888,0.4121052092782635,0.16096198383060312,squat_13.mp4,147
97.53394277607741,84.42628323743136,98.46487946777695,91.76557157435394,12.869142532348633,-10.000910794052487,-22.902280768205866,0.14407169990735152,0.07043360152617519,5.573716762568637,squat_13.mp4,150
106.7587003166332,72.90274246991534,106.44960650746356,76.5297592543703,15.744890213012695,-12.347017423374849,-26.975489726213826,0.37688618461047657,0.3270297405231687,17.09725753008466,squat_13.mp4,153
110.37482639155037,77.28598266838812,108.66633086680754,85.02074024873099,14.099138259887695,-7.408117234966731,-26.034010551301975,0.3526452207993385,0.24416281873529339,12.714017331611885,squat_13.mp4,156
146.7296910970873,90.58557805325411,143.7130802166394,98.50850862865425,13.6483736038208,-5.100691924440097,-22.751106183303172,0.47316056185382144,0.37324973222644664,0.5855780532541104,squat_13.mp4,159
155.73762416499986,106.8686807811616,154.35906469731324,110.3201015362827,13.647504806518555,-4.142776694621788,-18.11195812134812,0.3721840828906007,0.3327724186811394,16.8686807811616,squat_13.mp4,162
154.8361427200242,112.0329850739726,155.4069200472634,116.28684844487009,13.34251594543457,-5.2779664431645426,-17.244226566521156,0.32078013669001443,0.287971798687212,22.032985073972597,squat_13.mp4,165
138.0658335237638,120.3458029403665,141.3321196946035,121.40895423834088,13.998039245605469,-9.160001267017144,-14.298612773934714,0.1371457634482881,0.15165626872140536,30.345802940366497,squat_13.mp4,168
132.49962554437104,121.08860504594065,132.25326580036153,115.70031217444021,16.830364227294922,-10.091594671679246,-14.02011805004341,0.08999645190052717,0.13351655387367317,31.088605045940653,squat_13.mp4,171
157.48786212737528,131.94180339460556,155.29623321760067,129.41558523741767,15.026803016662598,-5.40525690620496,-11.832265671679345,0.17652688563695015,0.1818024142490726,41.94180339460556,squat_13.mp4,174
145.62590201065572,135.5383496726575,143.60067278577569,129.9125634037567,16.476322174072266,-8.204834900440398,-10.838106312266639,0.07175558256502862,0.10009101989151073,45.53834967265749,squat_13.mp4,177
144.84233247498446,133.85408072135482,140.13804217837435,125.4334178523065,18.4468936920166,-8.493340289077954,-11.469677139763826,0.07885463345298606,0.11073949229611535,43.85408072135482,squat_13.mp4,180
149.32094153257768,140.5990365280729,143.315339364428,129.15505912306318,18.83085823059082,-7.552750268436648,-9.634860413587148,0.06016767152679747,0.10393995325708684,50.5990365280729,squat_13.mp4,183
152.65529645851134,148.27058585618195,146.61865999607656,134.7501485931494,18.85746955871582,-6.817249055520149,-7.852293902077605,0.02914146545722564,0.08436266594321878,58.27058585618195,squat_13.mp4,186
160.4589047235182,151.5343408775258,151.78847969901094,140.47718567706187,17.55274772644043,-4.856187853506209,-7.10296361305399,0.05720998112506915,0.07740419325269879,61.53434087752581,squat_13.mp4,189
164.14231751050096,161.3432899399443,153.57848939991493,147.3259956299908,17.1982364654541,-3.964767122838787,-4.654020535801824,0.017199086573945106,0.04155799651376219,71.3432899399443,squat_13.mp4,192
164.11491971058263,160.8762600512406,158.2994287853222,152.22053847861523,13.91928482055664,-3.9783276564354746,-4.776397746653208,0.01993075419287105,0.039152975316012445,70.87626005124059,squat_13.mp4,195
168.93501787799224,172.9608443817052,165.4955257462029,162.3582165991863,10.933363914489746,-2.7689278011509333,-1.7562868776410363,0.023550015944065503,0.019138467809292136,78.93501787799224,squat_13.mp4,198
174.9576787881441,178.4444261129385,173.5474869052442,171.06784998150047,7.172981262207031,-1.2591412442407546,-0.38879373268866335,0.019732464953882048,0.014390751996964319,84.95767878814411,squat_13.mp4,201
176.42625677514079,178.47235321307303,177.54760032868194,174.7037969422856,5.0731072425842285,-0.8908949748179644,0.3807967687776718,0.011530597079544493,0.016146442049220604,86.42625677514079,squat_13.mp4,204
178.39075368030515,177.9445245458301,178.32158585115207,175.4798293052344,4.9667205810546875,-0.4012775819722903,0.5135447187320381,0.0025045464860870606,0.01606413329161815,87.94452454583009,squat_13.mp4,207
176.1781235315686,177.94795515427086,177.017709210251,174.1733116923327,5.408682346343994,-0.9538195297478023,0.512543109461526,0.009995488777726332,0.016198577689190478,86.17812353156859,squat_13.mp4,210
176.2814776147725,177.19739298376092,177.84132974185286,175.13622707965447,4.908447742462158,-0.9271998373736177,0.7006006832880367,0.005182292041600791,0.015327335179932098,86.28147761477251,squat_13.mp4,213
177.80687963689664,179.8991294445406,174.4540481129509,173.13432890013763,6.199438571929932,-0.5477462596305769,0.023916051602408332,0.011698152977729932,0.007593575045022636,87.80687963689664,squat_13.mp4,216
176.64234498589457,179.52152761532744,175.42902433393965,171.4417256253231,6.554004669189453,-0.838083899224581,0.11945883530797079,0.016167741036758915,0.02299011207537578,86.64234498589457,squat_13.mp4,219
177.47904200315492,179.5878801972948,174.8152578687224,173.3171598165857,6.150219917297363,-0.6291142688226898,0.1027498170413247,0.011812005330227825,0.008606484061997885,87.47904200315492,squat_13.mp4,222
177.06368336533865,178.97054384618022,173.5236148187983,171.3603439531566,7.615546226501465,-0.7329620728857794,0.2571304357890408,0.010711669469400269,0.012544920171669246,87.06368336533865,squat_13.mp4,225
175.32818780561615,178.7368444542169,172.36979085040738,168.65599092575258,8.553705215454102,-1.1670269650191492,0.3153508332363296,0.019254409998326453,0.02178017101998725,85.32818780561615,squat_13.mp4,228
174.87661499684245,177.89252792674282,168.91444891131977,164.85991225638082,10.101723670959473,-1.2803911474942093,-0.5258250529766989,0.017098507567333665,0.02429507551601181,84.87661499684245,squat_13.mp4,231
169.09506298651021,167.64507590904125,164.07490480713724,157.55640045626396,11.243099212646484,-2.7314704209397696,-3.0870588095372016,0.008611905205151154,0.040534016709193973,77.64507590904125,squat_13.mp4,234
165.8942915357255,159.96598791127445,159.29043181510212,150.00794951423995,13.038703918457031,-3.509181636328185,-5.002073586919716,0.03638555539516295,0.06002283142230964,69.96598791127445,squat_13.mp4,237
163.54732404786304,153.72282049263484,156.9324637033996,144.13121980996556,14.244246482849121,-4.105461823683617,-6.559237754842615,0.06193147211791406,0.08504010675778342,63.72282049263484,squat_13.mp4,240
154.2742619627168,144.45037183150507,150.72014904226177,138.63022204717308,13.996359825134277,-6.365294734562925,-8.890681871674575,0.06577221306749659,0.08356600304031982,54.450371831505066,squat_13.mp4,243
150.62444629146884,134.99172638677388,149.2483636201447,129.5200799081888,14.578192710876465,-7.184539312103728,-11.141793595800944,0.10946662969471135,0.14153885900611812,44.99172638677388,squat_13.mp4,246
144.08599206705898,129.19616554184614,142.4965480550504,126.38759963668163,14.344545364379883,-8.416229114254742,-12.642316982936924,0.10897035251398823,0.11982073734474831,39.19616554184614,squat_13.mp4,249
156.35271476603364,129.68358938785698,159.39172188946588,135.01271696002826,9.488959312438965,-5.569449599709668,-12.411425348244244,0.18647370974160246,0.16561574291956038,39.68358938785698,squat_13.mp4,252
148.85406801383724,120.76836641323936,153.7915276512599,124.05588859277508,11.341878890991211,-7.042044730680482,-14.761761923107212,0.20833356586426097,0.21404294098144752,30.768366413239363,squat_13.mp4,255
156.92350522816585,110.67280488590262,153.42358676504867,114.84964558107418,12.880281448364258,-4.239578022690652,-17.02957195084032,0.3456751725952268,0.28757204620554055,20.67280488590262,squat_13.mp4,258
150.65295444869946,93.07190750003302,149.95797143946695,98.91129647903016,11.456149101257324,-3.6180734056167334,-20.419251400579068,0.47250860243202114,0.4102288353028323,3.0719075000330207,squat_13.mp4,261
165.4648502761441,91.4340031012161,165.4538867817066,98.719436767432,11.38056755065918,-2.4762075266148464,-21.714483229175084,0.5763423713393041,0.505232315797105,1.4340031012161063,squat_13.mp4,264
104.65982354058977,72.62176163902191,101.58482727573885,73.60916521642972,16.63755226135254,-11.052633577040647,-27.710074786947757,0.36143699718285693,0.31936782376324563,17.378238360978088,squat_13.mp4,267
140.97189494552848,87.20345918240864,139.44675483555145,90.67795569086398,14.126358985900879,-5.647724405588092,-21.97712905144149,0.47129047717372724,0.42384669628157484,2.7965408175913637,squat_13.mp4,270
146.44364580218948,97.30894368504835,145.60509374227013,101.5018962293464,15.012975692749023,-6.63327423926137,-21.259897311193523,0.40315224728895593,0.35695629264060524,7.308943685048348,squat_13.mp4,273
150.06689243838954,108.40650882276083,150.58024684632392,110.90645789767686,13.573768615722656,-5.3993433946460865,-17.36156091975299,0.322357220606517,0.30344784823754817,18.406508822760827,squat_13.mp4,276
175.8397578297599,178.31297971159148,176.3471411937305,174.2859116824592,6.207217693328857,-1.0359541589116406,0.4216591800091128,0.013966978761771194,0.011757188858057472,85.83975782975989,squat_13.mp4,0
175.5177311316388,179.3954208924214,177.3978156546943,171.31074324020918,6.6459455490112305,-1.1178420376133529,0.1510755836659782,0.02185148529249052,0.03491209067982587,85.51773113163881,squat_13.mp4,3
177.54472878646015,177.73721662775574,174.46522578195248,169.8776779154085,7.57871150970459,-0.6125050054023281,-0.5653108310629592,0.0010835779514276759,0.026645229608541196,87.54472878646015,squat_13.mp4,6
173.51816717664224,178.0895067500801,172.41048511464146,167.7653427083399,8.37911605834961,-1.619837158107596,-0.4774971193996806,0.026002501722363177,0.027310243858471833,83.51816717664224,squat_13.mp4,9
169.98450679890934,172.676833450833,167.805454040584,163.0024595051135,9.783148765563965,-2.5072948612432033,-1.8304266553894655,0.01571421304756118,0.029037966377470123,79.98450679890934,squat_13.mp4,12
166.2012087105892,165.9873151141991,162.46978986878344,156.62912842061675,11.417000770568848,-3.4482300322306823,-3.4969915260554,0.0012877843817562166,0.03660721558992949,75.9873151141991,squat_13.mp4,15
162.723349191704,156.8980681843001,158.55315238660384,148.47731921977248,13.21025276184082,-4.295040234989965,-5.757968888915995,0.03645113056082231,0.06563409236949566,66.89806818430009,squat_13.mp4,18
161.85351850125895,150.90940874723861,155.41562804782833,142.29959167806342,15.083818435668945,-4.458531190971269,-7.278810032348772,0.0699834206713699,0.08811129227347482,60.909408747238615,squat_13.mp4,21
156.0540417098459,142.1785068073509,153.3573066190803,137.30715687568878,13.649539947509766,-5.892300563581377,-9.503268007306344,0.09305178104458234,0.11043764724737584,52.178506807350914,squat_13.mp4,24
148.44770315724878,129.0955456131626,147.60818462241713,127.008310595204,13.998950004577637,-7.531132301268227,-12.73924690810112,0.13945327533507837,0.15002648701702107,39.095545613162614,squat_13.mp4,27
141.38502692061476,122.32978262459491,144.3429217104742,125.6395207899096,12.104063034057617,-8.717308048535601,-14.556631380128305,0.14451402504760077,0.13855272029800986,32.32978262459491,squat_13.mp4,30
148.15301101400482,116.49749828021365,150.34893038007638,120.37724456766864,12.52446460723877,-7.329472547034939,-16.008490049501276,0.23922502789215463,0.22141697837819202,26.497498280213648,squat_13.mp4,33
138.8215187180681,98.1742854665199,137.5660184481097,105.44539450115717,12.321723937988281,-7.000793524765629,-20.902821561125023,0.3430206993866392,0.2643548593634021,8.174285466519905,squat_13.mp4,36
93.23305487670162,82.07697255432085,94.20928312674437,89.9347836655257,12.245756149291992,-9.510275394560335,-23.033761723270505,0.12727260939788793,0.04642560073402377,7.923027445679153,squat_13.mp4,39
77.63052921661306,74.79057918359551,78.80757512550737,80.26653597415198,13.755097389221191,-13.77644647133719,-25.777281381315003,0.037264524091515636,0.018343158903218068,15.209420816404489,squat_13.mp4,42
115.02154486263922,79.135623435169,117.29375257284559,85.23841858913903,13.763826370239258,-10.231740856006942,-25.404605949698396,0.36965847557507187,0.31654560161771833,10.864376564831005,squat_13.mp4,45
114.09855091750778,80.22061412083612,116.08127617609557,85.34841619219281,13.946976661682129,-10.785540326285556,-24.56796032009894,0.3486834331547969,0.30514726625021754,9.779385879163883,squat_13.mp4,48
134.98348391772896,93.89589290541977,130.51213084096588,103.31727865534366,13.61688232421875,-5.596663029998954,-22.00901343047399,0.3590327060708216,0.23260420700888296,3.895892905419771,squat_13.mp4,51
122.24259453417679,102.00217481025064,127.26659682543323,106.66776719542375,12.981263160705566,-10.780627670504844,-18.698313515234226,0.18052077453666712,0.17610777036735772,12.002174810250636,squat_13.mp4,54
155.66870211045784,115.45461892168349,154.74003971179377,118.49985976489621,13.249053001403809,-5.358271687576011,-15.893984104361607,0.29664790941393804,0.26526272346245827,25.45461892168349,squat_13.mp4,57
148.78126948202265,124.66071549475704,151.57545251625,125.76133781097201,13.612223625183105,-7.37936712866494,-13.749161881080733,0.17642172974507841,0.18615716057592385,34.66071549475704,squat_13.mp4,60
135.60533782173505,125.68664094487488,136.76514868950875,123.48729692053578,15.303611755371094,-9.906599653100733,-13.339840804418229,0.07592040845402072,0.10203824780857698,35.68664094487488,squat_13.mp4,63
159.94748402210547,146.73329567596465,161.47819828788857,143.18584554092823,12.419637680053711,-5.00297790656306,-8.354163774640048,0.08617552335135119,0.1200821240148599,56.733295675964655,squat_13.mp4,66
143.43630041280744,132.23762210158512,139.99263635698205,123.89362617662518,18.054399490356445,-8.734116330227458,-11.837155916624903,0.08124582992167245,0.12201476519306556,42.23762210158512,squat_13.mp4,69
147.8405550509,140.37049868171923,144.53876277810394,130.99572379895903,17.256532669067383,-7.909802562230634,-9.83766269751055,0.05183740368341975,0.0983037669613609,50.370498681719226,squat_13.mp4,72
157.10154885695843,147.16696464324292,151.6196433789323,136.56190938840484,17.278438568115234,-5.7389211133230456,-8.2021003684626,0.06530142800141517,0.10450172015475456,57.16696464324292,squat_13.mp4,75
159.60893326084636,154.77431434778904,154.14526505106855,145.11893089721246,15.646463394165039,-5.101628478091727,-6.315734103258405,0.03075621204267066,0.060323515315651194,64.77431434778904,squat_13.mp4,78
162.30983743252338,160.15407911082826,156.98695641595404,151.17390633277287,14.422054290771484,-4.425306301186286,-4.952881183268279,0.013370539840883561,0.037727374146931204,70.15407911082826,squat_13.mp4,81
166.11026648165407,166.37194495381186,160.98412113447657,153.8069355625846,13.767534255981445,-3.471286393663969,-3.4042416556206008,0.0015740900605059188,0.04559967902009942,76.11026648165407,squat_13.mp4,84
170.15655311029266,176.15396538616167,166.69616822081653,164.91617422510967,10.930353164672852,-2.4609727024535126,-0.9601711455702872,0.03463603878916207,0.010735390501920851,80.15655311029266,squat_13.mp4,87
175.97951255272986,179.9137707668765,172.28001244011102,170.79213550336434,8.327960014343262,-1.0036913589184235,-0.021935030509906566,0.022109201822803258,0.008673842780101347,85.97951255272986,squat_13.mp4,90
178.2902798695221,179.6483408635862,176.21508911311716,170.76221935051097,7.417779922485352,-0.42658253384804506,-0.08780821490585025,0.00758823393397795,0.03143069952759047,88.2902798695221,squat_13.mp4,93
178.3718934195343,179.5042544107926,176.71044028057958,172.25027383111484,6.912321090698242,-0.4061400680102136,0.12395384081003884,0.0063282283444895835,0.02556257062241762,88.3718934195343,squat_13.mp4,96
178.4662166681838,179.63684388645962,174.9045699082147,172.82744618425463,7.040957450866699,-0.3822942350541198,-0.09083179484941913,0.006537934730089791,0.01194669244035173,88.46621666818379,squat_13.mp4,99
177.10274328045176,177.11459140736306,176.70740641461435,173.03347765017656,6.792510032653809,-0.72268562750864,0.7213550498128671,6.689749908341176e-05,0.021009432593286286,87.10274328045176,squat_13.mp4,102
178.97721834931903,179.51826709928275,176.69553575108918,171.07999958414004,7.1983537673950195,-0.255199666988088,0.12045722715950646,0.0030184410790372006,0.032294026441717305,88.97721834931903,squat_13.mp4,105
178.80008491633308,179.27126348158401,176.06831273461114,171.1022724348762,7.484344005584717,-0.2994759477702049,0.18187905221198047,0.0026317579854355003,0.028608646653117457,88.80008491633308,squat_13.mp4,108
177.59368539108794,178.5445128577593,174.32411234454014,171.61067604473246,7.6514787673950195,-0.6006192889159809,0.36351377928664147,0.005339654501239223,0.01568755956833294,87.59368539108794,squat_13.mp4,111
175.77413438864534,179.81442511154538,172.96812153956628,169.53179377832495,8.185895919799805,-1.0556987042422432,0.046336390236136324,0.02272452594413613,0.020066152472194936,85.77413438864534,squat_13.mp4,114
175.63825295829034,177.7005793430516,171.21125762196425,167.657068241199,9.245308876037598,-1.0897708198305358,-0.5745865917730602,0.011673363900192132,0.02097681671317048,85.63825295829034,squat_13.mp4,117
170.45523328257636,170.60620687836396,166.46690218832998,160.33239712325204,10.897467613220215,-2.3885125789126818,-2.3453198424247597,0.0008853161220240146,0.03754295115075563,80.45523328257636,squat_13.mp4,120
166.88900243667305,161.99525286708536,161.5762361557244,152.34395778383328,12.735448837280273,-3.283621942075973,-4.499789782450222,0.02975970719588152,0.05881927031217814,71.99525286708536,squat_13.mp4,123
163.23942655388265,155.50075935589976,157.14530630166388,146.7304754837928,13.822728157043457,-4.166263196340243,-6.124396229211308,0.04855783826500796,0.06854663281606432,65.50075935589976,squat_13.mp4,126
159.5927277541965,150.19258997823547,153.80235562512382,142.04170192292307,14.565439224243164,-5.076201159363223,-7.440375579810388,0.060688078084321015,0.079505762594476,60.192589978235475,squat_13.mp4,129
156.59519712096267,140.9865782873421,152.61277051130887,137.93553739616124,13.677969932556152,-5.65147207539668,-9.751515110167587,0.10490305605714166,0.10103127580300235,50.9865782873421,squat_13.mp4,132
148.19750311974371,131.18387842263817,145.87794861132303,126.84864761345935,14.950525283813477,-7.634106249965448,-12.190242585755467,0.1217949786287,0.13954855346912817,41.18387842263817,squat_13.mp4,135
146.02096904879335,121.74643112931506,145.17304774859028,123.92038092446367,13.188450813293457,-7.639079510843894,-14.665655619243438,0.18131062932479322,0.15795753117366831,31.746431129315056,squat_13.mp4,138
139.7480655221653,114.87479616311282,141.75798950324128,121.07907849317098,12.199627876281738,-8.46869596838263,-16.274668195457476,0.19537341772394828,0.1573515575082626,24.87479616311282,squat_13.mp4,141
136.9708943029787,106.11874792089407,137.76220976921317,110.03143293808623,12.859415054321289,-8.097224009821552,-18.535147180457304,0.25383349203888694,0.22382153575976357,16.118747920894066,squat_13.mp4,144
149.64954445014504,90.1609619838306,144.57127537893373,95.17162608794139,14.043689727783203,-3.872980484513233,-22.587869846711524,0.4961299098268888,0.4121052092782635,0.16096198383060312,squat_13.mp4,147
97.53394277607741,84.42628323743136,98.46487946777695,91.76557157435394,12.869142532348633,-10.000910794052487,-22.902280768205866,0.14407169990735152,0.07043360152617519,5.573716762568637,squat_13.mp4,150
106.7587003166332,72.90274246991534,106.44960650746356,76.5297592543703,15.744890213012695,-12.347017423374849,-26.975489726213826,0.37688618461047657,0.3270297405231687,17.09725753008466,squat_13.mp4,153
110.37482639155037,77.28598266838812,108.66633086680754,85.02074024873099,14.099138259887695,-7.408117234966731,-26.034010551301975,0.3526452207993385,0.24416281873529339,12.714017331611885,squat_13.mp4,156
146.7296910970873,90.58557805325411,143.7130802166394,98.50850862865425,13.6483736038208,-5.100691924440097,-22.751106183303172,0.47316056185382144,0.37324973222644664,0.5855780532541104,squat_13.mp4,159
155.73762416499986,106.8686807811616,154.35906469731324,110.3201015362827,13.647504806518555,-4.142776694621788,-18.11195812134812,0.3721840828906007,0.3327724186811394,16.8686807811616,squat_13.mp4,162
154.8361427200242,112.0329850739726,155.4069200472634,116.28684844487009,13.34251594543457,-5.2779664431645426,-17.244226566521156,0.32078013669001443,0.287971798687212,22.032985073972597,squat_13.mp4,165
138.0658335237638,120.3458029403665,141.3321196946035,121.40895423834088,13.998039245605469,-9.160001267017144,-14.298612773934714,0.1371457634482881,0.15165626872140536,30.345802940366497,squat_13.mp4,168
132.49962554437104,121.08860504594065,132.25326580036153,115.70031217444021,16.830364227294922,-10.091594671679246,-14.02011805004341,0.08999645190052717,0.13351655387367317,31.088605045940653,squat_13.mp4,171
157.48786212737528,131.94180339460556,155.29623321760067,129.41558523741767,15.026803016662598,-5.40525690620496,-11.832265671679345,0.17652688563695015,0.1818024142490726,41.94180339460556,squat_13.mp4,174
145.62590201065572,135.5383496726575,143.60067278577569,129.9125634037567,16.476322174072266,-8.204834900440398,-10.838106312266639,0.07175558256502862,0.10009101989151073,45.53834967265749,squat_13.mp4,177
144.84233247498446,133.85408072135482,140.13804217837435,125.4334178523065,18.4468936920166,-8.493340289077954,-11.469677139763826,0.07885463345298606,0.11073949229611535,43.85408072135482,squat_13.mp4,180
149.32094153257768,140.5990365280729,143.315339364428,129.15505912306318,18.83085823059082,-7.552750268436648,-9.634860413587148,0.06016767152679747,0.10393995325708684,50.5990365280729,squat_13.mp4,183
152.65529645851134,148.27058585618195,146.61865999607656,134.7501485931494,18.85746955871582,-6.817249055520149,-7.852293902077605,0.02914146545722564,0.08436266594321878,58.27058585618195,squat_13.mp4,186
160.4589047235182,151.5343408775258,151.78847969901094,140.47718567706187,17.55274772644043,-4.856187853506209,-7.10296361305399,0.05720998112506915,0.07740419325269879,61.53434087752581,squat_13.mp4,189
164.14231751050096,161.3432899399443,153.57848939991493,147.3259956299908,17.1982364654541,-3.964767122838787,-4.654020535801824,0.017199086573945106,0.04155799651376219,71.3432899399443,squat_13.mp4,192
164.11491971058263,160.8762600512406,158.2994287853222,152.22053847861523,13.91928482055664,-3.9783276564354746,-4.776397746653208,0.01993075419287105,0.039152975316012445,70.87626005124059,squat_13.mp4,195
168.93501787799224,172.9608443817052,165.4955257462029,162.3582165991863,10.933363914489746,-2.7689278011509333,-1.7562868776410363,0.023550015944065503,0.019138467809292136,78.93501787799224,squat_13.mp4,198
174.9576787881441,178.4444261129385,173.5474869052442,171.06784998150047,7.172981262207031,-1.2591412442407546,-0.38879373268866335,0.019732464953882048,0.014390751996964319,84.95767878814411,squat_13.mp4,201
176.42625677514079,178.47235321307303,177.54760032868194,174.7037969422856,5.0731072425842285,-0.8908949748179644,0.3807967687776718,0.011530597079544493,0.016146442049220604,86.42625677514079,squat_13.mp4,204
178.39075368030515,177.9445245458301,178.32158585115207,175.4798293052344,4.9667205810546875,-0.4012775819722903,0.5135447187320381,0.0025045464860870606,0.01606413329161815,87.94452454583009,squat_13.mp4,207
176.1781235315686,177.94795515427086,177.017709210251,174.1733116923327,5.408682346343994,-0.9538195297478023,0.512543109461526,0.009995488777726332,0.016198577689190478,86.17812353156859,squat_13.mp4,210
176.2814776147725,177.19739298376092,177.84132974185286,175.13622707965447,4.908447742462158,-0.9271998373736177,0.7006006832880367,0.005182292041600791,0.015327335179932098,86.28147761477251,squat_13.mp4,213
177.80687963689664,179.8991294445406,174.4540481129509,173.13432890013763,6.199438571929932,-0.5477462596305769,0.023916051602408332,0.011698152977729932,0.007593575045022636,87.80687963689664,squat_13.mp4,216
176.64234498589457,179.52152761532744,175.42902433393965,171.4417256253231,6.554004669189453,-0.838083899224581,0.11945883530797079,0.016167741036758915,0.02299011207537578,86.64234498589457,squat_13.mp4,219
177.47904200315492,179.5878801972948,174.8152578687224,173.3171598165857,6.150219917297363,-0.6291142688226898,0.1027498170413247,0.011812005330227825,0.008606484061997885,87.47904200315492,squat_13.mp4,222
177.06368336533865,178.97054384618022,173.5236148187983,171.3603439531566,7.615546226501465,-0.7329620728857794,0.2571304357890408,0.010711669469400269,0.012544920171669246,87.06368336533865,squat_13.mp4,225
175.32818780561615,178.7368444542169,172.36979085040738,168.65599092575258,8.553705215454102,-1.1670269650191492,0.3153508332363296,0.019254409998326453,0.02178017101998725,85.32818780561615,squat_13.mp4,228
174.87661499684245,177.89252792674282,168.91444891131977,164.85991225638082,10.101723670959473,-1.2803911474942093,-0.5258250529766989,0.017098507567333665,0.02429507551601181,84.87661499684245,squat_13.mp4,231
169.09506298651021,167.64507590904125,164.07490480713724,157.55640045626396,11.243099212646484,-2.7314704209397696,-3.0870588095372016,0.008611905205151154,0.040534016709193973,77.64507590904125,squat_13.mp4,234
165.8942915357255,159.96598791127445,159.29043181510212,150.00794951423995,13.038703918457031,-3.509181636328185,-5.002073586919716,0.03638555539516295,0.06002283142230964,69.96598791127445,squat_13.mp4,237
163.54732404786304,153.72282049263484,156.9324637033996,144.13121980996556,14.244246482849121,-4.105461823683617,-6.559237754842615,0.06193147211791406,0.08504010675778342,63.72282049263484,squat_13.mp4,240
154.2742619627168,144.45037183150507,150.72014904226177,138.63022204717308,13.996359825134277,-6.365294734562925,-8.890681871674575,0.06577221306749659,0.08356600304031982,54.450371831505066,squat_13.mp4,243
150.62444629146884,134.99172638677388,149.2483636201447,129.5200799081888,14.578192710876465,-7.184539312103728,-11.141793595800944,0.10946662969471135,0.14153885900611812,44.99172638677388,squat_13.mp4,246
144.08599206705898,129.19616554184614,142.4965480550504,126.38759963668163,14.344545364379883,-8.416229114254742,-12.642316982936924,0.10897035251398823,0.11982073734474831,39.19616554184614,squat_13.mp4,249
156.35271476603364,129.68358938785698,159.39172188946588,135.01271696002826,9.488959312438965,-5.569449599709668,-12.411425348244244,0.18647370974160246,0.16561574291956038,39.68358938785698,squat_13.mp4,252
148.85406801383724,120.76836641323936,153.7915276512599,124.05588859277508,11.341878890991211,-7.042044730680482,-14.761761923107212,0.20833356586426097,0.21404294098144752,30.768366413239363,squat_13.mp4,255
156.92350522816585,110.67280488590262,153.42358676504867,114.84964558107418,12.880281448364258,-4.239578022690652,-17.02957195084032,0.3456751725952268,0.28757204620554055,20.67280488590262,squat_13.mp4,258
150.65295444869946,93.07190750003302,149.95797143946695,98.91129647903016,11.456149101257324,-3.6180734056167334,-20.419251400579068,0.47250860243202114,0.4102288353028323,3.0719075000330207,squat_13.mp4,261
165.4648502761441,91.4340031012161,165.4538867817066,98.719436767432,11.38056755065918,-2.4762075266148464,-21.714483229175084,0.5763423713393041,0.505232315797105,1.4340031012161063,squat_13.mp4,264
104.65982354058977,72.62176163902191,101.58482727573885,73.60916521642972,16.63755226135254,-11.052633577040647,-27.710074786947757,0.36143699718285693,0.31936782376324563,17.378238360978088,squat_13.mp4,267
140.97189494552848,87.20345918240864,139.44675483555145,90.67795569086398,14.126358985900879,-5.647724405588092,-21.97712905144149,0.47129047717372724,0.42384669628157484,2.7965408175913637,squat_13.mp4,270
146.44364580218948,97.30894368504835,145.60509374227013,101.5018962293464,15.012975692749023,-6.63327423926137,-21.259897311193523,0.40315224728895593,0.35695629264060524,7.308943685048348,squat_13.mp4,273
150.06689243838954,108.40650882276083,150.58024684632392,110.90645789767686,13.573768615722656,-5.3993433946460865,-17.36156091975299,0.322357220606517,0.30344784823754817,18.406508822760827,squat_13.mp4,276
174.02207225703873,177.50134638456632,177.03436269817303,177.31583688980757,3.998548746109009,-1.4834075961084479,-0.6099972318413085,0.019795404476734876,0.0015886780476592204,84.02207225703873,squat_14.mp4,0
175.52910725348457,175.81652058783249,176.87769953233249,178.13061670723079,3.972681999206543,-1.1129165804725876,-1.0242668135550284,0.001636071785573638,0.007058522956137281,85.52910725348457,squat_14.mp4,3
175.5350693627673,175.4865075467945,177.35928687620157,176.74201555934707,4.098864555358887,-1.0984052569543847,-1.119328949937802,0.0002766884953360049,0.0034864108807781116,85.48650754679451,squat_14.mp4,6
178.12685166721326,174.9096095850881,176.41269510546434,177.09821993569534,3.7953953742980957,-0.4642730854577354,-1.268461158019208,0.018226117895657902,0.003878379993733357,84.9096095850881,squat_14.mp4,9
174.8616457114694,178.2795539898082,176.7459839887251,179.3421034157023,3.5423583984375,-1.2821872695524217,-0.4227364624836693,0.019357176569768673,0.01458133264665297,84.86164571146941,squat_14.mp4,12
172.4191004361433,177.17367605260873,176.49898704791335,177.68184445478641,3.648926258087158,-1.8865067857137665,-0.699812760970835,0.027200651364822418,0.006679398215055872,82.41910043614331,squat_14.mp4,15
171.3592300581019,174.27768549968195,171.49982054640446,172.99991099927144,5.538366794586182,-2.1565596478396643,-1.4209529320740166,0.016887405888750567,0.008708804771118258,81.3592300581019,squat_14.mp4,18
167.82297586753432,176.61968075880108,168.1560656921993,169.99407436228478,6.268667221069336,-3.0457466709249816,-0.8381908586788941,0.05107790642092137,0.01087096205129082,77.82297586753432,squat_14.mp4,21
155.63719060112726,162.62924679090003,158.31154973837272,159.92123599717385,8.77409553527832,-6.154730110859514,-4.3632168456914,0.04393838223764855,0.010116407428484082,65.63719060112726,squat_14.mp4,24
143.0775204318214,144.85344823211358,148.85874310774582,151.29211684560627,9.306558609008789,-9.450414699354617,-8.991706509413348,0.012335788738063767,0.016214337938186364,53.0775204318214,squat_14.mp4,27
132.7187519568458,140.2874348611696,141.24821355873317,147.57903733301316,10.143232345581055,-12.28582513099013,-10.2315111239361,0.05544696984738328,0.043838133380653975,42.71875195684581,squat_14.mp4,30
127.2742356458248,131.54457527545074,135.93392506768086,139.59271489298442,12.308204650878906,-13.838677911656166,-12.667669192883887,0.03299868053968333,0.026558519537899443,37.2742356458248,squat_14.mp4,33
117.41233415719522,122.30636453002305,128.84376602451266,130.5746341471527,13.61072826385498,-16.767213484223543,-15.319708140764138,0.04083144451917364,0.013344220159361576,27.412334157195218,squat_14.mp4,36
114.57179833334168,114.23893820934539,125.2490569227235,126.72376618918094,12.808025360107422,-17.581062656475783,-17.624909930206762,0.00290947993984701,0.011705304153396738,24.238938209345392,squat_14.mp4,39
104.35111585056347,109.23523586487937,119.89931263488637,120.58149765446026,13.257811546325684,-20.70775376261564,-19.32916283517185,0.045734383073530095,0.005673508990202485,14.351115850563474,squat_14.mp4,42
94.91008355756396,94.64079036468115,112.26599030450092,109.37586984284327,13.696619033813477,-23.950699430431012,-24.286248281085722,0.002841381707301215,0.026079193341333053,4.640790364681152,squat_14.mp4,45
85.78930262310958,86.36747599155885,105.86184161058098,103.45691334594783,13.375710487365723,-27.594952751830203,-27.352872836126483,0.006716823735920068,0.022978621912141704,4.210697376890423,squat_14.mp4,48
86.63261774917397,84.99036547404447,100.30547166033791,101.88758806052692,14.298638343811035,-26.912859346784654,-27.84889424059867,0.01913790617418112,0.015649561882818134,5.0096345259555335,squat_14.mp4,51
78.32173972168023,76.92989832777533,94.96666828405107,93.37100766358643,15.7008695602417,-30.336723986239356,-31.22439685622702,0.017930134733412928,0.016944677823339766,13.070101672224666,squat_14.mp4,54
79.06823812404883,73.25492529791332,95.14780704235572,90.49642772173043,15.372657775878906,-29.655673270201177,-32.73539774970478,0.07632867773408315,0.050110678918052015,16.745074702086683,squat_14.mp4,57
75.79026736490785,72.78510008611038,92.99025168345926,93.02393909950864,15.690799713134766,-31.27326133120296,-33.14778323516268,0.04045310242679635,0.000362202646019408,17.214899913889624,squat_14.mp4,60
73.45027588302818,77.03561687735612,89.95015333985033,92.79640789750034,16.52175521850586,-32.31574986529024,-31.149016881573385,0.04765019402897524,0.031149746822905264,16.549724116971817,squat_14.mp4,63
73.85858155993239,75.69152317107032,91.0088827068053,93.88774105936022,16.282297134399414,-32.4332422194548,-31.753878628430222,0.02451274259466226,0.031140193843623168,16.14141844006761,squat_14.mp4,66
86.27945817962193,87.8193589552172,100.02300523975785,101.26322852038872,15.25811767578125,-27.117817547382376,-26.6257920156935,0.017689962527460728,0.012322981631309437,3.720541820378074,squat_14.mp4,69
92.55227290244304,90.65748406358277,109.49058153591693,109.56258218501145,14.295915603637695,-24.994857254175077,-25.996402508308005,0.020684366053841035,0.0006573805908254095,0.6574840635827712,squat_14.mp4,72
109.36926504985736,108.20748701537102,120.51144044160974,120.66662022270285,13.245481491088867,-19.211387889027943,-19.58866544739743,0.010679247883414043,0.0012868482370716132,18.207487015371015,squat_14.mp4,75
116.2134400512906,120.488658049087,128.471752439414,132.93600068451119,12.458754539489746,-17.166711686017795,-15.901129336214275,0.03612319478455497,0.03415543871019645,26.213440051290604,squat_14.mp4,78
127.93014804409619,132.3491781141806,136.97279113929008,142.04257918022864,12.41547966003418,-13.664293224673594,-12.434491580395125,0.033956058941056196,0.03634056457271738,37.930148044096185,squat_14.mp4,81
135.53591675120265,139.19806853909637,145.39585856187023,148.5948739424207,10.402246475219727,-11.457440810920614,-10.515170067646753,0.02665961973378786,0.021762695397235163,45.53591675120265,squat_14.mp4,84
153.3402676198204,159.89453401475498,159.0032644201433,159.19887199067264,9.091856002807617,-6.716159543720501,-5.047544380974594,0.04184890287242665,0.0012294547908176668,63.340267619820395,squat_14.mp4,87
167.78240443611625,169.5417416864552,166.54479134917233,169.6888745428998,7.947328567504883,-3.0593200124070714,-2.603960477214963,0.01043113735297007,0.018701775061017854,77.78240443611625,squat_14.mp4,90
172.71021190163975,176.2895429402944,170.761453532469,171.82187498220367,7.222492694854736,-1.8240278987293255,-0.9264833288509804,0.020511940131738925,0.006190735867575906,82.71021190163975,squat_14.mp4,93
175.03627330054093,177.39218020995696,172.8042617503342,175.3002203889733,6.65233850479126,-1.2260955933203823,-0.6472306975629942,0.013369561316341667,0.01434028440714088,85.03627330054093,squat_14.mp4,96
176.45701533769673,176.947896464841,173.7010692615451,175.62807162361744,6.508286476135254,-0.8800947862267376,-0.7581759134809805,0.002778009647011013,0.011032588676624806,86.45701533769673,squat_14.mp4,99
174.02207225703873,177.50134638456632,177.03436269817303,177.31583688980757,3.998548746109009,-1.4834075961084479,-0.6099972318413085,0.019795404476734876,0.0015886780476592204,84.02207225703873,squat_14.mp4,0
175.52910725348457,175.81652058783249,176.87769953233249,178.13061670723079,3.972681999206543,-1.1129165804725876,-1.0242668135550284,0.001636071785573638,0.007058522956137281,85.52910725348457,squat_14.mp4,3
175.5350693627673,175.4865075467945,177.35928687620157,176.74201555934707,4.098864555358887,-1.0984052569543847,-1.119328949937802,0.0002766884953360049,0.0034864108807781116,85.48650754679451,squat_14.mp4,6
178.12685166721326,174.9096095850881,176.41269510546434,177.09821993569534,3.7953953742980957,-0.4642730854577354,-1.268461158019208,0.018226117895657902,0.003878379993733357,84.9096095850881,squat_14.mp4,9
174.8616457114694,178.2795539898082,176.7459839887251,179.3421034157023,3.5423583984375,-1.2821872695524217,-0.4227364624836693,0.019357176569768673,0.01458133264665297,84.86164571146941,squat_14.mp4,12
172.4191004361433,177.17367605260873,176.49898704791335,177.68184445478641,3.648926258087158,-1.8865067857137665,-0.699812760970835,0.027200651364822418,0.006679398215055872,82.41910043614331,squat_14.mp4,15
171.3592300581019,174.27768549968195,171.49982054640446,172.99991099927144,5.538366794586182,-2.1565596478396643,-1.4209529320740166,0.016887405888750567,0.008708804771118258,81.3592300581019,squat_14.mp4,18
167.82297586753432,176.61968075880108,168.1560656921993,169.99407436228478,6.268667221069336,-3.0457466709249816,-0.8381908586788941,0.05107790642092137,0.01087096205129082,77.82297586753432,squat_14.mp4,21
155.63719060112726,162.62924679090003,158.31154973837272,159.92123599717385,8.77409553527832,-6.154730110859514,-4.3632168456914,0.04393838223764855,0.010116407428484082,65.63719060112726,squat_14.mp4,24
143.0775204318214,144.85344823211358,148.85874310774582,151.29211684560627,9.306558609008789,-9.450414699354617,-8.991706509413348,0.012335788738063767,0.016214337938186364,53.0775204318214,squat_14.mp4,27
132.7187519568458,140.2874348611696,141.24821355873317,147.57903733301316,10.143232345581055,-12.28582513099013,-10.2315111239361,0.05544696984738328,0.043838133380653975,42.71875195684581,squat_14.mp4,30
127.2742356458248,131.54457527545074,135.93392506768086,139.59271489298442,12.308204650878906,-13.838677911656166,-12.667669192883887,0.03299868053968333,0.026558519537899443,37.2742356458248,squat_14.mp4,33
117.41233415719522,122.30636453002305,128.84376602451266,130.5746341471527,13.61072826385498,-16.767213484223543,-15.319708140764138,0.04083144451917364,0.013344220159361576,27.412334157195218,squat_14.mp4,36
114.57179833334168,114.23893820934539,125.2490569227235,126.72376618918094,12.808025360107422,-17.581062656475783,-17.624909930206762,0.00290947993984701,0.011705304153396738,24.238938209345392,squat_14.mp4,39
104.35111585056347,109.23523586487937,119.89931263488637,120.58149765446026,13.257811546325684,-20.70775376261564,-19.32916283517185,0.045734383073530095,0.005673508990202485,14.351115850563474,squat_14.mp4,42
94.91008355756396,94.64079036468115,112.26599030450092,109.37586984284327,13.696619033813477,-23.950699430431012,-24.286248281085722,0.002841381707301215,0.026079193341333053,4.640790364681152,squat_14.mp4,45
85.78930262310958,86.36747599155885,105.86184161058098,103.45691334594783,13.375710487365723,-27.594952751830203,-27.352872836126483,0.006716823735920068,0.022978621912141704,4.210697376890423,squat_14.mp4,48
86.63261774917397,84.99036547404447,100.30547166033791,101.88758806052692,14.298638343811035,-26.912859346784654,-27.84889424059867,0.01913790617418112,0.015649561882818134,5.0096345259555335,squat_14.mp4,51
78.32173972168023,76.92989832777533,94.96666828405107,93.37100766358643,15.7008695602417,-30.336723986239356,-31.22439685622702,0.017930134733412928,0.016944677823339766,13.070101672224666,squat_14.mp4,54
79.06823812404883,73.25492529791332,95.14780704235572,90.49642772173043,15.372657775878906,-29.655673270201177,-32.73539774970478,0.07632867773408315,0.050110678918052015,16.745074702086683,squat_14.mp4,57
75.79026736490785,72.78510008611038,92.99025168345926,93.02393909950864,15.690799713134766,-31.27326133120296,-33.14778323516268,0.04045310242679635,0.000362202646019408,17.214899913889624,squat_14.mp4,60
73.45027588302818,77.03561687735612,89.95015333985033,92.79640789750034,16.52175521850586,-32.31574986529024,-31.149016881573385,0.04765019402897524,0.031149746822905264,16.549724116971817,squat_14.mp4,63
73.85858155993239,75.69152317107032,91.0088827068053,93.88774105936022,16.282297134399414,-32.4332422194548,-31.753878628430222,0.02451274259466226,0.031140193843623168,16.14141844006761,squat_14.mp4,66
86.27945817962193,87.8193589552172,100.02300523975785,101.26322852038872,15.25811767578125,-27.117817547382376,-26.6257920156935,0.017689962527460728,0.012322981631309437,3.720541820378074,squat_14.mp4,69
92.55227290244304,90.65748406358277,109.49058153591693,109.56258218501145,14.295915603637695,-24.994857254175077,-25.996402508308005,0.020684366053841035,0.0006573805908254095,0.6574840635827712,squat_14.mp4,72
109.36926504985736,108.20748701537102,120.51144044160974,120.66662022270285,13.245481491088867,-19.211387889027943,-19.58866544739743,0.010679247883414043,0.0012868482370716132,18.207487015371015,squat_14.mp4,75
116.2134400512906,120.488658049087,128.471752439414,132.93600068451119,12.458754539489746,-17.166711686017795,-15.901129336214275,0.03612319478455497,0.03415543871019645,26.213440051290604,squat_14.mp4,78
127.93014804409619,132.3491781141806,136.97279113929008,142.04257918022864,12.41547966003418,-13.664293224673594,-12.434491580395125,0.033956058941056196,0.03634056457271738,37.930148044096185,squat_14.mp4,81
135.53591675120265,139.19806853909637,145.39585856187023,148.5948739424207,10.402246475219727,-11.457440810920614,-10.515170067646753,0.02665961973378786,0.021762695397235163,45.53591675120265,squat_14.mp4,84
153.3402676198204,159.89453401475498,159.0032644201433,159.19887199067264,9.091856002807617,-6.716159543720501,-5.047544380974594,0.04184890287242665,0.0012294547908176668,63.340267619820395,squat_14.mp4,87
167.78240443611625,169.5417416864552,166.54479134917233,169.6888745428998,7.947328567504883,-3.0593200124070714,-2.603960477214963,0.01043113735297007,0.018701775061017854,77.78240443611625,squat_14.mp4,90
172.71021190163975,176.2895429402944,170.761453532469,171.82187498220367,7.222492694854736,-1.8240278987293255,-0.9264833288509804,0.020511940131738925,0.006190735867575906,82.71021190163975,squat_14.mp4,93
175.03627330054093,177.39218020995696,172.8042617503342,175.3002203889733,6.65233850479126,-1.2260955933203823,-0.6472306975629942,0.013369561316341667,0.01434028440714088,85.03627330054093,squat_14.mp4,96
176.45701533769673,176.947896464841,173.7010692615451,175.62807162361744,6.508286476135254,-0.8800947862267376,-0.7581759134809805,0.002778009647011013,0.011032588676624806,86.45701533769673,squat_14.mp4,99
179.2966784153456,174.9752332221707,174.10242517114807,176.76039514401543,4.444387912750244,-0.1757464993814567,-1.2564012458863425,0.024396205576673196,0.015151049464174256,84.97523322217069,squat_15.mp4,0
177.89299231294575,173.30001427946718,173.6063746662676,175.2567396941977,4.6059250831604,-0.5266311952631979,-1.6755444090889653,0.026156432202587024,0.009461390212923693,83.30001427946718,squat_15.mp4,3
178.0974108067142,172.79170386820888,174.31214286070121,175.18378634306822,4.010867595672607,-0.47539703513237214,-1.8026143926124514,0.03024150203930225,0.004988003633420316,82.79170386820888,squat_15.mp4,6
179.47810419804384,171.00673445417087,174.70772018952013,174.31521044845067,4.273208141326904,-0.13051146842667344,-2.251250616174711,0.048340862768555246,0.002249191709851276,81.00673445417087,squat_15.mp4,9
176.7264291065888,169.2406566123763,172.51942326455185,173.27462542087068,4.2572712898254395,-0.8178277449804183,-2.6950925965922203,0.04327447785188041,0.00436793032841266,79.24065661237631,squat_15.mp4,12
172.89944008567298,166.0948534974059,167.7540831991993,169.9384068103531,5.887996673583984,-1.7753328445922285,-3.4890384472460076,0.04014572939470118,0.012936761555413907,76.0948534974059,squat_15.mp4,15
153.03843528764094,149.69488550230295,153.12450607498698,153.48738103140528,9.383129119873047,-6.782360074312229,-7.69898334688467,0.02208907679282491,0.0023669986173261454,59.69488550230295,squat_15.mp4,21
143.63060959949934,138.84461095874718,144.55615535621536,146.27665481928602,11.318113327026367,-9.194631995763963,-10.625355881623703,0.03388614853574584,0.011831536215136395,48.84461095874718,squat_15.mp4,24
129.56767014771884,131.12059861204912,134.5071723815887,135.5192694214253,12.458662986755371,-13.053699984505664,-12.697099927573296,0.011914064807890137,0.007496280979585852,39.56767014771884,squat_15.mp4,27
117.54216407047544,103.52663034235374,124.82276991328585,123.05867010438155,13.912875175476074,-16.450849446798927,-21.449910722256167,0.12679793876243567,0.014233415852179748,13.52663034235374,squat_15.mp4,30
106.75890539484405,97.5683089298077,116.76056433300545,118.30323376247276,13.525633811950684,-19.86070703629042,-23.498139026285784,0.08995959246460024,0.013125538189770152,7.568308929807699,squat_15.mp4,33
91.26381703811832,82.27644797011538,101.72618666222371,106.41198984589812,14.553899765014648,-24.801181078105998,-29.24542512141129,0.10357675859923948,0.045025888688820744,7.723552029884615,squat_15.mp4,36
83.45190417783675,62.181464798911506,95.88738895309072,88.42404740820425,14.620904922485352,-27.556527490050495,-38.635686242801285,0.2921094187187453,0.08098620131478464,27.818535201088494,squat_15.mp4,39
69.8510309281952,59.1847146089187,82.47391998295333,73.5865896476679,14.648162841796875,-32.37703616267156,-37.92835214554591,0.16532343460143914,0.1138959542849219,30.815285391081296,squat_15.mp4,42
67.21141584519724,63.87449309921927,79.65355465718164,81.12723899308126,16.435327529907227,-34.116139040104315,-36.88321719509394,0.05091199767921507,0.018331596734187532,26.125506900780728,squat_15.mp4,45
61.5371926449771,58.72774307369871,74.5343240713333,74.42166107520372,16.1345157623291,-36.78748120560832,-38.651703753674205,0.04672100898719574,0.0015127018363008749,31.27225692630129,squat_15.mp4,48
49.92604735132345,48.2628914858066,62.90205164152915,63.06637756376293,16.78189468383789,-43.018676412743766,-43.31414833573087,0.03387664405408419,0.0026090016882877104,41.7371085141934,squat_15.mp4,51
51.9150840660767,49.399557455628454,64.23676436553605,63.21523204757451,17.39068603515625,-41.80376354097329,-43.456147328425835,0.04965771131725978,0.016030071661654335,40.600442544371546,squat_15.mp4,54
48.68498597437504,46.801197704279794,61.4062318928976,60.265742619146366,17.5483455657959,-43.62614308123394,-44.47355377931548,0.0394567715981794,0.01874695102672706,43.198802295720206,squat_15.mp4,57
42.76958915064762,42.92604348836561,54.55370100296792,55.90864188097407,16.993690490722656,-46.95492682049243,-46.259649916754825,0.0036513958273005948,0.024532177077390648,47.23041084935238,squat_15.mp4,60
41.27865450231577,39.955930645377755,52.22187944897324,53.87575027714431,16.545513153076172,-47.43702094988932,-47.71446615687662,0.032565534852751515,0.031176395409405585,50.044069354622245,squat_15.mp4,63
45.50641146766647,43.643164331842826,56.24816731388547,55.19814426517735,17.846033096313477,-44.750857844431145,-45.51575445021979,0.04180047115454468,0.01884356752288221,46.356835668157174,squat_15.mp4,66
39.018244349201964,38.82898780423251,50.17565297028361,53.56629054391097,16.89561653137207,-49.15814721066125,-48.47452605966287,0.004862254950733103,0.0653667640834863,51.17101219576749,squat_15.mp4,69
39.380061842366736,39.45740100848871,50.89330740924312,52.46446966071455,16.921730041503906,-49.27823298986581,-48.15754916418021,0.00196199023472593,0.030402400206575402,50.619938157633264,squat_15.mp4,72
37.12366365882018,39.663580025588125,48.473637458142576,52.091471281586074,17.106657028198242,-50.7026621969137,-48.2403034191839,0.06615464352925272,0.07195008027698294,52.87633634117982,squat_15.mp4,75
40.94047968716205,43.24970139450283,50.17340291768565,54.399184376133846,17.063201904296875,-47.4071342543376,-45.49825542993359,0.05485726904663191,0.0808200613144426,49.05952031283795,squat_15.mp4,78
39.48395639206234,41.99944499331127,52.21644371172416,56.3131339020563,16.666622161865234,-48.81050077397458,-46.993835854351374,0.061742356319957614,0.07549444640632169,50.51604360793766,squat_15.mp4,81
65.2744930686506,61.42588162486319,76.92009909087677,75.09422165227404,17.150209426879883,-35.053052553029474,-37.30393097786544,0.060751382197521395,0.024022439855358145,28.574118375136813,squat_15.mp4,84
75.45416098486285,72.89461015422816,88.96932361673493,90.69906639506836,15.30344295501709,-30.49906862563453,-32.658429070468756,0.03450720637564123,0.01925483696068959,17.10538984577184,squat_15.mp4,87
100.34355616474109,89.54848412417793,114.93660471528808,111.71443759521176,14.246180534362793,-22.200601457293946,-26.482192209408108,0.11369694089482162,0.028432846257659152,0.45151587582206787,squat_15.mp4,90
120.72440212761197,116.63973802632592,132.40009801571392,132.528216200126,11.534562110900879,-15.749374671055293,-17.030897970242616,0.034416859249565016,0.000967191330917499,26.639738026325915,squat_15.mp4,93
141.10890671226468,132.95201667119807,150.21410771041718,146.8320050187251,8.89863109588623,-10.007402377214387,-12.221097065620414,0.05952610784758683,0.022771566748466397,42.952016671198066,squat_15.mp4,96
170.31194540725832,167.9909925645388,170.35196518942828,171.45001403687746,4.765024662017822,-2.426201124276695,-3.0082942770851937,0.013721150969803336,0.0064250584501277215,77.9909925645388,squat_15.mp4,102
177.77921060835814,173.93873721658952,173.33229007564643,174.16635241136868,5.22952938079834,-0.5552763255404682,-1.5154063344143216,0.021838370293688025,0.00480037751948005,83.93873721658952,squat_15.mp4,111
176.96707046878242,167.32508447533172,170.0495560611799,170.5613903290115,6.060110569000244,-0.7582325083185559,-3.1762243700904906,0.05601048908602521,0.0030053894230705996,77.32508447533172,squat_15.mp4,117
169.0267845234808,160.4603852379765,165.86177639933587,164.3004748985414,7.110386371612549,-2.747871435352711,-4.919021933201132,0.051998378520815965,0.009457783224199228,70.46038523797651,squat_15.mp4,120
159.64210775378422,151.1089087380612,158.111005964302,158.80205132655053,8.125207901000977,-5.124481081935278,-7.339293084483894,0.05491984619749073,0.004361103756064627,61.10890873806119,squat_15.mp4,123
149.99314824867406,146.6429057514971,149.98366443956027,147.97205385557422,11.388862609863281,-7.5755584977713175,-8.491528253238798,0.02258823532742268,0.013502748633228054,56.642905751497096,squat_15.mp4,126
135.70505340654364,130.79370415841987,139.4439394457027,138.2987316932853,11.793128967285156,-11.27938021209201,-12.83526690679962,0.03685832754343364,0.008246538047042262,40.79370415841987,squat_15.mp4,129
122.22066426028347,118.01812884524611,130.90271524000025,130.64513050828168,12.78281021118164,-15.238165397619383,-16.606992459234682,0.03498631807720841,0.001969694921260947,28.01812884524611,squat_15.mp4,132
111.79559038158544,98.41218007811537,122.47405788570606,120.16420960689354,13.658341407775879,-18.315335718901174,-23.14306507239753,0.12733506734029912,0.019039439266380135,8.41218007811537,squat_15.mp4,135
90.87993589769415,84.28011176810315,104.89212335201651,103.18553832674449,14.772234916687012,-25.332056444118006,-28.3665270601857,0.07535764253939188,0.0164033468225601,5.719888231896846,squat_15.mp4,138
80.5647228252703,69.41172845994583,93.12497453978982,89.83518051784363,15.26959228515625,-28.60532899941352,-34.5654793470786,0.148729940864041,0.03596186307242569,20.588271540054166,squat_15.mp4,141
69.68123679362208,67.64163411111582,80.68428674911735,83.09176435556836,15.993739128112793,-32.212807332198246,-34.21782617733659,0.029705214711410265,0.029399629435590064,22.35836588888418,squat_15.mp4,144
69.31299913532875,62.64642939809505,80.31777727235632,79.27423105582113,16.572675704956055,-32.86191106219388,-37.02053468240211,0.10103968789990833,0.013077675097480968,27.35357060190495,squat_15.mp4,147
55.236082385999175,48.93478462613056,70.69717707121718,67.7057782061744,15.254108428955078,-39.25513489538665,-44.31596376365937,0.12098003867309447,0.04322738425703882,41.06521537386944,squat_15.mp4,150
46.034858201001555,46.846458921519954,60.06860546544513,60.81893505344093,16.753446578979492,-45.39892656509974,-44.37515145670409,0.01747608121120421,0.012413679437519495,43.965141798998445,squat_15.mp4,153
43.07275939035064,44.377217800191275,57.198730972009756,61.261706484602016,16.456350326538086,-46.82577814133122,-46.41011836280032,0.029833247571886556,0.06859632802015266,46.92724060964936,squat_15.mp4,156
39.9239811833905,43.32901203606083,51.592122945412186,56.463965364423615,16.137920379638672,-48.40752556238999,-46.32528460421147,0.0817996019361085,0.09017247422546149,50.0760188166095,squat_15.mp4,159
36.09197618822263,37.27355780943399,47.41339894339226,49.379381383357426,14.94257640838623,-50.65249957287751,-48.13364043927709,0.03221080954032444,0.040622501664452075,53.90802381177737,squat_15.mp4,162
37.971582534271185,34.960724527813866,47.94326537555384,48.89726941954868,15.228474617004395,-47.70529640422195,-50.79717421773369,0.08256582378216193,0.019702576942875003,55.039275472186134,squat_15.mp4,165
37.37727659501602,36.168204973191806,50.53843538175833,48.22877757230738,14.527046203613281,-49.172828820853425,-47.98377039351171,0.03287956230738372,0.04676972732894915,53.831795026808194,squat_15.mp4,168
49.72182513958739,50.75015418172138,57.70458069656466,59.506059035494,16.17776107788086,-40.8604084800886,-40.50506466343694,0.020469966832153273,0.03073916059237423,40.27817486041261,squat_15.mp4,171
78.41827273220602,78.00685209985369,85.88265392556269,89.34905077237173,16.92767333984375,-28.58329797593881,-29.758210814000176,0.005260288368560219,0.03956358072056003,11.993147900146312,squat_15.mp4,174
93.97528342781253,77.80992979401603,103.79456043625935,104.53276395447972,14.786759376525879,-23.95215471606767,-31.43356578853476,0.18820425030321977,0.007086958183515072,12.190070205983972,squat_15.mp4,177
107.7347262634887,106.98872361073626,119.73083186399914,120.9969839125358,12.238907814025879,-19.490284925605085,-19.994776023596838,0.006948497271158893,0.010519366401031188,16.98872361073626,squat_15.mp4,180
126.99025253487198,120.94298361400453,136.7830200786364,135.5453564895312,9.636045455932617,-13.830215206653374,-15.741186134561449,0.04878143015272263,0.009089494122515035,30.942983614004532,squat_15.mp4,183
150.54751021842412,150.66158221373607,154.86372122388224,155.86077847189895,7.937845706939697,-7.455543162180078,-7.451588890305318,0.0007574273033450186,0.006417628793306597,60.54751021842412,squat_15.mp4,186
177.0168560064273,172.52745442161043,173.48334946310445,174.19866372806177,4.949554443359375,-0.7457234774790868,-1.869293063427431,0.025687167268260418,0.004114761407366947,82.52745442161043,squat_15.mp4,195
176.95316051112871,174.94336128076012,173.09274472003398,173.515928912336,5.269704341888428,-0.7611421061702704,-1.2645284699352706,0.011422671756654602,0.0024418557554671395,84.94336128076012,squat_15.mp4,198
176.95328901601556,172.21018475948807,172.6934634396991,173.0538363044931,5.537887096405029,-0.7617668441734627,-1.9488335342784748,0.0271683873759206,0.0020846026277610537,82.21018475948807,squat_15.mp4,204
145.5116681653449,133.2753943362006,148.3618751519661,146.75851872394313,10.358902931213379,-8.772939600344971,-12.170700039981428,0.08778222145137356,0.010865778585922789,43.275394336200605,squat_15.mp4,216
130.69709561066742,119.86859382623611,135.07024622681095,134.51453780792318,12.346863746643066,-12.704279387083563,-16.07218970774354,0.08643243860535103,0.004122698696645847,29.868593826236108,squat_15.mp4,219
117.98121241728946,116.3576410880178,125.11723147447695,128.88089253693127,13.126192092895508,-16.310960141035647,-17.13122113420298,0.013856612379772397,0.029635345356214322,26.3576410880178,squat_15.mp4,222
106.12697577164587,95.34666303113393,115.46577708548564,113.27863489859574,14.671819686889648,-20.134938308495318,-24.17627023636429,0.10701462290125874,0.019123021785923292,5.346663031133929,squat_15.mp4,225
87.89954797670708,79.22501464885677,97.86247192369362,93.32933718178191,16.178653717041016,-26.020255291737286,-29.86960979218802,0.10380919706321412,0.04741975886018106,10.77498535114323,squat_15.mp4,228
79.87969077354026,75.24617495632681,91.97528047959626,91.13527360222766,15.628247261047363,-29.134125088149705,-31.54854765692937,0.05973879076081556,0.009174860308633518,14.753825043673189,squat_15.mp4,231
69.01414504261474,62.809991055935434,80.13383826998223,79.07390668446983,16.9097843170166,-33.34987310443609,-36.9167498150763,0.09412773973411297,0.013315075668154699,27.190008944064566,squat_15.mp4,234
63.96107161365236,59.26931281267476,76.2886766460422,73.11386773858119,17.290586471557617,-35.88298346212363,-38.186072056356544,0.07614613591962863,0.04250006478186548,30.730687187325238,squat_15.mp4,237
48.630623961079216,45.345207227714894,62.993333234219364,61.76668198349391,16.053987503051758,-43.593166155753174,-45.74275123794019,0.06992046128890388,0.019664172829489922,44.654792772285106,squat_15.mp4,240
45.19787911497234,45.11800851053889,59.752750854068246,62.15314775164158,15.91252326965332,-45.74779417893663,-46.05562455244979,0.0017686944464217254,0.039381144391333125,44.88199148946111,squat_15.mp4,243
51.721662419789546,47.8133694588787,65.79218120496667,61.58005489443109,16.98235321044922,-42.00287401996791,-44.321996798056496,0.07853100334915251,0.06613884531709951,42.1866305411213,squat_15.mp4,246
39.47095724226699,39.69181679905058,53.54799773771048,52.52466141636586,15.380535125732422,-48.7858168314652,-47.2440043025166,0.00557988421851699,0.01929500645134521,50.52904275773301,squat_15.mp4,249
38.88687210768005,38.58743428989044,51.50233247471634,52.29897809789916,15.210413932800293,-48.74027176137084,-48.185680015852626,0.007729990282275044,0.015349432849896736,51.41256571010956,squat_15.mp4,252
38.20114777013548,39.62602623858294,51.37937919836648,53.291813727415686,14.958917617797852,-49.38598476845114,-46.63172340010511,0.03661647712630144,0.03654175471956706,51.79885222986452,squat_15.mp4,255
39.32637678130424,43.236596245552676,52.74020450573755,55.378859446462215,15.078097343444824,-48.40437378388348,-45.0605193924449,0.09472089778008548,0.048810169904749304,50.67362321869576,squat_15.mp4,258
64.70124723295908,62.20925910634497,75.20074233350348,74.45034615620972,16.050769805908203,-34.8562348189048,-36.27210544442872,0.039271581187322664,0.010028609679579402,27.790740893655027,squat_15.mp4,261
81.48263493135528,66.50769444081476,96.01363069460392,88.20571037877954,14.464726448059082,-28.612293481411236,-35.56197089462447,0.20237728443567604,0.08476765002339362,23.49230555918524,squat_15.mp4,264
99.83295134381981,90.16166266796694,109.7957905167626,112.54910672270506,15.081412315368652,-22.21106457270213,-26.241809807275132,0.10180592461692517,0.024766173994783605,0.16166266796693662,squat_15.mp4,267
114.09485657826454,114.86041920512596,124.23014679569677,124.55560570569642,13.474905967712402,-17.647622050346857,-17.504171972818032,0.006687442551755881,0.0026163790066541784,24.09485657826454,squat_15.mp4,270
132.53409718411055,123.0183963825674,142.12669822152904,139.9344877383419,9.811141967773438,-12.281667056590088,-15.086923077468409,0.07447159422109369,0.015544219426908607,33.0183963825674,squat_15.mp4,273
152.28331930958745,136.43076276691326,155.09131151918564,148.81263385613465,9.276663780212402,-7.010952206496847,-11.299742642712276,0.10981491743429218,0.041320145780251984,46.43076276691326,squat_15.mp4,276
162.14582526545308,161.17340750931524,162.82602228455517,164.5658438288349,6.343303203582764,-4.484421271843723,-4.7115284560174535,0.006015217516090375,0.010628373666908053,71.17340750931524,squat_15.mp4,279
179.2966784153456,174.9752332221707,174.10242517114807,176.76039514401543,4.444387912750244,-0.1757464993814567,-1.2564012458863425,0.024396205576673196,0.015151049464174256,84.97523322217069,squat_15.mp4,0
177.89299231294575,173.30001427946718,173.6063746662676,175.2567396941977,4.6059250831604,-0.5266311952631979,-1.6755444090889653,0.026156432202587024,0.009461390212923693,83.30001427946718,squat_15.mp4,3
178.0974108067142,172.79170386820888,174.31214286070121,175.18378634306822,4.010867595672607,-0.47539703513237214,-1.8026143926124514,0.03024150203930225,0.004988003633420316,82.79170386820888,squat_15.mp4,6
179.47810419804384,171.00673445417087,174.70772018952013,174.31521044845067,4.273208141326904,-0.13051146842667344,-2.251250616174711,0.048340862768555246,0.002249191709851276,81.00673445417087,squat_15.mp4,9
176.7264291065888,169.2406566123763,172.51942326455185,173.27462542087068,4.2572712898254395,-0.8178277449804183,-2.6950925965922203,0.04327447785188041,0.00436793032841266,79.24065661237631,squat_15.mp4,12
172.89944008567298,166.0948534974059,167.7540831991993,169.9384068103531,5.887996673583984,-1.7753328445922285,-3.4890384472460076,0.04014572939470118,0.012936761555413907,76.0948534974059,squat_15.mp4,15
153.03843528764094,149.69488550230295,153.12450607498698,153.48738103140528,9.383129119873047,-6.782360074312229,-7.69898334688467,0.02208907679282491,0.0023669986173261454,59.69488550230295,squat_15.mp4,21
143.63060959949934,138.84461095874718,144.55615535621536,146.27665481928602,11.318113327026367,-9.194631995763963,-10.625355881623703,0.03388614853574584,0.011831536215136395,48.84461095874718,squat_15.mp4,24
129.56767014771884,131.12059861204912,134.5071723815887,135.5192694214253,12.458662986755371,-13.053699984505664,-12.697099927573296,0.011914064807890137,0.007496280979585852,39.56767014771884,squat_15.mp4,27
117.54216407047544,103.52663034235374,124.82276991328585,123.05867010438155,13.912875175476074,-16.450849446798927,-21.449910722256167,0.12679793876243567,0.014233415852179748,13.52663034235374,squat_15.mp4,30
106.75890539484405,97.5683089298077,116.76056433300545,118.30323376247276,13.525633811950684,-19.86070703629042,-23.498139026285784,0.08995959246460024,0.013125538189770152,7.568308929807699,squat_15.mp4,33
91.26381703811832,82.27644797011538,101.72618666222371,106.41198984589812,14.553899765014648,-24.801181078105998,-29.24542512141129,0.10357675859923948,0.045025888688820744,7.723552029884615,squat_15.mp4,36
83.45190417783675,62.181464798911506,95.88738895309072,88.42404740820425,14.620904922485352,-27.556527490050495,-38.635686242801285,0.2921094187187453,0.08098620131478464,27.818535201088494,squat_15.mp4,39
69.8510309281952,59.1847146089187,82.47391998295333,73.5865896476679,14.648162841796875,-32.37703616267156,-37.92835214554591,0.16532343460143914,0.1138959542849219,30.815285391081296,squat_15.mp4,42
67.21141584519724,63.87449309921927,79.65355465718164,81.12723899308126,16.435327529907227,-34.116139040104315,-36.88321719509394,0.05091199767921507,0.018331596734187532,26.125506900780728,squat_15.mp4,45
61.5371926449771,58.72774307369871,74.5343240713333,74.42166107520372,16.1345157623291,-36.78748120560832,-38.651703753674205,0.04672100898719574,0.0015127018363008749,31.27225692630129,squat_15.mp4,48
49.92604735132345,48.2628914858066,62.90205164152915,63.06637756376293,16.78189468383789,-43.018676412743766,-43.31414833573087,0.03387664405408419,0.0026090016882877104,41.7371085141934,squat_15.mp4,51
51.9150840660767,49.399557455628454,64.23676436553605,63.21523204757451,17.39068603515625,-41.80376354097329,-43.456147328425835,0.04965771131725978,0.016030071661654335,40.600442544371546,squat_15.mp4,54
48.68498597437504,46.801197704279794,61.4062318928976,60.265742619146366,17.5483455657959,-43.62614308123394,-44.47355377931548,0.0394567715981794,0.01874695102672706,43.198802295720206,squat_15.mp4,57
42.76958915064762,42.92604348836561,54.55370100296792,55.90864188097407,16.993690490722656,-46.95492682049243,-46.259649916754825,0.0036513958273005948,0.024532177077390648,47.23041084935238,squat_15.mp4,60
41.27865450231577,39.955930645377755,52.22187944897324,53.87575027714431,16.545513153076172,-47.43702094988932,-47.71446615687662,0.032565534852751515,0.031176395409405585,50.044069354622245,squat_15.mp4,63
45.50641146766647,43.643164331842826,56.24816731388547,55.19814426517735,17.846033096313477,-44.750857844431145,-45.51575445021979,0.04180047115454468,0.01884356752288221,46.356835668157174,squat_15.mp4,66
39.018244349201964,38.82898780423251,50.17565297028361,53.56629054391097,16.89561653137207,-49.15814721066125,-48.47452605966287,0.004862254950733103,0.0653667640834863,51.17101219576749,squat_15.mp4,69
39.380061842366736,39.45740100848871,50.89330740924312,52.46446966071455,16.921730041503906,-49.27823298986581,-48.15754916418021,0.00196199023472593,0.030402400206575402,50.619938157633264,squat_15.mp4,72
37.12366365882018,39.663580025588125,48.473637458142576,52.091471281586074,17.106657028198242,-50.7026621969137,-48.2403034191839,0.06615464352925272,0.07195008027698294,52.87633634117982,squat_15.mp4,75
40.94047968716205,43.24970139450283,50.17340291768565,54.399184376133846,17.063201904296875,-47.4071342543376,-45.49825542993359,0.05485726904663191,0.0808200613144426,49.05952031283795,squat_15.mp4,78
39.48395639206234,41.99944499331127,52.21644371172416,56.3131339020563,16.666622161865234,-48.81050077397458,-46.993835854351374,0.061742356319957614,0.07549444640632169,50.51604360793766,squat_15.mp4,81
65.2744930686506,61.42588162486319,76.92009909087677,75.09422165227404,17.150209426879883,-35.053052553029474,-37.30393097786544,0.060751382197521395,0.024022439855358145,28.574118375136813,squat_15.mp4,84
75.45416098486285,72.89461015422816,88.96932361673493,90.69906639506836,15.30344295501709,-30.49906862563453,-32.658429070468756,0.03450720637564123,0.01925483696068959,17.10538984577184,squat_15.mp4,87
100.34355616474109,89.54848412417793,114.93660471528808,111.71443759521176,14.246180534362793,-22.200601457293946,-26.482192209408108,0.11369694089482162,0.028432846257659152,0.45151587582206787,squat_15.mp4,90
120.72440212761197,116.63973802632592,132.40009801571392,132.528216200126,11.534562110900879,-15.749374671055293,-17.030897970242616,0.034416859249565016,0.000967191330917499,26.639738026325915,squat_15.mp4,93
141.10890671226468,132.95201667119807,150.21410771041718,146.8320050187251,8.89863109588623,-10.007402377214387,-12.221097065620414,0.05952610784758683,0.022771566748466397,42.952016671198066,squat_15.mp4,96
170.31194540725832,167.9909925645388,170.35196518942828,171.45001403687746,4.765024662017822,-2.426201124276695,-3.0082942770851937,0.013721150969803336,0.0064250584501277215,77.9909925645388,squat_15.mp4,102
177.77921060835814,173.93873721658952,173.33229007564643,174.16635241136868,5.22952938079834,-0.5552763255404682,-1.5154063344143216,0.021838370293688025,0.00480037751948005,83.93873721658952,squat_15.mp4,111
176.96707046878242,167.32508447533172,170.0495560611799,170.5613903290115,6.060110569000244,-0.7582325083185559,-3.1762243700904906,0.05601048908602521,0.0030053894230705996,77.32508447533172,squat_15.mp4,117
169.0267845234808,160.4603852379765,165.86177639933587,164.3004748985414,7.110386371612549,-2.747871435352711,-4.919021933201132,0.051998378520815965,0.009457783224199228,70.46038523797651,squat_15.mp4,120
159.64210775378422,151.1089087380612,158.111005964302,158.80205132655053,8.125207901000977,-5.124481081935278,-7.339293084483894,0.05491984619749073,0.004361103756064627,61.10890873806119,squat_15.mp4,123
149.99314824867406,146.6429057514971,149.98366443956027,147.97205385557422,11.388862609863281,-7.5755584977713175,-8.491528253238798,0.02258823532742268,0.013502748633228054,56.642905751497096,squat_15.mp4,126
135.70505340654364,130.79370415841987,139.4439394457027,138.2987316932853,11.793128967285156,-11.27938021209201,-12.83526690679962,0.03685832754343364,0.008246538047042262,40.79370415841987,squat_15.mp4,129
122.22066426028347,118.01812884524611,130.90271524000025,130.64513050828168,12.78281021118164,-15.238165397619383,-16.606992459234682,0.03498631807720841,0.001969694921260947,28.01812884524611,squat_15.mp4,132
111.79559038158544,98.41218007811537,122.47405788570606,120.16420960689354,13.658341407775879,-18.315335718901174,-23.14306507239753,0.12733506734029912,0.019039439266380135,8.41218007811537,squat_15.mp4,135
90.87993589769415,84.28011176810315,104.89212335201651,103.18553832674449,14.772234916687012,-25.332056444118006,-28.3665270601857,0.07535764253939188,0.0164033468225601,5.719888231896846,squat_15.mp4,138
80.5647228252703,69.41172845994583,93.12497453978982,89.83518051784363,15.26959228515625,-28.60532899941352,-34.5654793470786,0.148729940864041,0.03596186307242569,20.588271540054166,squat_15.mp4,141
69.68123679362208,67.64163411111582,80.68428674911735,83.09176435556836,15.993739128112793,-32.212807332198246,-34.21782617733659,0.029705214711410265,0.029399629435590064,22.35836588888418,squat_15.mp4,144
69.31299913532875,62.64642939809505,80.31777727235632,79.27423105582113,16.572675704956055,-32.86191106219388,-37.02053468240211,0.10103968789990833,0.013077675097480968,27.35357060190495,squat_15.mp4,147
55.236082385999175,48.93478462613056,70.69717707121718,67.7057782061744,15.254108428955078,-39.25513489538665,-44.31596376365937,0.12098003867309447,0.04322738425703882,41.06521537386944,squat_15.mp4,150
46.034858201001555,46.846458921519954,60.06860546544513,60.81893505344093,16.753446578979492,-45.39892656509974,-44.37515145670409,0.01747608121120421,0.012413679437519495,43.965141798998445,squat_15.mp4,153
43.07275939035064,44.377217800191275,57.198730972009756,61.261706484602016,16.456350326538086,-46.82577814133122,-46.41011836280032,0.029833247571886556,0.06859632802015266,46.92724060964936,squat_15.mp4,156
39.9239811833905,43.32901203606083,51.592122945412186,56.463965364423615,16.137920379638672,-48.40752556238999,-46.32528460421147,0.0817996019361085,0.09017247422546149,50.0760188166095,squat_15.mp4,159
36.09197618822263,37.27355780943399,47.41339894339226,49.379381383357426,14.94257640838623,-50.65249957287751,-48.13364043927709,0.03221080954032444,0.040622501664452075,53.90802381177737,squat_15.mp4,162
37.971582534271185,34.960724527813866,47.94326537555384,48.89726941954868,15.228474617004395,-47.70529640422195,-50.79717421773369,0.08256582378216193,0.019702576942875003,55.039275472186134,squat_15.mp4,165
37.37727659501602,36.168204973191806,50.53843538175833,48.22877757230738,14.527046203613281,-49.172828820853425,-47.98377039351171,0.03287956230738372,0.04676972732894915,53.831795026808194,squat_15.mp4,168
49.72182513958739,50.75015418172138,57.70458069656466,59.506059035494,16.17776107788086,-40.8604084800886,-40.50506466343694,0.020469966832153273,0.03073916059237423,40.27817486041261,squat_15.mp4,171
78.41827273220602,78.00685209985369,85.88265392556269,89.34905077237173,16.92767333984375,-28.58329797593881,-29.758210814000176,0.005260288368560219,0.03956358072056003,11.993147900146312,squat_15.mp4,174
93.97528342781253,77.80992979401603,103.79456043625935,104.53276395447972,14.786759376525879,-23.95215471606767,-31.43356578853476,0.18820425030321977,0.007086958183515072,12.190070205983972,squat_15.mp4,177
107.7347262634887,106.98872361073626,119.73083186399914,120.9969839125358,12.238907814025879,-19.490284925605085,-19.994776023596838,0.006948497271158893,0.010519366401031188,16.98872361073626,squat_15.mp4,180
126.99025253487198,120.94298361400453,136.7830200786364,135.5453564895312,9.636045455932617,-13.830215206653374,-15.741186134561449,0.04878143015272263,0.009089494122515035,30.942983614004532,squat_15.mp4,183
150.54751021842412,150.66158221373607,154.86372122388224,155.86077847189895,7.937845706939697,-7.455543162180078,-7.451588890305318,0.0007574273033450186,0.006417628793306597,60.54751021842412,squat_15.mp4,186
177.0168560064273,172.52745442161043,173.48334946310445,174.19866372806177,4.949554443359375,-0.7457234774790868,-1.869293063427431,0.025687167268260418,0.004114761407366947,82.52745442161043,squat_15.mp4,195
176.95316051112871,174.94336128076012,173.09274472003398,173.515928912336,5.269704341888428,-0.7611421061702704,-1.2645284699352706,0.011422671756654602,0.0024418557554671395,84.94336128076012,squat_15.mp4,198
176.95328901601556,172.21018475948807,172.6934634396991,173.0538363044931,5.537887096405029,-0.7617668441734627,-1.9488335342784748,0.0271683873759206,0.0020846026277610537,82.21018475948807,squat_15.mp4,204
145.5116681653449,133.2753943362006,148.3618751519661,146.75851872394313,10.358902931213379,-8.772939600344971,-12.170700039981428,0.08778222145137356,0.010865778585922789,43.275394336200605,squat_15.mp4,216
130.69709561066742,119.86859382623611,135.07024622681095,134.51453780792318,12.346863746643066,-12.704279387083563,-16.07218970774354,0.08643243860535103,0.004122698696645847,29.868593826236108,squat_15.mp4,219
117.98121241728946,116.3576410880178,125.11723147447695,128.88089253693127,13.126192092895508,-16.310960141035647,-17.13122113420298,0.013856612379772397,0.029635345356214322,26.3576410880178,squat_15.mp4,222
106.12697577164587,95.34666303113393,115.46577708548564,113.27863489859574,14.671819686889648,-20.134938308495318,-24.17627023636429,0.10701462290125874,0.019123021785923292,5.346663031133929,squat_15.mp4,225
87.89954797670708,79.22501464885677,97.86247192369362,93.32933718178191,16.178653717041016,-26.020255291737286,-29.86960979218802,0.10380919706321412,0.04741975886018106,10.77498535114323,squat_15.mp4,228
79.87969077354026,75.24617495632681,91.97528047959626,91.13527360222766,15.628247261047363,-29.134125088149705,-31.54854765692937,0.05973879076081556,0.009174860308633518,14.753825043673189,squat_15.mp4,231
69.01414504261474,62.809991055935434,80.13383826998223,79.07390668446983,16.9097843170166,-33.34987310443609,-36.9167498150763,0.09412773973411297,0.013315075668154699,27.190008944064566,squat_15.mp4,234
63.96107161365236,59.26931281267476,76.2886766460422,73.11386773858119,17.290586471557617,-35.88298346212363,-38.186072056356544,0.07614613591962863,0.04250006478186548,30.730687187325238,squat_15.mp4,237
48.630623961079216,45.345207227714894,62.993333234219364,61.76668198349391,16.053987503051758,-43.593166155753174,-45.74275123794019,0.06992046128890388,0.019664172829489922,44.654792772285106,squat_15.mp4,240
45.19787911497234,45.11800851053889,59.752750854068246,62.15314775164158,15.91252326965332,-45.74779417893663,-46.05562455244979,0.0017686944464217254,0.039381144391333125,44.88199148946111,squat_15.mp4,243
51.721662419789546,47.8133694588787,65.79218120496667,61.58005489443109,16.98235321044922,-42.00287401996791,-44.321996798056496,0.07853100334915251,0.06613884531709951,42.1866305411213,squat_15.mp4,246
39.47095724226699,39.69181679905058,53.54799773771048,52.52466141636586,15.380535125732422,-48.7858168314652,-47.2440043025166,0.00557988421851699,0.01929500645134521,50.52904275773301,squat_15.mp4,249
38.88687210768005,38.58743428989044,51.50233247471634,52.29897809789916,15.210413932800293,-48.74027176137084,-48.185680015852626,0.007729990282275044,0.015349432849896736,51.41256571010956,squat_15.mp4,252
38.20114777013548,39.62602623858294,51.37937919836648,53.291813727415686,14.958917617797852,-49.38598476845114,-46.63172340010511,0.03661647712630144,0.03654175471956706,51.79885222986452,squat_15.mp4,255
39.32637678130424,43.236596245552676,52.74020450573755,55.378859446462215,15.078097343444824,-48.40437378388348,-45.0605193924449,0.09472089778008548,0.048810169904749304,50.67362321869576,squat_15.mp4,258
64.70124723295908,62.20925910634497,75.20074233350348,74.45034615620972,16.050769805908203,-34.8562348189048,-36.27210544442872,0.039271581187322664,0.010028609679579402,27.790740893655027,squat_15.mp4,261
81.48263493135528,66.50769444081476,96.01363069460392,88.20571037877954,14.464726448059082,-28.612293481411236,-35.56197089462447,0.20237728443567604,0.08476765002339362,23.49230555918524,squat_15.mp4,264
99.83295134381981,90.16166266796694,109.7957905167626,112.54910672270506,15.081412315368652,-22.21106457270213,-26.241809807275132,0.10180592461692517,0.024766173994783605,0.16166266796693662,squat_15.mp4,267
114.09485657826454,114.86041920512596,124.23014679569677,124.55560570569642,13.474905967712402,-17.647622050346857,-17.504171972818032,0.006687442551755881,0.0026163790066541784,24.09485657826454,squat_15.mp4,270
132.53409718411055,123.0183963825674,142.12669822152904,139.9344877383419,9.811141967773438,-12.281667056590088,-15.086923077468409,0.07447159422109369,0.015544219426908607,33.0183963825674,squat_15.mp4,273
152.28331930958745,136.43076276691326,155.09131151918564,148.81263385613465,9.276663780212402,-7.010952206496847,-11.299742642712276,0.10981491743429218,0.041320145780251984,46.43076276691326,squat_15.mp4,276
162.14582526545308,161.17340750931524,162.82602228455517,164.5658438288349,6.343303203582764,-4.484421271843723,-4.7115284560174535,0.006015217516090375,0.010628373666908053,71.17340750931524,squat_15.mp4,279
139.13005340100491,119.30376890823291,138.56866639747608,128.40474360060688,17.39903450012207,-10.526201624152591,-16.24644581007566,0.15343413114904275,0.07614183597491739,29.30376890823291,squat_16.mp4,0
132.71645107554394,112.30590062058788,134.75945427204178,123.74208641034757,17.06417465209961,-12.30728943532497,-18.40459324217122,0.16660153911401945,0.08524024911117119,22.305900620587877,squat_16.mp4,3
91.4546986399156,75.70972608978383,45.86376722822034,15.170980848486389,43.278934478759766,-14.135062588712717,-28.255273552987443,0.18837707335865264,1.0057479500418396,14.290273910216172,squat_16.mp4,6
40.77045399076465,43.469720557363395,46.97864615296844,61.71952268227073,62.7852897644043,-39.75906643486918,-38.31310886815699,0.06408501836749167,0.2712258483700124,49.22954600923535,squat_16.mp4,9
32.817650797898665,49.00800449056426,48.129147311024404,69.11193135278249,68.62321472167969,-34.23486220815082,-25.18817474120216,0.3957280546202572,0.35794252800977705,57.182349202101335,squat_16.mp4,12
29.766520443212215,31.45167296676417,43.38349178080097,65.50481541780434,61.51008987426758,-40.939901671864554,-33.81426163653617,0.05505397757384118,0.4063121965273183,60.233479556787785,squat_16.mp4,15
42.982315776303466,70.28824664367156,58.53914490856764,91.50801733681999,64.55317687988281,-6.191544319190553,-15.735801072781374,0.4821364047990769,0.43944679705884665,47.017684223696534,squat_16.mp4,18
34.92191888486653,63.68402436407385,32.689524868996386,44.3665913041945,38.47560119628906,-38.678710963289575,-32.46645366632926,0.5833746837468927,0.3030795481296463,55.07808111513347,squat_16.mp4,21
35.790195819419836,39.33213168776453,37.58372867950918,51.674989587915434,52.65482711791992,-9.853869513921843,-23.740529905330753,0.09429782025872294,0.3157397099561293,54.209804180580164,squat_16.mp4,24
29.119244015746172,31.552420843486686,36.57999468571508,47.88057452991175,55.347755432128906,-17.970051103565822,-6.941965049695152,0.08020801253388514,0.26759421465290917,60.880755984253824,squat_16.mp4,27
34.29454859290083,46.624664703628405,54.245084236431644,65.05261218484651,63.26667785644531,-2.833534862993869,-24.483879182801928,0.30475126013753356,0.18118586146458424,55.70545140709917,squat_16.mp4,30
39.33499810081866,50.142414953207776,60.2223412938352,85.36681175897999,70.57622528076172,-31.481305713906625,-28.192053931788212,0.24156748577126613,0.34541681077055464,50.66500189918134,squat_16.mp4,33
45.37814120970505,46.85563351751203,46.01435258189596,56.64229665775269,58.249271392822266,-36.992696276616506,-33.591888173358484,0.03203798851725827,0.2070580747486922,44.62185879029495,squat_16.mp4,36
153.3046462406529,127.98128222900915,151.7262625864725,135.47241035466394,15.271927833557129,-6.688793117862339,-13.493801919998912,0.18005425404260825,0.1131889090249377,37.98128222900915,squat_16.mp4,39
158.38534765716176,151.5862520987643,161.1367621959949,156.5189866159513,10.031815528869629,-5.441264086271936,-6.926007105005501,0.0438691516497067,0.029074087891148764,61.586252098764305,squat_16.mp4,42
172.3420631770387,173.65634264422806,168.98643643657346,167.24970932051403,9.018810272216797,-1.9147467590757354,-1.5647912657974583,0.007597026142763627,0.010330401046853059,82.34206317703871,squat_16.mp4,45
139.13005340100491,119.30376890823291,138.56866639747608,128.40474360060688,17.39903450012207,-10.526201624152591,-16.24644581007566,0.15343413114904275,0.07614183597491739,29.30376890823291,squat_16.mp4,0
132.71645107554394,112.30590062058788,134.75945427204178,123.74208641034757,17.06417465209961,-12.30728943532497,-18.40459324217122,0.16660153911401945,0.08524024911117119,22.305900620587877,squat_16.mp4,3
91.4546986399156,75.70972608978383,45.86376722822034,15.170980848486389,43.278934478759766,-14.135062588712717,-28.255273552987443,0.18837707335865264,1.0057479500418396,14.290273910216172,squat_16.mp4,6
40.77045399076465,43.469720557363395,46.97864615296844,61.71952268227073,62.7852897644043,-39.75906643486918,-38.31310886815699,0.06408501836749167,0.2712258483700124,49.22954600923535,squat_16.mp4,9
32.817650797898665,49.00800449056426,48.129147311024404,69.11193135278249,68.62321472167969,-34.23486220815082,-25.18817474120216,0.3957280546202572,0.35794252800977705,57.182349202101335,squat_16.mp4,12
29.766520443212215,31.45167296676417,43.38349178080097,65.50481541780434,61.51008987426758,-40.939901671864554,-33.81426163653617,0.05505397757384118,0.4063121965273183,60.233479556787785,squat_16.mp4,15
42.982315776303466,70.28824664367156,58.53914490856764,91.50801733681999,64.55317687988281,-6.191544319190553,-15.735801072781374,0.4821364047990769,0.43944679705884665,47.017684223696534,squat_16.mp4,18
34.92191888486653,63.68402436407385,32.689524868996386,44.3665913041945,38.47560119628906,-38.678710963289575,-32.46645366632926,0.5833746837468927,0.3030795481296463,55.07808111513347,squat_16.mp4,21
35.790195819419836,39.33213168776453,37.58372867950918,51.674989587915434,52.65482711791992,-9.853869513921843,-23.740529905330753,0.09429782025872294,0.3157397099561293,54.209804180580164,squat_16.mp4,24
29.119244015746172,31.552420843486686,36.57999468571508,47.88057452991175,55.347755432128906,-17.970051103565822,-6.941965049695152,0.08020801253388514,0.26759421465290917,60.880755984253824,squat_16.mp4,27
34.29454859290083,46.624664703628405,54.245084236431644,65.05261218484651,63.26667785644531,-2.833534862993869,-24.483879182801928,0.30475126013753356,0.18118586146458424,55.70545140709917,squat_16.mp4,30
39.33499810081866,50.142414953207776,60.2223412938352,85.36681175897999,70.57622528076172,-31.481305713906625,-28.192053931788212,0.24156748577126613,0.34541681077055464,50.66500189918134,squat_16.mp4,33
45.37814120970505,46.85563351751203,46.01435258189596,56.64229665775269,58.249271392822266,-36.992696276616506,-33.591888173358484,0.03203798851725827,0.2070580747486922,44.62185879029495,squat_16.mp4,36
153.3046462406529,127.98128222900915,151.7262625864725,135.47241035466394,15.271927833557129,-6.688793117862339,-13.493801919998912,0.18005425404260825,0.1131889090249377,37.98128222900915,squat_16.mp4,39
158.38534765716176,151.5862520987643,161.1367621959949,156.5189866159513,10.031815528869629,-5.441264086271936,-6.926007105005501,0.0438691516497067,0.029074087891148764,61.586252098764305,squat_16.mp4,42
172.3420631770387,173.65634264422806,168.98643643657346,167.24970932051403,9.018810272216797,-1.9147467590757354,-1.5647912657974583,0.007597026142763627,0.010330401046853059,82.34206317703871,squat_16.mp4,45
148.51793824035403,150.4765706394028,149.1336375813473,151.2773464015514,8.669740676879883,-7.972110490694671,-7.466228995024402,0.013101460668205528,0.014271840475221308,58.51793824035403,squat_17.mp4,0
154.2751116900549,157.14489304221382,156.40746982790205,159.43272533084127,6.378678321838379,-6.499515702579895,-5.757289066639354,0.018430295475887027,0.019156874579682324,64.2751116900549,squat_17.mp4,3
162.2964907440638,162.71014152130454,165.9121970790348,166.46202865918883,3.4524033069610596,-4.451401331119775,-4.341540048064913,0.002545491298792946,0.003308509129628355,72.29649074406379,squat_17.mp4,6
166.82914172450901,166.95392784734577,170.84888684324682,170.9966685530845,1.8419960737228394,-3.30350947029145,-3.2714349461414045,0.0007477079229741426,0.0008646109771200697,76.82914172450901,squat_17.mp4,9
169.378510647607,153.3847059163162,172.59514147855378,157.91959730299988,1.7532649040222168,-2.6610254420467925,-6.6012009387294786,0.09910549846142847,0.08880417393581581,63.38470591631619,squat_17.mp4,12
170.81001606597155,171.1431024211022,174.53911825678597,174.7754273159256,1.6563801765441895,-2.3005159950089005,-2.2164606636713495,0.0019481404737839915,0.0013529872267540827,80.81001606597155,squat_17.mp4,15
174.43683038015058,174.48907114940891,178.08991654530786,179.4314489214046,0.14240595698356628,-1.39073637930331,-1.3771092045248228,0.0002994376114202417,0.007504627726768157,84.43683038015058,squat_17.mp4,18
175.67034237848642,175.42431297008622,179.85463003741117,177.71921059794707,0.5760694742202759,-1.0808582444933836,-1.1427296785825418,0.0014014990239936422,0.011943935471732286,85.42431297008622,squat_17.mp4,21
175.51637666987537,173.72298935097862,178.66822024216285,179.3685092805262,0.15501978993415833,-1.120343961652712,-1.569144468541954,0.010270247248070312,0.003911827925011742,83.72298935097862,squat_17.mp4,24
170.98554572828968,169.69236666889998,173.11672480881964,173.064716684233,2.0559911727905273,-2.2570444072194036,-2.5703221641536693,0.007591798659855639,0.0003004674332762752,79.69236666889998,squat_17.mp4,27
167.0490963836608,165.80345249878258,168.65944648452745,168.74946612244398,3.8142902851104736,-3.2478291095660445,-3.560974099859383,0.0074846588320293716,0.0005335937170182896,75.80345249878258,squat_17.mp4,30
162.5768193847101,161.94508218432188,164.2204558355749,164.59030845293137,4.953848838806152,-4.380097080479637,-4.536093709593396,0.003893340926044297,0.0022496381355200405,71.94508218432188,squat_17.mp4,33
155.70214421856332,157.34293403887273,156.8295955290751,158.13705463621517,6.811600208282471,-6.131837228010715,-5.701299948955716,0.010482770273488129,0.008302206639680263,65.70214421856332,squat_17.mp4,36
147.86600351115933,149.2714808269553,147.80673931125736,149.50494910600463,9.304817199707031,-8.135727271846994,-7.770402153761789,0.009460114525279223,0.011423767452855194,57.866003511159334,squat_17.mp4,39
140.49359358997316,143.0490656871051,140.4915322242052,143.55426661510614,11.241361618041992,-10.032318338705357,-9.388273714610763,0.01802530951531162,0.021565074388821177,50.49359358997316,squat_17.mp4,42
133.22652819509878,136.26429302468316,133.3390513620296,136.06772206435977,12.491068840026855,-11.89793436484971,-11.138524166924864,0.02254447714274425,0.020256882688034748,43.22652819509878,squat_17.mp4,45
126.24195567930607,127.35188663618919,125.58138397830854,128.20063349593192,13.355497360229492,-13.70658499516165,-13.369325676408305,0.0087536112608149,0.020641726657321165,36.24195567930607,squat_17.mp4,48
120.92034586759866,122.43153886769022,120.04915102914664,120.9930238615866,14.301393508911133,-15.062014172386514,-14.502162238902295,0.012419817514340587,0.00783159903753621,30.920345867598655,squat_17.mp4,51
114.56170862899444,114.71213973791194,113.8215977058105,114.55612715967614,15.167693138122559,-16.77957036995009,-16.531449257893282,0.0013122395771607354,0.00643258403855514,24.561708628994438,squat_17.mp4,54
116.15717140551573,113.76812417215109,112.77081603999738,112.1004635873503,16.50544548034668,-16.310783476034306,-16.824811766936236,0.02078107349921954,0.005962099328629029,23.76812417215109,squat_17.mp4,57
113.9379854836912,114.23616486498747,111.19305321419442,112.32922428563565,15.910508155822754,-16.782168483077093,-16.495229757824486,0.002613612285533868,0.010166065630233114,23.937985483691193,squat_17.mp4,60
114.98054526624696,114.72887386331199,112.16412449942356,112.11641712970463,16.406723022460938,-16.59933339940741,-16.31650267926357,0.002191215352758595,0.00042542584722150915,24.72887386331199,squat_17.mp4,63
117.35975740085483,116.43872294313499,114.31893806581485,114.90185889267987,15.51242733001709,-15.94699712846683,-16.03936636763369,0.007878874630534083,0.005086107670854759,26.43872294313499,squat_17.mp4,66
123.07330780629194,124.70584668411038,121.97949291904843,122.31752121384433,14.882523536682129,-14.557174713244892,-13.802430406170695,0.013177370640206004,0.002767355106616439,33.073307806291936,squat_17.mp4,69
131.96937072721437,135.48941406136458,131.8166625723755,134.43762981185074,12.610492706298828,-12.258299101435817,-11.283116466455178,0.02632213660084295,0.01968769942452596,41.96937072721437,squat_17.mp4,72
141.71021328043312,144.63504498472386,142.11230960341837,145.57487157257103,10.311285018920898,-9.699125909397276,-8.967287529543956,0.02042870709304592,0.024071715361098943,51.71021328043312,squat_17.mp4,75
149.54421300082166,151.97398729282227,151.67780864443313,153.08048084803568,8.025813102722168,-7.719639433430088,-7.085558357393578,0.016116932839439185,0.009205145533127242,59.54421300082166,squat_17.mp4,78
157.03770191618696,158.20983013307253,160.8356468384173,162.40150535251797,4.606647491455078,-5.7937660194677525,-5.486999773635927,0.007436240399829144,0.009688604812207567,67.03770191618696,squat_17.mp4,81
164.24852311055378,164.23410002615194,167.97862301841405,167.78842517915504,2.5644643306732178,-3.955008358372046,-3.955780992078387,8.781642245859941e-05,0.0011329154559985245,74.23410002615194,squat_17.mp4,84
166.7463191629235,170.95030433533822,169.43356893147217,169.42035440673504,2.5847108364105225,-3.3242338589546185,-2.248369917879265,0.024897999446158857,7.799540643909497e-05,76.7463191629235,squat_17.mp4,87
172.53262935141984,171.7337111745304,176.12308248148574,176.1436436461313,0.4127364158630371,-1.868547985978519,-2.065829589411532,0.004641279630584208,0.00011673634277969131,81.73371117453041,squat_17.mp4,90
174.90038037534242,174.24847502346506,179.0704302554743,179.86152357977852,1.0786324739456177,-1.2749697759485086,-1.4382691660706066,0.0037342545553112924,0.004408040665375444,84.24847502346506,squat_17.mp4,93
174.5581707655081,176.3633651919785,179.38166038430944,177.7627908559025,0.890049934387207,-1.360633548125622,-0.9083746832067489,0.010288308020452122,0.009065628894892788,84.5581707655081,squat_17.mp4,96
175.64760298010577,174.64419443670008,178.79992184519688,179.23510556077616,0.4340663254261017,-1.087985180396237,-1.339402902432136,0.005728986809312923,0.002430956092381619,84.64419443670008,squat_17.mp4,99
171.81510764249236,171.54013994077383,175.9292186617268,175.82955508797014,0.4285522699356079,-2.047836671761818,-2.1171055383510415,0.0016016513721803887,0.0005666586376468095,81.54013994077383,squat_17.mp4,102
168.320468989527,168.93606778277086,171.8734365268857,173.33873447530885,1.3325889110565186,-2.9274285669980435,-2.771319104029594,0.003650626310377431,0.008489260063856944,78.320468989527,squat_17.mp4,105
165.12722177818196,165.77133523016366,165.63837829055933,165.83547362131088,4.855082035064697,-3.73132895131746,-3.5643781021322476,0.0038931173215448643,0.001189205903360086,75.12722177818196,squat_17.mp4,108
148.51793824035403,150.4765706394028,149.1336375813473,151.2773464015514,8.669740676879883,-7.972110490694671,-7.466228995024402,0.013101460668205528,0.014271840475221308,58.51793824035403,squat_17.mp4,0
154.2751116900549,157.14489304221382,156.40746982790205,159.43272533084127,6.378678321838379,-6.499515702579895,-5.757289066639354,0.018430295475887027,0.019156874579682324,64.2751116900549,squat_17.mp4,3
162.2964907440638,162.71014152130454,165.9121970790348,166.46202865918883,3.4524033069610596,-4.451401331119775,-4.341540048064913,0.002545491298792946,0.003308509129628355,72.29649074406379,squat_17.mp4,6
166.82914172450901,166.95392784734577,170.84888684324682,170.9966685530845,1.8419960737228394,-3.30350947029145,-3.2714349461414045,0.0007477079229741426,0.0008646109771200697,76.82914172450901,squat_17.mp4,9
169.378510647607,153.3847059163162,172.59514147855378,157.91959730299988,1.7532649040222168,-2.6610254420467925,-6.6012009387294786,0.09910549846142847,0.08880417393581581,63.38470591631619,squat_17.mp4,12
170.81001606597155,171.1431024211022,174.53911825678597,174.7754273159256,1.6563801765441895,-2.3005159950089005,-2.2164606636713495,0.0019481404737839915,0.0013529872267540827,80.81001606597155,squat_17.mp4,15
174.43683038015058,174.48907114940891,178.08991654530786,179.4314489214046,0.14240595698356628,-1.39073637930331,-1.3771092045248228,0.0002994376114202417,0.007504627726768157,84.43683038015058,squat_17.mp4,18
175.67034237848642,175.42431297008622,179.85463003741117,177.71921059794707,0.5760694742202759,-1.0808582444933836,-1.1427296785825418,0.0014014990239936422,0.011943935471732286,85.42431297008622,squat_17.mp4,21
175.51637666987537,173.72298935097862,178.66822024216285,179.3685092805262,0.15501978993415833,-1.120343961652712,-1.569144468541954,0.010270247248070312,0.003911827925011742,83.72298935097862,squat_17.mp4,24
170.98554572828968,169.69236666889998,173.11672480881964,173.064716684233,2.0559911727905273,-2.2570444072194036,-2.5703221641536693,0.007591798659855639,0.0003004674332762752,79.69236666889998,squat_17.mp4,27
167.0490963836608,165.80345249878258,168.65944648452745,168.74946612244398,3.8142902851104736,-3.2478291095660445,-3.560974099859383,0.0074846588320293716,0.0005335937170182896,75.80345249878258,squat_17.mp4,30
162.5768193847101,161.94508218432188,164.2204558355749,164.59030845293137,4.953848838806152,-4.380097080479637,-4.536093709593396,0.003893340926044297,0.0022496381355200405,71.94508218432188,squat_17.mp4,33
155.70214421856332,157.34293403887273,156.8295955290751,158.13705463621517,6.811600208282471,-6.131837228010715,-5.701299948955716,0.010482770273488129,0.008302206639680263,65.70214421856332,squat_17.mp4,36
147.86600351115933,149.2714808269553,147.80673931125736,149.50494910600463,9.304817199707031,-8.135727271846994,-7.770402153761789,0.009460114525279223,0.011423767452855194,57.866003511159334,squat_17.mp4,39
140.49359358997316,143.0490656871051,140.4915322242052,143.55426661510614,11.241361618041992,-10.032318338705357,-9.388273714610763,0.01802530951531162,0.021565074388821177,50.49359358997316,squat_17.mp4,42
133.22652819509878,136.26429302468316,133.3390513620296,136.06772206435977,12.491068840026855,-11.89793436484971,-11.138524166924864,0.02254447714274425,0.020256882688034748,43.22652819509878,squat_17.mp4,45
126.24195567930607,127.35188663618919,125.58138397830854,128.20063349593192,13.355497360229492,-13.70658499516165,-13.369325676408305,0.0087536112608149,0.020641726657321165,36.24195567930607,squat_17.mp4,48
120.92034586759866,122.43153886769022,120.04915102914664,120.9930238615866,14.301393508911133,-15.062014172386514,-14.502162238902295,0.012419817514340587,0.00783159903753621,30.920345867598655,squat_17.mp4,51
114.56170862899444,114.71213973791194,113.8215977058105,114.55612715967614,15.167693138122559,-16.77957036995009,-16.531449257893282,0.0013122395771607354,0.00643258403855514,24.561708628994438,squat_17.mp4,54
116.15717140551573,113.76812417215109,112.77081603999738,112.1004635873503,16.50544548034668,-16.310783476034306,-16.824811766936236,0.02078107349921954,0.005962099328629029,23.76812417215109,squat_17.mp4,57
113.9379854836912,114.23616486498747,111.19305321419442,112.32922428563565,15.910508155822754,-16.782168483077093,-16.495229757824486,0.002613612285533868,0.010166065630233114,23.937985483691193,squat_17.mp4,60
114.98054526624696,114.72887386331199,112.16412449942356,112.11641712970463,16.406723022460938,-16.59933339940741,-16.31650267926357,0.002191215352758595,0.00042542584722150915,24.72887386331199,squat_17.mp4,63
117.35975740085483,116.43872294313499,114.31893806581485,114.90185889267987,15.51242733001709,-15.94699712846683,-16.03936636763369,0.007878874630534083,0.005086107670854759,26.43872294313499,squat_17.mp4,66
123.07330780629194,124.70584668411038,121.97949291904843,122.31752121384433,14.882523536682129,-14.557174713244892,-13.802430406170695,0.013177370640206004,0.002767355106616439,33.073307806291936,squat_17.mp4,69
131.96937072721437,135.48941406136458,131.8166625723755,134.43762981185074,12.610492706298828,-12.258299101435817,-11.283116466455178,0.02632213660084295,0.01968769942452596,41.96937072721437,squat_17.mp4,72
141.71021328043312,144.63504498472386,142.11230960341837,145.57487157257103,10.311285018920898,-9.699125909397276,-8.967287529543956,0.02042870709304592,0.024071715361098943,51.71021328043312,squat_17.mp4,75
149.54421300082166,151.97398729282227,151.67780864443313,153.08048084803568,8.025813102722168,-7.719639433430088,-7.085558357393578,0.016116932839439185,0.009205145533127242,59.54421300082166,squat_17.mp4,78
157.03770191618696,158.20983013307253,160.8356468384173,162.40150535251797,4.606647491455078,-5.7937660194677525,-5.486999773635927,0.007436240399829144,0.009688604812207567,67.03770191618696,squat_17.mp4,81
164.24852311055378,164.23410002615194,167.97862301841405,167.78842517915504,2.5644643306732178,-3.955008358372046,-3.955780992078387,8.781642245859941e-05,0.0011329154559985245,74.23410002615194,squat_17.mp4,84
166.7463191629235,170.95030433533822,169.43356893147217,169.42035440673504,2.5847108364105225,-3.3242338589546185,-2.248369917879265,0.024897999446158857,7.799540643909497e-05,76.7463191629235,squat_17.mp4,87
172.53262935141984,171.7337111745304,176.12308248148574,176.1436436461313,0.4127364158630371,-1.868547985978519,-2.065829589411532,0.004641279630584208,0.00011673634277969131,81.73371117453041,squat_17.mp4,90
174.90038037534242,174.24847502346506,179.0704302554743,179.86152357977852,1.0786324739456177,-1.2749697759485086,-1.4382691660706066,0.0037342545553112924,0.004408040665375444,84.24847502346506,squat_17.mp4,93
174.5581707655081,176.3633651919785,179.38166038430944,177.7627908559025,0.890049934387207,-1.360633548125622,-0.9083746832067489,0.010288308020452122,0.009065628894892788,84.5581707655081,squat_17.mp4,96
175.64760298010577,174.64419443670008,178.79992184519688,179.23510556077616,0.4340663254261017,-1.087985180396237,-1.339402902432136,0.005728986809312923,0.002430956092381619,84.64419443670008,squat_17.mp4,99
171.81510764249236,171.54013994077383,175.9292186617268,175.82955508797014,0.4285522699356079,-2.047836671761818,-2.1171055383510415,0.0016016513721803887,0.0005666586376468095,81.54013994077383,squat_17.mp4,102
168.320468989527,168.93606778277086,171.8734365268857,173.33873447530885,1.3325889110565186,-2.9274285669980435,-2.771319104029594,0.003650626310377431,0.008489260063856944,78.320468989527,squat_17.mp4,105
165.12722177818196,165.77133523016366,165.63837829055933,165.83547362131088,4.855082035064697,-3.73132895131746,-3.5643781021322476,0.0038931173215448643,0.001189205903360086,75.12722177818196,squat_17.mp4,108
177.09532060146776,178.86564058566333,167.9860530844195,170.80016360857434,0.6777104735374451,0.722917072834358,-0.28164582981526093,0.009946708640697806,0.016612898550739878,87.09532060146776,squat_18.mp4,0
172.98275428916696,178.39063207751462,164.39740413912983,171.90359398736973,1.7768011093139648,1.7497008409450208,-0.4009997678673841,0.030781373878465457,0.0446397119845386,82.98275428916696,squat_18.mp4,3
173.57028830257616,175.74186219067127,165.52686605407362,170.05613952853858,1.2491880655288696,1.6024155982282506,-1.0617768884374859,0.012433428868871194,0.026993461522889683,83.57028830257616,squat_18.mp4,6
171.67085989070193,174.56707270935777,164.01212040104144,169.48943650495553,1.027350902557373,2.072474418446921,-1.3546774176853156,0.01672961016666688,0.03284731954314664,81.67085989070193,squat_18.mp4,9
169.80917797908683,172.88908720036866,162.5052671400388,168.24620442677573,1.3448482751846313,2.5263158029566273,-1.7692637431415643,0.017974466370111502,0.03471450790251266,79.80917797908683,squat_18.mp4,12
166.91700437288674,167.96136926359281,161.2600711245468,165.4304770038918,1.2578070163726807,3.167473132093505,-2.9275501254151686,0.006237278802839427,0.025531230721161844,76.91700437288674,squat_18.mp4,15
165.0242816429705,165.60692399021642,159.86187381438086,163.51365555133276,1.0466728210449219,3.569518512282501,-3.524692616649731,0.00352442441801652,0.02258539317501672,75.0242816429705,squat_18.mp4,18
162.69818374262417,161.08625218871202,159.1885462236393,159.79981052956526,0.23291100561618805,4.074326691745875,-4.5838241898111844,0.009956819260169624,0.003832517977443891,71.08625218871202,squat_18.mp4,21
162.24110721672307,160.1944467639283,157.68316446821663,158.36444186019318,0.3819270730018616,4.05502333464267,-4.710211358098171,0.012695004800355045,0.004311232727822813,70.19444676392831,squat_18.mp4,24
163.3402890046234,161.43924538178916,158.16806370131283,159.3422759034803,0.27083620429039,3.714804685588336,-4.3167791226101295,0.011706671274258522,0.007396371429220327,71.43924538178916,squat_18.mp4,27
165.36299445913838,163.54703465935253,159.39880595964362,161.87235525893612,0.6290644407272339,3.3900197604584674,-3.987047976534309,0.011042289009263616,0.015398514388346225,73.54703465935253,squat_18.mp4,30
169.7918976397784,169.64859928978885,162.63330802382404,165.64763348337527,0.6195767521858215,2.3366260988785106,-2.4581394785424973,0.0008443208826628831,0.01836430373150447,79.64859928978885,squat_18.mp4,33
169.60953876476813,171.33111163005617,163.61773227528644,166.8093422421998,0.6742871999740601,2.517475745633592,-2.1100451081548375,0.01009895923700727,0.019318089908788312,79.60953876476813,squat_18.mp4,36
170.7985189897,172.128595374881,164.24368044870877,168.23628381020717,0.7165559530258179,2.2849620307694685,-1.9638947655289472,0.00775719579739582,0.024017106536917156,80.7985189897,squat_18.mp4,39
171.966005315877,172.200641166874,166.48390006024653,167.90577580607308,0.3326229751110077,2.003359905459554,-1.94107919212668,0.0013635013932633015,0.008504304100554728,81.966005315877,squat_18.mp4,42
174.530584130027,175.5374827673974,168.49929028781392,168.89466221184563,0.009823540225625038,1.3630611102337515,-1.1113278685965784,0.00575258775411489,0.00234368115434497,84.530584130027,squat_18.mp4,45
175.63372001119143,177.10788279529643,168.87666262269067,170.28296840254657,0.32455843687057495,1.0888137157004747,-0.7207065073003641,0.008358315392209194,0.008292884242177124,85.63372001119143,squat_18.mp4,48
177.19006880381912,178.8194854312846,169.5591966349364,171.56792541861412,0.5826861262321472,0.6993137014669888,-0.2932826889912438,0.009153780330229174,0.011777010116260369,87.19006880381912,squat_18.mp4,51
178.0782716127041,178.34447839332674,169.5270581740373,171.2100954298292,0.47856006026268005,0.47841355314316386,-0.4127120179241782,0.0014937698596295247,0.009878800934919846,88.0782716127041,squat_18.mp4,54
179.60090547966524,179.9476608437256,170.63392904671986,171.64651842081162,0.35762453079223633,-0.0992998961105897,0.012509380002935961,0.0019288374174657268,0.005916723444670698,89.60090547966524,squat_18.mp4,57
179.5960323301021,178.98374412259662,170.76507044873122,172.17744752410613,0.4603898823261261,-0.10045148932497355,0.25301370377880056,0.003415073842494041,0.00823681521745153,88.98374412259662,squat_18.mp4,60
179.27800753009382,179.87488546555693,171.04917334212513,171.80362548266226,0.3945785462856293,-0.17977400416062939,0.030412428239170123,0.0033238097039098077,0.004401026581222009,89.27800753009382,squat_18.mp4,63
179.66720904766444,179.8991294445406,171.26072510041323,171.47651697993706,0.2540651857852936,-0.08312645165783239,0.023769327909447566,0.0012900006037755186,0.0012592263286826876,89.66720904766444,squat_18.mp4,66
179.00141993758055,179.5878801972948,171.06340802606334,171.77337855554427,0.4561977684497833,-0.24869695644881373,0.10249425035793491,0.003270930055602104,0.0041417406606798195,89.00141993758055,squat_18.mp4,69
179.0272280331508,179.34958153643115,169.4236658107761,171.42728013677907,0.5930461883544922,0.2422408085535464,-0.16179333465643642,0.0017989640773212589,0.011756542558114301,89.0272280331508,squat_18.mp4,72
176.379878137486,177.40927439340115,167.87463414348227,170.2852753172783,0.587214469909668,0.8999241871857515,-0.6433952856381413,0.0058192640930406995,0.014257403709624243,86.379878137486,squat_18.mp4,75
175.51384361167288,176.2712760419281,165.9175576524733,170.70660591849804,1.318461298942566,1.1165811015893454,-0.9292600566337008,0.004306222110821839,0.028453383828550075,85.51384361167288,squat_18.mp4,78
173.17297559452942,173.94284609236215,165.39076596405877,168.82045743112624,0.9754750728607178,1.7021052275833886,-1.5111198489742532,0.004435813349511751,0.020524095105041183,83.17297559452942,squat_18.mp4,81
173.29691223860448,171.41038894561993,166.4068909473582,166.9917887367618,0.3176621198654175,1.6698046696733424,-2.1439674011345784,0.01094565323393786,0.003508698894415397,81.41038894561993,squat_18.mp4,84
171.19946397843336,169.23149545967493,164.9887458611878,166.15312417766737,0.4542817175388336,2.190994041686018,-2.689450333713149,0.011561630716587104,0.007032504324161401,79.23149545967493,squat_18.mp4,87
170.26578479227442,166.68093525337252,164.17909101050597,165.46305421191107,0.9012925028800964,2.409515806099283,-3.323644654325432,0.021278435584214883,0.007790042747954946,76.68093525337252,squat_18.mp4,90
177.09532060146776,178.86564058566333,167.9860530844195,170.80016360857434,0.6777104735374451,0.722917072834358,-0.28164582981526093,0.009946708640697806,0.016612898550739878,87.09532060146776,squat_18.mp4,0
172.98275428916696,178.39063207751462,164.39740413912983,171.90359398736973,1.7768011093139648,1.7497008409450208,-0.4009997678673841,0.030781373878465457,0.0446397119845386,82.98275428916696,squat_18.mp4,3
173.57028830257616,175.74186219067127,165.52686605407362,170.05613952853858,1.2491880655288696,1.6024155982282506,-1.0617768884374859,0.012433428868871194,0.026993461522889683,83.57028830257616,squat_18.mp4,6
171.67085989070193,174.56707270935777,164.01212040104144,169.48943650495553,1.027350902557373,2.072474418446921,-1.3546774176853156,0.01672961016666688,0.03284731954314664,81.67085989070193,squat_18.mp4,9
169.80917797908683,172.88908720036866,162.5052671400388,168.24620442677573,1.3448482751846313,2.5263158029566273,-1.7692637431415643,0.017974466370111502,0.03471450790251266,79.80917797908683,squat_18.mp4,12
166.91700437288674,167.96136926359281,161.2600711245468,165.4304770038918,1.2578070163726807,3.167473132093505,-2.9275501254151686,0.006237278802839427,0.025531230721161844,76.91700437288674,squat_18.mp4,15
165.0242816429705,165.60692399021642,159.86187381438086,163.51365555133276,1.0466728210449219,3.569518512282501,-3.524692616649731,0.00352442441801652,0.02258539317501672,75.0242816429705,squat_18.mp4,18
162.69818374262417,161.08625218871202,159.1885462236393,159.79981052956526,0.23291100561618805,4.074326691745875,-4.5838241898111844,0.009956819260169624,0.003832517977443891,71.08625218871202,squat_18.mp4,21
162.24110721672307,160.1944467639283,157.68316446821663,158.36444186019318,0.3819270730018616,4.05502333464267,-4.710211358098171,0.012695004800355045,0.004311232727822813,70.19444676392831,squat_18.mp4,24
163.3402890046234,161.43924538178916,158.16806370131283,159.3422759034803,0.27083620429039,3.714804685588336,-4.3167791226101295,0.011706671274258522,0.007396371429220327,71.43924538178916,squat_18.mp4,27
165.36299445913838,163.54703465935253,159.39880595964362,161.87235525893612,0.6290644407272339,3.3900197604584674,-3.987047976534309,0.011042289009263616,0.015398514388346225,73.54703465935253,squat_18.mp4,30
169.7918976397784,169.64859928978885,162.63330802382404,165.64763348337527,0.6195767521858215,2.3366260988785106,-2.4581394785424973,0.0008443208826628831,0.01836430373150447,79.64859928978885,squat_18.mp4,33
169.60953876476813,171.33111163005617,163.61773227528644,166.8093422421998,0.6742871999740601,2.517475745633592,-2.1100451081548375,0.01009895923700727,0.019318089908788312,79.60953876476813,squat_18.mp4,36
170.7985189897,172.128595374881,164.24368044870877,168.23628381020717,0.7165559530258179,2.2849620307694685,-1.9638947655289472,0.00775719579739582,0.024017106536917156,80.7985189897,squat_18.mp4,39
171.966005315877,172.200641166874,166.48390006024653,167.90577580607308,0.3326229751110077,2.003359905459554,-1.94107919212668,0.0013635013932633015,0.008504304100554728,81.966005315877,squat_18.mp4,42
174.530584130027,175.5374827673974,168.49929028781392,168.89466221184563,0.009823540225625038,1.3630611102337515,-1.1113278685965784,0.00575258775411489,0.00234368115434497,84.530584130027,squat_18.mp4,45
175.63372001119143,177.10788279529643,168.87666262269067,170.28296840254657,0.32455843687057495,1.0888137157004747,-0.7207065073003641,0.008358315392209194,0.008292884242177124,85.63372001119143,squat_18.mp4,48
177.19006880381912,178.8194854312846,169.5591966349364,171.56792541861412,0.5826861262321472,0.6993137014669888,-0.2932826889912438,0.009153780330229174,0.011777010116260369,87.19006880381912,squat_18.mp4,51
178.0782716127041,178.34447839332674,169.5270581740373,171.2100954298292,0.47856006026268005,0.47841355314316386,-0.4127120179241782,0.0014937698596295247,0.009878800934919846,88.0782716127041,squat_18.mp4,54
179.60090547966524,179.9476608437256,170.63392904671986,171.64651842081162,0.35762453079223633,-0.0992998961105897,0.012509380002935961,0.0019288374174657268,0.005916723444670698,89.60090547966524,squat_18.mp4,57
179.5960323301021,178.98374412259662,170.76507044873122,172.17744752410613,0.4603898823261261,-0.10045148932497355,0.25301370377880056,0.003415073842494041,0.00823681521745153,88.98374412259662,squat_18.mp4,60
179.27800753009382,179.87488546555693,171.04917334212513,171.80362548266226,0.3945785462856293,-0.17977400416062939,0.030412428239170123,0.0033238097039098077,0.004401026581222009,89.27800753009382,squat_18.mp4,63
179.66720904766444,179.8991294445406,171.26072510041323,171.47651697993706,0.2540651857852936,-0.08312645165783239,0.023769327909447566,0.0012900006037755186,0.0012592263286826876,89.66720904766444,squat_18.mp4,66
179.00141993758055,179.5878801972948,171.06340802606334,171.77337855554427,0.4561977684497833,-0.24869695644881373,0.10249425035793491,0.003270930055602104,0.0041417406606798195,89.00141993758055,squat_18.mp4,69
179.0272280331508,179.34958153643115,169.4236658107761,171.42728013677907,0.5930461883544922,0.2422408085535464,-0.16179333465643642,0.0017989640773212589,0.011756542558114301,89.0272280331508,squat_18.mp4,72
176.379878137486,177.40927439340115,167.87463414348227,170.2852753172783,0.587214469909668,0.8999241871857515,-0.6433952856381413,0.0058192640930406995,0.014257403709624243,86.379878137486,squat_18.mp4,75
175.51384361167288,176.2712760419281,165.9175576524733,170.70660591849804,1.318461298942566,1.1165811015893454,-0.9292600566337008,0.004306222110821839,0.028453383828550075,85.51384361167288,squat_18.mp4,78
173.17297559452942,173.94284609236215,165.39076596405877,168.82045743112624,0.9754750728607178,1.7021052275833886,-1.5111198489742532,0.004435813349511751,0.020524095105041183,83.17297559452942,squat_18.mp4,81
173.29691223860448,171.41038894561993,166.4068909473582,166.9917887367618,0.3176621198654175,1.6698046696733424,-2.1439674011345784,0.01094565323393786,0.003508698894415397,81.41038894561993,squat_18.mp4,84
171.19946397843336,169.23149545967493,164.9887458611878,166.15312417766737,0.4542817175388336,2.190994041686018,-2.689450333713149,0.011561630716587104,0.007032504324161401,79.23149545967493,squat_18.mp4,87
170.26578479227442,166.68093525337252,164.17909101050597,165.46305421191107,0.9012925028800964,2.409515806099283,-3.323644654325432,0.021278435584214883,0.007790042747954946,76.68093525337252,squat_18.mp4,90
179.52687387384086,178.942415785605,170.76449590352485,172.90051764799608,0.43878698348999023,-0.11781811029677203,0.2629697832339788,0.0032608544446923837,0.012430836193635475,88.942415785605,squat_19.mp4,0
179.76930008748323,179.24566714802492,170.14106351055585,172.02885280656955,0.3702578842639923,0.057561091350204645,0.1875870577363742,0.0029170535339537226,0.011034221338523971,89.24566714802492,squat_19.mp4,3
179.61285121962484,180.0,170.06607231830662,171.63909347964736,0.3241109848022461,0.09641279427994633,0.0017819948073375727,0.0021531420752186332,0.009206891313260633,89.61285121962484,squat_19.mp4,6
178.8226391194705,179.88130593318874,169.81041339854812,171.6274523261967,0.21037089824676514,0.2928676644246677,0.029888630080534936,0.005902733038315652,0.010643452938599463,88.8226391194705,squat_19.mp4,9
176.584762103596,178.41106870046224,168.02773224401463,171.13135439285716,0.668822705745697,0.8503708921385836,-0.39538845290225255,0.010289172088188669,0.01830186641683874,86.584762103596,squat_19.mp4,12
176.20166175967475,178.2164427068304,168.22784437565815,171.24462392274697,0.6622124314308167,0.9464324773345519,-0.44473611556588116,0.011369514828755409,0.01777333851083905,86.20166175967475,squat_19.mp4,15
173.6010100763025,175.95983376508553,167.3051776055584,169.55857476604515,0.06690111011266708,1.5950186177367436,-1.0078562477046558,0.013495926276304308,0.01337868586110718,83.60101007630249,squat_19.mp4,18
173.56026283469092,173.1860885992622,166.45520277667686,168.01287506872478,0.07712458074092865,1.6031933768020281,-1.6998361188678122,0.0021582014281121133,0.00931432561266977,83.1860885992622,squat_19.mp4,21
171.99302704741763,170.35846763220815,165.60748729215493,167.39974461683627,0.6212312579154968,1.995244594952343,-2.4079586415647323,0.009549012874847293,0.010764074488155001,80.35846763220815,squat_19.mp4,24
169.49713377964594,167.56915627812097,164.20383701949999,165.40561302717182,0.5138855576515198,2.6072417603663065,-3.094134513323147,0.011439752703805204,0.007292121069354478,77.56915627812097,squat_19.mp4,27
167.1980062750683,161.30274379968884,162.52350954204834,159.1886519562138,0.1669454723596573,3.0364667444119204,-4.500701765838505,0.035891927029316546,0.020731933603651286,71.30274379968884,squat_19.mp4,30
164.0123931803793,156.30591321640932,161.357002269009,155.8874312889294,0.451104998588562,3.808650100195674,-5.734465294744746,0.048117636801086876,0.03448174594420858,66.30591321640932,squat_19.mp4,33
161.27353321834855,154.620243803009,159.15204149471052,153.74834218972134,0.7225545644760132,4.235464701370054,-6.0452660315497955,0.042123586466786996,0.03453942268373148,64.620243803009,squat_19.mp4,36
163.2198617767815,155.39992947606285,160.64907883917857,154.13755243788952,0.9560174942016602,3.8536602810128406,-5.913781448611621,0.04908629354108798,0.041371047905511264,65.39992947606285,squat_19.mp4,39
165.28227246036636,156.85703808151274,161.90639055079,155.32891502135456,0.6956896185874939,3.4971399507266843,-5.621296795389923,0.05230801770005222,0.04146748747005159,66.85703808151274,squat_19.mp4,42
167.16319020546342,160.54862459772505,163.51079169779015,159.24471446667235,0.31852778792381287,3.132716385834652,-4.759459184119433,0.04036818514895981,0.026435349046804443,70.54862459772505,squat_19.mp4,45
168.94320618477784,165.3614403463017,164.27410638262842,163.68145800772484,0.2672828137874603,2.7402889391849388,-3.623764643229936,0.02142815468251744,0.003614199234614407,75.36144034630169,squat_19.mp4,48
170.84148151413712,169.81191926642512,165.43905948311206,167.10748086646092,0.4471648335456848,2.2819459182794333,-2.5423811863039028,0.006044632141366489,0.010034212844884883,79.81191926642512,squat_19.mp4,51
172.66928190212587,173.2934607032608,166.4414445910403,169.7525079854716,0.4112820327281952,1.825081763111971,-1.6747363038927185,0.003608358497995088,0.01969734059197725,82.66928190212587,squat_19.mp4,54
175.49363029954458,175.9414080853069,168.24069009252057,170.42763376287635,0.3269750773906708,1.1225082614711157,-1.0113559715206484,0.0025482819688113826,0.012914958478901378,85.49363029954458,squat_19.mp4,57
177.43074481106092,178.11684834843132,169.26134784643196,171.98761055817894,0.5359598994255066,0.6397832460694584,-0.4698867844154295,0.0038594188264558225,0.01597814524910296,87.43074481106092,squat_19.mp4,60
178.38262650251252,179.97202354488172,169.19385286059304,172.99708132261244,0.8396479487419128,0.402982970859084,0.007009616746226418,0.008870525565436329,0.02222869212533372,88.38262650251252,squat_19.mp4,63
179.06204784588277,179.58035223940502,169.09842118529735,173.64525625857812,1.0580171346664429,0.2335277804361543,0.1047851095128316,0.002890368753939781,0.02653198511021583,89.06204784588277,squat_19.mp4,66
179.91607062797502,179.00279259154607,169.9172392672581,172.4674282716476,0.4303547739982605,-0.021425157134529353,0.2483959197058574,0.005089050089130433,0.014896630872641004,89.00279259154607,squat_19.mp4,69
179.33618156892635,179.2524420464467,170.45092980121544,171.97404853381315,0.1942407786846161,-0.16533384333757914,0.18569197832537718,0.0004670506366619527,0.008896072593790104,89.2524420464467,squat_19.mp4,72
179.2433361230053,179.22468782557394,170.4439124536326,172.3789011876455,0.49480730295181274,-0.18864317903455594,0.19275486265888336,0.00010404441225156472,0.01128856457048761,89.22468782557394,squat_19.mp4,75
179.91843531193143,178.77714646318262,170.4691658603311,172.5841792450245,0.30157244205474854,-0.02012709547373471,0.30400914035099824,0.0063635511934705185,0.01233052185539172,88.77714646318262,squat_19.mp4,78
178.80057426274684,179.11884401358412,168.86763822886206,172.41273502587782,0.6584810614585876,0.298656116480875,0.21937402913122062,0.0017784436081731043,0.020775274963553875,88.80057426274684,squat_19.mp4,81
178.10782850381977,179.61386337886677,168.72952857031663,171.67423182614792,0.6781409382820129,0.47145853936154253,-0.09647728397244178,0.00842014845183552,0.017301238108542758,88.10782850381977,squat_19.mp4,84
176.19033706297913,177.38535883524136,167.01442967624416,171.12092710450884,0.9873648285865784,0.9490147636949318,-0.6523726146343807,0.006759637532361576,0.02428907445444889,86.19033706297913,squat_19.mp4,87
174.2804947859233,175.2298882605529,166.47602644612292,170.33411089835803,0.9362188577651978,1.4258598297222032,-1.1902273599498578,0.005432705411234413,0.02290955066052045,84.28049478592331,squat_19.mp4,90
172.781939571596,173.32423594068464,166.5343747136114,168.3552889877074,0.1853647083044052,1.799454282175964,-1.6665314580846795,0.0031336994682973525,0.010874711712333012,82.78193957159601,squat_19.mp4,93
173.41858291263216,171.53981495741803,166.64337834707402,166.39946771858024,0.17777813971042633,1.6392691675356827,-2.107321668580435,0.010892721944527835,0.0014647402361298348,81.53981495741803,squat_19.mp4,96
170.48780852330066,168.90209366607158,165.3610214391522,166.0453013859151,0.1190810576081276,2.3692140489273505,-2.7725193367371923,0.009344502278941012,0.004129552755238747,78.90209366607158,squat_19.mp4,99
167.68283224636167,165.73768071009118,163.6472298332695,163.309297439091,0.15876688063144684,3.01510525199054,-3.5294140157049365,0.011667857619333323,0.002067139610257672,75.73768071009118,squat_19.mp4,102
164.10250970837706,160.95746444657505,160.88005485431444,159.91630261479006,0.07333240658044815,3.8089228592106332,-4.664388742907527,0.01935055381689538,0.0060084986446094545,70.95746444657505,squat_19.mp4,105
160.97629322210665,156.0295934978822,159.55165193566322,155.07133150718118,0.9181398153305054,4.417041037506677,-5.827530775111751,0.03120888243058954,0.028480566673514764,66.02959349788219,squat_19.mp4,108
161.06379234634593,153.98979754969488,159.3774928584876,153.56246112365588,0.7785061001777649,4.29503691795781,-6.22153074536246,0.044906612865355876,0.037163881829953505,63.989797549694885,squat_19.mp4,111
164.11780217787074,157.2805760738924,161.51043415581003,156.54250812941532,0.28711169958114624,3.6446248663169,-5.443958809362949,0.04254673680165547,0.03123961684303201,67.2805760738924,squat_19.mp4,114
166.01375634262322,163.09343223639507,162.05149816125783,161.30909419048933,0.2614007294178009,3.263105393845446,-4.097313021514472,0.01774694815289326,0.0045918023923021255,73.09343223639507,squat_19.mp4,117
167.61903884037375,165.69510306892133,164.80037550687874,163.5327763466305,0.034191302955150604,3.075903094381748,-3.5445866654328193,0.011544279282191284,0.007721420472421846,75.69510306892133,squat_19.mp4,120
171.07599192390182,168.67235758830313,166.03486823490098,166.16083182250915,0.18752822279930115,2.223153098185011,-2.825451302571275,0.014149498233323123,0.000758369765691728,78.67235758830313,squat_19.mp4,123
172.96600174737327,172.02653822958817,166.97211000142227,167.9628757427062,0.22734561562538147,1.7509261295971201,-1.9898092080081013,0.005446283086862327,0.00591616751581044,82.02653822958817,squat_19.mp4,126
175.22545502211145,175.79206154120928,168.3558811892546,169.43209777523612,0.1601470410823822,1.188541530989582,-1.0487251480679085,0.003228366063581447,0.006372142604249678,85.22545502211145,squat_19.mp4,129
177.09768030556202,176.96448974620452,170.12709165836444,170.45047691494733,0.008653443306684494,0.7233443521860005,-0.7568287947176178,0.0007523569057831178,0.001899040256453557,86.96448974620452,squat_19.mp4,132
178.31321173279238,179.03713517152212,170.28910113492245,171.74148210451185,0.3970726430416107,0.4206943903277487,-0.2401070358936923,0.004051617383338274,0.008492696505871684,88.31321173279238,squat_19.mp4,135
179.16209887860182,179.49993151014976,170.19327759149309,171.99658283115025,0.5854088664054871,0.2088553327110956,-0.12471451245882927,0.001883849434420282,0.010539793537014081,89.16209887860182,squat_19.mp4,138
179.0004406244324,179.9515433573567,169.54522284261375,172.0445307133797,0.6963394284248352,0.24919140389328068,0.013450763765610104,0.0052993312496780335,0.014633388998047012,89.0004406244324,squat_19.mp4,141
179.52687387384086,178.942415785605,170.76449590352485,172.90051764799608,0.43878698348999023,-0.11781811029677203,0.2629697832339788,0.0032608544446923837,0.012430836193635475,88.942415785605,squat_19.mp4,0
179.76930008748323,179.24566714802492,170.14106351055585,172.02885280656955,0.3702578842639923,0.057561091350204645,0.1875870577363742,0.0029170535339537226,0.011034221338523971,89.24566714802492,squat_19.mp4,3
179.61285121962484,180.0,170.06607231830662,171.63909347964736,0.3241109848022461,0.09641279427994633,0.0017819948073375727,0.0021531420752186332,0.009206891313260633,89.61285121962484,squat_19.mp4,6
178.8226391194705,179.88130593318874,169.81041339854812,171.6274523261967,0.21037089824676514,0.2928676644246677,0.029888630080534936,0.005902733038315652,0.010643452938599463,88.8226391194705,squat_19.mp4,9
176.584762103596,178.41106870046224,168.02773224401463,171.13135439285716,0.668822705745697,0.8503708921385836,-0.39538845290225255,0.010289172088188669,0.01830186641683874,86.584762103596,squat_19.mp4,12
176.20166175967475,178.2164427068304,168.22784437565815,171.24462392274697,0.6622124314308167,0.9464324773345519,-0.44473611556588116,0.011369514828755409,0.01777333851083905,86.20166175967475,squat_19.mp4,15
173.6010100763025,175.95983376508553,167.3051776055584,169.55857476604515,0.06690111011266708,1.5950186177367436,-1.0078562477046558,0.013495926276304308,0.01337868586110718,83.60101007630249,squat_19.mp4,18
173.56026283469092,173.1860885992622,166.45520277667686,168.01287506872478,0.07712458074092865,1.6031933768020281,-1.6998361188678122,0.0021582014281121133,0.00931432561266977,83.1860885992622,squat_19.mp4,21
171.99302704741763,170.35846763220815,165.60748729215493,167.39974461683627,0.6212312579154968,1.995244594952343,-2.4079586415647323,0.009549012874847293,0.010764074488155001,80.35846763220815,squat_19.mp4,24
169.49713377964594,167.56915627812097,164.20383701949999,165.40561302717182,0.5138855576515198,2.6072417603663065,-3.094134513323147,0.011439752703805204,0.007292121069354478,77.56915627812097,squat_19.mp4,27
167.1980062750683,161.30274379968884,162.52350954204834,159.1886519562138,0.1669454723596573,3.0364667444119204,-4.500701765838505,0.035891927029316546,0.020731933603651286,71.30274379968884,squat_19.mp4,30
164.0123931803793,156.30591321640932,161.357002269009,155.8874312889294,0.451104998588562,3.808650100195674,-5.734465294744746,0.048117636801086876,0.03448174594420858,66.30591321640932,squat_19.mp4,33
161.27353321834855,154.620243803009,159.15204149471052,153.74834218972134,0.7225545644760132,4.235464701370054,-6.0452660315497955,0.042123586466786996,0.03453942268373148,64.620243803009,squat_19.mp4,36
163.2198617767815,155.39992947606285,160.64907883917857,154.13755243788952,0.9560174942016602,3.8536602810128406,-5.913781448611621,0.04908629354108798,0.041371047905511264,65.39992947606285,squat_19.mp4,39
165.28227246036636,156.85703808151274,161.90639055079,155.32891502135456,0.6956896185874939,3.4971399507266843,-5.621296795389923,0.05230801770005222,0.04146748747005159,66.85703808151274,squat_19.mp4,42
167.16319020546342,160.54862459772505,163.51079169779015,159.24471446667235,0.31852778792381287,3.132716385834652,-4.759459184119433,0.04036818514895981,0.026435349046804443,70.54862459772505,squat_19.mp4,45
168.94320618477784,165.3614403463017,164.27410638262842,163.68145800772484,0.2672828137874603,2.7402889391849388,-3.623764643229936,0.02142815468251744,0.003614199234614407,75.36144034630169,squat_19.mp4,48
170.84148151413712,169.81191926642512,165.43905948311206,167.10748086646092,0.4471648335456848,2.2819459182794333,-2.5423811863039028,0.006044632141366489,0.010034212844884883,79.81191926642512,squat_19.mp4,51
172.66928190212587,173.2934607032608,166.4414445910403,169.7525079854716,0.4112820327281952,1.825081763111971,-1.6747363038927185,0.003608358497995088,0.01969734059197725,82.66928190212587,squat_19.mp4,54
175.49363029954458,175.9414080853069,168.24069009252057,170.42763376287635,0.3269750773906708,1.1225082614711157,-1.0113559715206484,0.0025482819688113826,0.012914958478901378,85.49363029954458,squat_19.mp4,57
177.43074481106092,178.11684834843132,169.26134784643196,171.98761055817894,0.5359598994255066,0.6397832460694584,-0.4698867844154295,0.0038594188264558225,0.01597814524910296,87.43074481106092,squat_19.mp4,60
178.38262650251252,179.97202354488172,169.19385286059304,172.99708132261244,0.8396479487419128,0.402982970859084,0.007009616746226418,0.008870525565436329,0.02222869212533372,88.38262650251252,squat_19.mp4,63
179.06204784588277,179.58035223940502,169.09842118529735,173.64525625857812,1.0580171346664429,0.2335277804361543,0.1047851095128316,0.002890368753939781,0.02653198511021583,89.06204784588277,squat_19.mp4,66
179.91607062797502,179.00279259154607,169.9172392672581,172.4674282716476,0.4303547739982605,-0.021425157134529353,0.2483959197058574,0.005089050089130433,0.014896630872641004,89.00279259154607,squat_19.mp4,69
179.33618156892635,179.2524420464467,170.45092980121544,171.97404853381315,0.1942407786846161,-0.16533384333757914,0.18569197832537718,0.0004670506366619527,0.008896072593790104,89.2524420464467,squat_19.mp4,72
179.2433361230053,179.22468782557394,170.4439124536326,172.3789011876455,0.49480730295181274,-0.18864317903455594,0.19275486265888336,0.00010404441225156472,0.01128856457048761,89.22468782557394,squat_19.mp4,75
179.91843531193143,178.77714646318262,170.4691658603311,172.5841792450245,0.30157244205474854,-0.02012709547373471,0.30400914035099824,0.0063635511934705185,0.01233052185539172,88.77714646318262,squat_19.mp4,78
178.80057426274684,179.11884401358412,168.86763822886206,172.41273502587782,0.6584810614585876,0.298656116480875,0.21937402913122062,0.0017784436081731043,0.020775274963553875,88.80057426274684,squat_19.mp4,81
178.10782850381977,179.61386337886677,168.72952857031663,171.67423182614792,0.6781409382820129,0.47145853936154253,-0.09647728397244178,0.00842014845183552,0.017301238108542758,88.10782850381977,squat_19.mp4,84
176.19033706297913,177.38535883524136,167.01442967624416,171.12092710450884,0.9873648285865784,0.9490147636949318,-0.6523726146343807,0.006759637532361576,0.02428907445444889,86.19033706297913,squat_19.mp4,87
174.2804947859233,175.2298882605529,166.47602644612292,170.33411089835803,0.9362188577651978,1.4258598297222032,-1.1902273599498578,0.005432705411234413,0.02290955066052045,84.28049478592331,squat_19.mp4,90
172.781939571596,173.32423594068464,166.5343747136114,168.3552889877074,0.1853647083044052,1.799454282175964,-1.6665314580846795,0.0031336994682973525,0.010874711712333012,82.78193957159601,squat_19.mp4,93
173.41858291263216,171.53981495741803,166.64337834707402,166.39946771858024,0.17777813971042633,1.6392691675356827,-2.107321668580435,0.010892721944527835,0.0014647402361298348,81.53981495741803,squat_19.mp4,96
170.48780852330066,168.90209366607158,165.3610214391522,166.0453013859151,0.1190810576081276,2.3692140489273505,-2.7725193367371923,0.009344502278941012,0.004129552755238747,78.90209366607158,squat_19.mp4,99
167.68283224636167,165.73768071009118,163.6472298332695,163.309297439091,0.15876688063144684,3.01510525199054,-3.5294140157049365,0.011667857619333323,0.002067139610257672,75.73768071009118,squat_19.mp4,102
164.10250970837706,160.95746444657505,160.88005485431444,159.91630261479006,0.07333240658044815,3.8089228592106332,-4.664388742907527,0.01935055381689538,0.0060084986446094545,70.95746444657505,squat_19.mp4,105
160.97629322210665,156.0295934978822,159.55165193566322,155.07133150718118,0.9181398153305054,4.417041037506677,-5.827530775111751,0.03120888243058954,0.028480566673514764,66.02959349788219,squat_19.mp4,108
161.06379234634593,153.98979754969488,159.3774928584876,153.56246112365588,0.7785061001777649,4.29503691795781,-6.22153074536246,0.044906612865355876,0.037163881829953505,63.989797549694885,squat_19.mp4,111
164.11780217787074,157.2805760738924,161.51043415581003,156.54250812941532,0.28711169958114624,3.6446248663169,-5.443958809362949,0.04254673680165547,0.03123961684303201,67.2805760738924,squat_19.mp4,114
166.01375634262322,163.09343223639507,162.05149816125783,161.30909419048933,0.2614007294178009,3.263105393845446,-4.097313021514472,0.01774694815289326,0.0045918023923021255,73.09343223639507,squat_19.mp4,117
167.61903884037375,165.69510306892133,164.80037550687874,163.5327763466305,0.034191302955150604,3.075903094381748,-3.5445866654328193,0.011544279282191284,0.007721420472421846,75.69510306892133,squat_19.mp4,120
171.07599192390182,168.67235758830313,166.03486823490098,166.16083182250915,0.18752822279930115,2.223153098185011,-2.825451302571275,0.014149498233323123,0.000758369765691728,78.67235758830313,squat_19.mp4,123
172.96600174737327,172.02653822958817,166.97211000142227,167.9628757427062,0.22734561562538147,1.7509261295971201,-1.9898092080081013,0.005446283086862327,0.00591616751581044,82.02653822958817,squat_19.mp4,126
175.22545502211145,175.79206154120928,168.3558811892546,169.43209777523612,0.1601470410823822,1.188541530989582,-1.0487251480679085,0.003228366063581447,0.006372142604249678,85.22545502211145,squat_19.mp4,129
177.09768030556202,176.96448974620452,170.12709165836444,170.45047691494733,0.008653443306684494,0.7233443521860005,-0.7568287947176178,0.0007523569057831178,0.001899040256453557,86.96448974620452,squat_19.mp4,132
178.31321173279238,179.03713517152212,170.28910113492245,171.74148210451185,0.3970726430416107,0.4206943903277487,-0.2401070358936923,0.004051617383338274,0.008492696505871684,88.31321173279238,squat_19.mp4,135
179.16209887860182,179.49993151014976,170.19327759149309,171.99658283115025,0.5854088664054871,0.2088553327110956,-0.12471451245882927,0.001883849434420282,0.010539793537014081,89.16209887860182,squat_19.mp4,138
179.0004406244324,179.9515433573567,169.54522284261375,172.0445307133797,0.6963394284248352,0.24919140389328068,0.013450763765610104,0.0052993312496780335,0.014633388998047012,89.0004406244324,squat_19.mp4,141
175.17407470523085,177.5113934776556,172.35311658867224,172.07429465037322,0.3407670855522156,1.2027980920391823,-0.6172195191714802,0.013254409286932748,0.0016190461571916237,85.17407470523085,squat_20.mp4,0
174.33960305210707,177.66686413516373,172.31006952128809,171.53303955568225,0.43577149510383606,1.4100234289997544,-0.5796593767955935,0.01890454518999808,0.00451967740573154,84.33960305210707,squat_20.mp4,3
176.76493069252012,176.8113158088433,172.5114006715692,172.14169801346685,0.19195035099983215,0.8061331859811892,-0.7942636070445854,0.00026237688069911876,0.002145360999293939,86.76493069252012,squat_20.mp4,6
175.9702685819726,178.80711806052514,172.3043803001948,173.2497964665954,0.12947499752044678,1.0029724174170602,-0.29210963430120207,0.01599227901980793,0.00547188388950456,85.97026858197259,squat_20.mp4,9
174.37677305491127,179.66080301627048,171.44167972833785,173.61103783598034,0.09152618050575256,1.4045048096432133,-0.08315785744250631,0.029850108115624528,0.012574067655259804,84.37677305491127,squat_20.mp4,12
172.24164249328865,176.86237566576955,171.7018951553397,171.44119782474158,0.23136000335216522,1.9287885588560185,-0.7790288719310389,0.026471956391951955,0.0015194671606767096,82.24164249328865,squat_20.mp4,15
173.7840055842778,177.25683243733312,172.20142134148864,171.4382152111876,0.13154035806655884,1.540642886451461,-0.6727278989625329,0.019785885155854877,0.00444189813467014,83.78400558427779,squat_20.mp4,18
172.9964931168551,177.19872035602927,171.5891453510976,171.51424974462535,0.12229625135660172,1.7446469237475737,-0.6922338634304342,0.023999341381629378,0.00043657747223033123,82.9964931168551,squat_20.mp4,21
173.63283399880117,179.9137707668765,171.7783443715559,173.06064515229357,0.050593867897987366,1.590690944545247,0.021351247725667048,0.035531025802033524,0.007437098586260564,83.63283399880117,squat_20.mp4,24
172.6866459609874,177.3523283967704,171.38602579386713,171.39882674748034,0.16892635822296143,1.819943414700514,-0.6604216011545293,0.02665807397215392,7.468797712795224e-05,82.68664596098739,squat_20.mp4,27
170.7780390617118,171.2099389925306,170.28578129217206,170.53641234657417,0.110847108066082,2.2780208053475697,-2.1761464175237033,0.0025258193769038496,0.0014707437431012024,80.77803906171181,squat_20.mp4,30
169.3084067538771,171.42996104301682,167.8359836307266,168.73798902949727,0.10379000008106232,2.6653093250467133,-2.1395662988235657,0.012452687983786535,0.005359923654472654,79.30840675387711,squat_20.mp4,33
164.87360850008102,170.08505505856323,167.29998820594113,166.83759760799737,0.18435844779014587,3.6891967714418104,-2.4684423315878337,0.031116953376366652,0.0027676658812112484,74.87360850008102,squat_20.mp4,36
165.67559982527422,169.82349090731068,165.90441237044845,165.98620094210364,0.11988358199596405,3.5250115036379053,-2.529319344395886,0.024726690453790893,0.0004928646269254891,75.67559982527422,squat_20.mp4,39
166.05212883207227,166.89427279639236,162.8020394003909,162.88698670878586,0.2280385047197342,3.471536800160249,-3.251058916011312,0.005058735941887948,0.0005216467340627139,76.05212883207227,squat_20.mp4,42
163.48520693666592,162.03862518024948,160.62190860070552,159.8911564406535,0.26262226700782776,4.12136804178855,-4.449302842850992,0.008887716435439848,0.004559889999852107,72.03862518024948,squat_20.mp4,45
156.88164092607735,157.47996967201877,154.1278383761156,156.84729071928822,0.7575221061706543,5.71499363130499,-5.618977164613733,0.0038066273092509685,0.017489838181485796,66.88164092607735,squat_20.mp4,48
159.2398772873909,151.4717741178802,153.57083091706508,153.00337087536033,0.6764277219772339,5.103365263216868,-7.025227741754972,0.05000200754865498,0.0037019425534635378,61.47177411788019,squat_20.mp4,51
148.06510354976635,144.5013414680115,147.51783011335618,149.16493799707308,1.0951350927352905,7.8348118711469485,-8.846098792673802,0.02436206983024518,0.011103495455481414,54.5013414680115,squat_20.mp4,54
142.8422857504466,135.94552946503825,144.7380799452141,142.60591727074723,1.2627986669540405,8.81082948519509,-10.767578261014439,0.049476741155832796,0.014840488718227147,45.94552946503825,squat_20.mp4,57
133.15144390654976,131.02382849579814,135.22124906060367,137.72085645976594,0.7336103320121765,11.28247373034835,-11.652702373443987,0.016107604556653478,0.018316026355821653,41.02382849579814,squat_20.mp4,60
123.05999033172755,122.83998883393708,129.38655310886554,127.00787010367372,0.28496095538139343,13.73660717140923,-13.525023161967805,0.0017893575960187156,0.018554873194102182,32.839988833937085,squat_20.mp4,63
111.41740698239416,110.1209829416265,118.5679198943065,116.46768435214916,0.6149247884750366,15.876425239007013,-16.33179394385097,0.011703831929195533,0.01787163735376069,20.120982941626494,squat_20.mp4,66
93.48563920118458,88.44553060601574,99.84592401045533,96.2266160092465,0.46660909056663513,17.913721918356174,-20.47447919790366,0.05540676290390535,0.03691805084837642,1.554469393984263,squat_20.mp4,69
73.98537986260953,70.48151049310813,81.95705653112502,77.72617190496902,0.050385598093271255,21.644931029387678,-23.837084249686484,0.04850757652322827,0.05299097053074947,19.518489506891868,squat_20.mp4,72
63.07941231402647,61.144366833540666,69.86932941941521,70.9972991989801,0.6215425133705139,24.221270593767446,-27.754677092460067,0.031154187930269573,0.016014719605741953,28.855633166459334,squat_20.mp4,75
50.68720374899889,47.87212541755343,58.85804215755486,57.3164611316214,0.15527237951755524,28.73833245921647,-32.430909538799476,0.057124543262431306,0.026539059471530124,42.12787458244657,squat_20.mp4,78
54.81160708662345,49.195085171559185,62.55907659048747,59.3289646475138,0.5322898030281067,26.155313306594888,-30.551589490350697,0.10800308697678801,0.05300129381300801,40.804914828440815,squat_20.mp4,81
58.4444508837403,56.519078444544114,63.03043896970635,66.1182569662402,0.2519065737724304,22.72338095581717,-27.57043478660142,0.03349536066691526,0.04781802826821106,33.480921555455886,squat_20.mp4,84
77.10091675838318,70.43067828332498,83.02110089535749,76.53126927963136,0.25443902611732483,19.391915872242564,-21.25202332199319,0.09042454225716841,0.08135048835198647,19.56932171667502,squat_20.mp4,87
108.72901390818642,105.9599205975882,111.24922225050138,111.84226838629012,0.2608068287372589,13.325224908020022,-15.963705849434255,0.025796330090070294,0.00531661816500442,15.959920597588194,squat_20.mp4,90
131.19826005994938,128.8907596525757,133.86487956959334,132.11811331120634,0.22198928892612457,11.124845333734127,-12.066494657498632,0.017743927905331396,0.01313442065951797,38.890759652575696,squat_20.mp4,93
146.0215312189785,137.81842435585173,143.6900106882429,143.45930645406864,0.012210439890623093,7.9303975743992146,-10.395224992353171,0.057800931137506104,0.001606859013075188,47.81842435585173,squat_20.mp4,96
149.74318873159353,144.00911204348785,149.0124418749003,152.37565608037903,0.7397980690002441,7.549449497815388,-9.186026933743266,0.03904021635218526,0.02231816205282113,54.009112043487846,squat_20.mp4,99
159.8386256913293,161.0170491093219,157.50055798488063,157.83745107675972,0.27229735255241394,5.022773298778455,-4.727997467254721,0.007345504602496206,0.002136710971706789,69.8386256913293,squat_20.mp4,102
169.32648008719082,169.3248760312154,167.24015006401387,165.87004170104865,0.27098777890205383,2.6441840512564148,-2.6425867610879474,9.47319977567244e-06,0.00822615697049307,79.32487603121541,squat_20.mp4,105
174.57533893949247,177.45677918195167,170.44940654107393,171.55110378424538,0.09446844458580017,1.3516176519972445,-0.631264769805901,0.01637032585455834,0.006442664323064877,84.57533893949247,squat_20.mp4,108
176.48403119250446,178.25538135537408,171.85490355071,171.81580331821024,0.2742919921875,0.8719218539814146,-0.43201230149018394,0.009986768316196316,0.0002275447497750337,86.48403119250446,squat_20.mp4,111
176.0687112079359,177.91183984155478,171.52096391832458,172.29265787334845,0.19645459949970245,0.9739217916956847,-0.520498651256514,0.0104137282579753,0.004489024902518004,86.0687112079359,squat_20.mp4,114
179.17125670341673,179.47698062425223,172.25997967269592,171.91181827447818,0.1154281497001648,-0.20338607859325752,-0.12662006367515422,0.0017048678287867234,0.002023183772141487,89.17125670341673,squat_20.mp4,117
179.25743201986788,177.73505526311516,172.70986202432297,171.7137823258264,0.08821927756071091,0.1823657391382923,-0.5613070015828651,0.008528900808749813,0.0057840378547527,87.73505526311516,squat_20.mp4,120
179.6215408457598,179.48300123284525,172.1155641650943,172.4693563329942,0.28864723443984985,-0.09353156990350173,-0.12619272476882828,0.0007715837405599665,0.002053439642039552,89.48300123284525,squat_20.mp4,123
179.35684232574025,178.01969009279384,172.24622274737453,172.13403345644184,0.2717870771884918,-0.1582398704021484,-0.4866041564914165,0.007483156344359122,0.000651543106270835,88.01969009279384,squat_20.mp4,126
175.81516320808882,177.07919108480885,171.29319656265076,171.80503891508764,0.4634932577610016,1.0390140475943233,-0.7198261213839589,0.007163775001460687,0.002983648993263812,85.81516320808882,squat_20.mp4,129
177.71552360215298,176.66240493399735,172.05979436880227,170.7379777062343,0.41237056255340576,0.5639262823439394,-0.8174168187973664,0.005943477758368375,0.007711932633439895,86.66240493399735,squat_20.mp4,132
179.1733844545274,179.36634396434403,171.98138976150042,172.13168813757636,0.11727232486009598,0.20240914922532297,-0.15481795237627846,0.001076363340082652,0.000873540622132461,89.1733844545274,squat_20.mp4,135
179.00004916769427,177.47702410346372,172.70811288819442,170.39966234217263,0.2652612030506134,0.24517269522085125,-0.6175684060875979,0.008544869661629246,0.0134561249419187,87.47702410346372,squat_20.mp4,138
178.60885788665553,178.44921396119742,172.49731627137905,171.4257681977287,0.22824658453464508,0.34456522278736823,-0.38014476821496807,0.0008942182689326745,0.006231323932817298,88.44921396119742,squat_20.mp4,141
178.88934906565257,179.817615751313,171.62280973846288,172.23832917847074,0.2858152687549591,0.27227303613023307,-0.044384783165375565,0.005175626774540636,0.003580046538242574,88.88934906565257,squat_20.mp4,144
179.62050820936318,178.84360143791844,172.04302568409372,172.27320211132553,0.2984263598918915,0.09298569883653535,-0.2811854403835708,0.004334641882051718,0.001337005976776522,88.84360143791844,squat_20.mp4,147
178.27138341968876,178.10152979297618,172.28871191489282,172.01645053003523,0.01593525893986225,0.4220902582982605,-0.46288361706646064,0.0009532353353197776,0.0015815120686791014,88.10152979297618,squat_20.mp4,150
178.06841846467958,178.1065877582018,172.16288282610637,171.63787228110763,0.07986041158437729,0.4730951054060326,-0.4646208128595336,0.00021432887123104568,0.0030541558574239415,88.06841846467958,squat_20.mp4,153
177.15441819770328,177.79699604254603,171.54859386242128,171.02591459807192,0.09538812935352325,0.7020241127298201,-0.5405937394216316,0.0036206523995299163,0.00305147786213428,87.15441819770328,squat_20.mp4,156
178.15273232266202,178.12215597892964,170.82570328634137,171.32710209693613,0.10496167838573456,0.4553341620032741,-0.46435888657880364,0.00017164467514473996,0.0029308472863935793,88.12215597892964,squat_20.mp4,159
176.13907632074108,174.18529972349776,169.98704024168194,168.62604574446348,0.16737985610961914,0.9623955471467701,-1.4490474044102186,0.011154100204529283,0.008038640876827438,84.18529972349776,squat_20.mp4,162
173.51429606974799,172.6204639285404,168.46385375749097,166.70127442807834,0.12274932861328125,1.6158953535422798,-1.8369169383003996,0.005164648249785732,0.01051767729509588,82.6204639285404,squat_20.mp4,165
172.00328177640534,170.84045167787284,166.69278493435328,165.6261984331296,0.11087886989116669,1.9723183390818628,-2.2762835463789757,0.0067834408802900596,0.006419052504408094,80.84045167787284,squat_20.mp4,168
168.20698906458193,167.14362196542336,164.99729227821328,163.3168378529885,0.2940638065338135,2.9372353215017397,-3.191916350067102,0.0063418229410258905,0.010236869333362127,77.14362196542336,squat_20.mp4,171
164.49335290989728,165.4958257308678,162.73167654817885,161.34185946256218,0.7018256187438965,3.8797380572959277,-3.6042088939478507,0.006075792091727,0.008577171111994818,74.49335290989728,squat_20.mp4,174
157.5675937174094,158.46444676458094,156.89675394550406,158.59815127033846,1.3669463396072388,5.553991793904186,-5.3242971745614085,0.005675709626174068,0.010785577178626132,67.56759371740941,squat_20.mp4,177
150.41037091156474,149.20770602404238,152.46936415803742,152.62941998658826,1.258452296257019,7.180306808827956,-7.5389325566451015,0.008027986160400012,0.0010492065971326016,59.20770602404238,squat_20.mp4,180
144.27435859740126,145.05931757468696,148.30914049264487,149.55300667754491,1.0596840381622314,8.895860967425602,-8.683180192071944,0.005425977284571769,0.008351958761576598,54.27435859740126,squat_20.mp4,183
136.01942146384957,134.9403594384125,141.92146395035303,140.37619601822598,0.6052855253219604,10.767283446643969,-10.97460005253953,0.007964739429917909,0.010947791294472946,44.940359438412486,squat_20.mp4,186
127.4671242039568,127.10365801550533,133.7547566750558,133.05422904743676,0.4137800931930542,12.493309830363616,-13.048741493248619,0.002855521637499853,0.005251154684480198,37.10365801550533,squat_20.mp4,189
113.77722771247623,110.13498083632182,121.69536646960641,117.28863005241128,0.06257271766662598,14.644954756005836,-16.114333383406468,0.03253281185300486,0.03687892479268284,20.134980836321816,squat_20.mp4,192
93.01814288577086,87.43050187346775,100.63270076221218,94.06147802506952,0.03277991712093353,17.96777458823045,-19.776904643331193,0.06193054006870875,0.0675030222071737,2.5694981265322525,squat_20.mp4,195
72.33420404070394,70.9992387958513,79.75575937830178,78.19345378450662,0.26050323247909546,20.356420091606168,-23.830003581228713,0.018627407790307752,0.019782378937016804,19.000761204148702,squat_20.mp4,198
58.9373644276709,49.899501152090046,65.78221146230084,58.452762484269535,0.15764237940311432,25.320500204712086,-30.277634826643492,0.16608091803153718,0.11799332740526788,40.100498847909954,squat_20.mp4,201
48.26687758398984,42.17162666298836,56.00203545767933,51.459543453812636,0.6352952122688293,29.78760254996233,-33.934811354515034,0.134793271333988,0.08454169480625259,47.82837333701164,squat_20.mp4,204
55.2411331106233,48.20922210380442,61.410827206176506,57.898519455891254,0.7613102793693542,26.262055264171913,-31.066902498153,0.13594754686426003,0.058877327695600015,41.79077789619558,squat_20.mp4,207
67.96230833889024,66.24175298036637,72.63211018487297,72.96428966968125,0.04165198653936386,19.71563569118712,-23.3182704659028,0.02564088361574777,0.004563017837530526,23.75824701963363,squat_20.mp4,210
106.25357569466983,104.04672573740126,109.56707275854447,110.70328279438499,0.19952118396759033,14.302869303170683,-16.065767749542893,0.020987606220634985,0.010316504306613303,14.04672573740126,squat_20.mp4,213
128.04477093246496,124.94545448442558,131.09702489447386,130.18718650998443,0.24549022316932678,11.34681234787055,-12.768501292659968,0.024501471888347927,0.006964357927322572,34.94545448442558,squat_20.mp4,216
139.2404300315828,139.95531718218683,140.947154767732,142.72226389600914,0.07544203847646713,9.670767769048917,-9.805491075797804,0.005121046131527683,0.012515336595950327,49.240430031582804,squat_20.mp4,219
151.17233394278801,142.1948834723878,149.62743047211862,149.1787525846451,0.8047678470611572,6.978967045969737,-9.525327894747615,0.061202819793564386,0.0030031365675473546,52.1948834723878,squat_20.mp4,222
159.7639396655339,155.08888718072768,156.30791890983468,155.9326624040296,0.6751996874809265,5.024965724477195,-6.246561715800145,0.029696747725812832,0.002403636991873747,65.08888718072768,squat_20.mp4,225
169.60410572086704,169.26873664727526,165.39627770277949,163.6479697548561,0.15832313895225525,2.590539089410524,-2.6721581090140494,0.001979321041179465,0.010626582664378522,79.26873664727526,squat_20.mp4,228
178.04966398273658,175.51751264243813,171.48511577578097,169.10918875596795,0.5575027465820312,0.4863662740884799,-1.1126311110810048,0.014323452558396487,0.013951654435792509,85.51751264243813,squat_20.mp4,231
175.17407470523085,177.5113934776556,172.35311658867224,172.07429465037322,0.3407670855522156,1.2027980920391823,-0.6172195191714802,0.013254409286932748,0.0016190461571916237,85.17407470523085,squat_20.mp4,0
174.33960305210707,177.66686413516373,172.31006952128809,171.53303955568225,0.43577149510383606,1.4100234289997544,-0.5796593767955935,0.01890454518999808,0.00451967740573154,84.33960305210707,squat_20.mp4,3
176.76493069252012,176.8113158088433,172.5114006715692,172.14169801346685,0.19195035099983215,0.8061331859811892,-0.7942636070445854,0.00026237688069911876,0.002145360999293939,86.76493069252012,squat_20.mp4,6
175.9702685819726,178.80711806052514,172.3043803001948,173.2497964665954,0.12947499752044678,1.0029724174170602,-0.29210963430120207,0.01599227901980793,0.00547188388950456,85.97026858197259,squat_20.mp4,9
174.37677305491127,179.66080301627048,171.44167972833785,173.61103783598034,0.09152618050575256,1.4045048096432133,-0.08315785744250631,0.029850108115624528,0.012574067655259804,84.37677305491127,squat_20.mp4,12
172.24164249328865,176.86237566576955,171.7018951553397,171.44119782474158,0.23136000335216522,1.9287885588560185,-0.7790288719310389,0.026471956391951955,0.0015194671606767096,82.24164249328865,squat_20.mp4,15
173.7840055842778,177.25683243733312,172.20142134148864,171.4382152111876,0.13154035806655884,1.540642886451461,-0.6727278989625329,0.019785885155854877,0.00444189813467014,83.78400558427779,squat_20.mp4,18
172.9964931168551,177.19872035602927,171.5891453510976,171.51424974462535,0.12229625135660172,1.7446469237475737,-0.6922338634304342,0.023999341381629378,0.00043657747223033123,82.9964931168551,squat_20.mp4,21
173.63283399880117,179.9137707668765,171.7783443715559,173.06064515229357,0.050593867897987366,1.590690944545247,0.021351247725667048,0.035531025802033524,0.007437098586260564,83.63283399880117,squat_20.mp4,24
172.6866459609874,177.3523283967704,171.38602579386713,171.39882674748034,0.16892635822296143,1.819943414700514,-0.6604216011545293,0.02665807397215392,7.468797712795224e-05,82.68664596098739,squat_20.mp4,27
170.7780390617118,171.2099389925306,170.28578129217206,170.53641234657417,0.110847108066082,2.2780208053475697,-2.1761464175237033,0.0025258193769038496,0.0014707437431012024,80.77803906171181,squat_20.mp4,30
169.3084067538771,171.42996104301682,167.8359836307266,168.73798902949727,0.10379000008106232,2.6653093250467133,-2.1395662988235657,0.012452687983786535,0.005359923654472654,79.30840675387711,squat_20.mp4,33
164.87360850008102,170.08505505856323,167.29998820594113,166.83759760799737,0.18435844779014587,3.6891967714418104,-2.4684423315878337,0.031116953376366652,0.0027676658812112484,74.87360850008102,squat_20.mp4,36
165.67559982527422,169.82349090731068,165.90441237044845,165.98620094210364,0.11988358199596405,3.5250115036379053,-2.529319344395886,0.024726690453790893,0.0004928646269254891,75.67559982527422,squat_20.mp4,39
166.05212883207227,166.89427279639236,162.8020394003909,162.88698670878586,0.2280385047197342,3.471536800160249,-3.251058916011312,0.005058735941887948,0.0005216467340627139,76.05212883207227,squat_20.mp4,42
163.48520693666592,162.03862518024948,160.62190860070552,159.8911564406535,0.26262226700782776,4.12136804178855,-4.449302842850992,0.008887716435439848,0.004559889999852107,72.03862518024948,squat_20.mp4,45
156.88164092607735,157.47996967201877,154.1278383761156,156.84729071928822,0.7575221061706543,5.71499363130499,-5.618977164613733,0.0038066273092509685,0.017489838181485796,66.88164092607735,squat_20.mp4,48
159.2398772873909,151.4717741178802,153.57083091706508,153.00337087536033,0.6764277219772339,5.103365263216868,-7.025227741754972,0.05000200754865498,0.0037019425534635378,61.47177411788019,squat_20.mp4,51
148.06510354976635,144.5013414680115,147.51783011335618,149.16493799707308,1.0951350927352905,7.8348118711469485,-8.846098792673802,0.02436206983024518,0.011103495455481414,54.5013414680115,squat_20.mp4,54
142.8422857504466,135.94552946503825,144.7380799452141,142.60591727074723,1.2627986669540405,8.81082948519509,-10.767578261014439,0.049476741155832796,0.014840488718227147,45.94552946503825,squat_20.mp4,57
133.15144390654976,131.02382849579814,135.22124906060367,137.72085645976594,0.7336103320121765,11.28247373034835,-11.652702373443987,0.016107604556653478,0.018316026355821653,41.02382849579814,squat_20.mp4,60
123.05999033172755,122.83998883393708,129.38655310886554,127.00787010367372,0.28496095538139343,13.73660717140923,-13.525023161967805,0.0017893575960187156,0.018554873194102182,32.839988833937085,squat_20.mp4,63
111.41740698239416,110.1209829416265,118.5679198943065,116.46768435214916,0.6149247884750366,15.876425239007013,-16.33179394385097,0.011703831929195533,0.01787163735376069,20.120982941626494,squat_20.mp4,66
93.48563920118458,88.44553060601574,99.84592401045533,96.2266160092465,0.46660909056663513,17.913721918356174,-20.47447919790366,0.05540676290390535,0.03691805084837642,1.554469393984263,squat_20.mp4,69
73.98537986260953,70.48151049310813,81.95705653112502,77.72617190496902,0.050385598093271255,21.644931029387678,-23.837084249686484,0.04850757652322827,0.05299097053074947,19.518489506891868,squat_20.mp4,72
63.07941231402647,61.144366833540666,69.86932941941521,70.9972991989801,0.6215425133705139,24.221270593767446,-27.754677092460067,0.031154187930269573,0.016014719605741953,28.855633166459334,squat_20.mp4,75
50.68720374899889,47.87212541755343,58.85804215755486,57.3164611316214,0.15527237951755524,28.73833245921647,-32.430909538799476,0.057124543262431306,0.026539059471530124,42.12787458244657,squat_20.mp4,78
54.81160708662345,49.195085171559185,62.55907659048747,59.3289646475138,0.5322898030281067,26.155313306594888,-30.551589490350697,0.10800308697678801,0.05300129381300801,40.804914828440815,squat_20.mp4,81
58.4444508837403,56.519078444544114,63.03043896970635,66.1182569662402,0.2519065737724304,22.72338095581717,-27.57043478660142,0.03349536066691526,0.04781802826821106,33.480921555455886,squat_20.mp4,84
77.10091675838318,70.43067828332498,83.02110089535749,76.53126927963136,0.25443902611732483,19.391915872242564,-21.25202332199319,0.09042454225716841,0.08135048835198647,19.56932171667502,squat_20.mp4,87
108.72901390818642,105.9599205975882,111.24922225050138,111.84226838629012,0.2608068287372589,13.325224908020022,-15.963705849434255,0.025796330090070294,0.00531661816500442,15.959920597588194,squat_20.mp4,90
131.19826005994938,128.8907596525757,133.86487956959334,132.11811331120634,0.22198928892612457,11.124845333734127,-12.066494657498632,0.017743927905331396,0.01313442065951797,38.890759652575696,squat_20.mp4,93
146.0215312189785,137.81842435585173,143.6900106882429,143.45930645406864,0.012210439890623093,7.9303975743992146,-10.395224992353171,0.057800931137506104,0.001606859013075188,47.81842435585173,squat_20.mp4,96
149.74318873159353,144.00911204348785,149.0124418749003,152.37565608037903,0.7397980690002441,7.549449497815388,-9.186026933743266,0.03904021635218526,0.02231816205282113,54.009112043487846,squat_20.mp4,99
159.8386256913293,161.0170491093219,157.50055798488063,157.83745107675972,0.27229735255241394,5.022773298778455,-4.727997467254721,0.007345504602496206,0.002136710971706789,69.8386256913293,squat_20.mp4,102
169.32648008719082,169.3248760312154,167.24015006401387,165.87004170104865,0.27098777890205383,2.6441840512564148,-2.6425867610879474,9.47319977567244e-06,0.00822615697049307,79.32487603121541,squat_20.mp4,105
174.57533893949247,177.45677918195167,170.44940654107393,171.55110378424538,0.09446844458580017,1.3516176519972445,-0.631264769805901,0.01637032585455834,0.006442664323064877,84.57533893949247,squat_20.mp4,108
176.48403119250446,178.25538135537408,171.85490355071,171.81580331821024,0.2742919921875,0.8719218539814146,-0.43201230149018394,0.009986768316196316,0.0002275447497750337,86.48403119250446,squat_20.mp4,111
176.0687112079359,177.91183984155478,171.52096391832458,172.29265787334845,0.19645459949970245,0.9739217916956847,-0.520498651256514,0.0104137282579753,0.004489024902518004,86.0687112079359,squat_20.mp4,114
179.17125670341673,179.47698062425223,172.25997967269592,171.91181827447818,0.1154281497001648,-0.20338607859325752,-0.12662006367515422,0.0017048678287867234,0.002023183772141487,89.17125670341673,squat_20.mp4,117
179.25743201986788,177.73505526311516,172.70986202432297,171.7137823258264,0.08821927756071091,0.1823657391382923,-0.5613070015828651,0.008528900808749813,0.0057840378547527,87.73505526311516,squat_20.mp4,120
179.6215408457598,179.48300123284525,172.1155641650943,172.4693563329942,0.28864723443984985,-0.09353156990350173,-0.12619272476882828,0.0007715837405599665,0.002053439642039552,89.48300123284525,squat_20.mp4,123
179.35684232574025,178.01969009279384,172.24622274737453,172.13403345644184,0.2717870771884918,-0.1582398704021484,-0.4866041564914165,0.007483156344359122,0.000651543106270835,88.01969009279384,squat_20.mp4,126
175.81516320808882,177.07919108480885,171.29319656265076,171.80503891508764,0.4634932577610016,1.0390140475943233,-0.7198261213839589,0.007163775001460687,0.002983648993263812,85.81516320808882,squat_20.mp4,129
177.71552360215298,176.66240493399735,172.05979436880227,170.7379777062343,0.41237056255340576,0.5639262823439394,-0.8174168187973664,0.005943477758368375,0.007711932633439895,86.66240493399735,squat_20.mp4,132
179.1733844545274,179.36634396434403,171.98138976150042,172.13168813757636,0.11727232486009598,0.20240914922532297,-0.15481795237627846,0.001076363340082652,0.000873540622132461,89.1733844545274,squat_20.mp4,135
179.00004916769427,177.47702410346372,172.70811288819442,170.39966234217263,0.2652612030506134,0.24517269522085125,-0.6175684060875979,0.008544869661629246,0.0134561249419187,87.47702410346372,squat_20.mp4,138
178.60885788665553,178.44921396119742,172.49731627137905,171.4257681977287,0.22824658453464508,0.34456522278736823,-0.38014476821496807,0.0008942182689326745,0.006231323932817298,88.44921396119742,squat_20.mp4,141
178.88934906565257,179.817615751313,171.62280973846288,172.23832917847074,0.2858152687549591,0.27227303613023307,-0.044384783165375565,0.005175626774540636,0.003580046538242574,88.88934906565257,squat_20.mp4,144
179.62050820936318,178.84360143791844,172.04302568409372,172.27320211132553,0.2984263598918915,0.09298569883653535,-0.2811854403835708,0.004334641882051718,0.001337005976776522,88.84360143791844,squat_20.mp4,147
178.27138341968876,178.10152979297618,172.28871191489282,172.01645053003523,0.01593525893986225,0.4220902582982605,-0.46288361706646064,0.0009532353353197776,0.0015815120686791014,88.10152979297618,squat_20.mp4,150
178.06841846467958,178.1065877582018,172.16288282610637,171.63787228110763,0.07986041158437729,0.4730951054060326,-0.4646208128595336,0.00021432887123104568,0.0030541558574239415,88.06841846467958,squat_20.mp4,153
177.15441819770328,177.79699604254603,171.54859386242128,171.02591459807192,0.09538812935352325,0.7020241127298201,-0.5405937394216316,0.0036206523995299163,0.00305147786213428,87.15441819770328,squat_20.mp4,156
178.15273232266202,178.12215597892964,170.82570328634137,171.32710209693613,0.10496167838573456,0.4553341620032741,-0.46435888657880364,0.00017164467514473996,0.0029308472863935793,88.12215597892964,squat_20.mp4,159
176.13907632074108,174.18529972349776,169.98704024168194,168.62604574446348,0.16737985610961914,0.9623955471467701,-1.4490474044102186,0.011154100204529283,0.008038640876827438,84.18529972349776,squat_20.mp4,162
173.51429606974799,172.6204639285404,168.46385375749097,166.70127442807834,0.12274932861328125,1.6158953535422798,-1.8369169383003996,0.005164648249785732,0.01051767729509588,82.6204639285404,squat_20.mp4,165
172.00328177640534,170.84045167787284,166.69278493435328,165.6261984331296,0.11087886989116669,1.9723183390818628,-2.2762835463789757,0.0067834408802900596,0.006419052504408094,80.84045167787284,squat_20.mp4,168
168.20698906458193,167.14362196542336,164.99729227821328,163.3168378529885,0.2940638065338135,2.9372353215017397,-3.191916350067102,0.0063418229410258905,0.010236869333362127,77.14362196542336,squat_20.mp4,171
164.49335290989728,165.4958257308678,162.73167654817885,161.34185946256218,0.7018256187438965,3.8797380572959277,-3.6042088939478507,0.006075792091727,0.008577171111994818,74.49335290989728,squat_20.mp4,174
157.5675937174094,158.46444676458094,156.89675394550406,158.59815127033846,1.3669463396072388,5.553991793904186,-5.3242971745614085,0.005675709626174068,0.010785577178626132,67.56759371740941,squat_20.mp4,177
150.41037091156474,149.20770602404238,152.46936415803742,152.62941998658826,1.258452296257019,7.180306808827956,-7.5389325566451015,0.008027986160400012,0.0010492065971326016,59.20770602404238,squat_20.mp4,180
144.27435859740126,145.05931757468696,148.30914049264487,149.55300667754491,1.0596840381622314,8.895860967425602,-8.683180192071944,0.005425977284571769,0.008351958761576598,54.27435859740126,squat_20.mp4,183
136.01942146384957,134.9403594384125,141.92146395035303,140.37619601822598,0.6052855253219604,10.767283446643969,-10.97460005253953,0.007964739429917909,0.010947791294472946,44.940359438412486,squat_20.mp4,186
127.4671242039568,127.10365801550533,133.7547566750558,133.05422904743676,0.4137800931930542,12.493309830363616,-13.048741493248619,0.002855521637499853,0.005251154684480198,37.10365801550533,squat_20.mp4,189
113.77722771247623,110.13498083632182,121.69536646960641,117.28863005241128,0.06257271766662598,14.644954756005836,-16.114333383406468,0.03253281185300486,0.03687892479268284,20.134980836321816,squat_20.mp4,192
93.01814288577086,87.43050187346775,100.63270076221218,94.06147802506952,0.03277991712093353,17.96777458823045,-19.776904643331193,0.06193054006870875,0.0675030222071737,2.5694981265322525,squat_20.mp4,195
72.33420404070394,70.9992387958513,79.75575937830178,78.19345378450662,0.26050323247909546,20.356420091606168,-23.830003581228713,0.018627407790307752,0.019782378937016804,19.000761204148702,squat_20.mp4,198
58.9373644276709,49.899501152090046,65.78221146230084,58.452762484269535,0.15764237940311432,25.320500204712086,-30.277634826643492,0.16608091803153718,0.11799332740526788,40.100498847909954,squat_20.mp4,201
48.26687758398984,42.17162666298836,56.00203545767933,51.459543453812636,0.6352952122688293,29.78760254996233,-33.934811354515034,0.134793271333988,0.08454169480625259,47.82837333701164,squat_20.mp4,204
55.2411331106233,48.20922210380442,61.410827206176506,57.898519455891254,0.7613102793693542,26.262055264171913,-31.066902498153,0.13594754686426003,0.058877327695600015,41.79077789619558,squat_20.mp4,207
67.96230833889024,66.24175298036637,72.63211018487297,72.96428966968125,0.04165198653936386,19.71563569118712,-23.3182704659028,0.02564088361574777,0.004563017837530526,23.75824701963363,squat_20.mp4,210
106.25357569466983,104.04672573740126,109.56707275854447,110.70328279438499,0.19952118396759033,14.302869303170683,-16.065767749542893,0.020987606220634985,0.010316504306613303,14.04672573740126,squat_20.mp4,213
128.04477093246496,124.94545448442558,131.09702489447386,130.18718650998443,0.24549022316932678,11.34681234787055,-12.768501292659968,0.024501471888347927,0.006964357927322572,34.94545448442558,squat_20.mp4,216
139.2404300315828,139.95531718218683,140.947154767732,142.72226389600914,0.07544203847646713,9.670767769048917,-9.805491075797804,0.005121046131527683,0.012515336595950327,49.240430031582804,squat_20.mp4,219
151.17233394278801,142.1948834723878,149.62743047211862,149.1787525846451,0.8047678470611572,6.978967045969737,-9.525327894747615,0.061202819793564386,0.0030031365675473546,52.1948834723878,squat_20.mp4,222
159.7639396655339,155.08888718072768,156.30791890983468,155.9326624040296,0.6751996874809265,5.024965724477195,-6.246561715800145,0.029696747725812832,0.002403636991873747,65.08888718072768,squat_20.mp4,225
169.60410572086704,169.26873664727526,165.39627770277949,163.6479697548561,0.15832313895225525,2.590539089410524,-2.6721581090140494,0.001979321041179465,0.010626582664378522,79.26873664727526,squat_20.mp4,228
178.04966398273658,175.51751264243813,171.48511577578097,169.10918875596795,0.5575027465820312,0.4863662740884799,-1.1126311110810048,0.014323452558396487,0.013951654435792509,85.51751264243813,squat_20.mp4,231
178.18328448358838,178.24944622899542,170.79636220406354,168.17359933520476,1.8960262537002563,-0.4493467238997624,-0.43573905951247166,0.000371243938651608,0.01547489846562672,88.18328448358838,squat_21.mp4,0
178.89058306327044,173.32168062839935,170.61533386519145,164.98394718065904,2.1747560501098633,-0.27449533017155364,-1.6608793014258414,0.031622422095706273,0.03356018324582183,83.32168062839935,squat_21.mp4,3
179.69417206781375,169.35925869729925,171.24599261432758,160.9589298922225,3.2504708766937256,-0.07549385458203403,-2.6318403039909875,0.059216798688159156,0.06193203065437567,79.35925869729925,squat_21.mp4,6
178.88741269143458,166.65592030991186,173.62080465775443,156.77766035945825,4.76024055480957,-0.27185907165172685,-3.2602695421168284,0.07079570759060225,0.10195655296049096,76.65592030991186,squat_21.mp4,9
177.03885468964918,161.83642051710984,171.7108207902658,150.9730198947086,6.362510681152344,0.7138420845753946,-4.344671690818908,0.08972288794609658,0.12853324697968269,71.83642051710984,squat_21.mp4,12
171.57608065090145,147.9274106301277,167.5516535596017,140.1879033681457,6.725396156311035,1.8482876264895525,-7.393168697362131,0.14803387547319685,0.1778370675816668,57.927410630127696,squat_21.mp4,15
156.29471486892697,129.63198169712615,152.34937342087645,124.85470880640665,6.288926124572754,4.086864451646141,-11.088266533111941,0.18650048066177238,0.19837128222322917,39.63198169712615,squat_21.mp4,18
141.1432802915181,118.72402184264884,138.7885460242758,113.06994451064482,7.734683513641357,6.868068424040275,-13.695264414813076,0.17254389655605393,0.20423056978549672,28.72402184264884,squat_21.mp4,21
129.37140321450912,110.36490312430203,121.74265622326621,107.20950313589195,5.713563919067383,7.765403471308856,-14.552153255860977,0.15856171624956836,0.12695362322026452,20.36490312430203,squat_21.mp4,24
128.81583194419127,120.67252034255927,123.03062809841101,117.32468101729104,5.273818492889404,9.36494577855973,-13.154765849674032,0.0652800944572551,0.04747926810614571,30.672520342559267,squat_21.mp4,27
141.7163699611389,116.85953055199893,138.1086859299074,111.60549078332245,7.540712833404541,6.585576086328575,-13.927730831540366,0.19225952116815334,0.2122682460036785,26.85953055199893,squat_21.mp4,30
168.0971086546082,133.32504616426678,162.538446807062,128.94315862578995,6.596029281616211,2.548773486300123,-10.938453266215706,0.2307200179843184,0.23051395048674064,43.32504616426678,squat_21.mp4,33
175.45502394751642,140.7781210265719,170.34402138736135,135.54904309870497,6.166626453399658,1.0845065124140514,-9.227523435451245,0.21931226041334717,0.227497660642393,50.77812102657191,squat_21.mp4,36
175.6171541333488,153.16125994557817,171.4242336211221,147.63543495523342,5.418622016906738,1.0654536245361277,-6.5369659355143135,0.13660199834396577,0.14911818075931896,63.161259945578166,squat_21.mp4,39
177.48876606643057,165.09207011876134,170.71504753165271,158.52453383528317,3.45263671875,0.620303323835519,-3.6915250422265578,0.07237238419820914,0.0740525403765672,75.09207011876134,squat_21.mp4,42
179.93147195674447,172.13191265931016,171.09415078003926,164.70114990550007,2.4985711574554443,0.017611497143454186,-1.9483448642890506,0.04430769934192493,0.03807677392439751,82.13191265931016,squat_21.mp4,45
179.78878227826846,177.8364393445639,171.78121062083144,167.46904885004173,2.5555901527404785,-0.052677548281993974,-0.5386171210609773,0.010918373848719125,0.025421715388016918,87.8364393445639,squat_21.mp4,48
178.6764743049876,178.9255281198893,171.65524404918696,168.5942611142089,2.121502161026001,-0.3280177845177993,-0.26764092716911403,0.001392910628088586,0.017992578319889697,88.67647430498761,squat_21.mp4,51
179.60188726744522,178.46239376134525,171.85468661568638,167.16315946310712,2.6111316680908203,-0.09883760286982529,-0.38204848684654474,0.006364742681542956,0.027677169251372476,88.46239376134525,squat_21.mp4,54
179.4321376627059,176.07748784628043,170.9384139381773,166.88531442300538,2.1749184131622314,-0.14070249979157612,-0.9773787363615858,0.018872343113762933,0.0239953512728896,86.07748784628043,squat_21.mp4,57
179.65113407880403,174.62775519916767,171.80206859154774,164.5603268626691,3.0611681938171387,-0.08646654693968178,-1.334212183245335,0.02835833029664357,0.04305916372785699,84.62775519916767,squat_21.mp4,60
178.07898461902192,165.2116379873992,173.13572888181452,157.48232375712166,3.805893898010254,-0.4713003549761638,-3.6304517909115335,0.07496474289875953,0.09469177499383398,75.2116379873992,squat_21.mp4,63
179.25480155314818,155.76791035284782,172.70744025463625,148.72425599846733,5.284111499786377,0.17905223109443175,-5.7562219225058895,0.14021074014164478,0.14922725129934883,65.76791035284782,squat_21.mp4,66
170.74967636935193,145.22268156340886,167.38156643886578,139.61917493670987,6.446152687072754,2.125865783122721,-8.130869748228788,0.16157739223109663,0.18086204859155186,55.222681563408855,squat_21.mp4,69
159.27239962448724,127.10727211513804,157.6122046386992,122.24718958114005,7.304037570953369,4.516304524078037,-11.933700511112118,0.22463275632631868,0.2527341642837883,37.107272115138045,squat_21.mp4,72
151.4854634863232,118.37736026174943,145.1769767077904,111.70748288155761,7.777131080627441,4.355867023437839,-13.266412487570337,0.24536987173514097,0.2605801369202066,28.37736026174943,squat_21.mp4,75
124.44071037455215,110.54376947323394,119.52916609163309,105.90444410756356,6.598286151885986,9.349543916005537,-14.849848918089396,0.11827964902465152,0.1208756934871469,20.543769473233937,squat_21.mp4,78
141.62996644021075,114.71111907041566,134.24736702718351,109.34367377778129,6.884937763214111,6.383674322537007,-14.301781893136436,0.21002366683571833,0.204471339890877,24.711119070415663,squat_21.mp4,81
156.35222094655953,119.54227029518302,152.99714980154712,114.42546811210426,7.324544429779053,4.506127759924396,-13.356631915830103,0.2668407802250979,0.2884698533756584,29.542270295183016,squat_21.mp4,84
172.19080754992387,136.68567684200124,166.5919412340683,132.1167873677255,6.2936201095581055,1.7417799103657738,-10.095276607180104,0.22989856788755156,0.2308278973146536,46.68567684200124,squat_21.mp4,87
178.34719943841782,147.21668200535748,172.66390413423224,141.2181124195876,5.793861389160156,0.396523312659187,-7.7439796815871835,0.1912406087248137,0.20036695354448741,57.216682005357484,squat_21.mp4,90
178.38407911238028,160.39559869525033,170.0635189299547,154.28092673000936,3.87833833694458,0.3944602459533568,-4.832975500522398,0.10619574664891414,0.0973199474270726,70.39559869525033,squat_21.mp4,93
179.4300739356943,170.36815801077017,170.5609738396571,163.2213050017743,2.288782835006714,-0.1410558170633178,-2.3902598381851874,0.051812245445031484,0.04397878079902264,80.36815801077017,squat_21.mp4,96
179.22645653172415,176.2784773483302,172.73625737630533,165.07714356597958,3.5659871101379395,-0.19169842468866607,-0.9242097011052147,0.016584744134035496,0.04534523372347979,86.2784773483302,squat_21.mp4,99
178.2874206866829,172.91805782266206,171.95880010816373,163.98429592117506,2.923807144165039,-0.4240947944746417,-1.7614402775446683,0.030576760287513417,0.04747532710892343,82.91805782266206,squat_21.mp4,102
179.87488546555693,172.67225339656557,170.66246943843464,164.39495375871888,2.647036075592041,0.030701311005335637,-1.816495606340002,0.04086053338704438,0.037411591242542584,82.67225339656557,squat_21.mp4,105
179.65338485706658,173.6216346021582,171.0712158917202,165.002926545894,2.723116874694824,0.08578881749629344,-1.58828483030768,0.03414761827282031,0.036112801192091926,83.6216346021582,squat_21.mp4,108
179.6169159015706,172.40027832875228,171.98315264991479,162.95294979208023,3.461103677749634,0.0948366441237096,-1.888449177936267,0.04100161975665603,0.05392194386926936,82.40027832875228,squat_21.mp4,111
177.56393629773942,168.7167274423253,173.72252084329764,159.76278451060986,3.801149845123291,-0.6028976343655041,-2.797932548266529,0.051098486180881725,0.08372024859010306,78.7167274423253,squat_21.mp4,114
177.74961950894115,161.87905196476402,174.53119327019527,153.99957266552101,4.96368932723999,-0.5527941223703298,-4.411389999156828,0.09345834952810143,0.12499055025301153,71.87905196476402,squat_21.mp4,117
178.03078989029476,154.00426281917967,172.88544655113952,145.639296259612,6.016854763031006,0.4691226188037545,-6.083293566283829,0.14472283498416008,0.17107713549095038,64.00426281917967,squat_21.mp4,120
172.68930241530015,137.74220697744053,167.5605445750314,131.80119006718115,6.844616889953613,1.472785920516237,-9.515629072952239,0.22515172835529718,0.23890397716053233,47.74220697744053,squat_21.mp4,123
165.50963159485934,122.77038005335467,158.73661139086053,118.02069754983597,6.606018543243408,2.7401869615520305,-12.638506192268292,0.2965120703107163,0.2942355090593048,32.77038005335467,squat_21.mp4,126
135.08728460415034,116.7371306560842,127.30710429214247,113.7324699499808,4.783508777618408,7.046360039835994,-13.229049155512223,0.14573768734142117,0.11263407168588847,26.737130656084204,squat_21.mp4,129
127.34807177400528,110.39803417490947,119.58995787503194,106.14920991946076,5.1155524253845215,8.295382041367088,-13.968330381191576,0.1425894025178096,0.11908210778740272,20.39803417490947,squat_21.mp4,132
147.5615372400862,115.10229351424945,143.13063852735084,110.99721076517044,6.877476692199707,5.088042384611347,-14.341435277756084,0.24715427040425106,0.2528918247381245,25.102293514249453,squat_21.mp4,135
166.65401164709004,127.4061362334945,161.68686249433117,123.29914845882972,6.543813705444336,2.468198701973146,-11.790287137897188,0.2669377383944852,0.2694006902802727,37.40613623349449,squat_21.mp4,138
167.38902544619467,138.2287474190885,166.27744529084228,132.87518440054913,6.312252998352051,2.9956773299629527,-9.634366080685098,0.19082841782215365,0.223312500543627,48.228747419088506,squat_21.mp4,141
178.69239031155934,149.54270381891027,171.53547529598674,144.17855090947833,4.889211654663086,0.31507516171599825,-7.285920940151281,0.17761468541241604,0.17330192589355953,59.54270381891027,squat_21.mp4,144
178.8958872435432,162.9259788929287,171.25268206389424,156.43922360699355,3.6528725624084473,0.27176234476899647,-4.190883290993104,0.0934399459643611,0.0904108902328418,72.9259788929287,squat_21.mp4,147
179.83214121092675,171.80824998340404,170.1771100775764,164.42911518850656,2.4108049869537354,-0.04118622471348451,-2.0288289816002467,0.04563691446406327,0.0343567719608263,81.80824998340404,squat_21.mp4,150
179.16631306764344,177.16040933330953,171.3275550593398,167.33526752160168,2.5837087631225586,-0.20630221707107557,-0.7067227645797624,0.011258789241615117,0.02357676881869106,87.16040933330953,squat_21.mp4,153
179.56658959193416,177.8540604262711,171.35266324713663,167.7127729273324,2.8865087032318115,-0.10715501410904042,-0.5347545059346684,0.009582709703962704,0.02147013485580583,87.8540604262711,squat_21.mp4,156
174.76351461428877,178.58279695328682,166.12633714949243,167.64365547329842,1.7706719636917114,-1.3009008862444569,0.3496967998043051,0.02161778523768534,0.00909199962454856,84.76351461428877,squat_21.mp4,159
177.10355417701808,175.3874318674068,164.89343521335786,163.14732348506575,2.260618209838867,0.7123868093399387,-1.1479671258122113,0.00973711316064686,0.010645699852787821,85.3874318674068,squat_21.mp4,162
177.54991596149128,175.80254656521578,171.66953978176497,164.66121941639437,2.926180362701416,-0.6041928331809372,-1.0419170672405824,0.009890234717939357,0.0416751675171133,85.80254656521578,squat_21.mp4,165
179.1212901775717,174.3380105423454,172.1698735292792,163.38501839854948,3.7532949447631836,-0.21754053428848188,-1.4044060280628494,0.027065518578709584,0.05236016724571646,84.33801054234539,squat_21.mp4,168
177.56683049407937,172.67217307014835,173.57349119837193,162.33169851960048,4.1005353927612305,-0.6013503797866858,-1.8086229514589918,0.027950384589496058,0.0669343197002113,82.67217307014835,squat_21.mp4,171
177.71852419433029,167.2018290863734,174.3212815519296,157.99076866876726,4.728930950164795,-0.5597995354436236,-3.088880075164712,0.06098042639657256,0.09828420529629799,77.20182908637341,squat_21.mp4,174
179.70791692016053,158.28804354638666,173.72977099613078,150.0834180746062,5.748371124267578,-0.0711150373546276,-5.2071506479719725,0.12674632764372268,0.14604935017862447,68.28804354638666,squat_21.mp4,177
177.29187854591962,145.0224006694576,173.97246684175852,137.54693558372577,7.70774507522583,0.6445140271156093,-8.179180430644983,0.2002361046802948,0.23385722349506477,55.022400669457596,squat_21.mp4,180
167.0605908978332,128.5180396616405,166.13603962436775,122.93580846061414,8.72855281829834,2.4093309044227267,-11.757014830194544,0.2607938954398635,0.29888923082578095,38.5180396616405,squat_21.mp4,183
154.98169108960633,114.02841779419389,152.98351621883077,109.89970132225615,8.522377014160156,3.70017149209576,-14.555187184833043,0.3044738613380685,0.3277791203224367,24.028417794193885,squat_21.mp4,186
124.45917279138747,106.9798429393002,120.52640172183413,104.69994228070662,5.429816246032715,10.121639201827731,-15.464977727474563,0.15104912019179143,0.1405382617314871,16.979842939300198,squat_21.mp4,189
94.53495683488497,102.93853934143621,90.42530946015835,98.0077848091516,5.686294078826904,13.300723180484477,-15.136936764742405,0.08511099129017101,0.08047923193530249,4.534956834884966,squat_21.mp4,192
105.55306400916845,106.5556453926691,99.16726257580648,101.29435462458589,4.613906383514404,13.786231854730607,-14.057633655639238,0.009453467387812685,0.021221938428772225,15.553064009168452,squat_21.mp4,195
112.48027479862684,111.30730234367783,107.6920066826918,108.13814599292661,6.015334606170654,12.317547163333156,-14.35492653905404,0.010482909461977158,0.004134170362241618,21.307302343677833,squat_21.mp4,198
101.71695438050556,102.91606706555524,96.98677983324946,98.32947847239902,5.927103519439697,12.711142581279324,-15.393933726151788,0.011719640130180632,0.013748969500003266,11.716954380505555,squat_21.mp4,201
124.32038624234336,106.47443073161273,122.233380913606,103.5994315957488,6.759820461273193,8.458446329241173,-15.30959123682664,0.1546478014083345,0.16502428598222693,16.474430731612728,squat_21.mp4,204
152.47868979518503,121.74481271989978,153.1730095373843,116.91416662375359,7.786456108093262,5.675971834789743,-12.982191695983161,0.22415202776862353,0.26849733059520137,31.744812719899784,squat_21.mp4,207
163.39482677642908,133.21162108747836,163.83452338336122,126.31551925220408,8.269879341125488,3.262575774732488,-10.605015637808059,0.20352359772569575,0.2586179467034014,43.21162108747836,squat_21.mp4,210
178.44681819263727,148.8123173021747,174.7787662283646,141.25244205836475,7.336721420288086,0.36414660171677515,-7.3584532662960225,0.18110724912632642,0.21217097103639218,58.812317302174705,squat_21.mp4,213
178.8375255390298,160.23100583461587,174.0233512667059,151.80875034344777,6.447338581085205,0.2837769239950024,-4.837836581823337,0.10975079066780145,0.13635612214684173,70.23100583461587,squat_21.mp4,216
179.01921475424916,167.54344957640254,172.28675241053264,155.71528572014512,6.234823226928711,0.24185151467486996,-3.0724221656753694,0.06622620587252712,0.10104490072580198,77.54344957640254,squat_21.mp4,219
177.5148565412105,170.68421640656126,170.4920665187072,165.1340222562694,2.2599668502807617,0.6067931139303074,-2.2996472046633496,0.03923410867710032,0.031928651804122105,80.68421640656126,squat_21.mp4,225
177.4844050413257,178.8824988772962,165.06777051846748,169.52236224526393,2.6478137969970703,-0.6206465389012104,-0.2746554418403153,0.007846373053148475,0.026627155379635965,87.48440504132569,squat_21.mp4,231
176.21483044624873,177.8684273777257,162.98969540149895,170.84757706287212,3.25378155708313,-0.9339929935380574,-0.524620982486853,0.009340158818234983,0.04707611947202095,86.21483044624873,squat_21.mp4,234
177.18707487737834,173.67119588434258,167.75830230676283,164.7458934873128,2.467836856842041,0.6913994663333478,-1.5689375043660496,0.020041591069822617,0.018119523648451378,83.67119588434258,squat_21.mp4,240
175.43841868806456,153.25828198934457,179.07486142127598,141.13881686509717,8.634150505065918,-1.075006447989245,-6.339173606780509,0.13495807322074774,0.23694206168327323,63.25828198934457,squat_21.mp4,252
179.8672959931097,138.48222257737413,177.52487936092786,127.7274983715055,9.859189987182617,-0.02861830151274801,-9.471062245444251,0.25999771321515447,0.3262702250468421,48.48222257737413,squat_21.mp4,255
164.5331293929795,116.90717913066443,162.6587259362775,109.33117279660345,9.701117515563965,2.3104140969406157,-13.811793372034154,0.3384444148185262,0.39212892381747305,26.90717913066443,squat_21.mp4,258
137.7263087680925,107.9942193320551,138.13855342942415,101.7306529372677,8.524104118347168,7.017450716069371,-15.407849345253897,0.24199923112585525,0.30356460542500074,17.994219332055096,squat_21.mp4,261
101.41217747614174,85.96586997023765,94.6128899002807,81.07822056183394,6.545027732849121,7.469031137789442,-18.893723642657896,0.16486784568853238,0.1540734679500512,4.034130029762352,squat_21.mp4,264
98.83801834389229,85.91395874463124,92.67786853452803,82.34531442838735,5.4750823974609375,11.709139244999413,-17.794519698134806,0.13990713174418162,0.11807069133612981,4.086041255368755,squat_21.mp4,267
119.81044737870093,95.4695374188516,115.05942339158354,92.0970929454175,6.427700996398926,8.14599268877587,-17.49400762245874,0.22613258713056222,0.22169064099157804,5.469537418851601,squat_21.mp4,270
156.62477256612112,110.21520605388334,154.61031782809093,105.78620115810769,8.535860061645508,3.4192915288128187,-15.823929813217653,0.3478456770402286,0.37499822854829323,20.215206053883335,squat_21.mp4,273
178.18328448358838,178.24944622899542,170.79636220406354,168.17359933520476,1.8960262537002563,-0.4493467238997624,-0.43573905951247166,0.000371243938651608,0.01547489846562672,88.18328448358838,squat_21.mp4,0
178.89058306327044,173.32168062839935,170.61533386519145,164.98394718065904,2.1747560501098633,-0.27449533017155364,-1.6608793014258414,0.031622422095706273,0.03356018324582183,83.32168062839935,squat_21.mp4,3
179.69417206781375,169.35925869729925,171.24599261432758,160.9589298922225,3.2504708766937256,-0.07549385458203403,-2.6318403039909875,0.059216798688159156,0.06193203065437567,79.35925869729925,squat_21.mp4,6
178.88741269143458,166.65592030991186,173.62080465775443,156.77766035945825,4.76024055480957,-0.27185907165172685,-3.2602695421168284,0.07079570759060225,0.10195655296049096,76.65592030991186,squat_21.mp4,9
177.03885468964918,161.83642051710984,171.7108207902658,150.9730198947086,6.362510681152344,0.7138420845753946,-4.344671690818908,0.08972288794609658,0.12853324697968269,71.83642051710984,squat_21.mp4,12
171.57608065090145,147.9274106301277,167.5516535596017,140.1879033681457,6.725396156311035,1.8482876264895525,-7.393168697362131,0.14803387547319685,0.1778370675816668,57.927410630127696,squat_21.mp4,15
156.29471486892697,129.63198169712615,152.34937342087645,124.85470880640665,6.288926124572754,4.086864451646141,-11.088266533111941,0.18650048066177238,0.19837128222322917,39.63198169712615,squat_21.mp4,18
141.1432802915181,118.72402184264884,138.7885460242758,113.06994451064482,7.734683513641357,6.868068424040275,-13.695264414813076,0.17254389655605393,0.20423056978549672,28.72402184264884,squat_21.mp4,21
129.37140321450912,110.36490312430203,121.74265622326621,107.20950313589195,5.713563919067383,7.765403471308856,-14.552153255860977,0.15856171624956836,0.12695362322026452,20.36490312430203,squat_21.mp4,24
128.81583194419127,120.67252034255927,123.03062809841101,117.32468101729104,5.273818492889404,9.36494577855973,-13.154765849674032,0.0652800944572551,0.04747926810614571,30.672520342559267,squat_21.mp4,27
141.7163699611389,116.85953055199893,138.1086859299074,111.60549078332245,7.540712833404541,6.585576086328575,-13.927730831540366,0.19225952116815334,0.2122682460036785,26.85953055199893,squat_21.mp4,30
168.0971086546082,133.32504616426678,162.538446807062,128.94315862578995,6.596029281616211,2.548773486300123,-10.938453266215706,0.2307200179843184,0.23051395048674064,43.32504616426678,squat_21.mp4,33
175.45502394751642,140.7781210265719,170.34402138736135,135.54904309870497,6.166626453399658,1.0845065124140514,-9.227523435451245,0.21931226041334717,0.227497660642393,50.77812102657191,squat_21.mp4,36
175.6171541333488,153.16125994557817,171.4242336211221,147.63543495523342,5.418622016906738,1.0654536245361277,-6.5369659355143135,0.13660199834396577,0.14911818075931896,63.161259945578166,squat_21.mp4,39
177.48876606643057,165.09207011876134,170.71504753165271,158.52453383528317,3.45263671875,0.620303323835519,-3.6915250422265578,0.07237238419820914,0.0740525403765672,75.09207011876134,squat_21.mp4,42
179.93147195674447,172.13191265931016,171.09415078003926,164.70114990550007,2.4985711574554443,0.017611497143454186,-1.9483448642890506,0.04430769934192493,0.03807677392439751,82.13191265931016,squat_21.mp4,45
179.78878227826846,177.8364393445639,171.78121062083144,167.46904885004173,2.5555901527404785,-0.052677548281993974,-0.5386171210609773,0.010918373848719125,0.025421715388016918,87.8364393445639,squat_21.mp4,48
178.6764743049876,178.9255281198893,171.65524404918696,168.5942611142089,2.121502161026001,-0.3280177845177993,-0.26764092716911403,0.001392910628088586,0.017992578319889697,88.67647430498761,squat_21.mp4,51
179.60188726744522,178.46239376134525,171.85468661568638,167.16315946310712,2.6111316680908203,-0.09883760286982529,-0.38204848684654474,0.006364742681542956,0.027677169251372476,88.46239376134525,squat_21.mp4,54
179.4321376627059,176.07748784628043,170.9384139381773,166.88531442300538,2.1749184131622314,-0.14070249979157612,-0.9773787363615858,0.018872343113762933,0.0239953512728896,86.07748784628043,squat_21.mp4,57
179.65113407880403,174.62775519916767,171.80206859154774,164.5603268626691,3.0611681938171387,-0.08646654693968178,-1.334212183245335,0.02835833029664357,0.04305916372785699,84.62775519916767,squat_21.mp4,60
178.07898461902192,165.2116379873992,173.13572888181452,157.48232375712166,3.805893898010254,-0.4713003549761638,-3.6304517909115335,0.07496474289875953,0.09469177499383398,75.2116379873992,squat_21.mp4,63
179.25480155314818,155.76791035284782,172.70744025463625,148.72425599846733,5.284111499786377,0.17905223109443175,-5.7562219225058895,0.14021074014164478,0.14922725129934883,65.76791035284782,squat_21.mp4,66
170.74967636935193,145.22268156340886,167.38156643886578,139.61917493670987,6.446152687072754,2.125865783122721,-8.130869748228788,0.16157739223109663,0.18086204859155186,55.222681563408855,squat_21.mp4,69
159.27239962448724,127.10727211513804,157.6122046386992,122.24718958114005,7.304037570953369,4.516304524078037,-11.933700511112118,0.22463275632631868,0.2527341642837883,37.107272115138045,squat_21.mp4,72
151.4854634863232,118.37736026174943,145.1769767077904,111.70748288155761,7.777131080627441,4.355867023437839,-13.266412487570337,0.24536987173514097,0.2605801369202066,28.37736026174943,squat_21.mp4,75
124.44071037455215,110.54376947323394,119.52916609163309,105.90444410756356,6.598286151885986,9.349543916005537,-14.849848918089396,0.11827964902465152,0.1208756934871469,20.543769473233937,squat_21.mp4,78
141.62996644021075,114.71111907041566,134.24736702718351,109.34367377778129,6.884937763214111,6.383674322537007,-14.301781893136436,0.21002366683571833,0.204471339890877,24.711119070415663,squat_21.mp4,81
156.35222094655953,119.54227029518302,152.99714980154712,114.42546811210426,7.324544429779053,4.506127759924396,-13.356631915830103,0.2668407802250979,0.2884698533756584,29.542270295183016,squat_21.mp4,84
172.19080754992387,136.68567684200124,166.5919412340683,132.1167873677255,6.2936201095581055,1.7417799103657738,-10.095276607180104,0.22989856788755156,0.2308278973146536,46.68567684200124,squat_21.mp4,87
178.34719943841782,147.21668200535748,172.66390413423224,141.2181124195876,5.793861389160156,0.396523312659187,-7.7439796815871835,0.1912406087248137,0.20036695354448741,57.216682005357484,squat_21.mp4,90
178.38407911238028,160.39559869525033,170.0635189299547,154.28092673000936,3.87833833694458,0.3944602459533568,-4.832975500522398,0.10619574664891414,0.0973199474270726,70.39559869525033,squat_21.mp4,93
179.4300739356943,170.36815801077017,170.5609738396571,163.2213050017743,2.288782835006714,-0.1410558170633178,-2.3902598381851874,0.051812245445031484,0.04397878079902264,80.36815801077017,squat_21.mp4,96
179.22645653172415,176.2784773483302,172.73625737630533,165.07714356597958,3.5659871101379395,-0.19169842468866607,-0.9242097011052147,0.016584744134035496,0.04534523372347979,86.2784773483302,squat_21.mp4,99
178.2874206866829,172.91805782266206,171.95880010816373,163.98429592117506,2.923807144165039,-0.4240947944746417,-1.7614402775446683,0.030576760287513417,0.04747532710892343,82.91805782266206,squat_21.mp4,102
179.87488546555693,172.67225339656557,170.66246943843464,164.39495375871888,2.647036075592041,0.030701311005335637,-1.816495606340002,0.04086053338704438,0.037411591242542584,82.67225339656557,squat_21.mp4,105
179.65338485706658,173.6216346021582,171.0712158917202,165.002926545894,2.723116874694824,0.08578881749629344,-1.58828483030768,0.03414761827282031,0.036112801192091926,83.6216346021582,squat_21.mp4,108
179.6169159015706,172.40027832875228,171.98315264991479,162.95294979208023,3.461103677749634,0.0948366441237096,-1.888449177936267,0.04100161975665603,0.05392194386926936,82.40027832875228,squat_21.mp4,111
177.56393629773942,168.7167274423253,173.72252084329764,159.76278451060986,3.801149845123291,-0.6028976343655041,-2.797932548266529,0.051098486180881725,0.08372024859010306,78.7167274423253,squat_21.mp4,114
177.74961950894115,161.87905196476402,174.53119327019527,153.99957266552101,4.96368932723999,-0.5527941223703298,-4.411389999156828,0.09345834952810143,0.12499055025301153,71.87905196476402,squat_21.mp4,117
178.03078989029476,154.00426281917967,172.88544655113952,145.639296259612,6.016854763031006,0.4691226188037545,-6.083293566283829,0.14472283498416008,0.17107713549095038,64.00426281917967,squat_21.mp4,120
172.68930241530015,137.74220697744053,167.5605445750314,131.80119006718115,6.844616889953613,1.472785920516237,-9.515629072952239,0.22515172835529718,0.23890397716053233,47.74220697744053,squat_21.mp4,123
165.50963159485934,122.77038005335467,158.73661139086053,118.02069754983597,6.606018543243408,2.7401869615520305,-12.638506192268292,0.2965120703107163,0.2942355090593048,32.77038005335467,squat_21.mp4,126
135.08728460415034,116.7371306560842,127.30710429214247,113.7324699499808,4.783508777618408,7.046360039835994,-13.229049155512223,0.14573768734142117,0.11263407168588847,26.737130656084204,squat_21.mp4,129
127.34807177400528,110.39803417490947,119.58995787503194,106.14920991946076,5.1155524253845215,8.295382041367088,-13.968330381191576,0.1425894025178096,0.11908210778740272,20.39803417490947,squat_21.mp4,132
147.5615372400862,115.10229351424945,143.13063852735084,110.99721076517044,6.877476692199707,5.088042384611347,-14.341435277756084,0.24715427040425106,0.2528918247381245,25.102293514249453,squat_21.mp4,135
166.65401164709004,127.4061362334945,161.68686249433117,123.29914845882972,6.543813705444336,2.468198701973146,-11.790287137897188,0.2669377383944852,0.2694006902802727,37.40613623349449,squat_21.mp4,138
167.38902544619467,138.2287474190885,166.27744529084228,132.87518440054913,6.312252998352051,2.9956773299629527,-9.634366080685098,0.19082841782215365,0.223312500543627,48.228747419088506,squat_21.mp4,141
178.69239031155934,149.54270381891027,171.53547529598674,144.17855090947833,4.889211654663086,0.31507516171599825,-7.285920940151281,0.17761468541241604,0.17330192589355953,59.54270381891027,squat_21.mp4,144
178.8958872435432,162.9259788929287,171.25268206389424,156.43922360699355,3.6528725624084473,0.27176234476899647,-4.190883290993104,0.0934399459643611,0.0904108902328418,72.9259788929287,squat_21.mp4,147
179.83214121092675,171.80824998340404,170.1771100775764,164.42911518850656,2.4108049869537354,-0.04118622471348451,-2.0288289816002467,0.04563691446406327,0.0343567719608263,81.80824998340404,squat_21.mp4,150
179.16631306764344,177.16040933330953,171.3275550593398,167.33526752160168,2.5837087631225586,-0.20630221707107557,-0.7067227645797624,0.011258789241615117,0.02357676881869106,87.16040933330953,squat_21.mp4,153
179.56658959193416,177.8540604262711,171.35266324713663,167.7127729273324,2.8865087032318115,-0.10715501410904042,-0.5347545059346684,0.009582709703962704,0.02147013485580583,87.8540604262711,squat_21.mp4,156
174.76351461428877,178.58279695328682,166.12633714949243,167.64365547329842,1.7706719636917114,-1.3009008862444569,0.3496967998043051,0.02161778523768534,0.00909199962454856,84.76351461428877,squat_21.mp4,159
177.10355417701808,175.3874318674068,164.89343521335786,163.14732348506575,2.260618209838867,0.7123868093399387,-1.1479671258122113,0.00973711316064686,0.010645699852787821,85.3874318674068,squat_21.mp4,162
177.54991596149128,175.80254656521578,171.66953978176497,164.66121941639437,2.926180362701416,-0.6041928331809372,-1.0419170672405824,0.009890234717939357,0.0416751675171133,85.80254656521578,squat_21.mp4,165
179.1212901775717,174.3380105423454,172.1698735292792,163.38501839854948,3.7532949447631836,-0.21754053428848188,-1.4044060280628494,0.027065518578709584,0.05236016724571646,84.33801054234539,squat_21.mp4,168
177.56683049407937,172.67217307014835,173.57349119837193,162.33169851960048,4.1005353927612305,-0.6013503797866858,-1.8086229514589918,0.027950384589496058,0.0669343197002113,82.67217307014835,squat_21.mp4,171
177.71852419433029,167.2018290863734,174.3212815519296,157.99076866876726,4.728930950164795,-0.5597995354436236,-3.088880075164712,0.06098042639657256,0.09828420529629799,77.20182908637341,squat_21.mp4,174
179.70791692016053,158.28804354638666,173.72977099613078,150.0834180746062,5.748371124267578,-0.0711150373546276,-5.2071506479719725,0.12674632764372268,0.14604935017862447,68.28804354638666,squat_21.mp4,177
177.29187854591962,145.0224006694576,173.97246684175852,137.54693558372577,7.70774507522583,0.6445140271156093,-8.179180430644983,0.2002361046802948,0.23385722349506477,55.022400669457596,squat_21.mp4,180
167.0605908978332,128.5180396616405,166.13603962436775,122.93580846061414,8.72855281829834,2.4093309044227267,-11.757014830194544,0.2607938954398635,0.29888923082578095,38.5180396616405,squat_21.mp4,183
154.98169108960633,114.02841779419389,152.98351621883077,109.89970132225615,8.522377014160156,3.70017149209576,-14.555187184833043,0.3044738613380685,0.3277791203224367,24.028417794193885,squat_21.mp4,186
124.45917279138747,106.9798429393002,120.52640172183413,104.69994228070662,5.429816246032715,10.121639201827731,-15.464977727474563,0.15104912019179143,0.1405382617314871,16.979842939300198,squat_21.mp4,189
94.53495683488497,102.93853934143621,90.42530946015835,98.0077848091516,5.686294078826904,13.300723180484477,-15.136936764742405,0.08511099129017101,0.08047923193530249,4.534956834884966,squat_21.mp4,192
105.55306400916845,106.5556453926691,99.16726257580648,101.29435462458589,4.613906383514404,13.786231854730607,-14.057633655639238,0.009453467387812685,0.021221938428772225,15.553064009168452,squat_21.mp4,195
112.48027479862684,111.30730234367783,107.6920066826918,108.13814599292661,6.015334606170654,12.317547163333156,-14.35492653905404,0.010482909461977158,0.004134170362241618,21.307302343677833,squat_21.mp4,198
101.71695438050556,102.91606706555524,96.98677983324946,98.32947847239902,5.927103519439697,12.711142581279324,-15.393933726151788,0.011719640130180632,0.013748969500003266,11.716954380505555,squat_21.mp4,201
124.32038624234336,106.47443073161273,122.233380913606,103.5994315957488,6.759820461273193,8.458446329241173,-15.30959123682664,0.1546478014083345,0.16502428598222693,16.474430731612728,squat_21.mp4,204
152.47868979518503,121.74481271989978,153.1730095373843,116.91416662375359,7.786456108093262,5.675971834789743,-12.982191695983161,0.22415202776862353,0.26849733059520137,31.744812719899784,squat_21.mp4,207
163.39482677642908,133.21162108747836,163.83452338336122,126.31551925220408,8.269879341125488,3.262575774732488,-10.605015637808059,0.20352359772569575,0.2586179467034014,43.21162108747836,squat_21.mp4,210
178.44681819263727,148.8123173021747,174.7787662283646,141.25244205836475,7.336721420288086,0.36414660171677515,-7.3584532662960225,0.18110724912632642,0.21217097103639218,58.812317302174705,squat_21.mp4,213
178.8375255390298,160.23100583461587,174.0233512667059,151.80875034344777,6.447338581085205,0.2837769239950024,-4.837836581823337,0.10975079066780145,0.13635612214684173,70.23100583461587,squat_21.mp4,216
179.01921475424916,167.54344957640254,172.28675241053264,155.71528572014512,6.234823226928711,0.24185151467486996,-3.0724221656753694,0.06622620587252712,0.10104490072580198,77.54344957640254,squat_21.mp4,219
177.5148565412105,170.68421640656126,170.4920665187072,165.1340222562694,2.2599668502807617,0.6067931139303074,-2.2996472046633496,0.03923410867710032,0.031928651804122105,80.68421640656126,squat_21.mp4,225
177.4844050413257,178.8824988772962,165.06777051846748,169.52236224526393,2.6478137969970703,-0.6206465389012104,-0.2746554418403153,0.007846373053148475,0.026627155379635965,87.48440504132569,squat_21.mp4,231
176.21483044624873,177.8684273777257,162.98969540149895,170.84757706287212,3.25378155708313,-0.9339929935380574,-0.524620982486853,0.009340158818234983,0.04707611947202095,86.21483044624873,squat_21.mp4,234
177.18707487737834,173.67119588434258,167.75830230676283,164.7458934873128,2.467836856842041,0.6913994663333478,-1.5689375043660496,0.020041591069822617,0.018119523648451378,83.67119588434258,squat_21.mp4,240
175.43841868806456,153.25828198934457,179.07486142127598,141.13881686509717,8.634150505065918,-1.075006447989245,-6.339173606780509,0.13495807322074774,0.23694206168327323,63.25828198934457,squat_21.mp4,252
179.8672959931097,138.48222257737413,177.52487936092786,127.7274983715055,9.859189987182617,-0.02861830151274801,-9.471062245444251,0.25999771321515447,0.3262702250468421,48.48222257737413,squat_21.mp4,255
164.5331293929795,116.90717913066443,162.6587259362775,109.33117279660345,9.701117515563965,2.3104140969406157,-13.811793372034154,0.3384444148185262,0.39212892381747305,26.90717913066443,squat_21.mp4,258
137.7263087680925,107.9942193320551,138.13855342942415,101.7306529372677,8.524104118347168,7.017450716069371,-15.407849345253897,0.24199923112585525,0.30356460542500074,17.994219332055096,squat_21.mp4,261
101.41217747614174,85.96586997023765,94.6128899002807,81.07822056183394,6.545027732849121,7.469031137789442,-18.893723642657896,0.16486784568853238,0.1540734679500512,4.034130029762352,squat_21.mp4,264
98.83801834389229,85.91395874463124,92.67786853452803,82.34531442838735,5.4750823974609375,11.709139244999413,-17.794519698134806,0.13990713174418162,0.11807069133612981,4.086041255368755,squat_21.mp4,267
119.81044737870093,95.4695374188516,115.05942339158354,92.0970929454175,6.427700996398926,8.14599268877587,-17.49400762245874,0.22613258713056222,0.22169064099157804,5.469537418851601,squat_21.mp4,270
156.62477256612112,110.21520605388334,154.61031782809093,105.78620115810769,8.535860061645508,3.4192915288128187,-15.823929813217653,0.3478456770402286,0.37499822854829323,20.215206053883335,squat_21.mp4,273
175.71677697473092,179.14912152494554,178.3476731209423,176.16599992251284,3.1883277893066406,-1.0389937422283957,-0.2102525075656508,0.019344459778897306,0.012307977741451051,85.71677697473092,squat_22.mp4,9
175.9777594349132,178.36805158194474,179.26245575107575,177.46827267406573,3.9455690383911133,-0.9885903708700627,0.40458578724829275,0.013491296201144181,0.010059032957047435,85.9777594349132,squat_22.mp4,12
175.43241094175926,177.3009286735029,178.9124945766575,174.4030434994966,4.7806782722473145,-1.1051293507676276,-0.6681693199608744,0.01059450594481205,0.025526480390392257,85.43241094175926,squat_22.mp4,15
177.5826485369432,177.17943044728077,177.23940519131574,174.0471775842505,4.4802141189575195,-0.5874749702312234,-0.6998271678229132,0.002273174691144833,0.01817449207335493,87.17943044728077,squat_22.mp4,18
178.45540966714475,176.4320689995536,176.31421650178748,173.4870517123242,4.218488693237305,-0.3697510573880762,-0.8839606771470095,0.011402716574801608,0.01616440560034106,86.4320689995536,squat_22.mp4,21
178.30418642214482,176.2667626007202,178.68775927299282,173.71178594169427,4.367914199829102,-0.40900172886416475,-0.9260560181885388,0.011492333633307553,0.028240520732040725,86.2667626007202,squat_22.mp4,24
177.6513959046973,174.93178941981006,179.04202502446066,172.72939998778097,8.80615234375,-0.5694128815319699,-1.2404141338777448,0.01542675089502178,0.03589049358662383,84.93178941981006,squat_22.mp4,27
176.98805573958424,174.63231661852637,174.67258823982044,178.80925253665404,13.809500694274902,0.7261217983146365,1.2843282839202148,0.013399332383725732,0.023405243605990132,84.63231661852637,squat_22.mp4,30
177.2546925496073,178.76077362907478,179.7244636089692,174.4807561970788,9.415938377380371,-0.6753806565187955,0.30093617543392037,0.00846076208785587,0.029608301169371208,87.25469254960731,squat_22.mp4,36
174.36469208258654,176.93905787827038,179.25348979543585,174.26181487465962,11.90714168548584,-1.3691821671675182,-0.7487580738360623,0.014656067838562348,0.028240219616146586,84.36469208258654,squat_22.mp4,42
167.29492511381676,179.58504120897976,81.59313115105334,65.72800358907722,25.20100212097168,1.6951032217117707,0.08763607105174614,0.07086091609987169,0.21538155526648184,77.29492511381676,squat_22.mp4,45
126.28352657083168,149.77439399921616,128.44364030608764,97.05738160503687,29.26042366027832,0.3713265678075233,5.410920900983049,0.17018796185870586,0.27836910391848135,36.28352657083168,squat_22.mp4,48
76.43943095322693,132.92138325982896,123.79541492906569,91.9273468028746,32.54609298706055,25.64923476430945,10.060082736024668,0.5395656538584456,0.29545392308476687,13.560569046773068,squat_22.mp4,54
46.09729008487735,138.23575589383174,171.3939642670058,96.63109564000585,39.59465408325195,31.98347459952618,8.092676070818149,0.9996955816549203,0.5578796897046724,43.90270991512265,squat_22.mp4,57
86.22729510263697,136.19431994073912,161.14236133370943,133.76398652183866,38.76905822753906,-6.489083822504951,5.220063041313261,0.4493000810947057,0.1856750457286279,3.7727048973630275,squat_22.mp4,60
131.3971363252357,160.21237520381317,157.8142689295615,118.90499352672607,15.655665397644043,-2.8653749375235757,1.3090583615480058,0.19762893691282787,0.2812184092820918,41.39713632523569,squat_22.mp4,63
82.40548765449714,138.51157754412964,154.0934007796527,121.81799874711092,43.508785247802734,3.3398683735036805,6.744745965833587,0.50793803402365,0.23395482816512664,7.594512345502864,squat_22.mp4,66
57.58096695543767,80.49079056432006,173.32226797034747,172.7804991587349,33.70698165893555,-18.71961375646523,-2.550533447779855,0.3318538710656168,0.003130681768923924,32.41903304456233,squat_22.mp4,69
12.530431714137288,20.84999275095632,144.7125035761546,118.12693279499024,27.8066349029541,-48.0442267983853,-63.61148993691352,0.49846945748211907,0.2022951437441371,77.4695682858627,squat_22.mp4,72
44.67468102115883,157.57872064755819,178.96655983346378,109.38270660146851,24.41013526916504,12.22950681961308,2.1522183747766968,1.1164612184009806,0.482635895643572,45.32531897884117,squat_22.mp4,75
81.16506364752995,127.56193497928209,135.87952529852765,106.8320593237767,32.831787109375,20.406235806884258,10.116742984124691,0.444569908416172,0.2393578866039968,8.834936352470052,squat_22.mp4,78
93.66628793257401,152.20595307749306,132.58766791264776,89.15525668973609,32.9817008972168,15.11625030549305,5.5061551673308395,0.476179538645212,0.3917366139261676,3.666287932574008,squat_22.mp4,81
114.82202610564853,169.92098529375707,117.17052397993375,87.65663026917184,23.54131507873535,7.46117343697404,1.4940022402899864,0.38700833370636717,0.2881834082884133,24.822026105648533,squat_22.mp4,84
176.20346652596336,177.04275767629835,177.4358542150864,174.8755825506685,10.638982772827148,-0.9092577494706864,-0.7200651360861114,0.004751876129633732,0.014534138817186263,86.20346652596336,squat_22.mp4,87
176.25618263195383,179.9515433573567,179.49797886046085,177.21209902161343,8.046534538269043,-0.924544542222094,0.011983185045173384,0.02074834685373316,0.012816457849576744,86.25618263195383,squat_22.mp4,93
179.25980743200384,178.10111749243347,175.9247471134422,176.2167967573604,5.6495442390441895,-0.17773122978060768,0.46368235044359485,0.006484704167448448,0.0016587059891198454,88.10111749243347,squat_22.mp4,96
177.44886426581982,179.93438939407156,176.2661332513605,176.54821065464827,6.42460298538208,-0.6223289349149776,-0.016015168903157777,0.013909578038690761,0.0015990132383219263,87.44886426581982,squat_22.mp4,99
177.57626048549682,178.7118401540271,176.00340177723032,176.07175089408324,4.3004326820373535,-0.5891227947122261,-0.3188912390307006,0.006374502356334439,0.00038826435966484156,87.57626048549682,squat_22.mp4,102
178.3457792044464,178.69553680607459,173.0060225010828,176.33018842032396,4.286301612854004,-0.39987923810104237,-0.3217670029197845,0.0019591995992861056,0.01903132750237003,88.34577920444639,squat_22.mp4,105
177.74371313779284,179.8764592965494,173.5683368404286,177.4464869064708,4.0220136642456055,-0.545388157395499,-0.030789345340871785,0.011927437673545248,0.022096787962656246,87.74371313779284,squat_22.mp4,108
178.55869932421584,179.84804891154332,173.77203172418754,176.69056275542277,3.7901813983917236,-0.3466789958076931,0.03782313268757261,0.007194895708154175,0.016655306884141848,88.55869932421584,squat_22.mp4,111
177.26440676978703,179.37536342240173,175.56800403693194,176.96223341075486,3.8896639347076416,-0.6554578483587435,-0.1538730594827106,0.011838032822178723,0.00790984276365694,87.26440676978703,squat_22.mp4,114
178.184146477531,179.45463643760883,175.62999842891796,176.23870215249917,3.8432815074920654,-0.4302325103699255,-0.13418185778699496,0.007104877998532389,0.003459834435830247,88.18414647753099,squat_22.mp4,117
178.72789089956046,179.17789445675626,174.09817238996206,177.21041441088022,3.9778668880462646,-0.30280836943114364,0.20220992220281997,0.0025146481314784774,0.017717995732808533,88.72789089956046,squat_22.mp4,120
178.92643910210492,178.47915773821646,175.6096529234215,175.59713476570204,4.897572994232178,-0.2594492140291009,0.3768039704430181,0.002502934301212396,7.128653635553283e-05,88.47915773821646,squat_22.mp4,123
179.12062236716582,176.37722885308517,173.91343337322985,179.58645826694467,3.6187291145324707,-0.2121811231706739,0.893375620631702,0.015434093368856759,0.03209633172668332,86.37722885308517,squat_22.mp4,126
178.09916028568412,178.50406717057,175.80581390893298,176.69156859236992,4.6247406005859375,-0.4545873344831495,0.3706684480064354,0.00227090981634798,0.0050255958052889595,88.09916028568412,squat_22.mp4,129
177.96336827704977,179.16960555491133,175.8175974430743,176.45651800733336,4.743261337280273,-0.4898270252194755,0.20598486306317543,0.006755115692168611,0.0036274056834527677,87.96336827704977,squat_22.mp4,132
177.28516480930608,179.93438939407156,177.51178676502235,175.84225354117015,5.055588722229004,-0.6593864376366627,0.01505782596294698,0.014832472374998714,0.009449634267124809,87.28516480930608,squat_22.mp4,135
177.3428823014139,179.6596512371345,176.65461232504407,176.28021405015693,5.2669172286987305,-0.6429760794487177,0.08429913410424708,0.012979005570392922,0.0021216283965647706,87.34288230141391,squat_22.mp4,138
176.69802505442613,178.690147442277,177.2282244671193,176.24365105185197,4.647127151489258,-0.7972257362892325,-0.32348972455063063,0.011210966160498008,0.005570872725428426,86.69802505442613,squat_22.mp4,141
177.0488539801285,179.01503387741988,176.87262497414704,175.63569418277902,5.339685440063477,-0.7118721416058105,-0.24378685087161048,0.011043972524829502,0.007017881418097145,87.04885398012851,squat_22.mp4,144
177.82030701107456,178.03895634909972,175.3819144475811,175.9052832542878,4.588226795196533,-0.5220621874758739,-0.4825791710966195,0.0012288528670608666,0.002979720354915337,87.82030701107456,squat_22.mp4,147
177.11493063962413,178.11062315945844,175.14654931480567,175.20445297714556,5.272096633911133,-0.6942655780003474,-0.46852011385666076,0.00560597349591283,0.0003305465773529859,87.11493063962413,squat_22.mp4,150
178.09782230412017,178.16954776751876,178.65186368916054,174.83786840368205,4.732054233551025,-0.46506423846092965,-0.45522283027302607,0.0004026496357731015,0.02157910082930926,88.09782230412017,squat_22.mp4,153
178.29808114059745,179.1440771063121,177.95244265107505,174.6219222111555,5.757260799407959,-0.41684835687262445,-0.2104602551155311,0.004733610438476947,0.01889258421394853,88.29808114059745,squat_22.mp4,159
178.1171601479673,177.02816435071443,178.49389803762116,170.0522245145935,6.601800918579102,-0.46283249737881377,-0.7292727798393436,0.006132677088119209,0.048439348349158876,87.02816435071443,squat_22.mp4,162
177.27372475319586,176.43349608422733,179.8356754784382,171.10255947563954,10.072125434875488,-0.6700814530248745,-0.8638705224467557,0.0047509839747079145,0.04977010273013672,86.43349608422733,squat_22.mp4,165
178.00384222100865,179.23741142826796,178.8206463353935,175.69374735030405,12.065669059753418,-0.484809063979495,0.1841486601912976,0.006906084863705973,0.0176404627895682,88.00384222100865,squat_22.mp4,168
178.70835090196869,179.30338760167658,179.1604657397309,176.67963656073312,14.374161720275879,-0.3095542667699242,0.1684106348916381,0.0033241183777656027,0.013943505315783849,88.70835090196869,squat_22.mp4,171
122.06649807924707,168.24182962430456,148.93104975321276,147.402352775394,16.371427536010742,-5.701585606510519,-1.4873660947000182,0.318112345658988,0.010317412514245202,32.06649807924707,squat_22.mp4,174
93.05855308987695,167.31462953738557,125.6219996867995,70.74370088523956,19.251293182373047,12.793895814360768,2.4189717539745126,0.5703819087529454,0.5589397602706812,3.058553089876952,squat_22.mp4,177
63.290788411450464,130.40453137596202,151.24975040582174,106.35083423027734,21.842079162597656,19.285260298075375,7.895830505324521,0.6929825980118806,0.3485932785360026,26.709211588549536,squat_22.mp4,180
75.6956951706063,149.1422856215359,145.22816632074804,96.44008984421752,23.762014389038086,5.669246847450149,4.8807082657748255,0.6533290344644161,0.40376073590093037,14.3043048293937,squat_22.mp4,183
55.281212026823994,166.15275317498305,166.10217399738548,77.3074171138146,25.391765594482422,17.368476325075083,2.25470967238021,1.0013959786802777,0.7295912743471606,34.718787973176006,squat_22.mp4,186
77.52629025626987,45.289120741897875,63.84074357523753,40.22493494110669,15.251876831054688,-23.523604760268533,-40.792644455930755,0.524969452161878,0.4538635402338115,44.710879258102125,squat_22.mp4,189
0.6980154632002524,28.703311295487254,102.53688775231078,14.220589980717795,19.300153732299805,0.6824897945526388,-51.580379281651965,1.9050361952806767,1.5128161294051303,89.30198453679975,squat_22.mp4,192
65.06250457540682,4.371166717466266,35.83846092576467,31.63214119959631,17.112565994262695,-36.29405080937537,16.02893492119176,1.7481817316541672,0.12468599934392108,85.62883328253373,squat_22.mp4,195
87.84631458049884,47.22087402429131,110.86764223972847,71.7194524690801,22.672435760498047,-13.871408677521645,-42.776452772063884,0.6015589866918538,0.42881661305890467,42.77912597570869,squat_22.mp4,198
51.24638853432956,54.79290105386318,124.00019308562943,83.11618649746622,15.870990753173828,-6.1979274094687025,-40.65740554737024,0.06689053714536614,0.3947925960318406,38.75361146567044,squat_22.mp4,201
92.92683550699086,80.77244053021298,141.231330715963,95.07887736741765,19.477867126464844,5.22081589620667,-25.232766434412497,0.1399475605663962,0.39060905343759617,9.227559469787025,squat_22.mp4,204
70.50368183627016,155.91524156233433,169.09901710150817,107.22736190671274,17.368772506713867,6.482513043600606,-4.739847573673396,0.7544560184636104,0.44781577073359835,19.49631816372984,squat_22.mp4,207
153.15166255767923,116.55714935849596,75.39876331213539,34.508386483120226,16.765573501586914,3.3257626655035466,-12.38051285198607,0.27136312632274506,0.744089477439625,26.557149358495963,squat_22.mp4,210
110.57044435278625,140.59090225526393,102.13871262288232,142.02079165003477,10.9036226272583,11.023893967219667,-3.6094311471981992,0.2390531688725662,0.32668872871377536,20.570444352786254,squat_22.mp4,216
121.90328620396576,130.91643899042737,95.22157266063074,116.32371008567677,14.758234977722168,7.6109582399964495,6.522626365360703,0.0713010251042033,0.19950468430300516,31.903286203965763,squat_22.mp4,219
177.6419976321264,177.15489977677714,179.4235875417393,174.7773028474106,5.950589656829834,-0.5884273781086642,-0.7078765377755626,0.002745784187553745,0.02623530781768485,87.15489977677714,squat_22.mp4,222
176.82201660020175,180.0,174.5866214800683,178.60646857532248,5.417593955993652,-0.7817884269001961,0.00542624924665036,0.017812709148824723,0.022762886412210193,86.82201660020175,squat_22.mp4,225
178.42591747699709,179.0455038252096,172.9392243751349,177.63702258342977,5.64982795715332,-0.38213379971310174,0.23391804623568033,0.003466494445656527,0.02680043641890041,88.42591747699709,squat_22.mp4,228
177.86182673343953,179.0455038252096,175.9623550664002,175.8857209185381,5.5908589363098145,-0.5267159327091719,0.23720902363135027,0.006632965985413236,0.0004356093046554601,87.86182673343953,squat_22.mp4,231
176.45359069694342,179.84549493133997,176.27348226460506,178.4915610480174,5.226221084594727,-0.8765714910721093,0.038496562874880555,0.019039646023314385,0.012504494595639914,86.45359069694342,squat_22.mp4,234
177.48736348342769,179.8344890035689,177.7335003561465,178.49324851033754,6.5009684562683105,-0.6226223366726309,0.041035151258356904,0.013137318659941931,0.004265531191066184,87.48736348342769,squat_22.mp4,237
178.01682615963955,178.90192961723966,178.28490854742896,177.4422744453018,7.185671329498291,-0.49169638784591796,0.2726053496798587,0.004959691488745494,0.004737530008463723,88.01682615963955,squat_22.mp4,240
178.05730523723804,179.62309510498304,176.34301611123436,175.4832539255476,6.475963115692139,-0.48075577675774095,0.09360670121316596,0.008755245555791604,0.004887424612135368,88.05730523723804,squat_22.mp4,243
176.34864237759965,50.42098326823126,177.90828130380646,46.522633922485674,7.2083611488342285,-0.8128257187560135,2.6536174399171433,1.1106219252312246,1.1708337708184768,39.57901673176874,squat_22.mp4,246
174.99253602679843,179.1472837384333,180.0,179.7992310642709,8.131264686584473,-1.216580133562068,0.20869155916024348,0.02346388335764751,0.0011160053629643463,84.99253602679843,squat_22.mp4,249
178.34223394125362,178.45085530552493,176.4668103763809,179.90308670604867,6.77741813659668,-0.4086893614524231,0.38342299285070447,0.0006088759426400872,0.019284885495662134,88.34223394125362,squat_22.mp4,252
178.20179955132258,178.9191727408103,175.9899008230355,176.2287718861177,7.072660446166992,-0.44016599719946436,0.2670783872583423,0.004017536046025822,0.0013563793267681165,88.20179955132258,squat_22.mp4,255
178.03775913546303,179.38546953079572,177.62339486819192,173.8839692498768,6.353897571563721,-0.4858317914172231,-0.15285835129430422,0.007541258022662526,0.02127651366677529,88.03775913546303,squat_22.mp4,258
178.79212031694172,177.78901473569968,177.08758073767277,177.79468736615436,5.192569732666016,-0.29393945200917554,0.5454866054543851,0.005626240328692389,0.003985020904311401,87.78901473569968,squat_22.mp4,261
175.2999703114136,179.45320314290015,179.90308670604867,176.87106041289022,7.140602111816406,-1.1625355077608523,0.13620177314833298,0.02341477479141657,0.016996894632881884,85.2999703114136,squat_22.mp4,264
176.97553773606978,178.97721834931903,177.23827090789047,174.6851456509604,7.060340404510498,-0.7469784698180095,0.2542097760304164,0.011246889251612198,0.014509550298725912,86.97553773606978,squat_22.mp4,267
174.16709165211947,167.88699671555062,176.91205976148126,168.32114380375936,8.47386360168457,-1.4311664321736806,-1.9783747913081673,0.036719894017570934,0.04976877003140535,77.88699671555062,squat_22.mp4,270
175.21529050282305,175.8906742719582,179.6596512371345,176.3729076439419,7.231604099273682,-1.1833309698391397,-0.9399733093850516,0.0038471791247886122,0.018463163051840314,85.21529050282305,squat_22.mp4,273
177.62076094922978,179.08336098962488,177.2713564077625,178.1615465829841,6.409135341644287,-0.5736558508406546,-0.22484384025522852,0.008200634365788561,0.0050090476583973765,87.62076094922978,squat_22.mp4,276
177.7800920892439,178.06538125574536,174.02699301857484,174.15480549221445,6.304515838623047,0.5455480781887062,0.4815927854966039,0.0016034441232015968,0.0007341709083374008,87.78009208924391,squat_22.mp4,279
178.33787186150337,178.0933007152924,175.79732408938202,175.20878505258955,6.27653694152832,0.3850436974849642,-0.4694676559799347,0.0013723330899643917,0.0033534404186362577,88.0933007152924,squat_22.mp4,282
178.72129338127476,178.93669541777226,176.35411619601462,176.51080704118502,6.369729042053223,-0.3068704909661091,0.26361280495524086,0.001204514051095441,0.0008881066654793174,88.72129338127476,squat_22.mp4,285
177.45193510161062,178.99050588933426,173.8429490859765,179.72375437504405,4.437874794006348,0.4760359301906145,0.24702217735623283,0.008632927007492516,0.03326560579093608,87.45193510161062,squat_22.mp4,288
174.65613524729807,171.5319494972651,177.4621723305224,170.14918455886013,6.639048099517822,-1.3300736896435321,-1.8281935865020427,0.018049065740308054,0.04207565504822922,81.53194949726509,squat_22.mp4,291
179.92598125278,177.29260144367086,176.70306867480195,174.97936798334746,6.902002334594727,0.01777939116334858,0.6633384828127438,0.014743800780077913,0.009802597524254577,87.29260144367086,squat_22.mp4,294
179.38039587248647,178.83769388517953,176.5679492073894,174.5894457803834,6.066984176635742,-0.15077903407930024,-0.28820128203799245,0.0030300088288342905,0.011268470806801085,88.83769388517953,squat_22.mp4,297
178.9530154352979,179.87333118751437,176.20398233084495,176.3005357270924,4.926630973815918,-0.25734888783304133,-0.030985088366710344,0.005129588509195296,0.0005478136664993816,88.95301543529791,squat_22.mp4,300
177.7265164280804,178.39440604545794,179.3635708108902,173.93056007764534,5.607224941253662,-0.5514759076871625,-0.3962086761410749,0.003750914788934748,0.030756303364456252,87.7265164280804,squat_22.mp4,303
177.53955254045238,177.2494212723072,178.5724783481505,174.7458825270937,7.134842395782471,-0.6055075490837442,-0.6787328318997151,0.0016355145709703238,0.02166089422342792,87.24942127230719,squat_22.mp4,306
175.3944867762815,179.52811622733063,179.69803532157022,175.1424339268485,8.182891845703125,-1.1379277529372742,0.11630705216679262,0.023293131607101746,0.02567689871660275,85.3944867762815,squat_22.mp4,309
135.32695106543454,152.67446942633822,153.2565743762743,155.7776474041284,12.049201011657715,-11.293246047051953,-5.422048858643919,0.12046828332500699,0.016315817797328318,45.32695106543454,squat_22.mp4,312
128.50872572048982,144.4084775687201,149.95455403211363,147.8056752682973,12.434054374694824,-13.27676090286733,-8.541454057072666,0.11651703635099415,0.014433618410794,38.50872572048982,squat_22.mp4,315
97.72433780065549,146.43101946680343,128.81655076303917,146.21337346436997,11.496359825134277,-22.017792768702183,-8.214060821287124,0.39898106034832914,0.12650858084043384,7.724337800655491,squat_22.mp4,318
156.3174651440844,142.212726421237,167.33656044136873,146.5765881961954,10.120903968811035,-5.701767233782981,-9.709751169324509,0.09449455446291866,0.13226570683818195,52.212726421236994,squat_22.mp4,321
42.556449612015115,42.87941398171629,168.7336181745551,155.21152447895736,16.948436737060547,11.738336250999408,-35.06486271433329,0.007560393401931313,0.08348384905441097,47.443550387984885,squat_22.mp4,324
23.292032436507764,47.58039216324267,152.18360149040578,133.34165275007922,18.007179260253906,15.620318345741195,-0.6862397007000843,0.6854107183125899,0.13198096112687,66.70796756349223,squat_22.mp4,327
44.08617921720986,107.17457536116201,155.88917011483838,162.95514001101532,19.389951705932617,-39.647552022809606,-9.223065481954556,0.8341674126881937,0.04432238350678343,45.91382078279014,squat_22.mp4,330
52.94795683969612,74.10066753187913,105.11836461824426,60.62690207526317,15.30962085723877,-34.7444749349444,-27.011936234060943,0.33298606414373,0.5368655579800506,37.05204316030388,squat_22.mp4,333
20.228179899944465,51.152090275596834,46.07713314943959,43.59261456966382,11.783568382263184,10.748894822952936,-26.207479045975724,0.8664554028614074,0.055414867175910654,69.77182010005554,squat_22.mp4,336
154.02392016708356,126.62211269521744,171.1985265208873,129.6796267301179,11.713658332824707,-6.359414036881979,-9.786172783490862,0.19527664219868604,0.27598480874836134,36.62211269521744,squat_22.mp4,339
5.171839308964553,1.1634840264159652,127.22379513997092,49.752226344095526,15.307190895080566,-23.82611668024879,4.4246533712607965,1.265398802982432,0.8755035642255109,88.83651597358403,squat_22.mp4,342
24.27120884891173,34.60755095403097,117.21207592282909,62.70870880273606,18.1889705657959,8.115929399745292,-56.11631800610271,0.35110597233070934,0.6058595976360098,65.72879115108827,squat_22.mp4,345
145.66439104157973,61.454098482065035,124.6801944327443,74.78735684867289,22.75287437438965,-5.542189159049479,-35.189051814306005,0.8131605512689025,0.5002601903272027,28.545901517934965,squat_22.mp4,348
62.65163734595207,22.418870662889557,135.2802463052641,71.6617298821975,22.168670654296875,12.005817010899499,-57.53255852468919,0.945868729945306,0.6148440021219935,67.58112933711044,squat_22.mp4,351
9.11007226114645,143.16991917801653,155.81935027481586,110.61081477104467,18.2338924407959,-15.494876050592774,-8.251354807483432,1.7607020548123422,0.3393649926688253,80.88992773885354,squat_22.mp4,354
151.35066283073007,155.83905058839926,94.50619722013722,170.9574720906737,16.700040817260742,2.511040976048874,-2.755807989576102,0.029222252970074133,0.5759829589413651,61.35066283073007,squat_22.mp4,357
79.64842107148584,141.453381649917,118.68006042822836,88.69789036478609,15.83734130859375,17.572231634533853,6.374903176071221,0.5590633800151136,0.28915484938288066,10.351578928514158,squat_22.mp4,360
140.90291227954984,171.33228992178366,62.870454178460434,50.040995743242526,13.533363342285156,7.686415367840685,-1.7027327183529204,0.19491317716708023,0.22724813903486912,50.90291227954984,squat_22.mp4,363
173.3043185339303,169.8656762777217,41.61040527179715,47.17395074772329,14.538176536560059,1.4543524394313911,-2.0889214155492692,0.020040459878177368,0.12532715729115432,79.86567627772169,squat_22.mp4,366
150.66750032920626,156.7150420142971,168.08168667967252,161.57061796354367,10.075918197631836,-7.347642177189,-4.471715509038896,0.039348634694631686,0.03950264338770996,60.66750032920626,squat_22.mp4,369
169.1003896370209,177.32006986435758,178.79568974487646,175.96429559904175,9.11974048614502,-2.6771867424231726,-0.6587901667432634,0.04745493519157447,0.01596230839332031,79.1003896370209,squat_22.mp4,372
172.66933543196856,179.45751438723528,176.02566020159685,178.9200783624784,8.374128341674805,-1.6245998622642688,-0.1323159940842244,0.03855530448048504,0.01630907401559937,82.66933543196856,squat_22.mp4,375
175.71677697473092,179.14912152494554,178.3476731209423,176.16599992251284,3.1883277893066406,-1.0389937422283957,-0.2102525075656508,0.019344459778897306,0.012307977741451051,85.71677697473092,squat_22.mp4,9
175.9777594349132,178.36805158194474,179.26245575107575,177.46827267406573,3.9455690383911133,-0.9885903708700627,0.40458578724829275,0.013491296201144181,0.010059032957047435,85.9777594349132,squat_22.mp4,12
175.43241094175926,177.3009286735029,178.9124945766575,174.4030434994966,4.7806782722473145,-1.1051293507676276,-0.6681693199608744,0.01059450594481205,0.025526480390392257,85.43241094175926,squat_22.mp4,15
177.5826485369432,177.17943044728077,177.23940519131574,174.0471775842505,4.4802141189575195,-0.5874749702312234,-0.6998271678229132,0.002273174691144833,0.01817449207335493,87.17943044728077,squat_22.mp4,18
178.45540966714475,176.4320689995536,176.31421650178748,173.4870517123242,4.218488693237305,-0.3697510573880762,-0.8839606771470095,0.011402716574801608,0.01616440560034106,86.4320689995536,squat_22.mp4,21
178.30418642214482,176.2667626007202,178.68775927299282,173.71178594169427,4.367914199829102,-0.40900172886416475,-0.9260560181885388,0.011492333633307553,0.028240520732040725,86.2667626007202,squat_22.mp4,24
177.6513959046973,174.93178941981006,179.04202502446066,172.72939998778097,8.80615234375,-0.5694128815319699,-1.2404141338777448,0.01542675089502178,0.03589049358662383,84.93178941981006,squat_22.mp4,27
176.98805573958424,174.63231661852637,174.67258823982044,178.80925253665404,13.809500694274902,0.7261217983146365,1.2843282839202148,0.013399332383725732,0.023405243605990132,84.63231661852637,squat_22.mp4,30
177.2546925496073,178.76077362907478,179.7244636089692,174.4807561970788,9.415938377380371,-0.6753806565187955,0.30093617543392037,0.00846076208785587,0.029608301169371208,87.25469254960731,squat_22.mp4,36
174.36469208258654,176.93905787827038,179.25348979543585,174.26181487465962,11.90714168548584,-1.3691821671675182,-0.7487580738360623,0.014656067838562348,0.028240219616146586,84.36469208258654,squat_22.mp4,42
167.29492511381676,179.58504120897976,81.59313115105334,65.72800358907722,25.20100212097168,1.6951032217117707,0.08763607105174614,0.07086091609987169,0.21538155526648184,77.29492511381676,squat_22.mp4,45
126.28352657083168,149.77439399921616,128.44364030608764,97.05738160503687,29.26042366027832,0.3713265678075233,5.410920900983049,0.17018796185870586,0.27836910391848135,36.28352657083168,squat_22.mp4,48
76.43943095322693,132.92138325982896,123.79541492906569,91.9273468028746,32.54609298706055,25.64923476430945,10.060082736024668,0.5395656538584456,0.29545392308476687,13.560569046773068,squat_22.mp4,54
46.09729008487735,138.23575589383174,171.3939642670058,96.63109564000585,39.59465408325195,31.98347459952618,8.092676070818149,0.9996955816549203,0.5578796897046724,43.90270991512265,squat_22.mp4,57
86.22729510263697,136.19431994073912,161.14236133370943,133.76398652183866,38.76905822753906,-6.489083822504951,5.220063041313261,0.4493000810947057,0.1856750457286279,3.7727048973630275,squat_22.mp4,60
131.3971363252357,160.21237520381317,157.8142689295615,118.90499352672607,15.655665397644043,-2.8653749375235757,1.3090583615480058,0.19762893691282787,0.2812184092820918,41.39713632523569,squat_22.mp4,63
82.40548765449714,138.51157754412964,154.0934007796527,121.81799874711092,43.508785247802734,3.3398683735036805,6.744745965833587,0.50793803402365,0.23395482816512664,7.594512345502864,squat_22.mp4,66
57.58096695543767,80.49079056432006,173.32226797034747,172.7804991587349,33.70698165893555,-18.71961375646523,-2.550533447779855,0.3318538710656168,0.003130681768923924,32.41903304456233,squat_22.mp4,69
12.530431714137288,20.84999275095632,144.7125035761546,118.12693279499024,27.8066349029541,-48.0442267983853,-63.61148993691352,0.49846945748211907,0.2022951437441371,77.4695682858627,squat_22.mp4,72
44.67468102115883,157.57872064755819,178.96655983346378,109.38270660146851,24.41013526916504,12.22950681961308,2.1522183747766968,1.1164612184009806,0.482635895643572,45.32531897884117,squat_22.mp4,75
81.16506364752995,127.56193497928209,135.87952529852765,106.8320593237767,32.831787109375,20.406235806884258,10.116742984124691,0.444569908416172,0.2393578866039968,8.834936352470052,squat_22.mp4,78
93.66628793257401,152.20595307749306,132.58766791264776,89.15525668973609,32.9817008972168,15.11625030549305,5.5061551673308395,0.476179538645212,0.3917366139261676,3.666287932574008,squat_22.mp4,81
114.82202610564853,169.92098529375707,117.17052397993375,87.65663026917184,23.54131507873535,7.46117343697404,1.4940022402899864,0.38700833370636717,0.2881834082884133,24.822026105648533,squat_22.mp4,84
176.20346652596336,177.04275767629835,177.4358542150864,174.8755825506685,10.638982772827148,-0.9092577494706864,-0.7200651360861114,0.004751876129633732,0.014534138817186263,86.20346652596336,squat_22.mp4,87
176.25618263195383,179.9515433573567,179.49797886046085,177.21209902161343,8.046534538269043,-0.924544542222094,0.011983185045173384,0.02074834685373316,0.012816457849576744,86.25618263195383,squat_22.mp4,93
179.25980743200384,178.10111749243347,175.9247471134422,176.2167967573604,5.6495442390441895,-0.17773122978060768,0.46368235044359485,0.006484704167448448,0.0016587059891198454,88.10111749243347,squat_22.mp4,96
177.44886426581982,179.93438939407156,176.2661332513605,176.54821065464827,6.42460298538208,-0.6223289349149776,-0.016015168903157777,0.013909578038690761,0.0015990132383219263,87.44886426581982,squat_22.mp4,99
177.57626048549682,178.7118401540271,176.00340177723032,176.07175089408324,4.3004326820373535,-0.5891227947122261,-0.3188912390307006,0.006374502356334439,0.00038826435966484156,87.57626048549682,squat_22.mp4,102
178.3457792044464,178.69553680607459,173.0060225010828,176.33018842032396,4.286301612854004,-0.39987923810104237,-0.3217670029197845,0.0019591995992861056,0.01903132750237003,88.34577920444639,squat_22.mp4,105
177.74371313779284,179.8764592965494,173.5683368404286,177.4464869064708,4.0220136642456055,-0.545388157395499,-0.030789345340871785,0.011927437673545248,0.022096787962656246,87.74371313779284,squat_22.mp4,108
178.55869932421584,179.84804891154332,173.77203172418754,176.69056275542277,3.7901813983917236,-0.3466789958076931,0.03782313268757261,0.007194895708154175,0.016655306884141848,88.55869932421584,squat_22.mp4,111
177.26440676978703,179.37536342240173,175.56800403693194,176.96223341075486,3.8896639347076416,-0.6554578483587435,-0.1538730594827106,0.011838032822178723,0.00790984276365694,87.26440676978703,squat_22.mp4,114
178.184146477531,179.45463643760883,175.62999842891796,176.23870215249917,3.8432815074920654,-0.4302325103699255,-0.13418185778699496,0.007104877998532389,0.003459834435830247,88.18414647753099,squat_22.mp4,117
178.72789089956046,179.17789445675626,174.09817238996206,177.21041441088022,3.9778668880462646,-0.30280836943114364,0.20220992220281997,0.0025146481314784774,0.017717995732808533,88.72789089956046,squat_22.mp4,120
178.92643910210492,178.47915773821646,175.6096529234215,175.59713476570204,4.897572994232178,-0.2594492140291009,0.3768039704430181,0.002502934301212396,7.128653635553283e-05,88.47915773821646,squat_22.mp4,123
179.12062236716582,176.37722885308517,173.91343337322985,179.58645826694467,3.6187291145324707,-0.2121811231706739,0.893375620631702,0.015434093368856759,0.03209633172668332,86.37722885308517,squat_22.mp4,126
178.09916028568412,178.50406717057,175.80581390893298,176.69156859236992,4.6247406005859375,-0.4545873344831495,0.3706684480064354,0.00227090981634798,0.0050255958052889595,88.09916028568412,squat_22.mp4,129
177.96336827704977,179.16960555491133,175.8175974430743,176.45651800733336,4.743261337280273,-0.4898270252194755,0.20598486306317543,0.006755115692168611,0.0036274056834527677,87.96336827704977,squat_22.mp4,132
177.28516480930608,179.93438939407156,177.51178676502235,175.84225354117015,5.055588722229004,-0.6593864376366627,0.01505782596294698,0.014832472374998714,0.009449634267124809,87.28516480930608,squat_22.mp4,135
177.3428823014139,179.6596512371345,176.65461232504407,176.28021405015693,5.2669172286987305,-0.6429760794487177,0.08429913410424708,0.012979005570392922,0.0021216283965647706,87.34288230141391,squat_22.mp4,138
176.69802505442613,178.690147442277,177.2282244671193,176.24365105185197,4.647127151489258,-0.7972257362892325,-0.32348972455063063,0.011210966160498008,0.005570872725428426,86.69802505442613,squat_22.mp4,141
177.0488539801285,179.01503387741988,176.87262497414704,175.63569418277902,5.339685440063477,-0.7118721416058105,-0.24378685087161048,0.011043972524829502,0.007017881418097145,87.04885398012851,squat_22.mp4,144
177.82030701107456,178.03895634909972,175.3819144475811,175.9052832542878,4.588226795196533,-0.5220621874758739,-0.4825791710966195,0.0012288528670608666,0.002979720354915337,87.82030701107456,squat_22.mp4,147
177.11493063962413,178.11062315945844,175.14654931480567,175.20445297714556,5.272096633911133,-0.6942655780003474,-0.46852011385666076,0.00560597349591283,0.0003305465773529859,87.11493063962413,squat_22.mp4,150
178.09782230412017,178.16954776751876,178.65186368916054,174.83786840368205,4.732054233551025,-0.46506423846092965,-0.45522283027302607,0.0004026496357731015,0.02157910082930926,88.09782230412017,squat_22.mp4,153
178.29808114059745,179.1440771063121,177.95244265107505,174.6219222111555,5.757260799407959,-0.41684835687262445,-0.2104602551155311,0.004733610438476947,0.01889258421394853,88.29808114059745,squat_22.mp4,159
178.1171601479673,177.02816435071443,178.49389803762116,170.0522245145935,6.601800918579102,-0.46283249737881377,-0.7292727798393436,0.006132677088119209,0.048439348349158876,87.02816435071443,squat_22.mp4,162
177.27372475319586,176.43349608422733,179.8356754784382,171.10255947563954,10.072125434875488,-0.6700814530248745,-0.8638705224467557,0.0047509839747079145,0.04977010273013672,86.43349608422733,squat_22.mp4,165
178.00384222100865,179.23741142826796,178.8206463353935,175.69374735030405,12.065669059753418,-0.484809063979495,0.1841486601912976,0.006906084863705973,0.0176404627895682,88.00384222100865,squat_22.mp4,168
178.70835090196869,179.30338760167658,179.1604657397309,176.67963656073312,14.374161720275879,-0.3095542667699242,0.1684106348916381,0.0033241183777656027,0.013943505315783849,88.70835090196869,squat_22.mp4,171
122.06649807924707,168.24182962430456,148.93104975321276,147.402352775394,16.371427536010742,-5.701585606510519,-1.4873660947000182,0.318112345658988,0.010317412514245202,32.06649807924707,squat_22.mp4,174
93.05855308987695,167.31462953738557,125.6219996867995,70.74370088523956,19.251293182373047,12.793895814360768,2.4189717539745126,0.5703819087529454,0.5589397602706812,3.058553089876952,squat_22.mp4,177
63.290788411450464,130.40453137596202,151.24975040582174,106.35083423027734,21.842079162597656,19.285260298075375,7.895830505324521,0.6929825980118806,0.3485932785360026,26.709211588549536,squat_22.mp4,180
75.6956951706063,149.1422856215359,145.22816632074804,96.44008984421752,23.762014389038086,5.669246847450149,4.8807082657748255,0.6533290344644161,0.40376073590093037,14.3043048293937,squat_22.mp4,183
55.281212026823994,166.15275317498305,166.10217399738548,77.3074171138146,25.391765594482422,17.368476325075083,2.25470967238021,1.0013959786802777,0.7295912743471606,34.718787973176006,squat_22.mp4,186
77.52629025626987,45.289120741897875,63.84074357523753,40.22493494110669,15.251876831054688,-23.523604760268533,-40.792644455930755,0.524969452161878,0.4538635402338115,44.710879258102125,squat_22.mp4,189
0.6980154632002524,28.703311295487254,102.53688775231078,14.220589980717795,19.300153732299805,0.6824897945526388,-51.580379281651965,1.9050361952806767,1.5128161294051303,89.30198453679975,squat_22.mp4,192
65.06250457540682,4.371166717466266,35.83846092576467,31.63214119959631,17.112565994262695,-36.29405080937537,16.02893492119176,1.7481817316541672,0.12468599934392108,85.62883328253373,squat_22.mp4,195
87.84631458049884,47.22087402429131,110.86764223972847,71.7194524690801,22.672435760498047,-13.871408677521645,-42.776452772063884,0.6015589866918538,0.42881661305890467,42.77912597570869,squat_22.mp4,198
51.24638853432956,54.79290105386318,124.00019308562943,83.11618649746622,15.870990753173828,-6.1979274094687025,-40.65740554737024,0.06689053714536614,0.3947925960318406,38.75361146567044,squat_22.mp4,201
92.92683550699086,80.77244053021298,141.231330715963,95.07887736741765,19.477867126464844,5.22081589620667,-25.232766434412497,0.1399475605663962,0.39060905343759617,9.227559469787025,squat_22.mp4,204
70.50368183627016,155.91524156233433,169.09901710150817,107.22736190671274,17.368772506713867,6.482513043600606,-4.739847573673396,0.7544560184636104,0.44781577073359835,19.49631816372984,squat_22.mp4,207
153.15166255767923,116.55714935849596,75.39876331213539,34.508386483120226,16.765573501586914,3.3257626655035466,-12.38051285198607,0.27136312632274506,0.744089477439625,26.557149358495963,squat_22.mp4,210
110.57044435278625,140.59090225526393,102.13871262288232,142.02079165003477,10.9036226272583,11.023893967219667,-3.6094311471981992,0.2390531688725662,0.32668872871377536,20.570444352786254,squat_22.mp4,216
121.90328620396576,130.91643899042737,95.22157266063074,116.32371008567677,14.758234977722168,7.6109582399964495,6.522626365360703,0.0713010251042033,0.19950468430300516,31.903286203965763,squat_22.mp4,219
177.6419976321264,177.15489977677714,179.4235875417393,174.7773028474106,5.950589656829834,-0.5884273781086642,-0.7078765377755626,0.002745784187553745,0.02623530781768485,87.15489977677714,squat_22.mp4,222
176.82201660020175,180.0,174.5866214800683,178.60646857532248,5.417593955993652,-0.7817884269001961,0.00542624924665036,0.017812709148824723,0.022762886412210193,86.82201660020175,squat_22.mp4,225
178.42591747699709,179.0455038252096,172.9392243751349,177.63702258342977,5.64982795715332,-0.38213379971310174,0.23391804623568033,0.003466494445656527,0.02680043641890041,88.42591747699709,squat_22.mp4,228
177.86182673343953,179.0455038252096,175.9623550664002,175.8857209185381,5.5908589363098145,-0.5267159327091719,0.23720902363135027,0.006632965985413236,0.0004356093046554601,87.86182673343953,squat_22.mp4,231
176.45359069694342,179.84549493133997,176.27348226460506,178.4915610480174,5.226221084594727,-0.8765714910721093,0.038496562874880555,0.019039646023314385,0.012504494595639914,86.45359069694342,squat_22.mp4,234
177.48736348342769,179.8344890035689,177.7335003561465,178.49324851033754,6.5009684562683105,-0.6226223366726309,0.041035151258356904,0.013137318659941931,0.004265531191066184,87.48736348342769,squat_22.mp4,237
178.01682615963955,178.90192961723966,178.28490854742896,177.4422744453018,7.185671329498291,-0.49169638784591796,0.2726053496798587,0.004959691488745494,0.004737530008463723,88.01682615963955,squat_22.mp4,240
178.05730523723804,179.62309510498304,176.34301611123436,175.4832539255476,6.475963115692139,-0.48075577675774095,0.09360670121316596,0.008755245555791604,0.004887424612135368,88.05730523723804,squat_22.mp4,243
176.34864237759965,50.42098326823126,177.90828130380646,46.522633922485674,7.2083611488342285,-0.8128257187560135,2.6536174399171433,1.1106219252312246,1.1708337708184768,39.57901673176874,squat_22.mp4,246
174.99253602679843,179.1472837384333,180.0,179.7992310642709,8.131264686584473,-1.216580133562068,0.20869155916024348,0.02346388335764751,0.0011160053629643463,84.99253602679843,squat_22.mp4,249
178.34223394125362,178.45085530552493,176.4668103763809,179.90308670604867,6.77741813659668,-0.4086893614524231,0.38342299285070447,0.0006088759426400872,0.019284885495662134,88.34223394125362,squat_22.mp4,252
178.20179955132258,178.9191727408103,175.9899008230355,176.2287718861177,7.072660446166992,-0.44016599719946436,0.2670783872583423,0.004017536046025822,0.0013563793267681165,88.20179955132258,squat_22.mp4,255
178.03775913546303,179.38546953079572,177.62339486819192,173.8839692498768,6.353897571563721,-0.4858317914172231,-0.15285835129430422,0.007541258022662526,0.02127651366677529,88.03775913546303,squat_22.mp4,258
178.79212031694172,177.78901473569968,177.08758073767277,177.79468736615436,5.192569732666016,-0.29393945200917554,0.5454866054543851,0.005626240328692389,0.003985020904311401,87.78901473569968,squat_22.mp4,261
175.2999703114136,179.45320314290015,179.90308670604867,176.87106041289022,7.140602111816406,-1.1625355077608523,0.13620177314833298,0.02341477479141657,0.016996894632881884,85.2999703114136,squat_22.mp4,264
176.97553773606978,178.97721834931903,177.23827090789047,174.6851456509604,7.060340404510498,-0.7469784698180095,0.2542097760304164,0.011246889251612198,0.014509550298725912,86.97553773606978,squat_22.mp4,267
174.16709165211947,167.88699671555062,176.91205976148126,168.32114380375936,8.47386360168457,-1.4311664321736806,-1.9783747913081673,0.036719894017570934,0.04976877003140535,77.88699671555062,squat_22.mp4,270
175.21529050282305,175.8906742719582,179.6596512371345,176.3729076439419,7.231604099273682,-1.1833309698391397,-0.9399733093850516,0.0038471791247886122,0.018463163051840314,85.21529050282305,squat_22.mp4,273
177.62076094922978,179.08336098962488,177.2713564077625,178.1615465829841,6.409135341644287,-0.5736558508406546,-0.22484384025522852,0.008200634365788561,0.0050090476583973765,87.62076094922978,squat_22.mp4,276
177.7800920892439,178.06538125574536,174.02699301857484,174.15480549221445,6.304515838623047,0.5455480781887062,0.4815927854966039,0.0016034441232015968,0.0007341709083374008,87.78009208924391,squat_22.mp4,279
178.33787186150337,178.0933007152924,175.79732408938202,175.20878505258955,6.27653694152832,0.3850436974849642,-0.4694676559799347,0.0013723330899643917,0.0033534404186362577,88.0933007152924,squat_22.mp4,282
178.72129338127476,178.93669541777226,176.35411619601462,176.51080704118502,6.369729042053223,-0.3068704909661091,0.26361280495524086,0.001204514051095441,0.0008881066654793174,88.72129338127476,squat_22.mp4,285
177.45193510161062,178.99050588933426,173.8429490859765,179.72375437504405,4.437874794006348,0.4760359301906145,0.24702217735623283,0.008632927007492516,0.03326560579093608,87.45193510161062,squat_22.mp4,288
174.65613524729807,171.5319494972651,177.4621723305224,170.14918455886013,6.639048099517822,-1.3300736896435321,-1.8281935865020427,0.018049065740308054,0.04207565504822922,81.53194949726509,squat_22.mp4,291
179.92598125278,177.29260144367086,176.70306867480195,174.97936798334746,6.902002334594727,0.01777939116334858,0.6633384828127438,0.014743800780077913,0.009802597524254577,87.29260144367086,squat_22.mp4,294
179.38039587248647,178.83769388517953,176.5679492073894,174.5894457803834,6.066984176635742,-0.15077903407930024,-0.28820128203799245,0.0030300088288342905,0.011268470806801085,88.83769388517953,squat_22.mp4,297
178.9530154352979,179.87333118751437,176.20398233084495,176.3005357270924,4.926630973815918,-0.25734888783304133,-0.030985088366710344,0.005129588509195296,0.0005478136664993816,88.95301543529791,squat_22.mp4,300
177.7265164280804,178.39440604545794,179.3635708108902,173.93056007764534,5.607224941253662,-0.5514759076871625,-0.3962086761410749,0.003750914788934748,0.030756303364456252,87.7265164280804,squat_22.mp4,303
177.53955254045238,177.2494212723072,178.5724783481505,174.7458825270937,7.134842395782471,-0.6055075490837442,-0.6787328318997151,0.0016355145709703238,0.02166089422342792,87.24942127230719,squat_22.mp4,306
175.3944867762815,179.52811622733063,179.69803532157022,175.1424339268485,8.182891845703125,-1.1379277529372742,0.11630705216679262,0.023293131607101746,0.02567689871660275,85.3944867762815,squat_22.mp4,309
135.32695106543454,152.67446942633822,153.2565743762743,155.7776474041284,12.049201011657715,-11.293246047051953,-5.422048858643919,0.12046828332500699,0.016315817797328318,45.32695106543454,squat_22.mp4,312
128.50872572048982,144.4084775687201,149.95455403211363,147.8056752682973,12.434054374694824,-13.27676090286733,-8.541454057072666,0.11651703635099415,0.014433618410794,38.50872572048982,squat_22.mp4,315
97.72433780065549,146.43101946680343,128.81655076303917,146.21337346436997,11.496359825134277,-22.017792768702183,-8.214060821287124,0.39898106034832914,0.12650858084043384,7.724337800655491,squat_22.mp4,318
156.3174651440844,142.212726421237,167.33656044136873,146.5765881961954,10.120903968811035,-5.701767233782981,-9.709751169324509,0.09449455446291866,0.13226570683818195,52.212726421236994,squat_22.mp4,321
42.556449612015115,42.87941398171629,168.7336181745551,155.21152447895736,16.948436737060547,11.738336250999408,-35.06486271433329,0.007560393401931313,0.08348384905441097,47.443550387984885,squat_22.mp4,324
23.292032436507764,47.58039216324267,152.18360149040578,133.34165275007922,18.007179260253906,15.620318345741195,-0.6862397007000843,0.6854107183125899,0.13198096112687,66.70796756349223,squat_22.mp4,327
44.08617921720986,107.17457536116201,155.88917011483838,162.95514001101532,19.389951705932617,-39.647552022809606,-9.223065481954556,0.8341674126881937,0.04432238350678343,45.91382078279014,squat_22.mp4,330
52.94795683969612,74.10066753187913,105.11836461824426,60.62690207526317,15.30962085723877,-34.7444749349444,-27.011936234060943,0.33298606414373,0.5368655579800506,37.05204316030388,squat_22.mp4,333
20.228179899944465,51.152090275596834,46.07713314943959,43.59261456966382,11.783568382263184,10.748894822952936,-26.207479045975724,0.8664554028614074,0.055414867175910654,69.77182010005554,squat_22.mp4,336
154.02392016708356,126.62211269521744,171.1985265208873,129.6796267301179,11.713658332824707,-6.359414036881979,-9.786172783490862,0.19527664219868604,0.27598480874836134,36.62211269521744,squat_22.mp4,339
5.171839308964553,1.1634840264159652,127.22379513997092,49.752226344095526,15.307190895080566,-23.82611668024879,4.4246533712607965,1.265398802982432,0.8755035642255109,88.83651597358403,squat_22.mp4,342
24.27120884891173,34.60755095403097,117.21207592282909,62.70870880273606,18.1889705657959,8.115929399745292,-56.11631800610271,0.35110597233070934,0.6058595976360098,65.72879115108827,squat_22.mp4,345
145.66439104157973,61.454098482065035,124.6801944327443,74.78735684867289,22.75287437438965,-5.542189159049479,-35.189051814306005,0.8131605512689025,0.5002601903272027,28.545901517934965,squat_22.mp4,348
62.65163734595207,22.418870662889557,135.2802463052641,71.6617298821975,22.168670654296875,12.005817010899499,-57.53255852468919,0.945868729945306,0.6148440021219935,67.58112933711044,squat_22.mp4,351
9.11007226114645,143.16991917801653,155.81935027481586,110.61081477104467,18.2338924407959,-15.494876050592774,-8.251354807483432,1.7607020548123422,0.3393649926688253,80.88992773885354,squat_22.mp4,354
151.35066283073007,155.83905058839926,94.50619722013722,170.9574720906737,16.700040817260742,2.511040976048874,-2.755807989576102,0.029222252970074133,0.5759829589413651,61.35066283073007,squat_22.mp4,357
79.64842107148584,141.453381649917,118.68006042822836,88.69789036478609,15.83734130859375,17.572231634533853,6.374903176071221,0.5590633800151136,0.28915484938288066,10.351578928514158,squat_22.mp4,360
140.90291227954984,171.33228992178366,62.870454178460434,50.040995743242526,13.533363342285156,7.686415367840685,-1.7027327183529204,0.19491317716708023,0.22724813903486912,50.90291227954984,squat_22.mp4,363
173.3043185339303,169.8656762777217,41.61040527179715,47.17395074772329,14.538176536560059,1.4543524394313911,-2.0889214155492692,0.020040459878177368,0.12532715729115432,79.86567627772169,squat_22.mp4,366
150.66750032920626,156.7150420142971,168.08168667967252,161.57061796354367,10.075918197631836,-7.347642177189,-4.471715509038896,0.039348634694631686,0.03950264338770996,60.66750032920626,squat_22.mp4,369
169.1003896370209,177.32006986435758,178.79568974487646,175.96429559904175,9.11974048614502,-2.6771867424231726,-0.6587901667432634,0.04745493519157447,0.01596230839332031,79.1003896370209,squat_22.mp4,372
172.66933543196856,179.45751438723528,176.02566020159685,178.9200783624784,8.374128341674805,-1.6245998622642688,-0.1323159940842244,0.03855530448048504,0.01630907401559937,82.66933543196856,squat_22.mp4,375
135.34848832724495,131.14847103068473,135.8920505828512,136.56594762982857,0.14553721249103546,8.054651713298469,-9.584911612746744,0.03152018924853258,0.004946795846685562,41.14847103068473,squat_23.mp4,0
169.85805147868635,172.60330743724523,167.58017132013202,170.07102259595726,0.49055254459381104,2.532264957615601,-1.849777789248776,0.016032500526477204,0.014753990631197027,79.85805147868635,squat_23.mp4,27
169.44776948198228,170.1385307797194,165.87653419244705,168.45049036798378,0.24506373703479767,2.632631655777149,-2.458115421866157,0.004068251853533416,0.015397834972634528,79.44776948198228,squat_23.mp4,30
168.3937591967289,168.07882618059662,165.46743590142114,167.63494485499788,0.6024696826934814,2.8970321250604627,-2.9559721324425103,0.0018719683553362993,0.013014070620898578,78.07882618059662,squat_23.mp4,33
166.12719172584275,166.35498260152016,164.82202612080366,166.71621817567703,0.05834372714161873,3.4646061770487266,-3.4122072447099305,0.0013702441409874219,0.011426688096830699,76.12719172584275,squat_23.mp4,36
164.77199250141913,164.1055520916019,164.0635450374854,163.64527708186083,0.4907011389732361,3.7927682363897857,-3.9420631219704,0.00405281796081233,0.002552680473595827,74.10555209160191,squat_23.mp4,39
163.9902136599574,163.93978305158208,163.97001793069296,163.93459914605418,0.4694536626338959,3.9879511972896022,-3.978654652805918,0.0003075693524899992,0.00021603102118253434,73.93978305158208,squat_23.mp4,42
160.95854258531494,158.95344517383623,161.29657653518143,160.76937540912303,0.4400497078895569,4.6858025855309995,-5.205661955858407,0.012535306510541093,0.003273870602438415,68.95344517383623,squat_23.mp4,45
157.90482988598117,157.89003554509046,158.07978092412299,159.42925517350275,0.01798880100250244,5.367897198541413,-5.339017244692295,9.369589255684648e-05,0.008500383270760452,67.89003554509046,squat_23.mp4,48
155.48100993122253,154.52205950218544,155.80302262898698,156.34354663414354,0.3889492452144623,5.767622617005933,-6.028808581377195,0.006186715704394542,0.0034632705170045265,64.52205950218544,squat_23.mp4,51
154.04004141363214,151.8729024114204,154.70143671291834,153.98943932353006,0.4503054916858673,6.1025416286739445,-6.580671319556392,0.014168338057974416,0.004613012205156361,61.8729024114204,squat_23.mp4,54
149.5638385216905,147.25863583304027,150.72556113087242,150.2446044604756,0.3020039498806,7.045389172989214,-7.483911146611236,0.01553253468196149,0.003196042168843019,57.25863583304027,squat_23.mp4,57
145.22702859058302,145.0514116093159,146.57396568769076,148.1123303411571,0.021959053352475166,8.020348741057845,-7.864593872928532,0.0012099898369729986,0.010440693538838667,55.05141160931589,squat_23.mp4,60
144.4537494264298,142.70637762583922,145.6431447768554,147.15599398371205,0.35474488139152527,7.589441006635817,-8.562204866992529,0.01217001690678674,0.010333699841199119,52.706377625839224,squat_23.mp4,63
132.6058211797451,138.2146359703646,134.7079287652954,143.0795556635601,0.04539630934596062,9.176847986387811,-9.241555870008389,0.04142090925952956,0.06027360746994884,42.60582117974511,squat_23.mp4,66
130.72401488284962,133.9535752161708,133.72829022834,138.5306498611299,0.7405503392219543,9.181693254655286,-10.185971393156327,0.02440373083427996,0.03527788384992414,40.724014882849616,squat_23.mp4,69
116.43495859011378,121.1310415139949,119.21371580400822,124.07850524503239,1.0657720565795898,10.312585422932115,-11.312606679648121,0.03953497488548996,0.03999132746659888,26.43495859011378,squat_23.mp4,72
99.87273747989497,111.39933380742752,103.0820194536479,114.59199332516532,0.9590883851051331,11.576435197148811,-12.637903490745291,0.10911613879959361,0.10575423059998564,9.872737479894965,squat_23.mp4,75
88.28945373462004,102.74762590733046,91.22639146403654,106.85172334074586,0.4819130003452301,13.418874005339761,-13.54442717229985,0.15136508786470687,0.15776939206139967,1.7105462653799606,squat_23.mp4,78
93.25021500982011,99.39152288767991,97.15015833425858,103.78503964738114,1.0260543823242188,13.262528778275477,-15.116297315204902,0.06375885044317282,0.06604001070761947,3.25021500982011,squat_23.mp4,81
75.74660847745874,79.06195466910279,79.06310771827701,82.16936369060026,0.7910370230674744,14.078776277850851,-16.330416641255628,0.042831560790410846,0.038531394391963986,14.253391522541264,squat_23.mp4,84
58.2226007985982,62.06351361731152,62.9434039712987,66.77997914167288,0.8609568476676941,17.226593215199646,-18.802546274523642,0.06386294606595588,0.059150094274569485,31.7773992014018,squat_23.mp4,87
47.30315640947063,52.7794214048628,50.69613267092895,57.98221485062661,0.3066498637199402,19.314142618187347,-20.567971325359977,0.10943493093376101,0.13408525885531197,42.69684359052937,squat_23.mp4,90
43.528041176294245,45.88205123521272,45.6780034456914,50.78368877793482,0.0431499108672142,19.102267220757284,-21.21583161637333,0.05265647300942769,0.105859335753865,46.471958823705755,squat_23.mp4,93
35.91538193511375,39.658245301254176,39.1236206201435,44.68215595980979,0.3873812258243561,22.889988709047103,-24.83830889617595,0.09905210330672778,0.13265279713417555,54.08461806488625,squat_23.mp4,96
36.173580517583254,38.236846051332485,40.98888323445978,43.33576031414236,1.0163686275482178,26.90657915335224,-23.569168126653707,0.055456355483685424,0.05566289950173147,53.826419482416746,squat_23.mp4,99
34.57359300494919,35.11462290094464,39.42457695588148,41.096700010037786,1.4192060232162476,28.87582206554034,-24.45111758530089,0.015527155888911,0.04153245246878131,55.42640699505081,squat_23.mp4,102
35.81192500854195,34.587239848020104,40.24362527619151,39.83188633557964,1.3783180713653564,28.599711406735814,-26.01464099174652,0.03479260479913743,0.010283766717797483,55.412760151979896,squat_23.mp4,105
32.85453906955064,33.02709869365472,38.237993756923046,37.89648702415413,1.2555761337280273,29.631577271544636,-27.664175047638384,0.005238474025928231,0.00897114498622266,57.14546093044936,squat_23.mp4,108
31.213353521211065,34.88222163421224,36.49063585435059,39.44552871567289,0.6581606864929199,29.1496601129447,-28.39212957204744,0.11101705687177572,0.07782570737023427,58.78664647878894,squat_23.mp4,111
32.6320459721656,33.693899915464094,37.43830020118453,37.98196642164828,1.0248255729675293,28.26400785607648,-29.188890916708512,0.03201926272103233,0.014416979541654351,57.3679540278344,squat_23.mp4,114
32.98821778835912,32.47195567665968,37.97205432916232,36.69950379502,1.1442052125930786,28.93011567266513,-29.66573969467051,0.01577331939015789,0.03408394216244978,57.52804432334032,squat_23.mp4,117
31.18015716426704,35.431222432571765,34.993454694015895,41.492690701667904,1.2641026973724365,27.600554638754208,-28.467173134079054,0.12763780885590512,0.16994544499607556,58.819842835732956,squat_23.mp4,120
33.923526034683164,35.71101700677024,38.45941369939324,41.1658391965626,1.305343508720398,28.5219521328884,-26.7574619505224,0.05133920304533297,0.06797907444528373,56.076473965316836,squat_23.mp4,123
33.72607625654356,38.58409960788778,38.65589211536941,43.92532728120801,0.9446406960487366,27.94571953145156,-27.425039272553285,0.1343662435685995,0.12761824551253823,56.27392374345644,squat_23.mp4,126
38.31266987984922,40.168952986674654,43.297653337528736,44.57450710269201,0.4984872341156006,27.21809692651584,-24.790778881456937,0.04730491136714833,0.029061622219517757,51.68733012015078,squat_23.mp4,129
37.899544863700314,36.590846977436726,42.65885590903373,40.00907411859829,0.4821157157421112,25.882427900893962,-24.154888484625193,0.03513736077679924,0.06410664424643855,53.409153022563274,squat_23.mp4,132
41.550328373215386,40.8371231878754,45.74589139635111,45.24822602676257,0.6492958068847656,23.43804911653376,-21.98226375324894,0.017313442079492928,0.010938407529674558,49.1628768121246,squat_23.mp4,135
39.853335922614676,42.356531209763524,42.85944034594093,46.69185155269632,1.0143520832061768,23.273796350459786,-20.387522906508156,0.06089768477835113,0.08559142197732399,50.146664077385324,squat_23.mp4,138
52.765314765090686,62.68630654370238,54.90863303636117,67.10750170969874,0.2722841501235962,16.2015504829654,-18.63704858180722,0.17186405294519821,0.19995500920801776,37.234685234909314,squat_23.mp4,141
74.21320616665083,86.09998065237679,77.81159112526562,90.92427449807853,0.5388079881668091,14.625287912575807,-16.952361191002197,0.14829440698655122,0.15542259879809223,15.786793833349165,squat_23.mp4,144
90.70649446440272,96.94283798921548,93.04039065774253,102.18445735892858,0.19696955382823944,12.39499554880644,-15.132129444055437,0.06646805979290342,0.09367728333849384,0.7064944644027236,squat_23.mp4,147
104.11704077939675,107.96729274212161,107.05916435599546,112.48674839749451,0.01362706534564495,11.72115154683216,-12.649444383002306,0.036308688141118324,0.04944372658481903,14.117040779396746,squat_23.mp4,150
122.01161881460665,122.81599422002104,125.10760855035406,128.4190043110631,0.5648469924926758,10.900244613141938,-11.020605628724283,0.006570953296028924,0.026122667938762893,32.01161881460665,squat_23.mp4,153
133.29004963204983,136.31516766307035,135.43376560599143,140.57792906182556,0.8729189038276672,9.681114406867403,-9.144257274421815,0.02244109414031937,0.037274967367054414,43.29004963204983,squat_23.mp4,156
140.09705345683813,139.62345542506662,141.75587644425815,143.5115119448923,0.3643451929092407,8.232175675351755,-8.782502509728094,0.003386223152993407,0.01230870104394259,49.62345542506662,squat_23.mp4,159
148.71575806666695,147.2311850077217,150.65186046265723,150.37607789121665,0.18843047320842743,7.08468186478472,-7.5279916936791835,0.010032697371515577,0.0018322722664789735,57.231185007721706,squat_23.mp4,162
154.69712158933598,150.6463701892988,155.1469455221722,153.3003515284665,0.31923383474349976,5.876328702897783,-6.963384410991886,0.026532423379594085,0.011973481443103852,60.64637018929881,squat_23.mp4,165
156.9109706248609,154.96155894742935,158.2502903883084,157.09257172390417,0.052524782717227936,5.56540210426172,-6.015903704279392,0.012501336235705193,0.007342602630353893,64.96155894742935,squat_23.mp4,168
160.41730039119912,158.8625509869273,162.01719738959622,159.50594307867453,0.42167019844055176,4.806599815570421,-5.211911808518239,0.009739101277834946,0.01562098645381642,68.86255098692729,squat_23.mp4,171
163.41356316367623,162.15784790939009,164.14374235772797,161.90243233698303,0.5415441393852234,4.10947257747229,-4.447336124966037,0.007713915974055417,0.013748420896785974,72.15784790939009,squat_23.mp4,174
164.36253740400673,162.0440413798109,165.2802293805894,161.49735466601618,0.5933297276496887,3.8776261219065424,-4.435090486836266,0.014206184402498831,0.023152596134217645,72.04404137981089,squat_23.mp4,177
164.5505421867222,163.43405683650997,164.5876097069724,163.35536466496555,0.1053960993885994,3.854745786117138,-4.096815299558209,0.006808157172850338,0.007514995827349434,73.43405683650997,squat_23.mp4,180
162.96560557131247,162.35496028659705,161.93722730479743,161.49620323716712,0.588081419467926,4.2613188926393715,-4.35928257129927,0.003754114241779164,0.0027271396583297062,72.35496028659705,squat_23.mp4,183
164.83739927761056,173.89754305215533,174.1934292168656,175.30313894212716,0.08642563968896866,3.7799802446467488,-1.5234111912531862,0.05349400160627374,0.0063503326004432994,74.83739927761056,squat_23.mp4,255
167.8997301386153,167.1111854160226,165.10135184513052,167.61180969117726,1.1633328199386597,3.02321428691151,-3.2162288974888416,0.004707576296654033,0.015090823786198651,77.11118541602261,squat_23.mp4,258
167.09545594660656,166.15826213999603,165.48763287656712,166.51224727838866,0.8115852475166321,3.2281929144198065,-3.4358706721199335,0.005624506229016709,0.006172378142686766,76.15826213999603,squat_23.mp4,261
164.6234635564223,164.3160944082508,164.2322901899791,165.36534620633893,0.8206595778465271,3.848155142464743,-3.8801990440058556,0.0018688487944312712,0.006875389209389902,74.31609440825079,squat_23.mp4,264
165.88171349075571,164.50365198026782,164.03038182426445,164.2652131101684,0.460823655128479,3.5328898533038458,-3.8605562411642746,0.00834214619962493,0.0014306088142963796,74.50365198026782,squat_23.mp4,267
162.88836785387383,161.1582800871462,163.74485332436672,162.45846677781284,0.10849113017320633,4.276174008237569,-4.65229293079652,0.010678016746789589,0.007887023014670265,71.15828008714621,squat_23.mp4,270
161.29266842066176,157.60148316191595,161.96813709696653,160.3741945801071,0.2735234498977661,4.662607536170935,-5.556923778664486,0.023149908773350276,0.009889749872854263,67.60148316191595,squat_23.mp4,273
158.95094433027828,155.89850159886117,160.63270844900802,158.17754271379658,0.07263316214084625,5.268123894042725,-5.963138740236008,0.019389856141618176,0.015402050130173983,65.89850159886117,squat_23.mp4,276
157.53402086339273,155.14208690650048,158.45354575493707,157.44287013563803,0.08003558218479156,5.476725311572682,-6.037826051587509,0.015299755225637734,0.006398778640458706,65.14208690650048,squat_23.mp4,279
154.83843181701306,152.80125812141597,154.52308366021737,155.9451765624623,0.47282376885414124,5.797381679450979,-6.4156049218328635,0.013243893829205263,0.009160955140631522,62.80125812141597,squat_23.mp4,282
154.44775571724477,150.71131009423056,153.28756239825708,153.70172286721453,0.7099480032920837,5.934916569815854,-6.907009615123386,0.024488511347865796,0.002698207975560444,60.711310094230555,squat_23.mp4,285
148.6530348684674,145.10266715689005,147.64110059139537,148.61600322906602,0.9140208959579468,7.085596656560179,-7.929789329570848,0.024172247123025133,0.006581463364750003,55.10266715689005,squat_23.mp4,288
147.16191345310946,142.05360188657576,147.59495265583263,146.45460767654328,0.8116437196731567,7.512355198737021,-8.463502237104663,0.03532529408412934,0.007756141366104239,52.05360188657576,squat_23.mp4,291
142.5693069509266,140.02025674399763,142.3841433344908,144.35804520766885,0.5028824210166931,7.661750687157324,-8.769145504378638,0.0180406535443103,0.013767781317521946,50.020256743997635,squat_23.mp4,294
136.23129474020092,138.12597606184502,137.19712792147288,142.1442300258992,0.28533604741096497,8.564751003833612,-9.237038133074973,0.013811781376197966,0.03541976126111867,46.23129474020092,squat_23.mp4,297
122.6108005218383,131.21859670443794,125.03967921518583,135.4592434347785,0.2225930541753769,10.405251047251966,-10.279418867919281,0.0678234773171385,0.07999698512069142,32.6108005218383,squat_23.mp4,300
110.04623533144527,121.18555589412115,113.46452378396606,123.91920801649731,0.26198574900627136,11.806877173183354,-11.073527987110342,0.09634765620796042,0.08808256701701109,20.046235331445274,squat_23.mp4,303
107.86406036087078,118.19137544408629,111.57352857767083,122.12569678768244,0.25600680708885193,12.292301908428973,-11.974698624444128,0.09136975668327676,0.0903055471708552,17.86406036087078,squat_23.mp4,306
90.60196242250171,99.69856577001488,94.66051815077007,104.2670633605175,0.10425971448421478,14.10490413788248,-14.13799980708856,0.09560250235680516,0.09658334089988752,0.601962422501714,squat_23.mp4,309
78.91625683900472,104.87439859237976,82.64784626318432,108.58760067463197,0.3851200342178345,15.497051145503573,-13.57546318702122,0.2824750985565328,0.2712860489706434,11.083743160995283,squat_23.mp4,312
75.38644827611763,94.37914660366515,80.99435639048198,99.29042656012672,0.3379978537559509,17.291980641742494,-15.363609315166205,0.22375203104017558,0.20296854643197676,14.613551723882367,squat_23.mp4,315
65.58690138881359,73.27267761353004,71.64262806749969,78.70565495239221,0.2505860924720764,18.701217581924933,-18.333044349012688,0.1106985384794625,0.09395553767591808,24.413098611186413,squat_23.mp4,318
51.84688897459089,56.641025065922015,58.168769596761344,62.97901386096084,0.38106226921081543,21.977097214471463,-21.35853596709169,0.08838101706962197,0.07941118073989628,38.15311102540911,squat_23.mp4,321
50.755494512653904,49.66320392479143,57.29139417870928,53.445573371633806,0.08020013570785522,23.363053508398284,-22.932476808092552,0.02175472506333871,0.06945866212793113,40.33679607520857,squat_23.mp4,324
49.54529224360906,53.010829187686944,55.793679109950084,58.538031889408835,0.7219616174697876,24.235758180545748,-23.023096853929065,0.06758322946913513,0.048006852262958595,40.45470775639094,squat_23.mp4,327
50.304982861937695,55.04971664866041,57.192863941732426,61.42158058226337,0.7650744915008545,24.560056247337513,-23.451292264144655,0.0900716115894843,0.0713018832993054,39.695017138062305,squat_23.mp4,330
51.712299798341654,57.118586497641424,58.050597288327495,62.026127202297744,1.035577416419983,24.059956131970583,-22.030316292211896,0.09935206600443379,0.0662164950090828,38.287700201658346,squat_23.mp4,333
49.75611893154446,56.50892349888778,55.844174872947825,61.08543082564297,0.5428851842880249,23.799224951192734,-23.521699722517713,0.12709362200206403,0.08964805656157813,40.24388106845554,squat_23.mp4,336
44.32313159855706,47.87868221083517,49.11364831588393,53.12420938115062,1.2007206678390503,24.676435308777187,-24.03538513880246,0.07712539407583588,0.07845549888479365,45.67686840144294,squat_23.mp4,339
43.23017959182235,44.407552787613106,49.01488136474557,48.496770092467685,0.8564469218254089,25.354782854936403,-23.1944504443257,0.02686909311375639,0.010626653626212554,46.76982040817765,squat_23.mp4,342
42.351188372201584,43.875835163659445,48.285848204577235,48.372494644665416,0.7548478841781616,25.705927510623553,-23.5590409402685,0.03536354912735159,0.0017928393459698119,47.648811627798416,squat_23.mp4,345
46.00105170089861,50.54253575724748,51.974367727243255,55.73263677684122,0.8925240635871887,23.943700594747842,-23.433470326023276,0.09408152681953551,0.0697869013608199,43.99894829910139,squat_23.mp4,348
42.48841842977274,46.417144635024734,48.3218751395673,51.14360041805546,0.8513833284378052,24.671938392256898,-23.76281135620629,0.08837976094676096,0.056737782887359194,47.51158157022726,squat_23.mp4,351
47.1724932800812,47.639254695791806,53.29547712652053,52.157951823866775,0.7558908462524414,23.333146183391744,-23.633300992353,0.009846067089267994,0.02157398415539296,42.8275067199188,squat_23.mp4,354
41.84741748227304,45.572337023624904,48.44124151878309,50.30301665436916,0.9503260254859924,24.928726193373443,-23.498950043913876,0.08521917185435604,0.03770903078377216,48.15258251772696,squat_23.mp4,357
44.9446164915924,49.65392913857833,51.84202476444803,54.70966628345846,0.9271121025085449,23.750455744753825,-23.123779425726912,0.09956416593119308,0.05382629765530646,45.0553835084076,squat_23.mp4,360
50.09937687415564,53.71256297477175,56.6111229906343,58.31036495640118,0.07711398601531982,23.13823162693755,-23.225540116158932,0.0696102222128632,0.029572223543607785,39.90062312584436,squat_23.mp4,363
56.89176703531091,62.69483330959194,65.60926318053039,66.45541017300886,0.5706786513328552,21.643918417372543,-21.359158648904522,0.09705211549695791,0.012814130698121175,33.10823296468909,squat_23.mp4,366
63.60379718303384,80.62801062287974,70.93231142453537,85.46301550513333,0.7894489169120789,18.944397111480065,-18.720773091177733,0.23606739316135647,0.18582018230164185,26.39620281696616,squat_23.mp4,369
88.52325088355647,99.30738941236699,94.09341529269823,105.32363062591477,0.08030708879232407,15.279159828108023,-15.95978940370182,0.11482832100045359,0.11263044522081504,1.4767491164435285,squat_23.mp4,372
109.14679460954315,109.69572529447757,114.26185947167802,113.76813909852505,0.7602314352989197,13.149991585986264,-13.606286137071079,0.005016673041191147,0.004330310715683903,19.14679460954315,squat_23.mp4,375
122.79041766751061,127.79865141373848,127.71067804758299,129.98341538101386,1.332869291305542,10.950868404549388,-11.231666898693755,0.039971685633295055,0.017639033190030098,32.79041766751061,squat_23.mp4,378
133.81803714321947,134.9725826945314,138.15748157416883,137.79703236500308,1.0391685962677002,9.640562686975368,-9.996406981237387,0.008590668469077193,0.0026123813234321916,43.81803714321947,squat_23.mp4,381
142.20055543828303,139.90660894987883,145.1964657653777,141.91665227413992,0.7229605317115784,8.222956814306619,-8.934942268104585,0.016262943859503512,0.022846838302848622,49.90660894987883,squat_23.mp4,384
149.91588207699593,145.66339808177602,152.46496098663238,147.52685485034348,0.9711718559265137,6.825768629826988,-8.112868852241093,0.028773897770748076,0.03292160569455269,55.66339808177602,squat_23.mp4,387
154.65430327181855,153.45459496640066,156.70062748241722,154.49469932949256,0.5835613012313843,6.072371284357466,-6.44429354939036,0.007787560257284829,0.014177129043187372,63.45459496640066,squat_23.mp4,390
160.1448767809543,155.68277205875577,161.46470027982699,156.64864448110237,0.408229798078537,4.829802666641209,-5.877050065610504,0.028256580692611503,0.03027886681298462,65.68277205875577,squat_23.mp4,393
161.43919173771124,159.36539538564432,163.16191297284232,159.39454553410457,0.9326413869857788,4.618027071788338,-5.118472589053553,0.012928720070137317,0.023359429578165537,69.36539538564432,squat_23.mp4,396
165.20028310165807,162.30423018710334,164.74524449093093,162.32545464443598,0.38625702261924744,3.693130177827678,-4.388878354806989,0.017685575599999587,0.014796738765605267,72.30423018710334,squat_23.mp4,399
165.26966892896274,164.8141496828955,164.39447134460883,165.28609053704142,0.19599168002605438,3.675537894788675,-3.7821444912154276,0.002760021669543759,0.005408988551485556,74.8141496828955,squat_23.mp4,402
165.3920929289533,170.56643129432416,173.44132677190638,177.50385436898168,0.5787966847419739,3.623917156126304,-2.330592140644556,0.030803435497484218,0.023151921242334356,75.3920929289533,squat_23.mp4,405
172.8261334156875,175.729828614548,3.840735899144831,8.495557359637605,1.7355040311813354,1.4973036465918863,1.058721159376183,0.016661285504613592,0.7546547999219976,82.82613341568751,squat_23.mp4,426
135.34848832724495,131.14847103068473,135.8920505828512,136.56594762982857,0.14553721249103546,8.054651713298469,-9.584911612746744,0.03152018924853258,0.004946795846685562,41.14847103068473,squat_23.mp4,0
169.85805147868635,172.60330743724523,167.58017132013202,170.07102259595726,0.49055254459381104,2.532264957615601,-1.849777789248776,0.016032500526477204,0.014753990631197027,79.85805147868635,squat_23.mp4,27
169.44776948198228,170.1385307797194,165.87653419244705,168.45049036798378,0.24506373703479767,2.632631655777149,-2.458115421866157,0.004068251853533416,0.015397834972634528,79.44776948198228,squat_23.mp4,30
168.3937591967289,168.07882618059662,165.46743590142114,167.63494485499788,0.6024696826934814,2.8970321250604627,-2.9559721324425103,0.0018719683553362993,0.013014070620898578,78.07882618059662,squat_23.mp4,33
166.12719172584275,166.35498260152016,164.82202612080366,166.71621817567703,0.05834372714161873,3.4646061770487266,-3.4122072447099305,0.0013702441409874219,0.011426688096830699,76.12719172584275,squat_23.mp4,36
164.77199250141913,164.1055520916019,164.0635450374854,163.64527708186083,0.4907011389732361,3.7927682363897857,-3.9420631219704,0.00405281796081233,0.002552680473595827,74.10555209160191,squat_23.mp4,39
163.9902136599574,163.93978305158208,163.97001793069296,163.93459914605418,0.4694536626338959,3.9879511972896022,-3.978654652805918,0.0003075693524899992,0.00021603102118253434,73.93978305158208,squat_23.mp4,42
160.95854258531494,158.95344517383623,161.29657653518143,160.76937540912303,0.4400497078895569,4.6858025855309995,-5.205661955858407,0.012535306510541093,0.003273870602438415,68.95344517383623,squat_23.mp4,45
157.90482988598117,157.89003554509046,158.07978092412299,159.42925517350275,0.01798880100250244,5.367897198541413,-5.339017244692295,9.369589255684648e-05,0.008500383270760452,67.89003554509046,squat_23.mp4,48
155.48100993122253,154.52205950218544,155.80302262898698,156.34354663414354,0.3889492452144623,5.767622617005933,-6.028808581377195,0.006186715704394542,0.0034632705170045265,64.52205950218544,squat_23.mp4,51
154.04004141363214,151.8729024114204,154.70143671291834,153.98943932353006,0.4503054916858673,6.1025416286739445,-6.580671319556392,0.014168338057974416,0.004613012205156361,61.8729024114204,squat_23.mp4,54
149.5638385216905,147.25863583304027,150.72556113087242,150.2446044604756,0.3020039498806,7.045389172989214,-7.483911146611236,0.01553253468196149,0.003196042168843019,57.25863583304027,squat_23.mp4,57
145.22702859058302,145.0514116093159,146.57396568769076,148.1123303411571,0.021959053352475166,8.020348741057845,-7.864593872928532,0.0012099898369729986,0.010440693538838667,55.05141160931589,squat_23.mp4,60
144.4537494264298,142.70637762583922,145.6431447768554,147.15599398371205,0.35474488139152527,7.589441006635817,-8.562204866992529,0.01217001690678674,0.010333699841199119,52.706377625839224,squat_23.mp4,63
132.6058211797451,138.2146359703646,134.7079287652954,143.0795556635601,0.04539630934596062,9.176847986387811,-9.241555870008389,0.04142090925952956,0.06027360746994884,42.60582117974511,squat_23.mp4,66
130.72401488284962,133.9535752161708,133.72829022834,138.5306498611299,0.7405503392219543,9.181693254655286,-10.185971393156327,0.02440373083427996,0.03527788384992414,40.724014882849616,squat_23.mp4,69
116.43495859011378,121.1310415139949,119.21371580400822,124.07850524503239,1.0657720565795898,10.312585422932115,-11.312606679648121,0.03953497488548996,0.03999132746659888,26.43495859011378,squat_23.mp4,72
99.87273747989497,111.39933380742752,103.0820194536479,114.59199332516532,0.9590883851051331,11.576435197148811,-12.637903490745291,0.10911613879959361,0.10575423059998564,9.872737479894965,squat_23.mp4,75
88.28945373462004,102.74762590733046,91.22639146403654,106.85172334074586,0.4819130003452301,13.418874005339761,-13.54442717229985,0.15136508786470687,0.15776939206139967,1.7105462653799606,squat_23.mp4,78
93.25021500982011,99.39152288767991,97.15015833425858,103.78503964738114,1.0260543823242188,13.262528778275477,-15.116297315204902,0.06375885044317282,0.06604001070761947,3.25021500982011,squat_23.mp4,81
75.74660847745874,79.06195466910279,79.06310771827701,82.16936369060026,0.7910370230674744,14.078776277850851,-16.330416641255628,0.042831560790410846,0.038531394391963986,14.253391522541264,squat_23.mp4,84
58.2226007985982,62.06351361731152,62.9434039712987,66.77997914167288,0.8609568476676941,17.226593215199646,-18.802546274523642,0.06386294606595588,0.059150094274569485,31.7773992014018,squat_23.mp4,87
47.30315640947063,52.7794214048628,50.69613267092895,57.98221485062661,0.3066498637199402,19.314142618187347,-20.567971325359977,0.10943493093376101,0.13408525885531197,42.69684359052937,squat_23.mp4,90
43.528041176294245,45.88205123521272,45.6780034456914,50.78368877793482,0.0431499108672142,19.102267220757284,-21.21583161637333,0.05265647300942769,0.105859335753865,46.471958823705755,squat_23.mp4,93
35.91538193511375,39.658245301254176,39.1236206201435,44.68215595980979,0.3873812258243561,22.889988709047103,-24.83830889617595,0.09905210330672778,0.13265279713417555,54.08461806488625,squat_23.mp4,96
36.173580517583254,38.236846051332485,40.98888323445978,43.33576031414236,1.0163686275482178,26.90657915335224,-23.569168126653707,0.055456355483685424,0.05566289950173147,53.826419482416746,squat_23.mp4,99
34.57359300494919,35.11462290094464,39.42457695588148,41.096700010037786,1.4192060232162476,28.87582206554034,-24.45111758530089,0.015527155888911,0.04153245246878131,55.42640699505081,squat_23.mp4,102
35.81192500854195,34.587239848020104,40.24362527619151,39.83188633557964,1.3783180713653564,28.599711406735814,-26.01464099174652,0.03479260479913743,0.010283766717797483,55.412760151979896,squat_23.mp4,105
32.85453906955064,33.02709869365472,38.237993756923046,37.89648702415413,1.2555761337280273,29.631577271544636,-27.664175047638384,0.005238474025928231,0.00897114498622266,57.14546093044936,squat_23.mp4,108
31.213353521211065,34.88222163421224,36.49063585435059,39.44552871567289,0.6581606864929199,29.1496601129447,-28.39212957204744,0.11101705687177572,0.07782570737023427,58.78664647878894,squat_23.mp4,111
32.6320459721656,33.693899915464094,37.43830020118453,37.98196642164828,1.0248255729675293,28.26400785607648,-29.188890916708512,0.03201926272103233,0.014416979541654351,57.3679540278344,squat_23.mp4,114
32.98821778835912,32.47195567665968,37.97205432916232,36.69950379502,1.1442052125930786,28.93011567266513,-29.66573969467051,0.01577331939015789,0.03408394216244978,57.52804432334032,squat_23.mp4,117
31.18015716426704,35.431222432571765,34.993454694015895,41.492690701667904,1.2641026973724365,27.600554638754208,-28.467173134079054,0.12763780885590512,0.16994544499607556,58.819842835732956,squat_23.mp4,120
33.923526034683164,35.71101700677024,38.45941369939324,41.1658391965626,1.305343508720398,28.5219521328884,-26.7574619505224,0.05133920304533297,0.06797907444528373,56.076473965316836,squat_23.mp4,123
33.72607625654356,38.58409960788778,38.65589211536941,43.92532728120801,0.9446406960487366,27.94571953145156,-27.425039272553285,0.1343662435685995,0.12761824551253823,56.27392374345644,squat_23.mp4,126
38.31266987984922,40.168952986674654,43.297653337528736,44.57450710269201,0.4984872341156006,27.21809692651584,-24.790778881456937,0.04730491136714833,0.029061622219517757,51.68733012015078,squat_23.mp4,129
37.899544863700314,36.590846977436726,42.65885590903373,40.00907411859829,0.4821157157421112,25.882427900893962,-24.154888484625193,0.03513736077679924,0.06410664424643855,53.409153022563274,squat_23.mp4,132
41.550328373215386,40.8371231878754,45.74589139635111,45.24822602676257,0.6492958068847656,23.43804911653376,-21.98226375324894,0.017313442079492928,0.010938407529674558,49.1628768121246,squat_23.mp4,135
39.853335922614676,42.356531209763524,42.85944034594093,46.69185155269632,1.0143520832061768,23.273796350459786,-20.387522906508156,0.06089768477835113,0.08559142197732399,50.146664077385324,squat_23.mp4,138
52.765314765090686,62.68630654370238,54.90863303636117,67.10750170969874,0.2722841501235962,16.2015504829654,-18.63704858180722,0.17186405294519821,0.19995500920801776,37.234685234909314,squat_23.mp4,141
74.21320616665083,86.09998065237679,77.81159112526562,90.92427449807853,0.5388079881668091,14.625287912575807,-16.952361191002197,0.14829440698655122,0.15542259879809223,15.786793833349165,squat_23.mp4,144
90.70649446440272,96.94283798921548,93.04039065774253,102.18445735892858,0.19696955382823944,12.39499554880644,-15.132129444055437,0.06646805979290342,0.09367728333849384,0.7064944644027236,squat_23.mp4,147
104.11704077939675,107.96729274212161,107.05916435599546,112.48674839749451,0.01362706534564495,11.72115154683216,-12.649444383002306,0.036308688141118324,0.04944372658481903,14.117040779396746,squat_23.mp4,150
122.01161881460665,122.81599422002104,125.10760855035406,128.4190043110631,0.5648469924926758,10.900244613141938,-11.020605628724283,0.006570953296028924,0.026122667938762893,32.01161881460665,squat_23.mp4,153
133.29004963204983,136.31516766307035,135.43376560599143,140.57792906182556,0.8729189038276672,9.681114406867403,-9.144257274421815,0.02244109414031937,0.037274967367054414,43.29004963204983,squat_23.mp4,156
140.09705345683813,139.62345542506662,141.75587644425815,143.5115119448923,0.3643451929092407,8.232175675351755,-8.782502509728094,0.003386223152993407,0.01230870104394259,49.62345542506662,squat_23.mp4,159
148.71575806666695,147.2311850077217,150.65186046265723,150.37607789121665,0.18843047320842743,7.08468186478472,-7.5279916936791835,0.010032697371515577,0.0018322722664789735,57.231185007721706,squat_23.mp4,162
154.69712158933598,150.6463701892988,155.1469455221722,153.3003515284665,0.31923383474349976,5.876328702897783,-6.963384410991886,0.026532423379594085,0.011973481443103852,60.64637018929881,squat_23.mp4,165
156.9109706248609,154.96155894742935,158.2502903883084,157.09257172390417,0.052524782717227936,5.56540210426172,-6.015903704279392,0.012501336235705193,0.007342602630353893,64.96155894742935,squat_23.mp4,168
160.41730039119912,158.8625509869273,162.01719738959622,159.50594307867453,0.42167019844055176,4.806599815570421,-5.211911808518239,0.009739101277834946,0.01562098645381642,68.86255098692729,squat_23.mp4,171
163.41356316367623,162.15784790939009,164.14374235772797,161.90243233698303,0.5415441393852234,4.10947257747229,-4.447336124966037,0.007713915974055417,0.013748420896785974,72.15784790939009,squat_23.mp4,174
164.36253740400673,162.0440413798109,165.2802293805894,161.49735466601618,0.5933297276496887,3.8776261219065424,-4.435090486836266,0.014206184402498831,0.023152596134217645,72.04404137981089,squat_23.mp4,177
164.5505421867222,163.43405683650997,164.5876097069724,163.35536466496555,0.1053960993885994,3.854745786117138,-4.096815299558209,0.006808157172850338,0.007514995827349434,73.43405683650997,squat_23.mp4,180
162.96560557131247,162.35496028659705,161.93722730479743,161.49620323716712,0.588081419467926,4.2613188926393715,-4.35928257129927,0.003754114241779164,0.0027271396583297062,72.35496028659705,squat_23.mp4,183
164.83739927761056,173.89754305215533,174.1934292168656,175.30313894212716,0.08642563968896866,3.7799802446467488,-1.5234111912531862,0.05349400160627374,0.0063503326004432994,74.83739927761056,squat_23.mp4,255
167.8997301386153,167.1111854160226,165.10135184513052,167.61180969117726,1.1633328199386597,3.02321428691151,-3.2162288974888416,0.004707576296654033,0.015090823786198651,77.11118541602261,squat_23.mp4,258
167.09545594660656,166.15826213999603,165.48763287656712,166.51224727838866,0.8115852475166321,3.2281929144198065,-3.4358706721199335,0.005624506229016709,0.006172378142686766,76.15826213999603,squat_23.mp4,261
164.6234635564223,164.3160944082508,164.2322901899791,165.36534620633893,0.8206595778465271,3.848155142464743,-3.8801990440058556,0.0018688487944312712,0.006875389209389902,74.31609440825079,squat_23.mp4,264
165.88171349075571,164.50365198026782,164.03038182426445,164.2652131101684,0.460823655128479,3.5328898533038458,-3.8605562411642746,0.00834214619962493,0.0014306088142963796,74.50365198026782,squat_23.mp4,267
162.88836785387383,161.1582800871462,163.74485332436672,162.45846677781284,0.10849113017320633,4.276174008237569,-4.65229293079652,0.010678016746789589,0.007887023014670265,71.15828008714621,squat_23.mp4,270
161.29266842066176,157.60148316191595,161.96813709696653,160.3741945801071,0.2735234498977661,4.662607536170935,-5.556923778664486,0.023149908773350276,0.009889749872854263,67.60148316191595,squat_23.mp4,273
158.95094433027828,155.89850159886117,160.63270844900802,158.17754271379658,0.07263316214084625,5.268123894042725,-5.963138740236008,0.019389856141618176,0.015402050130173983,65.89850159886117,squat_23.mp4,276
157.53402086339273,155.14208690650048,158.45354575493707,157.44287013563803,0.08003558218479156,5.476725311572682,-6.037826051587509,0.015299755225637734,0.006398778640458706,65.14208690650048,squat_23.mp4,279
154.83843181701306,152.80125812141597,154.52308366021737,155.9451765624623,0.47282376885414124,5.797381679450979,-6.4156049218328635,0.013243893829205263,0.009160955140631522,62.80125812141597,squat_23.mp4,282
154.44775571724477,150.71131009423056,153.28756239825708,153.70172286721453,0.7099480032920837,5.934916569815854,-6.907009615123386,0.024488511347865796,0.002698207975560444,60.711310094230555,squat_23.mp4,285
148.6530348684674,145.10266715689005,147.64110059139537,148.61600322906602,0.9140208959579468,7.085596656560179,-7.929789329570848,0.024172247123025133,0.006581463364750003,55.10266715689005,squat_23.mp4,288
147.16191345310946,142.05360188657576,147.59495265583263,146.45460767654328,0.8116437196731567,7.512355198737021,-8.463502237104663,0.03532529408412934,0.007756141366104239,52.05360188657576,squat_23.mp4,291
142.5693069509266,140.02025674399763,142.3841433344908,144.35804520766885,0.5028824210166931,7.661750687157324,-8.769145504378638,0.0180406535443103,0.013767781317521946,50.020256743997635,squat_23.mp4,294
136.23129474020092,138.12597606184502,137.19712792147288,142.1442300258992,0.28533604741096497,8.564751003833612,-9.237038133074973,0.013811781376197966,0.03541976126111867,46.23129474020092,squat_23.mp4,297
122.6108005218383,131.21859670443794,125.03967921518583,135.4592434347785,0.2225930541753769,10.405251047251966,-10.279418867919281,0.0678234773171385,0.07999698512069142,32.6108005218383,squat_23.mp4,300
110.04623533144527,121.18555589412115,113.46452378396606,123.91920801649731,0.26198574900627136,11.806877173183354,-11.073527987110342,0.09634765620796042,0.08808256701701109,20.046235331445274,squat_23.mp4,303
107.86406036087078,118.19137544408629,111.57352857767083,122.12569678768244,0.25600680708885193,12.292301908428973,-11.974698624444128,0.09136975668327676,0.0903055471708552,17.86406036087078,squat_23.mp4,306
90.60196242250171,99.69856577001488,94.66051815077007,104.2670633605175,0.10425971448421478,14.10490413788248,-14.13799980708856,0.09560250235680516,0.09658334089988752,0.601962422501714,squat_23.mp4,309
78.91625683900472,104.87439859237976,82.64784626318432,108.58760067463197,0.3851200342178345,15.497051145503573,-13.57546318702122,0.2824750985565328,0.2712860489706434,11.083743160995283,squat_23.mp4,312
75.38644827611763,94.37914660366515,80.99435639048198,99.29042656012672,0.3379978537559509,17.291980641742494,-15.363609315166205,0.22375203104017558,0.20296854643197676,14.613551723882367,squat_23.mp4,315
65.58690138881359,73.27267761353004,71.64262806749969,78.70565495239221,0.2505860924720764,18.701217581924933,-18.333044349012688,0.1106985384794625,0.09395553767591808,24.413098611186413,squat_23.mp4,318
51.84688897459089,56.641025065922015,58.168769596761344,62.97901386096084,0.38106226921081543,21.977097214471463,-21.35853596709169,0.08838101706962197,0.07941118073989628,38.15311102540911,squat_23.mp4,321
50.755494512653904,49.66320392479143,57.29139417870928,53.445573371633806,0.08020013570785522,23.363053508398284,-22.932476808092552,0.02175472506333871,0.06945866212793113,40.33679607520857,squat_23.mp4,324
49.54529224360906,53.010829187686944,55.793679109950084,58.538031889408835,0.7219616174697876,24.235758180545748,-23.023096853929065,0.06758322946913513,0.048006852262958595,40.45470775639094,squat_23.mp4,327
50.304982861937695,55.04971664866041,57.192863941732426,61.42158058226337,0.7650744915008545,24.560056247337513,-23.451292264144655,0.0900716115894843,0.0713018832993054,39.695017138062305,squat_23.mp4,330
51.712299798341654,57.118586497641424,58.050597288327495,62.026127202297744,1.035577416419983,24.059956131970583,-22.030316292211896,0.09935206600443379,0.0662164950090828,38.287700201658346,squat_23.mp4,333
49.75611893154446,56.50892349888778,55.844174872947825,61.08543082564297,0.5428851842880249,23.799224951192734,-23.521699722517713,0.12709362200206403,0.08964805656157813,40.24388106845554,squat_23.mp4,336
44.32313159855706,47.87868221083517,49.11364831588393,53.12420938115062,1.2007206678390503,24.676435308777187,-24.03538513880246,0.07712539407583588,0.07845549888479365,45.67686840144294,squat_23.mp4,339
43.23017959182235,44.407552787613106,49.01488136474557,48.496770092467685,0.8564469218254089,25.354782854936403,-23.1944504443257,0.02686909311375639,0.010626653626212554,46.76982040817765,squat_23.mp4,342
42.351188372201584,43.875835163659445,48.285848204577235,48.372494644665416,0.7548478841781616,25.705927510623553,-23.5590409402685,0.03536354912735159,0.0017928393459698119,47.648811627798416,squat_23.mp4,345
46.00105170089861,50.54253575724748,51.974367727243255,55.73263677684122,0.8925240635871887,23.943700594747842,-23.433470326023276,0.09408152681953551,0.0697869013608199,43.99894829910139,squat_23.mp4,348
42.48841842977274,46.417144635024734,48.3218751395673,51.14360041805546,0.8513833284378052,24.671938392256898,-23.76281135620629,0.08837976094676096,0.056737782887359194,47.51158157022726,squat_23.mp4,351
47.1724932800812,47.639254695791806,53.29547712652053,52.157951823866775,0.7558908462524414,23.333146183391744,-23.633300992353,0.009846067089267994,0.02157398415539296,42.8275067199188,squat_23.mp4,354
41.84741748227304,45.572337023624904,48.44124151878309,50.30301665436916,0.9503260254859924,24.928726193373443,-23.498950043913876,0.08521917185435604,0.03770903078377216,48.15258251772696,squat_23.mp4,357
44.9446164915924,49.65392913857833,51.84202476444803,54.70966628345846,0.9271121025085449,23.750455744753825,-23.123779425726912,0.09956416593119308,0.05382629765530646,45.0553835084076,squat_23.mp4,360
50.09937687415564,53.71256297477175,56.6111229906343,58.31036495640118,0.07711398601531982,23.13823162693755,-23.225540116158932,0.0696102222128632,0.029572223543607785,39.90062312584436,squat_23.mp4,363
56.89176703531091,62.69483330959194,65.60926318053039,66.45541017300886,0.5706786513328552,21.643918417372543,-21.359158648904522,0.09705211549695791,0.012814130698121175,33.10823296468909,squat_23.mp4,366
63.60379718303384,80.62801062287974,70.93231142453537,85.46301550513333,0.7894489169120789,18.944397111480065,-18.720773091177733,0.23606739316135647,0.18582018230164185,26.39620281696616,squat_23.mp4,369
88.52325088355647,99.30738941236699,94.09341529269823,105.32363062591477,0.08030708879232407,15.279159828108023,-15.95978940370182,0.11482832100045359,0.11263044522081504,1.4767491164435285,squat_23.mp4,372
109.14679460954315,109.69572529447757,114.26185947167802,113.76813909852505,0.7602314352989197,13.149991585986264,-13.606286137071079,0.005016673041191147,0.004330310715683903,19.14679460954315,squat_23.mp4,375
122.79041766751061,127.79865141373848,127.71067804758299,129.98341538101386,1.332869291305542,10.950868404549388,-11.231666898693755,0.039971685633295055,0.017639033190030098,32.79041766751061,squat_23.mp4,378
133.81803714321947,134.9725826945314,138.15748157416883,137.79703236500308,1.0391685962677002,9.640562686975368,-9.996406981237387,0.008590668469077193,0.0026123813234321916,43.81803714321947,squat_23.mp4,381
142.20055543828303,139.90660894987883,145.1964657653777,141.91665227413992,0.7229605317115784,8.222956814306619,-8.934942268104585,0.016262943859503512,0.022846838302848622,49.90660894987883,squat_23.mp4,384
149.91588207699593,145.66339808177602,152.46496098663238,147.52685485034348,0.9711718559265137,6.825768629826988,-8.112868852241093,0.028773897770748076,0.03292160569455269,55.66339808177602,squat_23.mp4,387
154.65430327181855,153.45459496640066,156.70062748241722,154.49469932949256,0.5835613012313843,6.072371284357466,-6.44429354939036,0.007787560257284829,0.014177129043187372,63.45459496640066,squat_23.mp4,390
160.1448767809543,155.68277205875577,161.46470027982699,156.64864448110237,0.408229798078537,4.829802666641209,-5.877050065610504,0.028256580692611503,0.03027886681298462,65.68277205875577,squat_23.mp4,393
161.43919173771124,159.36539538564432,163.16191297284232,159.39454553410457,0.9326413869857788,4.618027071788338,-5.118472589053553,0.012928720070137317,0.023359429578165537,69.36539538564432,squat_23.mp4,396
165.20028310165807,162.30423018710334,164.74524449093093,162.32545464443598,0.38625702261924744,3.693130177827678,-4.388878354806989,0.017685575599999587,0.014796738765605267,72.30423018710334,squat_23.mp4,399
165.26966892896274,164.8141496828955,164.39447134460883,165.28609053704142,0.19599168002605438,3.675537894788675,-3.7821444912154276,0.002760021669543759,0.005408988551485556,74.8141496828955,squat_23.mp4,402
165.3920929289533,170.56643129432416,173.44132677190638,177.50385436898168,0.5787966847419739,3.623917156126304,-2.330592140644556,0.030803435497484218,0.023151921242334356,75.3920929289533,squat_23.mp4,405
172.8261334156875,175.729828614548,3.840735899144831,8.495557359637605,1.7355040311813354,1.4973036465918863,1.058721159376183,0.016661285504613592,0.7546547999219976,82.82613341568751,squat_23.mp4,426
178.17608127185855,179.30733130206454,174.6022096682546,175.36109242154765,0.7467008829116821,0.4548546994284167,-0.17158620769717728,0.006328965151478528,0.0043369276079028305,88.17608127185855,squat_24.mp4,0
177.79433239954707,179.8298258062168,174.37196542249504,176.45314904836496,0.41984304785728455,0.5510549369271324,0.04225526251350806,0.01138342228825929,0.011864507642270244,87.79433239954707,squat_24.mp4,3
177.66451642179535,179.85598234624055,174.26810315816874,175.25108502821436,0.5366763472557068,0.5819546159644305,-0.03613086810339121,0.012259246292152044,0.005624766269034932,87.66451642179535,squat_24.mp4,6
177.9093107842228,179.46587486078846,174.61063870941538,174.78533772305377,0.30082765221595764,0.5217135423322955,-0.1332059551674511,0.008711092090830388,0.00100000586968496,87.90931078422281,squat_24.mp4,9
177.52464213369765,179.8154825278411,174.33444632328738,174.5951713081261,0.24710331857204437,0.6170358728738907,-0.0461601913770994,0.012821624195230075,0.001494427366805784,87.52464213369765,squat_24.mp4,12
177.99787050249085,179.52563477396632,175.0825094670763,174.33095348130843,0.12394732981920242,0.49966025601897285,-0.11823722337645996,0.008546371071709588,0.004301814700705446,87.99787050249085,squat_24.mp4,15
177.53018336900246,179.019613862783,174.34299728035631,174.48420147721407,0.3703288733959198,0.6164108945866021,-0.24450365799299145,0.008354684284463551,0.0008095939614840163,87.53018336900246,squat_24.mp4,18
177.88918736067745,178.5987663573765,174.14241116047364,174.7125727413001,0.5184347033500671,0.5275706168813251,-0.35016695238921597,0.003980942353301745,0.0032687598408340577,87.88918736067745,squat_24.mp4,21
177.64133368634114,178.72282464706242,174.14445275051824,174.79297101825088,0.6735860705375671,0.5892584527449087,-0.3191921892384353,0.0060695832363111685,0.0037171035466943506,87.64133368634114,squat_24.mp4,24
177.7822973235435,179.18362691134226,174.20738710994698,174.66957296859687,0.17324015498161316,0.5542238772553633,-0.2040648763430799,0.007851335338533168,0.0026495636659172642,87.7822973235435,squat_24.mp4,27
177.94214554223845,179.80217649242806,174.772765214258,174.9387913072215,0.21240448951721191,0.5138734458152945,0.049654983665487505,0.010398660918561653,0.0009495030396761188,87.94214554223845,squat_24.mp4,30
178.03158512709598,179.54672844429413,174.5025651276604,175.0501859903725,0.2987031936645508,0.4918679691865423,-0.1131287186115223,0.008474469841670952,0.0031332659288794665,88.03158512709598,squat_24.mp4,33
178.14923951657528,179.29862863207515,174.5079505641536,174.55111719273938,0.14056187868118286,0.46237326479744084,-0.17528779465864133,0.006431086700575203,0.00024733136923323437,88.14923951657528,squat_24.mp4,36
177.59759285004145,179.78878227826846,174.1306106099017,175.36612008373945,0.2730565071105957,0.6001804884899224,0.052867506044304534,0.012262299744584936,0.007070220493254054,87.59759285004145,squat_24.mp4,39
177.74397338710878,179.07274870158463,173.8846103612088,174.73563674582877,0.2687930166721344,0.5639902413724115,-0.23178278887013856,0.007447943059941886,0.004882254497161735,87.74397338710878,squat_24.mp4,42
177.29897128029305,179.6272714802228,173.59390505952794,175.6370856117493,0.20161904394626617,0.6752035212928904,-0.09327618970656737,0.01304639402203858,0.011701026580109948,87.29897128029305,squat_24.mp4,45
177.71458137210706,179.51908015594904,173.99060921064859,174.91203501938824,0.06184844672679901,0.5710126347119359,-0.12014813841431964,0.010102624574197683,0.005281850533251596,87.71458137210706,squat_24.mp4,48
177.32855592046664,179.96043531735157,173.5132379644438,175.3206046779088,0.10379914194345474,0.6676611555256432,0.009657527381672974,0.014732496446458371,0.01036233583172165,87.32855592046664,squat_24.mp4,51
177.67366906799916,178.89358564376855,174.1837830229133,174.61056598910065,0.20826050639152527,0.5816343016669219,-0.27648967835573673,0.006842560889420497,0.002447189682953528,87.67366906799916,squat_24.mp4,54
178.5865300874786,178.32508742052119,174.45122188398136,175.15099138332675,0.3237801492214203,0.35336648142437466,-0.41877908314770357,0.001465027497747659,0.004003232661518336,88.32508742052119,squat_24.mp4,57
178.28183048595605,178.4188469252357,173.54542078996147,175.86227332816983,0.8066238164901733,0.4295320598398402,-0.3951797238167376,0.0007682432243979207,0.013261600000285402,88.28183048595605,squat_24.mp4,60
179.0825074898225,177.91371519305764,174.24653291371567,175.16515232449655,0.8153969645500183,0.2294005364728419,-0.5215317875815978,0.006547925286050366,0.005258092099321788,87.91371519305764,squat_24.mp4,63
178.7737905727654,178.90032693470263,174.32718638356565,175.81179506041164,0.6256293654441833,0.3056862788587813,-0.2736744217946303,0.0007075511240177942,0.008480110787570412,88.77379057276539,squat_24.mp4,66
178.7971530178623,178.3741788047934,173.6571772195224,175.48668113900746,0.42754343152046204,0.29986118763185754,-0.40531169645797727,0.0023684667574548957,0.010479943299511667,88.37417880479339,squat_24.mp4,69
178.6368511542542,178.11955232804283,174.0468812268411,176.1093682056164,0.4880661964416504,0.3406593654045874,-0.47014117715304005,0.0029000114428894487,0.011780380799247368,88.11955232804283,squat_24.mp4,72
177.15613849712602,178.83718891983725,173.82022443484706,176.27012092155167,0.7643676400184631,0.7107656937024295,-0.29042743702842083,0.009444280514517983,0.013995795766436007,87.15613849712602,squat_24.mp4,75
177.20529662336787,179.7119644650011,172.7009054683737,177.06068486830122,0.6723086833953857,0.6965072051655862,-0.07205760788034382,0.014046212469464213,0.024930006726758526,87.20529662336787,squat_24.mp4,78
178.0657859414878,179.86294388898142,174.89565685596523,174.99899590008067,0.4219992458820343,0.48192571757927133,-0.03361037704660962,0.010041987679194286,0.0005906866155367857,88.0657859414878,squat_24.mp4,81
178.56114533114888,178.74336787974707,174.52485435650374,173.977998236153,0.429104745388031,0.35930659724588404,-0.3137939199896681,0.001019984589394957,0.003138316465890803,88.56114533114888,squat_24.mp4,84
178.36925118419074,179.23153240742545,175.54736938036928,174.23084962066872,0.5141860246658325,0.4071932260379167,-0.19153326160177025,0.0048225913521455655,0.007527740083190529,88.36925118419074,squat_24.mp4,87
178.53513152205673,179.11088543524545,174.68389226487352,174.09631275812396,0.38957124948501587,0.36400208815933,-0.2208125139085391,0.0032196858675345276,0.0033693397634812438,88.53513152205673,squat_24.mp4,90
178.82913908799057,178.39892210075772,174.30866366186723,175.3014709759781,0.6749087572097778,0.291911196717605,-0.39852701716360506,0.0024086404959409954,0.005679511065314554,88.39892210075772,squat_24.mp4,93
178.08173726785006,179.96573597990397,174.16594922848532,176.05295243862136,0.922883152961731,0.4751275108115864,0.00616723060087106,0.010523736950101363,0.010776135731986821,88.08173726785006,squat_24.mp4,96
178.66822024216285,179.86877876663428,173.88666236756592,176.75701273311375,1.1554642915725708,0.33113346932607346,-0.032313748272816634,0.006696985403405886,0.016371893003480967,88.66822024216285,squat_24.mp4,99
179.28700733830158,179.38356201543348,175.52074736872834,177.3393486555719,1.4730980396270752,0.17620009255460803,0.15120963282471703,0.0005384031218724246,0.010307775276002495,89.28700733830158,squat_24.mp4,102
178.87256192013663,177.87670702481108,174.36660521188352,178.65607977199164,1.6743595600128174,0.2760644059239186,0.5222147231357277,0.00558294007592894,0.02430141032043902,87.87670702481108,squat_24.mp4,105
178.34518779993897,178.86116427233958,173.80694607176537,178.5337962302052,1.4752006530761719,0.4090879472500552,0.2804751458610597,0.0028889546303264213,0.02683113015859369,88.34518779993897,squat_24.mp4,108
179.63149518385714,178.8179945154151,174.94301257835218,178.1280012929939,1.7840467691421509,0.08978025362446054,0.29053327373328935,0.00453899749794334,0.01804163236012505,88.81799451541511,squat_24.mp4,111
175.67459665865834,175.63264356572563,173.14336235172368,174.38605151954792,1.3221584558486938,1.0500183307944284,-1.0685010804377588,0.00023883989926264706,0.007151562533838031,85.63264356572563,squat_24.mp4,114
172.23122672908903,155.19558069675676,168.1463358261888,158.84214216607413,1.5107200145721436,1.792479771696697,-4.613114402259806,0.10405773532266703,0.05690838843767954,65.19558069675676,squat_24.mp4,117
148.14866840570258,154.07146054428569,148.62912121855737,159.4670975028283,1.4832544326782227,5.603995577957688,-5.100469706060277,0.03919521945252836,0.07035449074480078,58.14866840570258,squat_24.mp4,120
150.51744339872045,156.44200900277033,150.3688796299284,158.1515857841441,1.5539124011993408,5.550735562148015,-4.587700711608094,0.03860161697383269,0.05045179835166106,60.517443398720445,squat_24.mp4,123
143.17744571318133,144.657715048535,143.35580275666862,151.65891882390386,1.256779670715332,6.094622268678833,-7.327517508809079,0.010285535175315986,0.05628950326783977,53.17744571318133,squat_24.mp4,126
140.76049596720625,119.79959861662698,141.28822254939166,134.09902841993818,0.9327535033226013,7.239756587056544,-11.897155051294588,0.16089107876674694,0.0522115247103734,29.79959861662698,squat_24.mp4,129
123.81483852190412,105.16104039332673,130.04025696077767,121.52678226852804,0.8247160315513611,11.69461352705104,-13.914059718031066,0.16293242953755155,0.06768354644814593,15.16104039332673,squat_24.mp4,132
100.57769425142854,95.16135915568464,105.73060917458338,111.78224714608277,1.2140871286392212,14.299177541706896,-16.275307758962228,0.05534240614190151,0.055643956627352845,5.161359155684636,squat_24.mp4,135
84.14404800175167,80.6910359862596,95.79648641497032,95.57231121075809,1.2361127138137817,17.02575618098694,-16.25607180222782,0.04189656633709371,0.0023428605602744406,9.308964013740393,squat_24.mp4,138
65.80453511485833,58.157461699744786,71.08858747842064,74.15892288808041,1.276788592338562,19.022149318037446,-17.629813291188132,0.1233777062586441,0.042277287946794286,31.842538300255214,squat_24.mp4,141
60.57336181917054,55.60757991411108,66.12670494897282,69.15381556500353,1.0362129211425781,20.946355743669034,-20.07082440249541,0.08548358846082496,0.044753089425287496,34.39242008588892,squat_24.mp4,144
44.94832431656335,41.671567069103475,53.934336412793364,56.1479870703444,0.6569685935974121,26.464955057831634,-22.817841507376603,0.07565830884895541,0.04021809474052605,48.328432930896525,squat_24.mp4,147
40.90528303985735,34.33614176925201,48.64879213623145,45.86971978627564,0.8463361263275146,27.93139179925883,-23.847564132194268,0.17461501525978618,0.05880482655576063,55.66385823074799,squat_24.mp4,150
37.089263525757175,30.838160022710483,44.02780018824114,43.351846284895764,1.3291616439819336,31.921119995122105,-23.371178712736544,0.1840524246760632,0.015471655714541755,59.16183997728952,squat_24.mp4,153
40.756185547596274,28.461159141365865,43.846150093555714,38.570265471772224,1.7921760082244873,31.101974189876202,-24.422482387507465,0.3552585399361919,0.12802994611192534,61.53884085863413,squat_24.mp4,156
38.44522860251101,30.205003495282384,43.340542322749606,40.01466726776194,1.9139947891235352,37.74995131835936,-24.752729022039038,0.24006401305359865,0.07980005260202121,59.794996504717616,squat_24.mp4,159
33.72205338772296,29.92793306643892,41.023635780542286,39.98514849391732,0.8834443092346191,36.843380757517,-29.269660004491225,0.11921826013321803,0.02563888091707549,60.072066933561075,squat_24.mp4,162
29.01827967620926,29.299941036555385,35.6043709734916,41.462444385056656,0.4982478618621826,39.76158928940567,-33.7598253335685,0.009659463437109782,0.15202583328014166,60.98172032379074,squat_24.mp4,165
29.998635715200894,27.268928388178747,36.01106017242133,40.65639514811476,0.5750523209571838,38.37079810936773,-33.40625704784339,0.09533170721543066,0.12118140497221208,62.73107161182125,squat_24.mp4,168
25.96683094837764,22.26286639119887,29.443313527012652,36.60817969011104,0.5788806080818176,40.34705790015291,-33.421768756510424,0.15359684018333486,0.21694789365461037,67.73713360880113,squat_24.mp4,171
30.610470312545488,29.316308170296793,34.312933555556434,37.92861167129384,1.3279409408569336,36.85788231004118,-28.368525147861614,0.04319144712974111,0.10009968929605761,60.68369182970321,squat_24.mp4,174
33.809446338951865,34.86292877359623,42.533433765222924,46.79744511317416,1.16391122341156,35.00272426656787,-25.47747446437736,0.0306814037789664,0.0954655635652188,56.190553661048135,squat_24.mp4,177
45.1829855254613,37.70955476254228,53.80005864127888,51.06053400840019,0.5835272669792175,22.915690297554733,-23.26261468933822,0.18031612342807138,0.05225079438623744,52.29044523745772,squat_24.mp4,180
53.21229620448555,53.8182585498011,60.97081718813233,62.41074781806888,0.21741324663162231,19.506620345480695,-20.27166426708358,0.011323165552242168,0.02334109848362154,36.78770379551445,squat_24.mp4,183
64.08706472536959,59.331708245599465,67.92200027713416,67.74269445189097,0.10487119108438492,15.613189177525102,-18.305829668723234,0.07706050490209769,0.0026433675408525934,30.668291754400535,squat_24.mp4,186
78.74409523996884,59.873765932808055,78.26275564344735,70.41586627054474,1.5298603773117065,14.638150326270207,-17.97916733032653,0.27226403794587944,0.10555504580129743,30.126234067191945,squat_24.mp4,189
90.43954515380493,71.30157158062597,91.31853978957818,79.92667242465093,1.446458339691162,14.681673916726902,-17.287092596472874,0.23664945512404673,0.13304742617476434,18.698428419374025,squat_24.mp4,192
98.51243741303594,89.67755067006479,104.39466647196494,109.00210122117412,1.1402555704116821,15.904446674445238,-19.060089760550056,0.0938932706565649,0.04318186070966726,0.32244932993521047,squat_24.mp4,195
109.60682468541845,99.4181782627199,123.05952987981811,117.39532378348581,1.2004021406173706,16.579334160505983,-17.599391602130396,0.09748734628867788,0.0471124288825011,9.418178262719906,squat_24.mp4,198
116.72034857128132,107.15682354298042,127.71445969728256,130.41837728643333,1.5019254684448242,14.587990671420942,-17.17237066557828,0.08543546390178539,0.020949814992513617,17.15682354298042,squat_24.mp4,201
126.41261588829168,127.06440646535962,138.65256485790104,144.59527159408603,1.5009360313415527,12.86785215385633,-13.193016853781023,0.005142798120443149,0.041961180079074165,36.41261588829168,squat_24.mp4,204
149.03471659911213,140.6238730509133,151.85627439533596,146.61382512565535,1.2056933641433716,6.46523869346485,-8.558211922329104,0.05807418698241323,0.03512880706036623,50.62387305091329,squat_24.mp4,207
164.7429342825694,147.56003471305058,164.5985746254989,152.90268013452106,1.1110074520111084,2.971378650905875,-6.571940268634906,0.11003993733892296,0.0736746347652583,57.560034713050584,squat_24.mp4,210
179.2790924322878,175.2080082610969,175.7639507222704,173.01604227881808,0.9343382120132446,0.17118316891624452,-1.1557185633010745,0.02296887059206257,0.015757259582511406,85.2080082610969,squat_24.mp4,213
179.6505736495245,173.95739506431138,175.45743803200241,171.23551967364642,1.2462875843048096,0.08405769666936513,-1.489066759378001,0.03220051067243012,0.024355374197940927,83.95739506431138,squat_24.mp4,216
175.72185551977913,169.2810869830842,172.78212983618005,170.0963071142531,1.5788100957870483,0.9463126618777522,-2.68229576928834,0.037337470167469446,0.015666326210622597,79.28108698308421,squat_24.mp4,219
179.37724582568663,178.79244437446647,175.80119369491166,175.11139815846366,1.1651849746704102,0.15501900833892757,-0.2979920299218693,0.0032654993832301037,0.003931437927631993,88.79244437446647,squat_24.mp4,222
178.41760973425926,179.09669334528562,173.888009369719,176.09394697987705,1.1008553504943848,0.3954520867808781,-0.22486143953151708,0.00379891716318418,0.012606007653460595,88.41760973425926,squat_24.mp4,225
177.95924034000802,178.35586561963353,172.72756524284134,175.01645962095532,1.206471562385559,0.5101455547765699,-0.41093970602759256,0.002226261379277222,0.013164248495774945,87.95924034000802,squat_24.mp4,228
178.88092401867078,178.3625447278513,172.5316571383479,175.22771217641875,1.2108982801437378,0.2796752890072574,-0.40897258982187906,0.002902106468948805,0.015505290588622952,88.36254472785129,squat_24.mp4,231
179.3242039831046,178.13680363565328,173.30209286131316,174.05188834821425,1.393783450126648,0.16890732368302222,-0.4647696008745912,0.0066435237530451195,0.004317183780593022,88.13680363565328,squat_24.mp4,234
178.37478075595806,179.22924412693374,173.12177034247838,176.0598546882522,1.2066640853881836,0.40587012563341024,-0.1921105990195672,0.004778824126800582,0.01682840181246782,88.37478075595806,squat_24.mp4,237
178.74165609533827,177.9002500298996,173.6377938404398,175.438590453981,1.1481971740722656,0.314106809803827,-0.5241972772476623,0.004718492420479576,0.010317493216741655,87.90025002989961,squat_24.mp4,240
178.771080610594,178.5324621530513,173.98109151540356,175.24914665331318,0.870893657207489,0.30683032457642007,-0.36663538467663187,0.0013356624213520902,0.00726200081962549,88.53246215305131,squat_24.mp4,243
178.48250695994605,178.85636321870183,173.0571692669575,175.84828709562638,0.8139062523841858,0.37935640447795593,-0.2859549690039258,0.0020924466379427117,0.015999278760308912,88.48250695994605,squat_24.mp4,246
177.689286310386,178.86598564923088,173.11715225366626,175.62883328253375,0.7088069319725037,0.576762267606935,-0.2832455625075703,0.006600375489487395,0.014404071347262988,87.689286310386,squat_24.mp4,249
177.665354619989,178.89659639383623,173.44796772162795,175.47926600818218,0.7800496220588684,0.5832954562810038,-0.27558438101551785,0.0069061871035112484,0.01164310543972705,87.66535461998899,squat_24.mp4,252
177.77085391599135,179.86877876663428,174.222057013375,175.6509793035756,0.4247177243232727,0.5573238947946062,-0.03234288679736556,0.011732060202089814,0.008168233283951266,87.77085391599135,squat_24.mp4,255
177.92906259972867,179.34598136775253,174.34694822421068,175.1841524350076,0.8005360960960388,0.5174807805021616,-0.16369344160089744,0.00793180935499558,0.0047904418760903,87.92906259972867,squat_24.mp4,258
177.1834585630981,179.8356754784382,173.93537453343197,176.24167071123853,0.9945019483566284,0.7040322217236334,0.04067754659093508,0.014857561752034988,0.013172172243301314,87.1834585630981,squat_24.mp4,261
176.98350953279714,180.0,172.901484829663,176.08928738582506,0.9079228043556213,0.7542135900478544,0.004872858318170083,0.016899886894779507,0.018268692526882784,86.98350953279714,squat_24.mp4,264
177.7696250491871,179.6272714802228,173.85483726945952,175.33658126074906,0.8755787014961243,0.5575716346804782,-0.09324761834817182,0.010395425640652206,0.008486714808321373,87.76962504918711,squat_24.mp4,267
177.67914423855203,178.9522681020618,174.252634017879,174.12390186791527,0.6594129800796509,0.5801791828122335,-0.2613792077403422,0.007139718036356392,0.0007390403009571558,87.67914423855203,squat_24.mp4,270
177.95924034000802,178.5352651181781,174.43161909710278,173.97832376994302,0.9350647926330566,0.5097819888995919,-0.36609060811647626,0.0032316053647432315,0.0026020803162482855,87.95924034000802,squat_24.mp4,273
177.37013120779514,179.40029534429783,174.13127856445425,175.1808586063763,1.1243308782577515,0.657468097490811,-0.14982324138273065,0.011380787113565655,0.006009410668766692,87.37013120779514,squat_24.mp4,276
177.16848634825334,179.1588357714026,173.81578459101712,175.72927826894838,1.0817763805389404,0.707798152285464,-0.21029968378608413,0.011171466792439242,0.010948480646673241,87.16848634825334,squat_24.mp4,279
177.61854084473856,178.06669679401242,173.13910143294893,175.1903395205766,1.0253729820251465,0.595063509940706,-0.4832425465283267,0.0025199581081800206,0.011777575171438608,87.61854084473856,squat_24.mp4,282
177.83146971585964,177.8001966694169,173.0190200941089,175.60938525962598,1.0361254215240479,0.5419567691265375,-0.5496299833913957,0.00017587323851453066,0.014860321911456283,87.80019666941689,squat_24.mp4,285
178.17865825328465,177.76541691947975,173.06632898955482,175.0750650798139,1.0470699071884155,0.4551058904215782,-0.5584833075358235,0.0023219452865135067,0.011539771624277622,87.76541691947975,squat_24.mp4,288
177.88631499079997,179.26484739471988,173.45740220831829,175.74710878531064,0.8194799423217773,0.5284213111830575,-0.18379402302618814,0.007719601945082712,0.013113843062778381,87.88631499079997,squat_24.mp4,291
178.1030767178476,177.57876518124448,173.36540196524302,174.73210191218803,0.9953442811965942,0.4742887029692025,-0.6052020716959083,0.002948205248846438,0.00785239728364289,87.57876518124448,squat_24.mp4,294
178.09001900784776,179.22620361191224,173.46102985213324,175.46404019233856,0.979568362236023,0.47725265909444814,-0.1930582991656471,0.006359546710385771,0.01148103425156599,88.09001900784776,squat_24.mp4,297
178.7625118537598,178.89606448841425,173.88845843616022,174.63114852718795,1.0540677309036255,0.308412036301063,-0.27473712742125134,0.0007468163409937592,0.004261970208785585,88.7625118537598,squat_24.mp4,300
178.67691793983226,179.92598125278,174.0831459962526,174.68791151590244,0.656074583530426,0.33010783038330516,0.018233286579311933,0.006966275597659521,0.003467979963496648,88.67691793983226,squat_24.mp4,303
178.41649708862812,179.88130593318874,174.25560169126047,174.85867231423674,0.7555445432662964,0.3939460512455609,0.03010332801391539,0.008176488006382944,0.0034548608743896823,88.41649708862812,squat_24.mp4,306
178.2724026283436,179.98021765897056,174.93677872653177,175.13047064564213,0.6999800801277161,0.4310246228504871,-0.0013024647928319359,0.00953413839238532,0.0011065983433625381,88.2724026283436,squat_24.mp4,309
177.89243506177556,179.2104329674224,173.64852767099453,176.4737996730423,1.107973337173462,0.5241202963872791,0.19612822097669727,0.007381614787473979,0.0161387708317819,87.89243506177556,squat_24.mp4,312
178.03466970780318,179.69803532157022,173.07043215067995,176.9338180205036,1.3256404399871826,0.48949744057662675,0.07468761024858292,0.009299488642675054,0.022076222605491802,88.03466970780318,squat_24.mp4,315
178.75274623419372,179.73020459073197,173.69323017990556,174.5687682488581,1.6335819959640503,0.3092105938236318,0.06666113629152681,0.005453304567422046,0.005028042524896041,88.75274623419372,squat_24.mp4,318
178.50642372379957,179.37161553185058,172.8235085952047,177.50746401487842,1.8769851922988892,0.37340414352673684,-0.1568226548501073,0.004835120980602885,0.02674017306992128,88.50642372379957,squat_24.mp4,321
178.5465310201041,177.854698942658,173.407716217518,176.7565901795045,2.464515447616577,0.35984783618945976,-0.5292750736436493,0.0038823214920914104,0.01912744332193307,87.85469894265799,squat_24.mp4,324
177.43150676381475,175.1515166233224,173.92581397093207,173.65822832178307,1.957608938217163,0.6287659426372577,-1.1878883768405502,0.012933068181158055,0.0015396889188811088,85.15151662332241,squat_24.mp4,327
174.14170848205575,173.85091450722987,171.74583414419791,173.4328408905124,1.9976003170013428,1.3898334754397952,-1.4995125700109746,0.0016712651683701203,0.009774686956804928,83.85091450722987,squat_24.mp4,330
172.44290134345647,152.28031628950882,168.48864118404387,155.77752254686277,1.3209924697875977,1.6988688326936467,-5.218995974360069,0.12418320562921635,0.07839929082288996,62.28031628950882,squat_24.mp4,333
144.85641453345093,145.47203300577294,147.76038638717904,149.98228545100721,1.291608452796936,6.420670795478497,-6.741414237125708,0.004240841554039179,0.014924962217278062,54.85641453345093,squat_24.mp4,336
147.53787963516615,129.15804074387546,151.48901912936518,140.59317777330946,0.6361120939254761,5.812903122501147,-11.055844118800017,0.13285225793074523,0.07460804849866519,39.15804074387546,squat_24.mp4,339
131.08859643202504,112.02657663016736,139.13404096133488,130.05683947497738,0.17112360894680023,9.46854609252538,-14.829625079535116,0.15681472745414654,0.06744063150761206,22.026576630167355,squat_24.mp4,342
108.5795354640749,93.39978865316968,125.64772383495168,116.87510616705198,0.4522099792957306,16.49699811802513,-19.64530422159974,0.15030990797942967,0.07234467507926752,3.3997886531696793,squat_24.mp4,345
105.78047501082523,88.40998444469614,118.30279157982666,104.30443699292158,0.5401692390441895,15.809800002139083,-16.20171315115739,0.17890158574044407,0.1257672958479909,1.5900155553038644,squat_24.mp4,348
93.82457504102393,78.79367306586799,102.40063039080488,94.90199858215588,0.7820332646369934,15.002452116020734,-16.53776803988373,0.17415194673796275,0.0760114738225474,11.206326934132008,squat_24.mp4,351
97.49590487945393,81.73323636732573,103.04138285732137,95.78192703444792,1.009274959564209,15.474157766667634,-17.426677684607924,0.17589403600862727,0.07302419245334141,8.26676363267427,squat_24.mp4,354
68.37025509861363,53.025454448051306,73.40922045474001,65.46459325709326,1.602986454963684,18.276005311037544,-16.57325514009128,0.2528063093475923,0.11441505040154018,36.974545551948694,squat_24.mp4,357
49.847892340690485,39.28291738473292,55.442536567429954,48.985541068621544,0.24106593430042267,13.480095041377824,-17.47935543674458,0.23706673345623258,0.12366397323356022,50.71708261526708,squat_24.mp4,360
50.65422792286368,40.14731008834777,54.97988082935603,51.75930085512214,0.25177234411239624,18.580691699936533,-20.548937728713874,0.23142598825184216,0.060344850380321335,49.85268991165223,squat_24.mp4,363
44.3177010395741,34.27845919980141,46.705188044101874,42.335486187872036,0.25850731134414673,23.18934270091962,-21.87427425036359,0.255463926207,0.09815069110653045,55.72154080019859,squat_24.mp4,366
35.10967106783588,32.74597965811454,40.99857183148929,42.40282475374153,0.7017607688903809,34.128960365619825,-23.654752911887034,0.06966822613690979,0.033674566128330426,57.25402034188546,squat_24.mp4,369
35.53530525134469,33.259612442232225,37.8327082858554,41.53360226451576,1.182584524154663,31.693669356108323,-26.826009522343153,0.06615874792521005,0.09326108150917577,56.740387557767775,squat_24.mp4,372
37.98807574959273,31.59121814318671,36.261222086402526,38.18011964886534,0.8977720737457275,24.493405970535612,-22.916930267737733,0.18387244964754818,0.05155462053026662,58.40878185681329,squat_24.mp4,375
33.521950239563516,29.994386889433134,36.29282826411611,39.01613959306456,1.3160117864608765,31.374026760312404,-27.19118970351336,0.1110757801718377,0.0723236928200386,60.00561311056687,squat_24.mp4,378
31.040827597007084,25.875871014023346,34.50088075268968,35.77203658438715,1.5571635961532593,31.739312903776025,-29.55268834514825,0.18149178392377002,0.036177687788316516,64.12412898597665,squat_24.mp4,381
30.05731207155626,25.013576384070287,31.336886830180735,33.98322863725465,1.5608335733413696,34.01678774298317,-28.72638403780553,0.18317248291899166,0.08102685637147158,64.98642361592971,squat_24.mp4,384
36.67019544938983,28.144862295402618,38.28504664571918,36.41641622426089,1.5534604787826538,28.740256153922136,-24.12012474578425,0.2630664370478688,0.05002928589793982,61.85513770459738,squat_24.mp4,387
40.929429655969706,35.11266955266319,48.4940066517854,45.122707581092,0.6894999146461487,22.46320937153237,-24.355475361851333,0.15298788865224147,0.0720234436407815,54.88733044733681,squat_24.mp4,390
63.56466192901002,61.195289995315335,69.60508468805183,68.02440060915781,0.3000965118408203,16.39575800737263,-16.712888329539663,0.03798289270152746,0.022970137183620943,28.804710004684665,squat_24.mp4,393
63.65820719348699,61.82915094167794,69.63396760800322,68.34228204213498,0.7533797025680542,16.99774473023222,-16.157822687960643,0.029151243264503773,0.018723303019809852,28.170849058322062,squat_24.mp4,396
76.52310449457272,68.74662796836766,79.3793772487798,77.11696668241343,0.588036060333252,13.937591469269043,-15.845338488238923,0.1070625848118624,0.028913270553605833,21.25337203163234,squat_24.mp4,399
105.41956370976224,99.63563092635678,118.78667476087544,114.34555467269881,1.0240424871444702,15.293601888235893,-17.317899383299412,0.056413423650830664,0.03809958064542962,9.635630926356782,squat_24.mp4,402
117.9916445855243,114.3307024300518,131.50314782693934,128.19676589620926,0.38645967841148376,15.149487805026846,-15.80345593041739,0.03151605691403461,0.02546309610448951,24.3307024300518,squat_24.mp4,405
122.40482196331642,118.7307884250312,137.02487282392804,137.52140142518613,0.5275583863258362,14.569797047299398,-15.757056658809196,0.0304727579005707,0.003617084971312037,28.730788425031193,squat_24.mp4,408
128.80460353291903,124.6351228702822,147.00630683748855,141.21401791710727,0.7452507615089417,13.28481901583456,-14.143001212857822,0.03290313418349842,0.0401934799380516,34.6351228702822,squat_24.mp4,411
144.57831602522933,135.38867458169926,151.12567954684778,150.22504723621367,1.1170860528945923,8.261027763444087,-11.341902941087719,0.06564803531736531,0.005977303059782978,45.38867458169926,squat_24.mp4,414
168.72203476435493,155.82976570675007,167.90106612159877,156.65383183120147,0.5736383199691772,2.5854396732891964,-5.007486118520839,0.07944660321644198,0.06930867080633599,65.82976570675007,squat_24.mp4,417
175.15822853112434,170.90367763893966,172.42005829500496,168.83653290523537,0.7092416882514954,1.1490460863040284,-2.1796406310024534,0.02458838038124822,0.021001940956896406,80.90367763893966,squat_24.mp4,420
176.01522800258337,168.16440471676503,170.5783569277516,168.97782343223955,0.9251725673675537,0.9722668364773136,-2.942336867842856,0.045620498945793626,0.009427208739450405,78.16440471676503,squat_24.mp4,423
176.0494314748168,173.29600530800673,172.1975212436929,172.33051380089844,1.3520318269729614,0.9741621597461249,-1.668363830189808,0.01576334411101403,0.0007720274908155285,83.29600530800673,squat_24.mp4,426
176.4092036234174,179.79441577220314,172.49844100947126,176.67657187429504,1.1676167249679565,0.8926448260729357,-0.05053441236234776,0.01900717434892724,0.023931442461002164,86.4092036234174,squat_24.mp4,429
176.87575644483073,179.08101577239364,173.08553562799958,175.97805156823628,0.06580448150634766,0.7804404838971714,0.22881725386212143,0.012390601891496775,0.01657300300767606,86.87575644483073,squat_24.mp4,432
177.08784960531239,177.6219129300205,172.98624941324567,173.73584004039864,0.7070025205612183,0.7243688953823322,-0.5921993287274488,0.003011269387630209,0.00432387003859001,87.08784960531239,squat_24.mp4,435
176.77280739390724,178.6677795031671,172.67498501600477,175.13123509540014,0.500278890132904,0.8043521750670316,-0.33214097191619535,0.01066266588068964,0.014124244693545845,86.77280739390724,squat_24.mp4,438
177.77788904233495,177.85963104004688,173.6794730455528,173.0564064994926,0.27476751804351807,0.5555183436746366,-0.5335114061891847,0.0004596927663481337,0.0035938971581351512,87.77788904233495,squat_24.mp4,441
179.23561737467625,178.24598404569738,173.95428143926156,173.2151069324875,0.31982138752937317,0.19112471047809437,-0.43829598643724693,0.005536695175621798,0.004258293107240025,88.24598404569738,squat_24.mp4,444
179.24204420657443,177.6922528060824,174.17886488374396,174.0013509413385,0.18412992358207703,0.18940076725969002,-0.5766848590573656,0.008683902967369286,0.001019667024933049,87.6922528060824,squat_24.mp4,447
179.269386302885,177.97725338194502,175.3296136311378,173.1346145876092,0.3875941336154938,0.1826084756584065,-0.5053770135380073,0.007233842266955604,0.012598131261557677,87.97725338194502,squat_24.mp4,450
178.31937196285455,177.75510544876303,174.06145307771922,174.25024734298705,0.07320642471313477,0.41969545404858977,-0.560537619837235,0.003169373543385022,0.001084053536184954,87.75510544876303,squat_24.mp4,453
178.89571002711747,177.29397548104117,174.60235488536313,173.8711290660329,0.35942330956459045,0.27600507319646084,-0.6759350814327353,0.008993716613613804,0.004196737215347054,87.29397548104117,squat_24.mp4,456
178.23198170258024,178.47812869097186,173.7783308945694,175.3567451331227,0.2491651475429535,0.44185456224957237,-0.3804141522012231,0.0013800953840082944,0.009041854267476198,88.23198170258024,squat_24.mp4,459
177.9929888969334,178.65360667423514,173.7994163218708,174.69780662862394,0.12047868967056274,0.5016634017272088,-0.3364579601115557,0.0037046072246602895,0.005155796072904421,87.99298889693341,squat_24.mp4,462
178.17973307192963,178.85362878589524,173.23554567276048,175.02157291507808,0.14839816093444824,0.4549066679095429,-0.28661132231083114,0.0037749733552012443,0.010256946072257377,88.17973307192963,squat_24.mp4,465
177.63255397335857,179.5674934771063,172.99817383517728,174.38406199076553,0.5997958779335022,0.5905171326062039,-0.10786140745497709,0.010833926353361181,0.007979038722536474,87.63255397335857,squat_24.mp4,468
177.8788281171166,178.6470820564564,174.02876548181214,174.33164496284277,0.33498960733413696,0.5291566939863679,-0.338023881717293,0.00430966680074272,0.0017388857743279576,87.8788281171166,squat_24.mp4,471
177.49852790582315,179.64391729018413,173.41730179856296,176.14603095308183,0.45893457531929016,0.6247281632127636,0.08917574259639673,0.012014194410208212,0.01561221615001343,87.49852790582315,squat_24.mp4,474
177.1830415945661,179.50149913673232,173.73493243988887,175.4625290485824,0.34019696712493896,0.7026914377696578,0.12459720610449741,0.013000045011273876,0.009894668771815123,87.1830415945661,squat_24.mp4,477
177.25169950380453,179.81337368640575,173.48175483044875,175.89353468905745,0.3974878191947937,0.6848448971737142,0.04640202598142071,0.014348500455190738,0.01380624177471511,87.25169950380453,squat_24.mp4,480
178.12497198125715,178.3645777100432,174.7545791156212,174.69788054197033,0.6856794357299805,0.46713903816491953,-0.40880776158954424,0.0013442510670707219,0.0003244994967636995,88.12497198125715,squat_24.mp4,483
177.7144957340818,178.85294619608032,174.02847003487022,176.20914423408902,0.3372538089752197,0.5712419152722583,-0.2866855583427434,0.006385610844534199,0.012452541419747032,87.7144957340818,squat_24.mp4,486
177.8257011671465,179.35836533143882,173.74909340902275,175.85872505909998,0.058460138738155365,0.5435759199190808,-0.1603404426816134,0.008581929083885371,0.01206856104832558,87.82570116714649,squat_24.mp4,489
178.28468035351372,178.92389029507888,173.99367632347995,175.11139815846366,0.11238323152065277,0.427525429207165,-0.26720594531345127,0.0035789171598236075,0.006403354844625856,88.28468035351372,squat_24.mp4,492
178.49091252636669,178.42990086129646,173.78766534239426,174.9644442203566,0.1586732417345047,0.3753809534386978,-0.39042616737238656,0.0003418778775669691,0.006748511883915053,88.42990086129646,squat_24.mp4,495
178.20714027179966,178.99108757777415,173.94478825967406,174.41369841989768,0.023109784349799156,0.4449200827789955,-0.2504209800276047,0.004389424385972236,0.0026921127410623052,88.20714027179966,squat_24.mp4,498
177.8881676856705,179.75291844950826,173.69145839968235,175.86099560149395,0.36218011379241943,0.5249242530638129,0.06121964583327436,0.010428056708970635,0.012413228269336118,87.88816768567051,squat_24.mp4,501
176.70514770121906,178.71123264909002,172.88486752781506,177.29868141665148,0.4421861171722412,0.816471579654816,0.32014140003999203,0.011288646549681826,0.025208573630261397,86.70514770121906,squat_24.mp4,504
177.76857227314738,179.74899003243118,173.31874468963738,176.5184468569995,0.7553210258483887,0.5548995462049285,-0.06255697208875324,0.011078715946217416,0.01829252146243328,87.76857227314738,squat_24.mp4,507
178.69298905994603,179.0752845444014,175.1060711495415,175.03615489364773,0.36949944496154785,0.32576671561581255,-0.22950526368811225,0.002137112274399972,0.00039935917860495186,88.69298905994603,squat_24.mp4,510
176.67657187429504,177.58013982408593,174.24643071551148,174.60478785125642,1.3140838146209717,0.8217315056481395,-0.5962492652192034,0.005101204408853698,0.0020544984031715596,86.67657187429504,squat_24.mp4,513
176.38361204879502,173.08437265667408,174.00782481702694,172.31012056462194,1.0722163915634155,0.8886757401672032,-1.6867647878601228,0.01888149722728696,0.009804310028081863,83.08437265667408,squat_24.mp4,516
176.57634534715916,170.83890713868956,172.1110593022064,171.5572887877352,0.9808614253997803,0.8211723584998758,-2.204256413514982,0.033029282205756356,0.0032227030365117194,80.83890713868956,squat_24.mp4,519
172.24936215378935,155.87025835540734,169.8678502880807,158.2857081049247,0.9302380084991455,1.788410817090746,-5.025261205948024,0.09983617421575632,0.07058977047132856,65.87025835540734,squat_24.mp4,522
151.31903142790614,156.41924791836112,153.88504060158886,158.23082480837715,1.1837272644042969,5.240566099299904,-4.365797926733439,0.03314645484656276,0.027847249617254044,61.31903142790614,squat_24.mp4,525
142.0478986154269,136.4857953183628,147.56539570793237,144.99558363537696,0.8903144001960754,7.68771928980821,-9.446937135840637,0.03993845928303584,0.017567702147591117,46.48579531836279,squat_24.mp4,528
131.5123232575095,118.85382004092295,139.89014702896364,137.0980111342829,0.41390737891197205,10.293662114148226,-14.688127555886881,0.10111992819650394,0.020160687830092422,28.853820040922955,squat_24.mp4,531
113.38363935677029,95.91620843932962,128.9513173508953,117.2814961930891,0.08560590445995331,15.886597592966758,-20.24989339322653,0.16691298251164952,0.09478688879718808,5.916208439329623,squat_24.mp4,534
107.18403725810992,98.77393514819963,123.98260936707732,120.4151945925101,0.5416349172592163,18.593052759001015,-19.494024426722255,0.08166813852021251,0.0291935092441101,8.773935148199627,squat_24.mp4,537
97.76979092877013,92.29006883014637,109.58127742230053,112.84041457186655,0.7652072310447693,17.97722798342717,-19.54275507187862,0.05766311840463926,0.029305928934768515,2.2900688301463674,squat_24.mp4,540
90.6691465393761,73.26468428358311,100.16256875363112,86.5690744144272,0.8420053124427795,18.240623307184993,-17.992535325851925,0.21233521071790226,0.14559390265708508,16.735315716416892,squat_24.mp4,543
70.3001848638212,51.58593844212547,76.93537538824174,62.241721844385786,0.578711211681366,19.235318633361477,-18.485021921552406,0.30707755590389985,0.21115045271128552,38.41406155787453,squat_24.mp4,546
64.15724916629273,54.63127110259949,70.42754491222587,65.26814263171609,0.1207507848739624,18.672292767898224,-19.42417875048593,0.1603854992406679,0.0760437177318406,35.36872889740051,squat_24.mp4,549
53.08824572982073,41.887544498854155,56.900242797243024,48.011169281217605,0.0863424688577652,18.96216891593431,-18.578330398703418,0.2358643440396431,0.16945865735516938,48.112455501145845,squat_24.mp4,552
45.284939818619165,39.43422334196307,52.58039735562193,47.55236103157906,0.736943781375885,24.598820364043714,-20.37875444953559,0.1381202613053735,0.1004274006834023,50.56577665803693,squat_24.mp4,555
43.34098517207564,37.64195603010972,48.07426401373003,47.81561861342411,1.1167685985565186,28.407027208728074,-22.021972451233392,0.14074641047520098,0.005394633786582189,52.35804396989028,squat_24.mp4,558
38.74293615597068,33.22578461414014,41.955094025065875,44.435198309954764,1.0618019104003906,29.17648291402708,-24.840656729051968,0.15332081723264032,0.05741627254300912,56.77421538585986,squat_24.mp4,561
35.42432951506405,29.654258711039066,41.108907683163395,40.978531376422765,1.086161494255066,34.599235472698396,-28.489118284618392,0.17732624389385881,0.0031765226990694883,60.34574128896094,squat_24.mp4,564
36.01338934095377,29.118942246198376,37.491159886937275,38.19137232250812,1.1789522171020508,27.30012548131098,-26.299398352884147,0.21170582801968593,0.018503937834243315,60.88105775380163,squat_24.mp4,567
33.10024298837584,23.784999412030892,32.34941003955905,31.84423817756288,1.5345383882522583,27.629246994320035,-24.588746070868435,0.32751002485939457,0.01573899835969835,66.21500058796912,squat_24.mp4,570
38.371342938344185,27.376068986017685,39.07578982980806,36.0636641518949,1.6528416872024536,25.830681702405318,-22.66913522263854,0.334470167889676,0.08017427644993634,62.623931013982315,squat_24.mp4,573
41.16774842336304,31.289949905477158,44.70569630278262,41.06219071087368,1.8430218696594238,24.460488421004946,-20.980525745351883,0.27265007709896405,0.08496199961948014,58.71005009452284,squat_24.mp4,576
52.82161406492692,45.390116060349605,61.24424250227268,54.75032834616911,0.2523784041404724,18.018803919529056,-20.479603246450306,0.15133626085393007,0.11196927767573701,44.609883939650395,squat_24.mp4,579
59.45805577019607,51.660618316621196,65.74820923758571,59.95256124535759,0.6342029571533203,15.157561501821364,-16.863139526844417,0.14034432137810998,0.09221340442005559,38.339381683378804,squat_24.mp4,582
85.595613025618,57.57578034437963,89.27461362504431,65.45515892743578,1.1095463037490845,13.155401026022691,-15.341760383634002,0.3914166373840723,0.30788456939700637,32.42421965562037,squat_24.mp4,585
113.63206852779703,105.4075280338524,119.48976753714476,116.75718140105786,1.0789332389831543,12.684170838602576,-14.072614000660211,0.07509638095621497,0.023133303082798186,15.407528033852401,squat_24.mp4,588
115.06948018655908,108.39779170665649,128.73710818180678,125.11147428266013,0.5235967636108398,14.613442552354407,-16.664674343718204,0.05971065403340735,0.02856532712491437,18.39779170665649,squat_24.mp4,591
132.09377193512415,130.51037450804935,141.5734719506672,141.51004541367328,0.5725829005241394,12.110927612086725,-12.593389676792633,0.012059195930612932,0.00044811183345784924,40.51037450804935,squat_24.mp4,594
148.2434590411821,145.0435191255951,146.28971008780513,145.9571792083243,0.5744436383247375,7.624982960989901,-8.215057663158765,0.02182122053688548,0.002275684646510501,55.04351912559511,squat_24.mp4,597
142.73248761146723,149.40598546578616,150.14255789391092,152.30423127946978,0.9421954154968262,9.145700360188425,-7.4961527614226835,0.04568722348702205,0.01429456990743357,52.732487611467235,squat_24.mp4,600
150.559347448518,147.53493385268357,154.1052531994472,152.21957127255857,1.0140777826309204,6.289274974797843,-7.335911746586158,0.020291657945483977,0.0123116494403538,57.534933852683565,squat_24.mp4,603
166.12694959063705,158.08740248412073,164.0309652346662,161.73226157425142,0.6624214053153992,2.948989495373776,-5.219284367263112,0.049594023553050814,0.014112726491152632,68.08740248412073,squat_24.mp4,606
173.57489487261398,162.19662111355072,171.46739737691928,166.87946085283374,1.083764910697937,1.5756629172478205,-4.475492874335472,0.06777390706084847,0.027119722926288357,72.19662111355072,squat_24.mp4,609
161.19074969089993,150.4944209956272,164.39737874466246,159.90056533068037,0.9126513004302979,4.708786240869236,-7.494015984129532,0.06863546746040361,0.02773260513139343,60.494420995627195,squat_24.mp4,612
158.22778624588983,150.69523028121682,165.56845070244214,164.32995884651018,0.6987283825874329,5.487008038027467,-7.117795697024237,0.048766557114154424,0.0075083226840969635,60.69523028121682,squat_24.mp4,615
148.33223230950105,142.0962189849845,160.76463755569688,163.26496632396191,0.7854934930801392,8.064913557630351,-9.123105333651223,0.04294354287069098,0.015432718111729268,52.09621898498449,squat_24.mp4,618
174.4747941807925,176.54203358670495,173.96876038483916,172.51082421309837,0.5368485450744629,1.3760689263945596,-0.864420000418391,0.011778577221270625,0.008415711843066335,84.47479418079249,squat_24.mp4,621
177.2343045765057,176.81986125220155,172.73039849836377,174.0678931739871,0.541513204574585,0.691006147757743,-0.7949513797446056,0.002341129489800542,0.007713386759626689,86.81986125220155,squat_24.mp4,624
177.61681552583335,177.94585799081375,172.4119849817754,175.0155948119142,0.5547258257865906,0.5949362118272205,-0.5120231787165359,0.0018508268133212713,0.014987928314067093,87.61681552583335,squat_24.mp4,627
178.62669645432706,177.99103957468236,174.40679144364478,173.91871784811983,0.48310452699661255,0.3432194806761547,-0.5020630533819003,0.003564920167588026,0.002802399379346814,87.99103957468236,squat_24.mp4,630
178.67175141802076,178.34779156278674,173.6321257640563,174.65778560897144,0.5177730917930603,0.33194197914165413,-0.4127933923134274,0.0018148018034488264,0.005889690234619692,88.34779156278674,squat_24.mp4,633
178.4951979330731,178.02443951536452,173.3553891705738,174.46228769728327,0.5465868711471558,0.37611982020118834,-0.49391581349106145,0.002640855471960648,0.006364820423603742,88.02443951536452,squat_24.mp4,636
178.6528801564376,178.8606489061854,174.52138359011576,174.70061605844558,0.693583607673645,0.336546253535436,-0.2845934835474124,0.0011622986704450352,0.0010264672243454588,88.65288015643759,squat_24.mp4,639
178.80482365640424,178.1472314929133,173.76963970275062,174.4519989538746,0.5379199385643005,0.2987596934823251,-0.4630951985102783,0.0036844845351337342,0.0039191088397401135,88.1472314929133,squat_24.mp4,642
178.55260238742312,179.77185876422757,173.66850115967523,174.4850187140069,0.627921462059021,0.36111973041631534,-0.05674628161019282,0.006805320367388686,0.0046905603862797815,88.55260238742312,squat_24.mp4,645
178.17608127185855,179.30733130206454,174.6022096682546,175.36109242154765,0.7467008829116821,0.4548546994284167,-0.17158620769717728,0.006328965151478528,0.0043369276079028305,88.17608127185855,squat_24.mp4,0
177.79433239954707,179.8298258062168,174.37196542249504,176.45314904836496,0.41984304785728455,0.5510549369271324,0.04225526251350806,0.01138342228825929,0.011864507642270244,87.79433239954707,squat_24.mp4,3
177.66451642179535,179.85598234624055,174.26810315816874,175.25108502821436,0.5366763472557068,0.5819546159644305,-0.03613086810339121,0.012259246292152044,0.005624766269034932,87.66451642179535,squat_24.mp4,6
177.9093107842228,179.46587486078846,174.61063870941538,174.78533772305377,0.30082765221595764,0.5217135423322955,-0.1332059551674511,0.008711092090830388,0.00100000586968496,87.90931078422281,squat_24.mp4,9
177.52464213369765,179.8154825278411,174.33444632328738,174.5951713081261,0.24710331857204437,0.6170358728738907,-0.0461601913770994,0.012821624195230075,0.001494427366805784,87.52464213369765,squat_24.mp4,12
177.99787050249085,179.52563477396632,175.0825094670763,174.33095348130843,0.12394732981920242,0.49966025601897285,-0.11823722337645996,0.008546371071709588,0.004301814700705446,87.99787050249085,squat_24.mp4,15
177.53018336900246,179.019613862783,174.34299728035631,174.48420147721407,0.3703288733959198,0.6164108945866021,-0.24450365799299145,0.008354684284463551,0.0008095939614840163,87.53018336900246,squat_24.mp4,18
177.88918736067745,178.5987663573765,174.14241116047364,174.7125727413001,0.5184347033500671,0.5275706168813251,-0.35016695238921597,0.003980942353301745,0.0032687598408340577,87.88918736067745,squat_24.mp4,21
177.64133368634114,178.72282464706242,174.14445275051824,174.79297101825088,0.6735860705375671,0.5892584527449087,-0.3191921892384353,0.0060695832363111685,0.0037171035466943506,87.64133368634114,squat_24.mp4,24
177.7822973235435,179.18362691134226,174.20738710994698,174.66957296859687,0.17324015498161316,0.5542238772553633,-0.2040648763430799,0.007851335338533168,0.0026495636659172642,87.7822973235435,squat_24.mp4,27
177.94214554223845,179.80217649242806,174.772765214258,174.9387913072215,0.21240448951721191,0.5138734458152945,0.049654983665487505,0.010398660918561653,0.0009495030396761188,87.94214554223845,squat_24.mp4,30
178.03158512709598,179.54672844429413,174.5025651276604,175.0501859903725,0.2987031936645508,0.4918679691865423,-0.1131287186115223,0.008474469841670952,0.0031332659288794665,88.03158512709598,squat_24.mp4,33
178.14923951657528,179.29862863207515,174.5079505641536,174.55111719273938,0.14056187868118286,0.46237326479744084,-0.17528779465864133,0.006431086700575203,0.00024733136923323437,88.14923951657528,squat_24.mp4,36
177.59759285004145,179.78878227826846,174.1306106099017,175.36612008373945,0.2730565071105957,0.6001804884899224,0.052867506044304534,0.012262299744584936,0.007070220493254054,87.59759285004145,squat_24.mp4,39
177.74397338710878,179.07274870158463,173.8846103612088,174.73563674582877,0.2687930166721344,0.5639902413724115,-0.23178278887013856,0.007447943059941886,0.004882254497161735,87.74397338710878,squat_24.mp4,42
177.29897128029305,179.6272714802228,173.59390505952794,175.6370856117493,0.20161904394626617,0.6752035212928904,-0.09327618970656737,0.01304639402203858,0.011701026580109948,87.29897128029305,squat_24.mp4,45
177.71458137210706,179.51908015594904,173.99060921064859,174.91203501938824,0.06184844672679901,0.5710126347119359,-0.12014813841431964,0.010102624574197683,0.005281850533251596,87.71458137210706,squat_24.mp4,48
177.32855592046664,179.96043531735157,173.5132379644438,175.3206046779088,0.10379914194345474,0.6676611555256432,0.009657527381672974,0.014732496446458371,0.01036233583172165,87.32855592046664,squat_24.mp4,51
177.67366906799916,178.89358564376855,174.1837830229133,174.61056598910065,0.20826050639152527,0.5816343016669219,-0.27648967835573673,0.006842560889420497,0.002447189682953528,87.67366906799916,squat_24.mp4,54
178.5865300874786,178.32508742052119,174.45122188398136,175.15099138332675,0.3237801492214203,0.35336648142437466,-0.41877908314770357,0.001465027497747659,0.004003232661518336,88.32508742052119,squat_24.mp4,57
178.28183048595605,178.4188469252357,173.54542078996147,175.86227332816983,0.8066238164901733,0.4295320598398402,-0.3951797238167376,0.0007682432243979207,0.013261600000285402,88.28183048595605,squat_24.mp4,60
179.0825074898225,177.91371519305764,174.24653291371567,175.16515232449655,0.8153969645500183,0.2294005364728419,-0.5215317875815978,0.006547925286050366,0.005258092099321788,87.91371519305764,squat_24.mp4,63
178.7737905727654,178.90032693470263,174.32718638356565,175.81179506041164,0.6256293654441833,0.3056862788587813,-0.2736744217946303,0.0007075511240177942,0.008480110787570412,88.77379057276539,squat_24.mp4,66
178.7971530178623,178.3741788047934,173.6571772195224,175.48668113900746,0.42754343152046204,0.29986118763185754,-0.40531169645797727,0.0023684667574548957,0.010479943299511667,88.37417880479339,squat_24.mp4,69
178.6368511542542,178.11955232804283,174.0468812268411,176.1093682056164,0.4880661964416504,0.3406593654045874,-0.47014117715304005,0.0029000114428894487,0.011780380799247368,88.11955232804283,squat_24.mp4,72
177.15613849712602,178.83718891983725,173.82022443484706,176.27012092155167,0.7643676400184631,0.7107656937024295,-0.29042743702842083,0.009444280514517983,0.013995795766436007,87.15613849712602,squat_24.mp4,75
177.20529662336787,179.7119644650011,172.7009054683737,177.06068486830122,0.6723086833953857,0.6965072051655862,-0.07205760788034382,0.014046212469464213,0.024930006726758526,87.20529662336787,squat_24.mp4,78
178.0657859414878,179.86294388898142,174.89565685596523,174.99899590008067,0.4219992458820343,0.48192571757927133,-0.03361037704660962,0.010041987679194286,0.0005906866155367857,88.0657859414878,squat_24.mp4,81
178.56114533114888,178.74336787974707,174.52485435650374,173.977998236153,0.429104745388031,0.35930659724588404,-0.3137939199896681,0.001019984589394957,0.003138316465890803,88.56114533114888,squat_24.mp4,84
178.36925118419074,179.23153240742545,175.54736938036928,174.23084962066872,0.5141860246658325,0.4071932260379167,-0.19153326160177025,0.0048225913521455655,0.007527740083190529,88.36925118419074,squat_24.mp4,87
178.53513152205673,179.11088543524545,174.68389226487352,174.09631275812396,0.38957124948501587,0.36400208815933,-0.2208125139085391,0.0032196858675345276,0.0033693397634812438,88.53513152205673,squat_24.mp4,90
178.82913908799057,178.39892210075772,174.30866366186723,175.3014709759781,0.6749087572097778,0.291911196717605,-0.39852701716360506,0.0024086404959409954,0.005679511065314554,88.39892210075772,squat_24.mp4,93
178.08173726785006,179.96573597990397,174.16594922848532,176.05295243862136,0.922883152961731,0.4751275108115864,0.00616723060087106,0.010523736950101363,0.010776135731986821,88.08173726785006,squat_24.mp4,96
178.66822024216285,179.86877876663428,173.88666236756592,176.75701273311375,1.1554642915725708,0.33113346932607346,-0.032313748272816634,0.006696985403405886,0.016371893003480967,88.66822024216285,squat_24.mp4,99
179.28700733830158,179.38356201543348,175.52074736872834,177.3393486555719,1.4730980396270752,0.17620009255460803,0.15120963282471703,0.0005384031218724246,0.010307775276002495,89.28700733830158,squat_24.mp4,102
178.87256192013663,177.87670702481108,174.36660521188352,178.65607977199164,1.6743595600128174,0.2760644059239186,0.5222147231357277,0.00558294007592894,0.02430141032043902,87.87670702481108,squat_24.mp4,105
178.34518779993897,178.86116427233958,173.80694607176537,178.5337962302052,1.4752006530761719,0.4090879472500552,0.2804751458610597,0.0028889546303264213,0.02683113015859369,88.34518779993897,squat_24.mp4,108
179.63149518385714,178.8179945154151,174.94301257835218,178.1280012929939,1.7840467691421509,0.08978025362446054,0.29053327373328935,0.00453899749794334,0.01804163236012505,88.81799451541511,squat_24.mp4,111
175.67459665865834,175.63264356572563,173.14336235172368,174.38605151954792,1.3221584558486938,1.0500183307944284,-1.0685010804377588,0.00023883989926264706,0.007151562533838031,85.63264356572563,squat_24.mp4,114
172.23122672908903,155.19558069675676,168.1463358261888,158.84214216607413,1.5107200145721436,1.792479771696697,-4.613114402259806,0.10405773532266703,0.05690838843767954,65.19558069675676,squat_24.mp4,117
148.14866840570258,154.07146054428569,148.62912121855737,159.4670975028283,1.4832544326782227,5.603995577957688,-5.100469706060277,0.03919521945252836,0.07035449074480078,58.14866840570258,squat_24.mp4,120
150.51744339872045,156.44200900277033,150.3688796299284,158.1515857841441,1.5539124011993408,5.550735562148015,-4.587700711608094,0.03860161697383269,0.05045179835166106,60.517443398720445,squat_24.mp4,123
143.17744571318133,144.657715048535,143.35580275666862,151.65891882390386,1.256779670715332,6.094622268678833,-7.327517508809079,0.010285535175315986,0.05628950326783977,53.17744571318133,squat_24.mp4,126
140.76049596720625,119.79959861662698,141.28822254939166,134.09902841993818,0.9327535033226013,7.239756587056544,-11.897155051294588,0.16089107876674694,0.0522115247103734,29.79959861662698,squat_24.mp4,129
123.81483852190412,105.16104039332673,130.04025696077767,121.52678226852804,0.8247160315513611,11.69461352705104,-13.914059718031066,0.16293242953755155,0.06768354644814593,15.16104039332673,squat_24.mp4,132
100.57769425142854,95.16135915568464,105.73060917458338,111.78224714608277,1.2140871286392212,14.299177541706896,-16.275307758962228,0.05534240614190151,0.055643956627352845,5.161359155684636,squat_24.mp4,135
84.14404800175167,80.6910359862596,95.79648641497032,95.57231121075809,1.2361127138137817,17.02575618098694,-16.25607180222782,0.04189656633709371,0.0023428605602744406,9.308964013740393,squat_24.mp4,138
65.80453511485833,58.157461699744786,71.08858747842064,74.15892288808041,1.276788592338562,19.022149318037446,-17.629813291188132,0.1233777062586441,0.042277287946794286,31.842538300255214,squat_24.mp4,141
60.57336181917054,55.60757991411108,66.12670494897282,69.15381556500353,1.0362129211425781,20.946355743669034,-20.07082440249541,0.08548358846082496,0.044753089425287496,34.39242008588892,squat_24.mp4,144
44.94832431656335,41.671567069103475,53.934336412793364,56.1479870703444,0.6569685935974121,26.464955057831634,-22.817841507376603,0.07565830884895541,0.04021809474052605,48.328432930896525,squat_24.mp4,147
40.90528303985735,34.33614176925201,48.64879213623145,45.86971978627564,0.8463361263275146,27.93139179925883,-23.847564132194268,0.17461501525978618,0.05880482655576063,55.66385823074799,squat_24.mp4,150
37.089263525757175,30.838160022710483,44.02780018824114,43.351846284895764,1.3291616439819336,31.921119995122105,-23.371178712736544,0.1840524246760632,0.015471655714541755,59.16183997728952,squat_24.mp4,153
40.756185547596274,28.461159141365865,43.846150093555714,38.570265471772224,1.7921760082244873,31.101974189876202,-24.422482387507465,0.3552585399361919,0.12802994611192534,61.53884085863413,squat_24.mp4,156
38.44522860251101,30.205003495282384,43.340542322749606,40.01466726776194,1.9139947891235352,37.74995131835936,-24.752729022039038,0.24006401305359865,0.07980005260202121,59.794996504717616,squat_24.mp4,159
33.72205338772296,29.92793306643892,41.023635780542286,39.98514849391732,0.8834443092346191,36.843380757517,-29.269660004491225,0.11921826013321803,0.02563888091707549,60.072066933561075,squat_24.mp4,162
29.01827967620926,29.299941036555385,35.6043709734916,41.462444385056656,0.4982478618621826,39.76158928940567,-33.7598253335685,0.009659463437109782,0.15202583328014166,60.98172032379074,squat_24.mp4,165
29.998635715200894,27.268928388178747,36.01106017242133,40.65639514811476,0.5750523209571838,38.37079810936773,-33.40625704784339,0.09533170721543066,0.12118140497221208,62.73107161182125,squat_24.mp4,168
25.96683094837764,22.26286639119887,29.443313527012652,36.60817969011104,0.5788806080818176,40.34705790015291,-33.421768756510424,0.15359684018333486,0.21694789365461037,67.73713360880113,squat_24.mp4,171
30.610470312545488,29.316308170296793,34.312933555556434,37.92861167129384,1.3279409408569336,36.85788231004118,-28.368525147861614,0.04319144712974111,0.10009968929605761,60.68369182970321,squat_24.mp4,174
33.809446338951865,34.86292877359623,42.533433765222924,46.79744511317416,1.16391122341156,35.00272426656787,-25.47747446437736,0.0306814037789664,0.0954655635652188,56.190553661048135,squat_24.mp4,177
45.1829855254613,37.70955476254228,53.80005864127888,51.06053400840019,0.5835272669792175,22.915690297554733,-23.26261468933822,0.18031612342807138,0.05225079438623744,52.29044523745772,squat_24.mp4,180
53.21229620448555,53.8182585498011,60.97081718813233,62.41074781806888,0.21741324663162231,19.506620345480695,-20.27166426708358,0.011323165552242168,0.02334109848362154,36.78770379551445,squat_24.mp4,183
64.08706472536959,59.331708245599465,67.92200027713416,67.74269445189097,0.10487119108438492,15.613189177525102,-18.305829668723234,0.07706050490209769,0.0026433675408525934,30.668291754400535,squat_24.mp4,186
78.74409523996884,59.873765932808055,78.26275564344735,70.41586627054474,1.5298603773117065,14.638150326270207,-17.97916733032653,0.27226403794587944,0.10555504580129743,30.126234067191945,squat_24.mp4,189
90.43954515380493,71.30157158062597,91.31853978957818,79.92667242465093,1.446458339691162,14.681673916726902,-17.287092596472874,0.23664945512404673,0.13304742617476434,18.698428419374025,squat_24.mp4,192
98.51243741303594,89.67755067006479,104.39466647196494,109.00210122117412,1.1402555704116821,15.904446674445238,-19.060089760550056,0.0938932706565649,0.04318186070966726,0.32244932993521047,squat_24.mp4,195
109.60682468541845,99.4181782627199,123.05952987981811,117.39532378348581,1.2004021406173706,16.579334160505983,-17.599391602130396,0.09748734628867788,0.0471124288825011,9.418178262719906,squat_24.mp4,198
116.72034857128132,107.15682354298042,127.71445969728256,130.41837728643333,1.5019254684448242,14.587990671420942,-17.17237066557828,0.08543546390178539,0.020949814992513617,17.15682354298042,squat_24.mp4,201
126.41261588829168,127.06440646535962,138.65256485790104,144.59527159408603,1.5009360313415527,12.86785215385633,-13.193016853781023,0.005142798120443149,0.041961180079074165,36.41261588829168,squat_24.mp4,204
149.03471659911213,140.6238730509133,151.85627439533596,146.61382512565535,1.2056933641433716,6.46523869346485,-8.558211922329104,0.05807418698241323,0.03512880706036623,50.62387305091329,squat_24.mp4,207
164.7429342825694,147.56003471305058,164.5985746254989,152.90268013452106,1.1110074520111084,2.971378650905875,-6.571940268634906,0.11003993733892296,0.0736746347652583,57.560034713050584,squat_24.mp4,210
179.2790924322878,175.2080082610969,175.7639507222704,173.01604227881808,0.9343382120132446,0.17118316891624452,-1.1557185633010745,0.02296887059206257,0.015757259582511406,85.2080082610969,squat_24.mp4,213
179.6505736495245,173.95739506431138,175.45743803200241,171.23551967364642,1.2462875843048096,0.08405769666936513,-1.489066759378001,0.03220051067243012,0.024355374197940927,83.95739506431138,squat_24.mp4,216
175.72185551977913,169.2810869830842,172.78212983618005,170.0963071142531,1.5788100957870483,0.9463126618777522,-2.68229576928834,0.037337470167469446,0.015666326210622597,79.28108698308421,squat_24.mp4,219
179.37724582568663,178.79244437446647,175.80119369491166,175.11139815846366,1.1651849746704102,0.15501900833892757,-0.2979920299218693,0.0032654993832301037,0.003931437927631993,88.79244437446647,squat_24.mp4,222
178.41760973425926,179.09669334528562,173.888009369719,176.09394697987705,1.1008553504943848,0.3954520867808781,-0.22486143953151708,0.00379891716318418,0.012606007653460595,88.41760973425926,squat_24.mp4,225
177.95924034000802,178.35586561963353,172.72756524284134,175.01645962095532,1.206471562385559,0.5101455547765699,-0.41093970602759256,0.002226261379277222,0.013164248495774945,87.95924034000802,squat_24.mp4,228
178.88092401867078,178.3625447278513,172.5316571383479,175.22771217641875,1.2108982801437378,0.2796752890072574,-0.40897258982187906,0.002902106468948805,0.015505290588622952,88.36254472785129,squat_24.mp4,231
179.3242039831046,178.13680363565328,173.30209286131316,174.05188834821425,1.393783450126648,0.16890732368302222,-0.4647696008745912,0.0066435237530451195,0.004317183780593022,88.13680363565328,squat_24.mp4,234
178.37478075595806,179.22924412693374,173.12177034247838,176.0598546882522,1.2066640853881836,0.40587012563341024,-0.1921105990195672,0.004778824126800582,0.01682840181246782,88.37478075595806,squat_24.mp4,237
178.74165609533827,177.9002500298996,173.6377938404398,175.438590453981,1.1481971740722656,0.314106809803827,-0.5241972772476623,0.004718492420479576,0.010317493216741655,87.90025002989961,squat_24.mp4,240
178.771080610594,178.5324621530513,173.98109151540356,175.24914665331318,0.870893657207489,0.30683032457642007,-0.36663538467663187,0.0013356624213520902,0.00726200081962549,88.53246215305131,squat_24.mp4,243
178.48250695994605,178.85636321870183,173.0571692669575,175.84828709562638,0.8139062523841858,0.37935640447795593,-0.2859549690039258,0.0020924466379427117,0.015999278760308912,88.48250695994605,squat_24.mp4,246
177.689286310386,178.86598564923088,173.11715225366626,175.62883328253375,0.7088069319725037,0.576762267606935,-0.2832455625075703,0.006600375489487395,0.014404071347262988,87.689286310386,squat_24.mp4,249
177.665354619989,178.89659639383623,173.44796772162795,175.47926600818218,0.7800496220588684,0.5832954562810038,-0.27558438101551785,0.0069061871035112484,0.01164310543972705,87.66535461998899,squat_24.mp4,252
177.77085391599135,179.86877876663428,174.222057013375,175.6509793035756,0.4247177243232727,0.5573238947946062,-0.03234288679736556,0.011732060202089814,0.008168233283951266,87.77085391599135,squat_24.mp4,255
177.92906259972867,179.34598136775253,174.34694822421068,175.1841524350076,0.8005360960960388,0.5174807805021616,-0.16369344160089744,0.00793180935499558,0.0047904418760903,87.92906259972867,squat_24.mp4,258
177.1834585630981,179.8356754784382,173.93537453343197,176.24167071123853,0.9945019483566284,0.7040322217236334,0.04067754659093508,0.014857561752034988,0.013172172243301314,87.1834585630981,squat_24.mp4,261
176.98350953279714,180.0,172.901484829663,176.08928738582506,0.9079228043556213,0.7542135900478544,0.004872858318170083,0.016899886894779507,0.018268692526882784,86.98350953279714,squat_24.mp4,264
177.7696250491871,179.6272714802228,173.85483726945952,175.33658126074906,0.8755787014961243,0.5575716346804782,-0.09324761834817182,0.010395425640652206,0.008486714808321373,87.76962504918711,squat_24.mp4,267
177.67914423855203,178.9522681020618,174.252634017879,174.12390186791527,0.6594129800796509,0.5801791828122335,-0.2613792077403422,0.007139718036356392,0.0007390403009571558,87.67914423855203,squat_24.mp4,270
177.95924034000802,178.5352651181781,174.43161909710278,173.97832376994302,0.9350647926330566,0.5097819888995919,-0.36609060811647626,0.0032316053647432315,0.0026020803162482855,87.95924034000802,squat_24.mp4,273
177.37013120779514,179.40029534429783,174.13127856445425,175.1808586063763,1.1243308782577515,0.657468097490811,-0.14982324138273065,0.011380787113565655,0.006009410668766692,87.37013120779514,squat_24.mp4,276
177.16848634825334,179.1588357714026,173.81578459101712,175.72927826894838,1.0817763805389404,0.707798152285464,-0.21029968378608413,0.011171466792439242,0.010948480646673241,87.16848634825334,squat_24.mp4,279
177.61854084473856,178.06669679401242,173.13910143294893,175.1903395205766,1.0253729820251465,0.595063509940706,-0.4832425465283267,0.0025199581081800206,0.011777575171438608,87.61854084473856,squat_24.mp4,282
177.83146971585964,177.8001966694169,173.0190200941089,175.60938525962598,1.0361254215240479,0.5419567691265375,-0.5496299833913957,0.00017587323851453066,0.014860321911456283,87.80019666941689,squat_24.mp4,285
178.17865825328465,177.76541691947975,173.06632898955482,175.0750650798139,1.0470699071884155,0.4551058904215782,-0.5584833075358235,0.0023219452865135067,0.011539771624277622,87.76541691947975,squat_24.mp4,288
177.88631499079997,179.26484739471988,173.45740220831829,175.74710878531064,0.8194799423217773,0.5284213111830575,-0.18379402302618814,0.007719601945082712,0.013113843062778381,87.88631499079997,squat_24.mp4,291
178.1030767178476,177.57876518124448,173.36540196524302,174.73210191218803,0.9953442811965942,0.4742887029692025,-0.6052020716959083,0.002948205248846438,0.00785239728364289,87.57876518124448,squat_24.mp4,294
178.09001900784776,179.22620361191224,173.46102985213324,175.46404019233856,0.979568362236023,0.47725265909444814,-0.1930582991656471,0.006359546710385771,0.01148103425156599,88.09001900784776,squat_24.mp4,297
178.7625118537598,178.89606448841425,173.88845843616022,174.63114852718795,1.0540677309036255,0.308412036301063,-0.27473712742125134,0.0007468163409937592,0.004261970208785585,88.7625118537598,squat_24.mp4,300
178.67691793983226,179.92598125278,174.0831459962526,174.68791151590244,0.656074583530426,0.33010783038330516,0.018233286579311933,0.006966275597659521,0.003467979963496648,88.67691793983226,squat_24.mp4,303
178.41649708862812,179.88130593318874,174.25560169126047,174.85867231423674,0.7555445432662964,0.3939460512455609,0.03010332801391539,0.008176488006382944,0.0034548608743896823,88.41649708862812,squat_24.mp4,306
178.2724026283436,179.98021765897056,174.93677872653177,175.13047064564213,0.6999800801277161,0.4310246228504871,-0.0013024647928319359,0.00953413839238532,0.0011065983433625381,88.2724026283436,squat_24.mp4,309
177.89243506177556,179.2104329674224,173.64852767099453,176.4737996730423,1.107973337173462,0.5241202963872791,0.19612822097669727,0.007381614787473979,0.0161387708317819,87.89243506177556,squat_24.mp4,312
178.03466970780318,179.69803532157022,173.07043215067995,176.9338180205036,1.3256404399871826,0.48949744057662675,0.07468761024858292,0.009299488642675054,0.022076222605491802,88.03466970780318,squat_24.mp4,315
178.75274623419372,179.73020459073197,173.69323017990556,174.5687682488581,1.6335819959640503,0.3092105938236318,0.06666113629152681,0.005453304567422046,0.005028042524896041,88.75274623419372,squat_24.mp4,318
178.50642372379957,179.37161553185058,172.8235085952047,177.50746401487842,1.8769851922988892,0.37340414352673684,-0.1568226548501073,0.004835120980602885,0.02674017306992128,88.50642372379957,squat_24.mp4,321
178.5465310201041,177.854698942658,173.407716217518,176.7565901795045,2.464515447616577,0.35984783618945976,-0.5292750736436493,0.0038823214920914104,0.01912744332193307,87.85469894265799,squat_24.mp4,324
177.43150676381475,175.1515166233224,173.92581397093207,173.65822832178307,1.957608938217163,0.6287659426372577,-1.1878883768405502,0.012933068181158055,0.0015396889188811088,85.15151662332241,squat_24.mp4,327
174.14170848205575,173.85091450722987,171.74583414419791,173.4328408905124,1.9976003170013428,1.3898334754397952,-1.4995125700109746,0.0016712651683701203,0.009774686956804928,83.85091450722987,squat_24.mp4,330
172.44290134345647,152.28031628950882,168.48864118404387,155.77752254686277,1.3209924697875977,1.6988688326936467,-5.218995974360069,0.12418320562921635,0.07839929082288996,62.28031628950882,squat_24.mp4,333
144.85641453345093,145.47203300577294,147.76038638717904,149.98228545100721,1.291608452796936,6.420670795478497,-6.741414237125708,0.004240841554039179,0.014924962217278062,54.85641453345093,squat_24.mp4,336
147.53787963516615,129.15804074387546,151.48901912936518,140.59317777330946,0.6361120939254761,5.812903122501147,-11.055844118800017,0.13285225793074523,0.07460804849866519,39.15804074387546,squat_24.mp4,339
131.08859643202504,112.02657663016736,139.13404096133488,130.05683947497738,0.17112360894680023,9.46854609252538,-14.829625079535116,0.15681472745414654,0.06744063150761206,22.026576630167355,squat_24.mp4,342
108.5795354640749,93.39978865316968,125.64772383495168,116.87510616705198,0.4522099792957306,16.49699811802513,-19.64530422159974,0.15030990797942967,0.07234467507926752,3.3997886531696793,squat_24.mp4,345
105.78047501082523,88.40998444469614,118.30279157982666,104.30443699292158,0.5401692390441895,15.809800002139083,-16.20171315115739,0.17890158574044407,0.1257672958479909,1.5900155553038644,squat_24.mp4,348
93.82457504102393,78.79367306586799,102.40063039080488,94.90199858215588,0.7820332646369934,15.002452116020734,-16.53776803988373,0.17415194673796275,0.0760114738225474,11.206326934132008,squat_24.mp4,351
97.49590487945393,81.73323636732573,103.04138285732137,95.78192703444792,1.009274959564209,15.474157766667634,-17.426677684607924,0.17589403600862727,0.07302419245334141,8.26676363267427,squat_24.mp4,354
68.37025509861363,53.025454448051306,73.40922045474001,65.46459325709326,1.602986454963684,18.276005311037544,-16.57325514009128,0.2528063093475923,0.11441505040154018,36.974545551948694,squat_24.mp4,357
49.847892340690485,39.28291738473292,55.442536567429954,48.985541068621544,0.24106593430042267,13.480095041377824,-17.47935543674458,0.23706673345623258,0.12366397323356022,50.71708261526708,squat_24.mp4,360
50.65422792286368,40.14731008834777,54.97988082935603,51.75930085512214,0.25177234411239624,18.580691699936533,-20.548937728713874,0.23142598825184216,0.060344850380321335,49.85268991165223,squat_24.mp4,363
44.3177010395741,34.27845919980141,46.705188044101874,42.335486187872036,0.25850731134414673,23.18934270091962,-21.87427425036359,0.255463926207,0.09815069110653045,55.72154080019859,squat_24.mp4,366
35.10967106783588,32.74597965811454,40.99857183148929,42.40282475374153,0.7017607688903809,34.128960365619825,-23.654752911887034,0.06966822613690979,0.033674566128330426,57.25402034188546,squat_24.mp4,369
35.53530525134469,33.259612442232225,37.8327082858554,41.53360226451576,1.182584524154663,31.693669356108323,-26.826009522343153,0.06615874792521005,0.09326108150917577,56.740387557767775,squat_24.mp4,372
37.98807574959273,31.59121814318671,36.261222086402526,38.18011964886534,0.8977720737457275,24.493405970535612,-22.916930267737733,0.18387244964754818,0.05155462053026662,58.40878185681329,squat_24.mp4,375
33.521950239563516,29.994386889433134,36.29282826411611,39.01613959306456,1.3160117864608765,31.374026760312404,-27.19118970351336,0.1110757801718377,0.0723236928200386,60.00561311056687,squat_24.mp4,378
31.040827597007084,25.875871014023346,34.50088075268968,35.77203658438715,1.5571635961532593,31.739312903776025,-29.55268834514825,0.18149178392377002,0.036177687788316516,64.12412898597665,squat_24.mp4,381
30.05731207155626,25.013576384070287,31.336886830180735,33.98322863725465,1.5608335733413696,34.01678774298317,-28.72638403780553,0.18317248291899166,0.08102685637147158,64.98642361592971,squat_24.mp4,384
36.67019544938983,28.144862295402618,38.28504664571918,36.41641622426089,1.5534604787826538,28.740256153922136,-24.12012474578425,0.2630664370478688,0.05002928589793982,61.85513770459738,squat_24.mp4,387
40.929429655969706,35.11266955266319,48.4940066517854,45.122707581092,0.6894999146461487,22.46320937153237,-24.355475361851333,0.15298788865224147,0.0720234436407815,54.88733044733681,squat_24.mp4,390
63.56466192901002,61.195289995315335,69.60508468805183,68.02440060915781,0.3000965118408203,16.39575800737263,-16.712888329539663,0.03798289270152746,0.022970137183620943,28.804710004684665,squat_24.mp4,393
63.65820719348699,61.82915094167794,69.63396760800322,68.34228204213498,0.7533797025680542,16.99774473023222,-16.157822687960643,0.029151243264503773,0.018723303019809852,28.170849058322062,squat_24.mp4,396
76.52310449457272,68.74662796836766,79.3793772487798,77.11696668241343,0.588036060333252,13.937591469269043,-15.845338488238923,0.1070625848118624,0.028913270553605833,21.25337203163234,squat_24.mp4,399
105.41956370976224,99.63563092635678,118.78667476087544,114.34555467269881,1.0240424871444702,15.293601888235893,-17.317899383299412,0.056413423650830664,0.03809958064542962,9.635630926356782,squat_24.mp4,402
117.9916445855243,114.3307024300518,131.50314782693934,128.19676589620926,0.38645967841148376,15.149487805026846,-15.80345593041739,0.03151605691403461,0.02546309610448951,24.3307024300518,squat_24.mp4,405
122.40482196331642,118.7307884250312,137.02487282392804,137.52140142518613,0.5275583863258362,14.569797047299398,-15.757056658809196,0.0304727579005707,0.003617084971312037,28.730788425031193,squat_24.mp4,408
128.80460353291903,124.6351228702822,147.00630683748855,141.21401791710727,0.7452507615089417,13.28481901583456,-14.143001212857822,0.03290313418349842,0.0401934799380516,34.6351228702822,squat_24.mp4,411
144.57831602522933,135.38867458169926,151.12567954684778,150.22504723621367,1.1170860528945923,8.261027763444087,-11.341902941087719,0.06564803531736531,0.005977303059782978,45.38867458169926,squat_24.mp4,414
168.72203476435493,155.82976570675007,167.90106612159877,156.65383183120147,0.5736383199691772,2.5854396732891964,-5.007486118520839,0.07944660321644198,0.06930867080633599,65.82976570675007,squat_24.mp4,417
175.15822853112434,170.90367763893966,172.42005829500496,168.83653290523537,0.7092416882514954,1.1490460863040284,-2.1796406310024534,0.02458838038124822,0.021001940956896406,80.90367763893966,squat_24.mp4,420
176.01522800258337,168.16440471676503,170.5783569277516,168.97782343223955,0.9251725673675537,0.9722668364773136,-2.942336867842856,0.045620498945793626,0.009427208739450405,78.16440471676503,squat_24.mp4,423
176.0494314748168,173.29600530800673,172.1975212436929,172.33051380089844,1.3520318269729614,0.9741621597461249,-1.668363830189808,0.01576334411101403,0.0007720274908155285,83.29600530800673,squat_24.mp4,426
176.4092036234174,179.79441577220314,172.49844100947126,176.67657187429504,1.1676167249679565,0.8926448260729357,-0.05053441236234776,0.01900717434892724,0.023931442461002164,86.4092036234174,squat_24.mp4,429
176.87575644483073,179.08101577239364,173.08553562799958,175.97805156823628,0.06580448150634766,0.7804404838971714,0.22881725386212143,0.012390601891496775,0.01657300300767606,86.87575644483073,squat_24.mp4,432
177.08784960531239,177.6219129300205,172.98624941324567,173.73584004039864,0.7070025205612183,0.7243688953823322,-0.5921993287274488,0.003011269387630209,0.00432387003859001,87.08784960531239,squat_24.mp4,435
176.77280739390724,178.6677795031671,172.67498501600477,175.13123509540014,0.500278890132904,0.8043521750670316,-0.33214097191619535,0.01066266588068964,0.014124244693545845,86.77280739390724,squat_24.mp4,438
177.77788904233495,177.85963104004688,173.6794730455528,173.0564064994926,0.27476751804351807,0.5555183436746366,-0.5335114061891847,0.0004596927663481337,0.0035938971581351512,87.77788904233495,squat_24.mp4,441
179.23561737467625,178.24598404569738,173.95428143926156,173.2151069324875,0.31982138752937317,0.19112471047809437,-0.43829598643724693,0.005536695175621798,0.004258293107240025,88.24598404569738,squat_24.mp4,444
179.24204420657443,177.6922528060824,174.17886488374396,174.0013509413385,0.18412992358207703,0.18940076725969002,-0.5766848590573656,0.008683902967369286,0.001019667024933049,87.6922528060824,squat_24.mp4,447
179.269386302885,177.97725338194502,175.3296136311378,173.1346145876092,0.3875941336154938,0.1826084756584065,-0.5053770135380073,0.007233842266955604,0.012598131261557677,87.97725338194502,squat_24.mp4,450
178.31937196285455,177.75510544876303,174.06145307771922,174.25024734298705,0.07320642471313477,0.41969545404858977,-0.560537619837235,0.003169373543385022,0.001084053536184954,87.75510544876303,squat_24.mp4,453
178.89571002711747,177.29397548104117,174.60235488536313,173.8711290660329,0.35942330956459045,0.27600507319646084,-0.6759350814327353,0.008993716613613804,0.004196737215347054,87.29397548104117,squat_24.mp4,456
178.23198170258024,178.47812869097186,173.7783308945694,175.3567451331227,0.2491651475429535,0.44185456224957237,-0.3804141522012231,0.0013800953840082944,0.009041854267476198,88.23198170258024,squat_24.mp4,459
177.9929888969334,178.65360667423514,173.7994163218708,174.69780662862394,0.12047868967056274,0.5016634017272088,-0.3364579601115557,0.0037046072246602895,0.005155796072904421,87.99298889693341,squat_24.mp4,462
178.17973307192963,178.85362878589524,173.23554567276048,175.02157291507808,0.14839816093444824,0.4549066679095429,-0.28661132231083114,0.0037749733552012443,0.010256946072257377,88.17973307192963,squat_24.mp4,465
177.63255397335857,179.5674934771063,172.99817383517728,174.38406199076553,0.5997958779335022,0.5905171326062039,-0.10786140745497709,0.010833926353361181,0.007979038722536474,87.63255397335857,squat_24.mp4,468
177.8788281171166,178.6470820564564,174.02876548181214,174.33164496284277,0.33498960733413696,0.5291566939863679,-0.338023881717293,0.00430966680074272,0.0017388857743279576,87.8788281171166,squat_24.mp4,471
177.49852790582315,179.64391729018413,173.41730179856296,176.14603095308183,0.45893457531929016,0.6247281632127636,0.08917574259639673,0.012014194410208212,0.01561221615001343,87.49852790582315,squat_24.mp4,474
177.1830415945661,179.50149913673232,173.73493243988887,175.4625290485824,0.34019696712493896,0.7026914377696578,0.12459720610449741,0.013000045011273876,0.009894668771815123,87.1830415945661,squat_24.mp4,477
177.25169950380453,179.81337368640575,173.48175483044875,175.89353468905745,0.3974878191947937,0.6848448971737142,0.04640202598142071,0.014348500455190738,0.01380624177471511,87.25169950380453,squat_24.mp4,480
178.12497198125715,178.3645777100432,174.7545791156212,174.69788054197033,0.6856794357299805,0.46713903816491953,-0.40880776158954424,0.0013442510670707219,0.0003244994967636995,88.12497198125715,squat_24.mp4,483
177.7144957340818,178.85294619608032,174.02847003487022,176.20914423408902,0.3372538089752197,0.5712419152722583,-0.2866855583427434,0.006385610844534199,0.012452541419747032,87.7144957340818,squat_24.mp4,486
177.8257011671465,179.35836533143882,173.74909340902275,175.85872505909998,0.058460138738155365,0.5435759199190808,-0.1603404426816134,0.008581929083885371,0.01206856104832558,87.82570116714649,squat_24.mp4,489
178.28468035351372,178.92389029507888,173.99367632347995,175.11139815846366,0.11238323152065277,0.427525429207165,-0.26720594531345127,0.0035789171598236075,0.006403354844625856,88.28468035351372,squat_24.mp4,492
178.49091252636669,178.42990086129646,173.78766534239426,174.9644442203566,0.1586732417345047,0.3753809534386978,-0.39042616737238656,0.0003418778775669691,0.006748511883915053,88.42990086129646,squat_24.mp4,495
178.20714027179966,178.99108757777415,173.94478825967406,174.41369841989768,0.023109784349799156,0.4449200827789955,-0.2504209800276047,0.004389424385972236,0.0026921127410623052,88.20714027179966,squat_24.mp4,498
177.8881676856705,179.75291844950826,173.69145839968235,175.86099560149395,0.36218011379241943,0.5249242530638129,0.06121964583327436,0.010428056708970635,0.012413228269336118,87.88816768567051,squat_24.mp4,501
176.70514770121906,178.71123264909002,172.88486752781506,177.29868141665148,0.4421861171722412,0.816471579654816,0.32014140003999203,0.011288646549681826,0.025208573630261397,86.70514770121906,squat_24.mp4,504
177.76857227314738,179.74899003243118,173.31874468963738,176.5184468569995,0.7553210258483887,0.5548995462049285,-0.06255697208875324,0.011078715946217416,0.01829252146243328,87.76857227314738,squat_24.mp4,507
178.69298905994603,179.0752845444014,175.1060711495415,175.03615489364773,0.36949944496154785,0.32576671561581255,-0.22950526368811225,0.002137112274399972,0.00039935917860495186,88.69298905994603,squat_24.mp4,510
176.67657187429504,177.58013982408593,174.24643071551148,174.60478785125642,1.3140838146209717,0.8217315056481395,-0.5962492652192034,0.005101204408853698,0.0020544984031715596,86.67657187429504,squat_24.mp4,513
176.38361204879502,173.08437265667408,174.00782481702694,172.31012056462194,1.0722163915634155,0.8886757401672032,-1.6867647878601228,0.01888149722728696,0.009804310028081863,83.08437265667408,squat_24.mp4,516
176.57634534715916,170.83890713868956,172.1110593022064,171.5572887877352,0.9808614253997803,0.8211723584998758,-2.204256413514982,0.033029282205756356,0.0032227030365117194,80.83890713868956,squat_24.mp4,519
172.24936215378935,155.87025835540734,169.8678502880807,158.2857081049247,0.9302380084991455,1.788410817090746,-5.025261205948024,0.09983617421575632,0.07058977047132856,65.87025835540734,squat_24.mp4,522
151.31903142790614,156.41924791836112,153.88504060158886,158.23082480837715,1.1837272644042969,5.240566099299904,-4.365797926733439,0.03314645484656276,0.027847249617254044,61.31903142790614,squat_24.mp4,525
142.0478986154269,136.4857953183628,147.56539570793237,144.99558363537696,0.8903144001960754,7.68771928980821,-9.446937135840637,0.03993845928303584,0.017567702147591117,46.48579531836279,squat_24.mp4,528
131.5123232575095,118.85382004092295,139.89014702896364,137.0980111342829,0.41390737891197205,10.293662114148226,-14.688127555886881,0.10111992819650394,0.020160687830092422,28.853820040922955,squat_24.mp4,531
113.38363935677029,95.91620843932962,128.9513173508953,117.2814961930891,0.08560590445995331,15.886597592966758,-20.24989339322653,0.16691298251164952,0.09478688879718808,5.916208439329623,squat_24.mp4,534
107.18403725810992,98.77393514819963,123.98260936707732,120.4151945925101,0.5416349172592163,18.593052759001015,-19.494024426722255,0.08166813852021251,0.0291935092441101,8.773935148199627,squat_24.mp4,537
97.76979092877013,92.29006883014637,109.58127742230053,112.84041457186655,0.7652072310447693,17.97722798342717,-19.54275507187862,0.05766311840463926,0.029305928934768515,2.2900688301463674,squat_24.mp4,540
90.6691465393761,73.26468428358311,100.16256875363112,86.5690744144272,0.8420053124427795,18.240623307184993,-17.992535325851925,0.21233521071790226,0.14559390265708508,16.735315716416892,squat_24.mp4,543
70.3001848638212,51.58593844212547,76.93537538824174,62.241721844385786,0.578711211681366,19.235318633361477,-18.485021921552406,0.30707755590389985,0.21115045271128552,38.41406155787453,squat_24.mp4,546
64.15724916629273,54.63127110259949,70.42754491222587,65.26814263171609,0.1207507848739624,18.672292767898224,-19.42417875048593,0.1603854992406679,0.0760437177318406,35.36872889740051,squat_24.mp4,549
53.08824572982073,41.887544498854155,56.900242797243024,48.011169281217605,0.0863424688577652,18.96216891593431,-18.578330398703418,0.2358643440396431,0.16945865735516938,48.112455501145845,squat_24.mp4,552
45.284939818619165,39.43422334196307,52.58039735562193,47.55236103157906,0.736943781375885,24.598820364043714,-20.37875444953559,0.1381202613053735,0.1004274006834023,50.56577665803693,squat_24.mp4,555
43.34098517207564,37.64195603010972,48.07426401373003,47.81561861342411,1.1167685985565186,28.407027208728074,-22.021972451233392,0.14074641047520098,0.005394633786582189,52.35804396989028,squat_24.mp4,558
38.74293615597068,33.22578461414014,41.955094025065875,44.435198309954764,1.0618019104003906,29.17648291402708,-24.840656729051968,0.15332081723264032,0.05741627254300912,56.77421538585986,squat_24.mp4,561
35.42432951506405,29.654258711039066,41.108907683163395,40.978531376422765,1.086161494255066,34.599235472698396,-28.489118284618392,0.17732624389385881,0.0031765226990694883,60.34574128896094,squat_24.mp4,564
36.01338934095377,29.118942246198376,37.491159886937275,38.19137232250812,1.1789522171020508,27.30012548131098,-26.299398352884147,0.21170582801968593,0.018503937834243315,60.88105775380163,squat_24.mp4,567
33.10024298837584,23.784999412030892,32.34941003955905,31.84423817756288,1.5345383882522583,27.629246994320035,-24.588746070868435,0.32751002485939457,0.01573899835969835,66.21500058796912,squat_24.mp4,570
38.371342938344185,27.376068986017685,39.07578982980806,36.0636641518949,1.6528416872024536,25.830681702405318,-22.66913522263854,0.334470167889676,0.08017427644993634,62.623931013982315,squat_24.mp4,573
41.16774842336304,31.289949905477158,44.70569630278262,41.06219071087368,1.8430218696594238,24.460488421004946,-20.980525745351883,0.27265007709896405,0.08496199961948014,58.71005009452284,squat_24.mp4,576
52.82161406492692,45.390116060349605,61.24424250227268,54.75032834616911,0.2523784041404724,18.018803919529056,-20.479603246450306,0.15133626085393007,0.11196927767573701,44.609883939650395,squat_24.mp4,579
59.45805577019607,51.660618316621196,65.74820923758571,59.95256124535759,0.6342029571533203,15.157561501821364,-16.863139526844417,0.14034432137810998,0.09221340442005559,38.339381683378804,squat_24.mp4,582
85.595613025618,57.57578034437963,89.27461362504431,65.45515892743578,1.1095463037490845,13.155401026022691,-15.341760383634002,0.3914166373840723,0.30788456939700637,32.42421965562037,squat_24.mp4,585
113.63206852779703,105.4075280338524,119.48976753714476,116.75718140105786,1.0789332389831543,12.684170838602576,-14.072614000660211,0.07509638095621497,0.023133303082798186,15.407528033852401,squat_24.mp4,588
115.06948018655908,108.39779170665649,128.73710818180678,125.11147428266013,0.5235967636108398,14.613442552354407,-16.664674343718204,0.05971065403340735,0.02856532712491437,18.39779170665649,squat_24.mp4,591
132.09377193512415,130.51037450804935,141.5734719506672,141.51004541367328,0.5725829005241394,12.110927612086725,-12.593389676792633,0.012059195930612932,0.00044811183345784924,40.51037450804935,squat_24.mp4,594
148.2434590411821,145.0435191255951,146.28971008780513,145.9571792083243,0.5744436383247375,7.624982960989901,-8.215057663158765,0.02182122053688548,0.002275684646510501,55.04351912559511,squat_24.mp4,597
142.73248761146723,149.40598546578616,150.14255789391092,152.30423127946978,0.9421954154968262,9.145700360188425,-7.4961527614226835,0.04568722348702205,0.01429456990743357,52.732487611467235,squat_24.mp4,600
150.559347448518,147.53493385268357,154.1052531994472,152.21957127255857,1.0140777826309204,6.289274974797843,-7.335911746586158,0.020291657945483977,0.0123116494403538,57.534933852683565,squat_24.mp4,603
166.12694959063705,158.08740248412073,164.0309652346662,161.73226157425142,0.6624214053153992,2.948989495373776,-5.219284367263112,0.049594023553050814,0.014112726491152632,68.08740248412073,squat_24.mp4,606
173.57489487261398,162.19662111355072,171.46739737691928,166.87946085283374,1.083764910697937,1.5756629172478205,-4.475492874335472,0.06777390706084847,0.027119722926288357,72.19662111355072,squat_24.mp4,609
161.19074969089993,150.4944209956272,164.39737874466246,159.90056533068037,0.9126513004302979,4.708786240869236,-7.494015984129532,0.06863546746040361,0.02773260513139343,60.494420995627195,squat_24.mp4,612
158.22778624588983,150.69523028121682,165.56845070244214,164.32995884651018,0.6987283825874329,5.487008038027467,-7.117795697024237,0.048766557114154424,0.0075083226840969635,60.69523028121682,squat_24.mp4,615
148.33223230950105,142.0962189849845,160.76463755569688,163.26496632396191,0.7854934930801392,8.064913557630351,-9.123105333651223,0.04294354287069098,0.015432718111729268,52.09621898498449,squat_24.mp4,618
174.4747941807925,176.54203358670495,173.96876038483916,172.51082421309837,0.5368485450744629,1.3760689263945596,-0.864420000418391,0.011778577221270625,0.008415711843066335,84.47479418079249,squat_24.mp4,621
177.2343045765057,176.81986125220155,172.73039849836377,174.0678931739871,0.541513204574585,0.691006147757743,-0.7949513797446056,0.002341129489800542,0.007713386759626689,86.81986125220155,squat_24.mp4,624
177.61681552583335,177.94585799081375,172.4119849817754,175.0155948119142,0.5547258257865906,0.5949362118272205,-0.5120231787165359,0.0018508268133212713,0.014987928314067093,87.61681552583335,squat_24.mp4,627
178.62669645432706,177.99103957468236,174.40679144364478,173.91871784811983,0.48310452699661255,0.3432194806761547,-0.5020630533819003,0.003564920167588026,0.002802399379346814,87.99103957468236,squat_24.mp4,630
178.67175141802076,178.34779156278674,173.6321257640563,174.65778560897144,0.5177730917930603,0.33194197914165413,-0.4127933923134274,0.0018148018034488264,0.005889690234619692,88.34779156278674,squat_24.mp4,633
178.4951979330731,178.02443951536452,173.3553891705738,174.46228769728327,0.5465868711471558,0.37611982020118834,-0.49391581349106145,0.002640855471960648,0.006364820423603742,88.02443951536452,squat_24.mp4,636
178.6528801564376,178.8606489061854,174.52138359011576,174.70061605844558,0.693583607673645,0.336546253535436,-0.2845934835474124,0.0011622986704450352,0.0010264672243454588,88.65288015643759,squat_24.mp4,639
178.80482365640424,178.1472314929133,173.76963970275062,174.4519989538746,0.5379199385643005,0.2987596934823251,-0.4630951985102783,0.0036844845351337342,0.0039191088397401135,88.1472314929133,squat_24.mp4,642
178.55260238742312,179.77185876422757,173.66850115967523,174.4850187140069,0.627921462059021,0.36111973041631534,-0.05674628161019282,0.006805320367388686,0.0046905603862797815,88.55260238742312,squat_24.mp4,645
177.7519689875612,176.20635593527427,179.92598125278,178.5823827673139,0.19741414487361908,0.5619905983041702,0.9483318942646725,0.008733305270465891,0.007495493105933684,86.20635593527427,squat_25.mp4,0
179.8011898344093,176.93330729375074,175.27959193151872,179.13339875360506,0.8070321679115295,0.04965430914506719,0.76472071393941,0.016078526544228536,0.021747548331320813,86.93330729375074,squat_25.mp4,3
179.26192532709885,175.26691024550925,176.32997500481918,177.9597199037639,0.2992991507053375,0.18427184924998233,1.183701177059665,0.022537038913278542,0.009200069448055737,85.26691024550925,squat_25.mp4,6
177.52582849716407,176.63896474545732,178.67899020534733,176.512378578052,1.078316569328308,0.6178634747261921,0.8398223951047704,0.005008198266049598,0.012199686240780074,86.63896474545732,squat_25.mp4,9
174.8396526578686,172.47138914532007,176.7865466449839,171.76727086557585,2.299466609954834,1.2894865778757179,1.883059224363276,0.01363770930087829,0.02880057843151286,82.47138914532007,squat_25.mp4,12
169.51151321772002,168.42787734076754,173.77225208797736,167.9285185304492,2.6382896900177,2.627395848524366,2.8908846628226907,0.006413196609969851,0.034203806722190866,78.42787734076754,squat_25.mp4,15
162.86095088444577,164.10946812470533,163.72675764328267,164.80788007376879,4.612677574157715,4.30270673334948,3.987234283897751,0.007636881917593998,0.006581482171856892,72.86095088444577,squat_25.mp4,18
158.7496858855219,154.00963175214605,162.09270296832042,158.7010908741177,4.407370090484619,5.349761770789444,6.568068849796483,0.030311193726718692,0.02114512287521713,64.00963175214605,squat_25.mp4,21
155.14098206116856,151.71222861559824,158.3718252653399,155.57286990401582,4.902277946472168,6.264441534754963,7.15734344306536,0.022347841419082328,0.017830881708730317,61.712228615598235,squat_25.mp4,24
142.89780421043125,140.51875057371592,150.10752311285322,149.78896237208755,5.537909507751465,9.476856569317324,10.136290488753048,0.01678838865659938,0.0021244713171649247,50.51875057371592,squat_25.mp4,27
148.0363523021742,130.56369140689833,146.1139545468384,143.24212237888455,5.129591941833496,7.915512024749947,12.885891618514153,0.1254318604021589,0.019849814100783743,40.56369140689833,squat_25.mp4,30
137.89736167098206,125.59917338964982,150.89052634549503,141.7189331952844,2.963228464126587,10.503738555590257,14.214827560073406,0.09334611006176888,0.06268828878331217,35.59917338964982,squat_25.mp4,33
140.19875892431872,120.74797122862836,148.83563131769682,139.4502585408724,1.679914116859436,10.059958506127012,15.658919157540744,0.14907860837566192,0.06511156533834392,30.74797122862836,squat_25.mp4,36
147.0833121039534,134.36216039620078,162.44627884951956,157.47985375718775,2.2451703548431396,8.244694281353112,11.849936405560005,0.09039869495676933,0.031047323654783437,44.36216039620078,squat_25.mp4,39
117.49969883685289,131.88171365480764,137.99368570388245,138.9339881852006,0.06364930421113968,14.529540501370757,9.736146186396955,0.11534151382221158,0.006790960745185563,27.499698836852886,squat_25.mp4,42
109.97006439808777,147.61354634215243,138.12348449168363,162.95977765236142,0.9558522701263428,15.907405709052027,-7.1519198068298255,0.2922816543792157,0.16497956733838995,19.97006439808777,squat_25.mp4,45
136.3784241116139,93.83617727507611,162.88437559547643,123.16013681827785,3.8355143070220947,8.953616981863041,-23.41617577741786,0.36958773753086016,0.2777486513689082,3.8361772750761105,squat_25.mp4,48
106.89925405349922,115.02685333372975,130.24511145983362,144.5553426738834,3.152916431427002,11.57236076481499,-17.367131483956115,0.07324599503788025,0.10414998227831494,16.89925405349922,squat_25.mp4,51
86.35389836949786,137.30308249731996,107.57012021097712,145.72839929690645,0.4470842182636261,15.284229773843256,8.478499086428162,0.45560110782467445,0.301290976039374,3.6461016305021445,squat_25.mp4,54
77.6133873913219,143.25250985465095,94.4941427664935,176.12955304717826,0.17554974555969238,14.883836766347383,-8.1497353427796,0.5943798773988942,0.6033130989157128,12.386612608678107,squat_25.mp4,57
51.497349078358646,173.42833347338666,73.12747574907169,175.81530360630157,1.7130191326141357,9.904569361791571,-1.63030703314832,1.0841890798039675,0.824991414678792,38.502650921641354,squat_25.mp4,60
35.614998780857924,53.234701744870485,48.77242683224982,64.87882031422593,2.3001019954681396,28.786934231619796,27.498511265685934,0.3966181733816961,0.28343540236242026,54.385001219142076,squat_25.mp4,63
44.11157531868223,51.869351337473454,59.89559446523053,70.3634269881197,2.893176317214966,31.780143333860657,36.74240740123135,0.1616524509412764,0.16072334040430394,45.88842468131777,squat_25.mp4,66
34.73867550794825,54.8639577491875,46.83053585560457,69.12607132070839,2.4326977729797363,31.310312692126388,32.549320557571065,0.4492118481269414,0.38454963469573195,55.26132449205175,squat_25.mp4,69
52.61905304360198,86.1311210144272,67.19420297583054,102.30826201847391,1.7930752038955688,25.153678112490738,23.654987342185212,0.4830562296348476,0.4143191551087268,37.38094695639802,squat_25.mp4,72
53.56983483361198,74.22285378136739,69.22529150463315,90.68763155432805,2.760667085647583,27.094840652989372,28.165639169464733,0.32322692591561214,0.2684253359784007,36.43016516638802,squat_25.mp4,75
28.347849916067318,50.487144790863205,40.820862662755395,59.87793145296987,3.6932406425476074,30.58447821127308,31.443789518688437,0.5616616061711889,0.37849646478017746,61.65215008393268,squat_25.mp4,78
121.78639835406328,123.05194703150873,140.58580291210467,159.35668514139917,2.31208872795105,8.543644910041593,-14.169608951547708,0.010337830664983972,0.1251632094613161,31.78639835406328,squat_25.mp4,81
106.0440640876516,168.84694479549248,128.79535303723634,167.9616476207437,4.720925331115723,10.208502188271629,-2.2156795006064294,0.4569293187362001,0.26396205984469767,16.044064087651606,squat_25.mp4,84
129.58905785894504,144.94806212128805,145.64463345570087,149.23323902185382,0.7259631752967834,12.364971849943998,8.032610385401359,0.11189018274431425,0.024339605654378864,39.58905785894504,squat_25.mp4,87
142.26225280211528,130.25523283689233,152.35660805823014,144.9570420978566,2.8939361572265625,9.52638288995644,12.910989024703888,0.08811926278468708,0.04977616033766924,40.25523283689233,squat_25.mp4,90
146.86534085501103,144.92458687875433,156.0175252231155,152.7220538772842,3.9021313190460205,8.423467433747428,8.947330417032278,0.013302405544494886,0.02134790333933606,54.924586878754326,squat_25.mp4,93
164.22251554706318,159.37990734924497,168.35579658721505,162.9097720176231,2.9673595428466797,3.9587450030702933,5.179932329735765,0.029929369220884506,0.03288011242779309,69.37990734924497,squat_25.mp4,96
177.20333611941697,174.61311178249667,175.09331785214746,171.56166285803474,3.6043179035186768,0.6992479285667852,1.345974423330633,0.01472486208286916,0.02037561951008191,84.61311178249667,squat_25.mp4,99
179.8764592965494,177.25590494792718,179.98021765897056,173.57059327181645,2.8602514266967773,0.03095074376913437,0.6860168281776085,0.014675535521212571,0.0362585755087344,87.25590494792718,squat_25.mp4,102
177.67064220046382,177.18505751418652,179.68348214262687,175.0323279211937,1.827181100845337,0.5820687172501966,0.7037964464695614,0.0027368008273096064,0.026224679529205774,87.18505751418652,squat_25.mp4,105
179.50583575028315,178.2118401631257,178.37490117293996,176.30011232450687,1.455646276473999,-0.12348232693015057,0.44680443849035256,0.007234731042313381,0.011699661771905581,88.21184016312569,squat_25.mp4,108
179.654515744893,177.82102546072022,177.9335090875264,174.5129483917449,2.829089403152466,0.08630023617250385,0.5445952041131431,0.010257990115850634,0.019410384886519482,87.82102546072022,squat_25.mp4,111
179.13091851015062,177.78636069173663,179.06079693648945,175.10763260520517,2.584669589996338,0.21694571805546917,0.5533700406089134,0.007534282573377184,0.022323640401262227,87.78636069173663,squat_25.mp4,114
179.6596512371345,178.97587996907532,178.93467299231477,177.3238706332091,1.4736305475234985,0.08493072506793647,0.25549618764424425,0.0038131819552816777,0.009042884095988638,88.97587996907532,squat_25.mp4,117
178.79552726870637,177.68937101458147,179.14270650679546,175.94449737228035,1.8978561162948608,0.30111670574380406,0.577239594531831,0.006205908073255144,0.01801365467173666,87.68937101458147,squat_25.mp4,120
179.75212778529462,178.07257705395574,178.4417865066686,177.18623993112098,0.6687816381454468,0.062104221927394766,0.4817527755330976,0.009387561611171604,0.007061010281579966,88.07257705395574,squat_25.mp4,123
179.80617334277946,178.1164326959766,179.78420001027308,176.94687039109442,1.2850924730300903,0.048053557428419255,0.4703195982781529,0.009441933078794583,0.015907387130514348,88.11643269597661,squat_25.mp4,126
179.81442511154538,178.5044596716342,178.98625037159738,177.5876737848478,1.0025627613067627,0.04634671378516861,0.37388163454492396,0.007311729833630362,0.007844525311592696,88.50445967163421,squat_25.mp4,129
179.42392711014315,177.2869679456552,178.6997439743225,177.38678160857316,0.8576962351799011,-0.14402193028346952,0.6783346173546971,0.011981462826660728,0.007374400722409192,87.28696794565519,squat_25.mp4,132
178.1083457212606,177.98841098481347,178.0282075848192,177.45278023004693,1.12907075881958,-0.4727755267580869,0.5028665345125466,0.0006736075754047398,0.0032374578359839305,87.98841098481347,squat_25.mp4,135
178.62427616726953,175.4287672255156,178.8868851739201,176.16283465710174,1.3406754732131958,0.3436085002967205,1.1429237887683006,0.0180510180685488,0.01534461437183955,85.4287672255156,squat_25.mp4,138
178.92098474414792,174.7403287060965,178.77410978563384,175.00009294722415,1.0809876918792725,0.2696451373240892,1.3148968978631628,0.02364214506396428,0.021335737932590464,84.7403287060965,squat_25.mp4,141
178.46353963488895,174.8943519365803,179.2829025148512,174.03845765216695,1.8994953632354736,0.38405955265997954,1.2765384844530914,0.020201545138474677,0.029686542926276246,84.8943519365803,squat_25.mp4,144
176.914406330629,172.13795218824632,174.80310329915423,169.0356150663645,3.834190845489502,0.7713782071535751,1.966190333495557,0.027368124155645178,0.03354763687001989,82.13795218824632,squat_25.mp4,147
170.0780958311223,165.7442389682112,170.69322915634535,165.7197956975915,4.117435455322266,2.4848818165976216,3.574498250728692,0.025810414697406962,0.029567425107355466,75.74423896821119,squat_25.mp4,150
166.10803312012868,161.89532064959383,166.66238808320168,161.54908966413248,5.0669708251953125,3.4807472815676834,4.546648928656231,0.025687008514506983,0.031158559439566875,71.89532064959383,squat_25.mp4,153
160.4803674131356,155.98026392995405,160.3078358808165,155.87660807659407,5.7549285888671875,4.893158948999885,6.045047160143706,0.028440210487368906,0.0280293853091603,65.98026392995405,squat_25.mp4,156
152.35266301434135,144.55787499830464,153.94486041260953,150.43858726653838,6.471768856048584,6.974598938516371,9.021262277239245,0.0525059707763199,0.023038527047417712,54.55787499830464,squat_25.mp4,159
143.73914744697228,137.74425871293775,150.89204972456304,145.89216663005166,5.965436935424805,9.213054226170872,10.864997369600987,0.04259497080711643,0.033693726411226865,47.74425871293775,squat_25.mp4,162
140.86085968456706,128.3061200730328,150.29872801380347,143.49792062250805,4.379031181335449,10.009469249714787,13.519874514746457,0.0932858824127724,0.04629601748598628,38.30612007303279,squat_25.mp4,165
129.18396018470094,120.655102924442,142.60401658126676,138.8223901259182,3.9970943927764893,12.888210411281918,15.722899127132347,0.06827480982453953,0.026874709446034553,30.655102924442005,squat_25.mp4,168
147.02703346528207,128.13334916474565,162.42354467316318,151.2923870147041,2.106417179107666,8.035426789352911,13.419337532972268,0.13732852178752997,0.07096329216416115,38.13334916474565,squat_25.mp4,171
128.17660990038763,150.93370758939352,146.0083895760408,157.5421905846909,0.28700268268585205,11.998861419813533,6.918179403291707,0.16306883882813883,0.07599261383419456,38.17660990038763,squat_25.mp4,174
104.76058273697902,139.37672797332993,128.33498858699505,149.228252379739,0.842625081539154,16.361381822719498,8.86764736936659,0.2835793114590839,0.15054777224804056,14.760582736979018,squat_25.mp4,177
117.07873065844615,127.08391625611462,142.8406178447242,151.65624999383493,3.225165605545044,10.63352356515851,-13.962601121024248,0.08195508792276128,0.05986910634270923,27.078730658446148,squat_25.mp4,180
110.53515178493875,141.92794308637326,131.28734780109434,157.84819940452792,1.9144033193588257,11.259419193102358,-9.406050870602211,0.24869212125785242,0.18372595040722892,20.535151784938748,squat_25.mp4,183
81.77469479391354,130.03372231857801,99.27580111781238,142.18880000694293,0.5574677586555481,16.175529957454497,11.710562009166198,0.45568564443814413,0.3554392543605933,8.22530520608646,squat_25.mp4,186
80.63395015661418,111.23092979582371,98.97973239754423,121.62186006231777,1.0770509243011475,12.041065446361667,10.42130300038914,0.3189429941195526,0.20527619417700468,9.366049843385824,squat_25.mp4,189
54.99667621211116,133.83847794517723,77.49029774733394,143.32555596558387,1.6348074674606323,16.86265251566137,8.53514118584994,0.8350330962993845,0.5962910462383937,35.00332378788884,squat_25.mp4,192
53.29597550569501,80.74815574571086,67.97385623787424,90.82710417693627,2.6409316062927246,26.018515192306918,21.542853940053632,0.4095991369965767,0.2878225406114185,36.70402449430499,squat_25.mp4,195
38.38895535851598,41.20084741939568,51.457574275904484,56.35795737403637,4.999203681945801,43.03336809468594,43.21113884872253,0.07065960619920211,0.09090310130905098,51.61104464148402,squat_25.mp4,198
40.782789106617855,53.59409295721871,54.96608084923091,69.47685855900872,2.938361644744873,30.37837700241177,30.851543607311818,0.2714924157366268,0.23321174795099733,49.217210893382145,squat_25.mp4,201
40.88075941567822,44.92043963841993,57.570427546147855,61.36066070940247,2.379387617111206,35.86516011385849,37.04521977099284,0.09416372422009317,0.0637383079369532,49.11924058432178,squat_25.mp4,204
32.74314476693204,39.839627206919545,44.832291209197905,56.60099517568309,4.035618782043457,38.01930070028811,40.809601865724666,0.19554178621185916,0.23204816458040645,57.25685523306796,squat_25.mp4,207
33.62348387147712,40.18704043802515,47.23371458933282,56.991711933307826,4.093556880950928,41.76033988715042,43.6519922231839,0.17784879942122417,0.18724792345858712,56.37651612852288,squat_25.mp4,210
56.22130079198765,154.8471562663331,73.5028397257682,161.02864310522457,2.6327712535858154,11.922620275105036,4.463042562880544,0.9345390291747281,0.7463885216854139,33.77869920801235,squat_25.mp4,213
114.48456066388617,129.70332618931548,133.63148641626248,139.13248556587928,0.8428011536598206,13.532788216126098,10.413379383135831,0.12464799725777033,0.04033523276290287,24.48456066388617,squat_25.mp4,216
137.83913320080384,129.06065943436354,149.22577601844952,145.56935057856126,0.5692251324653625,9.98535249680113,12.970215615551162,0.06578104598559831,0.024806552822609265,39.060659434363544,squat_25.mp4,219
135.29059484803562,126.40544028824146,147.19139266662805,142.2753337375169,3.3960459232330322,11.362943010018533,14.00497280645202,0.06790438804445205,0.03396631447199567,36.405440288241465,squat_25.mp4,222
149.756746761393,141.4321720922634,155.95552588984643,149.21578562567473,5.193176746368408,7.620266994991899,9.853533246522852,0.05717645233136994,0.0441702087309666,51.432172092263386,squat_25.mp4,225
164.2797396443985,153.3042585500822,169.06787392478464,160.6914006664249,2.451404571533203,3.9465376416254636,6.594418418192562,0.0691186026796927,0.050803564319722286,63.30425855008221,squat_25.mp4,228
173.22332137215253,169.66242580689578,177.7523172672287,171.9922425340214,0.6960099935531616,1.6954262871549,2.5890996429470667,0.02077015795816857,0.03293875242251434,79.66242580689578,squat_25.mp4,231
179.7375573611974,179.29834969783008,179.1891585394864,177.2833628688723,0.5444505214691162,-0.06562145638054641,0.1751792514673528,0.0024465946426639974,0.01069252498388743,89.29834969783008,squat_25.mp4,234
177.28718440249582,177.7287558436908,178.8486891773302,175.76862291333316,0.9175995588302612,0.6782372017391703,0.5677008026935823,0.0024876147301373113,0.017371212058646248,87.28718440249582,squat_25.mp4,237
178.008259058543,176.0551856599444,178.24620720617486,177.27825185823824,0.13759975135326385,0.49767233458338267,0.985179055751268,0.011032335745089114,0.0054452250654363635,86.05518565994441,squat_25.mp4,240
178.03556613807964,175.9880943605183,178.04505351685356,176.89209090349976,0.20521505177021027,0.49076791881359216,1.0032621993256663,0.011566864060315903,0.006496714313948136,85.98809436051829,squat_25.mp4,243
179.18219003090474,177.05316874756983,178.1708312038324,177.05443118000198,0.19797830283641815,0.2043056799721074,0.7368216673900344,0.011952891429055711,0.006285589129210612,87.05316874756983,squat_25.mp4,246
178.59263492657968,175.19270247618246,179.96573597990397,175.67224271121694,0.5801460146903992,0.351811751364944,1.2022028120904897,0.01922031294658551,0.024145302391430017,85.19270247618246,squat_25.mp4,249
177.74562233009564,177.0865055150212,178.45325732567716,177.2154712981789,0.3205192983150482,0.5632230690060294,0.7284223429953637,0.0037150909590810415,0.006960330936528877,87.0865055150212,squat_25.mp4,252
175.53357809083485,174.9343027989487,179.36634396434403,177.6591590566869,0.08223181217908859,1.1146767216018094,1.266761859230116,0.0034198585637273886,0.009563377927971569,84.93430279894869,squat_25.mp4,255
174.84827890226043,174.68868621545178,179.93438939407156,177.59474303479294,0.10137971490621567,1.2854523639932856,1.3280821938228309,0.0009131662898938623,0.013087864160239437,84.68868621545178,squat_25.mp4,258
175.454075907194,174.5715110894924,180.0,177.3972139596496,0.20462219417095184,1.134988974658535,1.3577964633296593,0.005042858867971704,0.014565228483534018,84.57151108949239,squat_25.mp4,261
176.21131432758057,177.8311989725551,178.81073249471956,179.07910140024143,1.1068216562271118,0.9465535329958845,0.542213517070896,0.009150791693771983,0.0014997291350870442,86.21131432758057,squat_25.mp4,264
177.34221938520852,175.40223409008428,178.33904967259795,177.7606048207859,0.3363645076751709,0.6636164376008975,1.1495308181815096,0.010999380860627066,0.003248780752876652,85.40223409008428,squat_25.mp4,267
177.88344651723938,176.71723199059485,179.3970413313975,177.35543524343177,0.20718777179718018,0.5290118774601937,0.8208488885776647,0.00657762151810862,0.011445504780048823,86.71723199059485,squat_25.mp4,270
176.94373018113163,175.52127213863247,179.7482117038317,175.96410150386018,0.7689170241355896,0.7639238214267229,1.1186322259029222,0.008071485300028018,0.02127623958725368,85.52127213863247,squat_25.mp4,273
176.40114252785,171.15368887927815,177.9028614880026,173.06310475181914,2.0946433544158936,0.8991388659626842,2.212916185478239,0.03019640744067197,0.027579635644080443,81.15368887927815,squat_25.mp4,276
174.0552507462893,170.45296805281703,172.10981531546628,168.19875396361758,4.000131130218506,1.4860717135690231,2.386563833836526,0.02091260815796599,0.022985382708016835,80.45296805281703,squat_25.mp4,279
170.81322411350178,165.1760103473498,170.12488107730596,164.22918628960304,3.983410596847534,2.296514929918401,3.7150176431877533,0.0335559189876889,0.03526617656625174,75.1760103473498,squat_25.mp4,282
161.56870599446336,158.68473750800945,164.44621060599331,161.7781849033869,3.5917654037475586,4.629542928078826,5.3649641554326974,0.018010538496718093,0.016356996836122344,68.68473750800945,squat_25.mp4,285
148.15266798692247,144.89618404299205,152.14831772618206,151.89452653865354,6.757781982421875,8.101424067365096,8.951409644805347,0.022224853783750678,0.0016694435821515755,54.89618404299205,squat_25.mp4,288
146.83653090529626,140.2396534594676,152.79679793017218,149.39009977037176,5.043034076690674,8.418967352053283,10.18884358326492,0.045959071529573826,0.022546961405165395,50.239653459467604,squat_25.mp4,291
149.89918792528047,129.95727112207445,151.15824967476377,144.66632956486993,3.745507001876831,7.393405675479271,12.9787682578447,0.14251532282720425,0.04389033613488241,39.957271122074445,squat_25.mp4,294
132.48204028453773,122.2102217866268,142.7007134103468,142.29169033778822,2.3652803897857666,11.928782552227357,15.267331146534042,0.08066062482134491,0.0028704138579079236,32.2102217866268,squat_25.mp4,297
132.52869815119087,137.687408830323,146.43665261688523,145.58215757329617,0.25316283106803894,11.47699427478073,9.691936272272006,0.03818211087975631,0.005852328780002577,42.528698151190866,squat_25.mp4,300
116.27565626945183,121.78694475939166,137.97520028698858,137.15738670127007,0.15828561782836914,15.423897650756096,14.350631848295729,0.04630117007981515,0.005944868942430375,26.27565626945183,squat_25.mp4,303
112.18479491061247,165.21728516684183,138.1704148736079,166.91947884726014,1.7169134616851807,14.597887706551449,2.583901486958469,0.38235106414070147,0.18846290595227144,22.184794910612467,squat_25.mp4,306
118.32699796551921,89.49261175197807,144.22252473687095,127.3761421817817,2.930198907852173,13.407472742762073,-25.48538020054627,0.2774943736323785,0.12405349957137278,0.5073882480219254,squat_25.mp4,309
130.70799716789966,74.05999808114596,153.41351250512173,116.94178572257844,2.263432741165161,9.302700804716258,-30.869916542196503,0.5532895804137412,0.26980589632703156,15.940001918854037,squat_25.mp4,312
48.64144448687825,125.50190482208176,66.08789083918688,140.9432250948602,0.02501733787357807,19.337402130155404,13.745843629764428,0.8827263359778378,0.723131244479401,41.35855551312175,squat_25.mp4,315
42.488064501939945,54.274507084638856,60.62750950150561,69.64191055595646,2.475919008255005,34.251937534999364,32.45308189364109,0.2436157367345892,0.1383962721331619,47.511935498060055,squat_25.mp4,318
39.07571398063318,48.40999827959213,53.25881396287071,61.62192553787231,3.53877592086792,34.0506211843435,33.90578941786882,0.213389913799735,0.14559640913431804,50.92428601936682,squat_25.mp4,321
39.69891748141787,53.095143421428176,55.06409408563166,71.29269487660095,3.494624376296997,37.64414215479199,37.185145404468656,0.28873024436415057,0.2568694713478345,50.30108251858213,squat_25.mp4,324
41.06459258177028,53.04404725725694,58.78644040874157,71.38557799695543,2.5021462440490723,35.570854391637994,36.70356057940387,0.2545877763397179,0.1935767416457677,48.93540741822972,squat_25.mp4,327
50.08452912177219,58.6855399187828,63.7434176465958,74.61642257154934,1.7794088125228882,30.15159280583311,32.40898903470982,0.15815032339096366,0.1571699549205984,39.91547087822781,squat_25.mp4,330
51.86746707475697,68.57441772052402,67.48381074035748,82.43764934071076,1.279585361480713,30.747599542663906,26.449385909302123,0.27742758549759333,0.19948896698667648,38.13253292524303,squat_25.mp4,333
52.85189455914774,77.5586564186788,68.776630178424,93.81928054178577,1.659371018409729,27.14341986410881,24.089487497870977,0.3789074070200333,0.30803542662834155,37.14810544085226,squat_25.mp4,336
134.88355311171586,96.80109257185035,157.25302134476658,129.76313472553193,4.066372394561768,7.7396309511894374,-23.746738263858557,0.32874393059157103,0.1915563708720396,6.801092571850347,squat_25.mp4,339
110.78845741954387,115.6391303663825,126.55683294503102,134.25291661380714,1.1237154006958008,16.57547997769818,16.195929654794238,0.042845246855914454,0.059016840296761255,20.788457419543874,squat_25.mp4,342
129.68484523837685,121.13500731549466,136.72326590512404,134.3770085505666,3.5329511165618896,12.192769243597377,15.007191874287841,0.06817512916802183,0.01730914776289487,31.13500731549466,squat_25.mp4,345
144.40203519377172,133.05364484025654,157.8445406140998,148.78932210853108,1.6427240371704102,9.008424903627969,11.972303611185113,0.08180326567560897,0.0590620906977891,43.05364484025654,squat_25.mp4,348
149.75890299517454,136.6151509054578,156.89490020561436,149.09646722061183,4.141690731048584,7.644126468881227,11.204335369015379,0.09179429428531562,0.050971588189544066,46.615150905457796,squat_25.mp4,351
162.38192973680017,156.10863243478354,169.58965651298737,163.70481060226933,1.449318766593933,4.42767514828479,6.033237393324936,0.03939392903352,0.03531319293508104,66.10863243478354,squat_25.mp4,354
171.47172567853252,169.93625680363016,176.0910403456699,173.3669687475501,1.2215615510940552,2.129929756958819,2.517728990258853,0.008994920761599863,0.015590265652736314,79.93625680363016,squat_25.mp4,357
178.34046414901601,177.41199573117999,179.79157999061712,176.25215752469379,1.036831021308899,0.4146212964728465,0.6469858475411241,0.005219744190377222,0.0198819532152065,87.41199573117999,squat_25.mp4,360
179.09280247809008,176.734872535933,178.68195623540072,176.46520368267628,0.7312828898429871,0.22653313533800742,0.8163071437389045,0.013253212764095204,0.012483571898678786,86.734872535933,squat_25.mp4,363
179.59169621979106,178.24197199959085,179.720935463584,177.01298683384422,0.6811395287513733,0.10198474968525682,0.4395604197122034,0.007543863756122142,0.015181895864010449,88.24197199959085,squat_25.mp4,366
177.7519689875612,176.20635593527427,179.92598125278,178.5823827673139,0.19741414487361908,0.5619905983041702,0.9483318942646725,0.008733305270465891,0.007495493105933684,86.20635593527427,squat_25.mp4,0
179.8011898344093,176.93330729375074,175.27959193151872,179.13339875360506,0.8070321679115295,0.04965430914506719,0.76472071393941,0.016078526544228536,0.021747548331320813,86.93330729375074,squat_25.mp4,3
179.26192532709885,175.26691024550925,176.32997500481918,177.9597199037639,0.2992991507053375,0.18427184924998233,1.183701177059665,0.022537038913278542,0.009200069448055737,85.26691024550925,squat_25.mp4,6
177.52582849716407,176.63896474545732,178.67899020534733,176.512378578052,1.078316569328308,0.6178634747261921,0.8398223951047704,0.005008198266049598,0.012199686240780074,86.63896474545732,squat_25.mp4,9
174.8396526578686,172.47138914532007,176.7865466449839,171.76727086557585,2.299466609954834,1.2894865778757179,1.883059224363276,0.01363770930087829,0.02880057843151286,82.47138914532007,squat_25.mp4,12
169.51151321772002,168.42787734076754,173.77225208797736,167.9285185304492,2.6382896900177,2.627395848524366,2.8908846628226907,0.006413196609969851,0.034203806722190866,78.42787734076754,squat_25.mp4,15
162.86095088444577,164.10946812470533,163.72675764328267,164.80788007376879,4.612677574157715,4.30270673334948,3.987234283897751,0.007636881917593998,0.006581482171856892,72.86095088444577,squat_25.mp4,18
158.7496858855219,154.00963175214605,162.09270296832042,158.7010908741177,4.407370090484619,5.349761770789444,6.568068849796483,0.030311193726718692,0.02114512287521713,64.00963175214605,squat_25.mp4,21
155.14098206116856,151.71222861559824,158.3718252653399,155.57286990401582,4.902277946472168,6.264441534754963,7.15734344306536,0.022347841419082328,0.017830881708730317,61.712228615598235,squat_25.mp4,24
142.89780421043125,140.51875057371592,150.10752311285322,149.78896237208755,5.537909507751465,9.476856569317324,10.136290488753048,0.01678838865659938,0.0021244713171649247,50.51875057371592,squat_25.mp4,27
148.0363523021742,130.56369140689833,146.1139545468384,143.24212237888455,5.129591941833496,7.915512024749947,12.885891618514153,0.1254318604021589,0.019849814100783743,40.56369140689833,squat_25.mp4,30
137.89736167098206,125.59917338964982,150.89052634549503,141.7189331952844,2.963228464126587,10.503738555590257,14.214827560073406,0.09334611006176888,0.06268828878331217,35.59917338964982,squat_25.mp4,33
140.19875892431872,120.74797122862836,148.83563131769682,139.4502585408724,1.679914116859436,10.059958506127012,15.658919157540744,0.14907860837566192,0.06511156533834392,30.74797122862836,squat_25.mp4,36
147.0833121039534,134.36216039620078,162.44627884951956,157.47985375718775,2.2451703548431396,8.244694281353112,11.849936405560005,0.09039869495676933,0.031047323654783437,44.36216039620078,squat_25.mp4,39
117.49969883685289,131.88171365480764,137.99368570388245,138.9339881852006,0.06364930421113968,14.529540501370757,9.736146186396955,0.11534151382221158,0.006790960745185563,27.499698836852886,squat_25.mp4,42
109.97006439808777,147.61354634215243,138.12348449168363,162.95977765236142,0.9558522701263428,15.907405709052027,-7.1519198068298255,0.2922816543792157,0.16497956733838995,19.97006439808777,squat_25.mp4,45
136.3784241116139,93.83617727507611,162.88437559547643,123.16013681827785,3.8355143070220947,8.953616981863041,-23.41617577741786,0.36958773753086016,0.2777486513689082,3.8361772750761105,squat_25.mp4,48
106.89925405349922,115.02685333372975,130.24511145983362,144.5553426738834,3.152916431427002,11.57236076481499,-17.367131483956115,0.07324599503788025,0.10414998227831494,16.89925405349922,squat_25.mp4,51
86.35389836949786,137.30308249731996,107.57012021097712,145.72839929690645,0.4470842182636261,15.284229773843256,8.478499086428162,0.45560110782467445,0.301290976039374,3.6461016305021445,squat_25.mp4,54
77.6133873913219,143.25250985465095,94.4941427664935,176.12955304717826,0.17554974555969238,14.883836766347383,-8.1497353427796,0.5943798773988942,0.6033130989157128,12.386612608678107,squat_25.mp4,57
51.497349078358646,173.42833347338666,73.12747574907169,175.81530360630157,1.7130191326141357,9.904569361791571,-1.63030703314832,1.0841890798039675,0.824991414678792,38.502650921641354,squat_25.mp4,60
35.614998780857924,53.234701744870485,48.77242683224982,64.87882031422593,2.3001019954681396,28.786934231619796,27.498511265685934,0.3966181733816961,0.28343540236242026,54.385001219142076,squat_25.mp4,63
44.11157531868223,51.869351337473454,59.89559446523053,70.3634269881197,2.893176317214966,31.780143333860657,36.74240740123135,0.1616524509412764,0.16072334040430394,45.88842468131777,squat_25.mp4,66
34.73867550794825,54.8639577491875,46.83053585560457,69.12607132070839,2.4326977729797363,31.310312692126388,32.549320557571065,0.4492118481269414,0.38454963469573195,55.26132449205175,squat_25.mp4,69
52.61905304360198,86.1311210144272,67.19420297583054,102.30826201847391,1.7930752038955688,25.153678112490738,23.654987342185212,0.4830562296348476,0.4143191551087268,37.38094695639802,squat_25.mp4,72
53.56983483361198,74.22285378136739,69.22529150463315,90.68763155432805,2.760667085647583,27.094840652989372,28.165639169464733,0.32322692591561214,0.2684253359784007,36.43016516638802,squat_25.mp4,75
28.347849916067318,50.487144790863205,40.820862662755395,59.87793145296987,3.6932406425476074,30.58447821127308,31.443789518688437,0.5616616061711889,0.37849646478017746,61.65215008393268,squat_25.mp4,78
121.78639835406328,123.05194703150873,140.58580291210467,159.35668514139917,2.31208872795105,8.543644910041593,-14.169608951547708,0.010337830664983972,0.1251632094613161,31.78639835406328,squat_25.mp4,81
106.0440640876516,168.84694479549248,128.79535303723634,167.9616476207437,4.720925331115723,10.208502188271629,-2.2156795006064294,0.4569293187362001,0.26396205984469767,16.044064087651606,squat_25.mp4,84
129.58905785894504,144.94806212128805,145.64463345570087,149.23323902185382,0.7259631752967834,12.364971849943998,8.032610385401359,0.11189018274431425,0.024339605654378864,39.58905785894504,squat_25.mp4,87
142.26225280211528,130.25523283689233,152.35660805823014,144.9570420978566,2.8939361572265625,9.52638288995644,12.910989024703888,0.08811926278468708,0.04977616033766924,40.25523283689233,squat_25.mp4,90
146.86534085501103,144.92458687875433,156.0175252231155,152.7220538772842,3.9021313190460205,8.423467433747428,8.947330417032278,0.013302405544494886,0.02134790333933606,54.924586878754326,squat_25.mp4,93
164.22251554706318,159.37990734924497,168.35579658721505,162.9097720176231,2.9673595428466797,3.9587450030702933,5.179932329735765,0.029929369220884506,0.03288011242779309,69.37990734924497,squat_25.mp4,96
177.20333611941697,174.61311178249667,175.09331785214746,171.56166285803474,3.6043179035186768,0.6992479285667852,1.345974423330633,0.01472486208286916,0.02037561951008191,84.61311178249667,squat_25.mp4,99
179.8764592965494,177.25590494792718,179.98021765897056,173.57059327181645,2.8602514266967773,0.03095074376913437,0.6860168281776085,0.014675535521212571,0.0362585755087344,87.25590494792718,squat_25.mp4,102
177.67064220046382,177.18505751418652,179.68348214262687,175.0323279211937,1.827181100845337,0.5820687172501966,0.7037964464695614,0.0027368008273096064,0.026224679529205774,87.18505751418652,squat_25.mp4,105
179.50583575028315,178.2118401631257,178.37490117293996,176.30011232450687,1.455646276473999,-0.12348232693015057,0.44680443849035256,0.007234731042313381,0.011699661771905581,88.21184016312569,squat_25.mp4,108
179.654515744893,177.82102546072022,177.9335090875264,174.5129483917449,2.829089403152466,0.08630023617250385,0.5445952041131431,0.010257990115850634,0.019410384886519482,87.82102546072022,squat_25.mp4,111
179.13091851015062,177.78636069173663,179.06079693648945,175.10763260520517,2.584669589996338,0.21694571805546917,0.5533700406089134,0.007534282573377184,0.022323640401262227,87.78636069173663,squat_25.mp4,114
179.6596512371345,178.97587996907532,178.93467299231477,177.3238706332091,1.4736305475234985,0.08493072506793647,0.25549618764424425,0.0038131819552816777,0.009042884095988638,88.97587996907532,squat_25.mp4,117
178.79552726870637,177.68937101458147,179.14270650679546,175.94449737228035,1.8978561162948608,0.30111670574380406,0.577239594531831,0.006205908073255144,0.01801365467173666,87.68937101458147,squat_25.mp4,120
179.75212778529462,178.07257705395574,178.4417865066686,177.18623993112098,0.6687816381454468,0.062104221927394766,0.4817527755330976,0.009387561611171604,0.007061010281579966,88.07257705395574,squat_25.mp4,123
179.80617334277946,178.1164326959766,179.78420001027308,176.94687039109442,1.2850924730300903,0.048053557428419255,0.4703195982781529,0.009441933078794583,0.015907387130514348,88.11643269597661,squat_25.mp4,126
179.81442511154538,178.5044596716342,178.98625037159738,177.5876737848478,1.0025627613067627,0.04634671378516861,0.37388163454492396,0.007311729833630362,0.007844525311592696,88.50445967163421,squat_25.mp4,129
179.42392711014315,177.2869679456552,178.6997439743225,177.38678160857316,0.8576962351799011,-0.14402193028346952,0.6783346173546971,0.011981462826660728,0.007374400722409192,87.28696794565519,squat_25.mp4,132
178.1083457212606,177.98841098481347,178.0282075848192,177.45278023004693,1.12907075881958,-0.4727755267580869,0.5028665345125466,0.0006736075754047398,0.0032374578359839305,87.98841098481347,squat_25.mp4,135
178.62427616726953,175.4287672255156,178.8868851739201,176.16283465710174,1.3406754732131958,0.3436085002967205,1.1429237887683006,0.0180510180685488,0.01534461437183955,85.4287672255156,squat_25.mp4,138
178.92098474414792,174.7403287060965,178.77410978563384,175.00009294722415,1.0809876918792725,0.2696451373240892,1.3148968978631628,0.02364214506396428,0.021335737932590464,84.7403287060965,squat_25.mp4,141
178.46353963488895,174.8943519365803,179.2829025148512,174.03845765216695,1.8994953632354736,0.38405955265997954,1.2765384844530914,0.020201545138474677,0.029686542926276246,84.8943519365803,squat_25.mp4,144
176.914406330629,172.13795218824632,174.80310329915423,169.0356150663645,3.834190845489502,0.7713782071535751,1.966190333495557,0.027368124155645178,0.03354763687001989,82.13795218824632,squat_25.mp4,147
170.0780958311223,165.7442389682112,170.69322915634535,165.7197956975915,4.117435455322266,2.4848818165976216,3.574498250728692,0.025810414697406962,0.029567425107355466,75.74423896821119,squat_25.mp4,150
166.10803312012868,161.89532064959383,166.66238808320168,161.54908966413248,5.0669708251953125,3.4807472815676834,4.546648928656231,0.025687008514506983,0.031158559439566875,71.89532064959383,squat_25.mp4,153
160.4803674131356,155.98026392995405,160.3078358808165,155.87660807659407,5.7549285888671875,4.893158948999885,6.045047160143706,0.028440210487368906,0.0280293853091603,65.98026392995405,squat_25.mp4,156
152.35266301434135,144.55787499830464,153.94486041260953,150.43858726653838,6.471768856048584,6.974598938516371,9.021262277239245,0.0525059707763199,0.023038527047417712,54.55787499830464,squat_25.mp4,159
143.73914744697228,137.74425871293775,150.89204972456304,145.89216663005166,5.965436935424805,9.213054226170872,10.864997369600987,0.04259497080711643,0.033693726411226865,47.74425871293775,squat_25.mp4,162
140.86085968456706,128.3061200730328,150.29872801380347,143.49792062250805,4.379031181335449,10.009469249714787,13.519874514746457,0.0932858824127724,0.04629601748598628,38.30612007303279,squat_25.mp4,165
129.18396018470094,120.655102924442,142.60401658126676,138.8223901259182,3.9970943927764893,12.888210411281918,15.722899127132347,0.06827480982453953,0.026874709446034553,30.655102924442005,squat_25.mp4,168
147.02703346528207,128.13334916474565,162.42354467316318,151.2923870147041,2.106417179107666,8.035426789352911,13.419337532972268,0.13732852178752997,0.07096329216416115,38.13334916474565,squat_25.mp4,171
128.17660990038763,150.93370758939352,146.0083895760408,157.5421905846909,0.28700268268585205,11.998861419813533,6.918179403291707,0.16306883882813883,0.07599261383419456,38.17660990038763,squat_25.mp4,174
104.76058273697902,139.37672797332993,128.33498858699505,149.228252379739,0.842625081539154,16.361381822719498,8.86764736936659,0.2835793114590839,0.15054777224804056,14.760582736979018,squat_25.mp4,177
117.07873065844615,127.08391625611462,142.8406178447242,151.65624999383493,3.225165605545044,10.63352356515851,-13.962601121024248,0.08195508792276128,0.05986910634270923,27.078730658446148,squat_25.mp4,180
110.53515178493875,141.92794308637326,131.28734780109434,157.84819940452792,1.9144033193588257,11.259419193102358,-9.406050870602211,0.24869212125785242,0.18372595040722892,20.535151784938748,squat_25.mp4,183
81.77469479391354,130.03372231857801,99.27580111781238,142.18880000694293,0.5574677586555481,16.175529957454497,11.710562009166198,0.45568564443814413,0.3554392543605933,8.22530520608646,squat_25.mp4,186
80.63395015661418,111.23092979582371,98.97973239754423,121.62186006231777,1.0770509243011475,12.041065446361667,10.42130300038914,0.3189429941195526,0.20527619417700468,9.366049843385824,squat_25.mp4,189
54.99667621211116,133.83847794517723,77.49029774733394,143.32555596558387,1.6348074674606323,16.86265251566137,8.53514118584994,0.8350330962993845,0.5962910462383937,35.00332378788884,squat_25.mp4,192
53.29597550569501,80.74815574571086,67.97385623787424,90.82710417693627,2.6409316062927246,26.018515192306918,21.542853940053632,0.4095991369965767,0.2878225406114185,36.70402449430499,squat_25.mp4,195
38.38895535851598,41.20084741939568,51.457574275904484,56.35795737403637,4.999203681945801,43.03336809468594,43.21113884872253,0.07065960619920211,0.09090310130905098,51.61104464148402,squat_25.mp4,198
40.782789106617855,53.59409295721871,54.96608084923091,69.47685855900872,2.938361644744873,30.37837700241177,30.851543607311818,0.2714924157366268,0.23321174795099733,49.217210893382145,squat_25.mp4,201
40.88075941567822,44.92043963841993,57.570427546147855,61.36066070940247,2.379387617111206,35.86516011385849,37.04521977099284,0.09416372422009317,0.0637383079369532,49.11924058432178,squat_25.mp4,204
32.74314476693204,39.839627206919545,44.832291209197905,56.60099517568309,4.035618782043457,38.01930070028811,40.809601865724666,0.19554178621185916,0.23204816458040645,57.25685523306796,squat_25.mp4,207
33.62348387147712,40.18704043802515,47.23371458933282,56.991711933307826,4.093556880950928,41.76033988715042,43.6519922231839,0.17784879942122417,0.18724792345858712,56.37651612852288,squat_25.mp4,210
56.22130079198765,154.8471562663331,73.5028397257682,161.02864310522457,2.6327712535858154,11.922620275105036,4.463042562880544,0.9345390291747281,0.7463885216854139,33.77869920801235,squat_25.mp4,213
114.48456066388617,129.70332618931548,133.63148641626248,139.13248556587928,0.8428011536598206,13.532788216126098,10.413379383135831,0.12464799725777033,0.04033523276290287,24.48456066388617,squat_25.mp4,216
137.83913320080384,129.06065943436354,149.22577601844952,145.56935057856126,0.5692251324653625,9.98535249680113,12.970215615551162,0.06578104598559831,0.024806552822609265,39.060659434363544,squat_25.mp4,219
135.29059484803562,126.40544028824146,147.19139266662805,142.2753337375169,3.3960459232330322,11.362943010018533,14.00497280645202,0.06790438804445205,0.03396631447199567,36.405440288241465,squat_25.mp4,222
149.756746761393,141.4321720922634,155.95552588984643,149.21578562567473,5.193176746368408,7.620266994991899,9.853533246522852,0.05717645233136994,0.0441702087309666,51.432172092263386,squat_25.mp4,225
164.2797396443985,153.3042585500822,169.06787392478464,160.6914006664249,2.451404571533203,3.9465376416254636,6.594418418192562,0.0691186026796927,0.050803564319722286,63.30425855008221,squat_25.mp4,228
173.22332137215253,169.66242580689578,177.7523172672287,171.9922425340214,0.6960099935531616,1.6954262871549,2.5890996429470667,0.02077015795816857,0.03293875242251434,79.66242580689578,squat_25.mp4,231
179.7375573611974,179.29834969783008,179.1891585394864,177.2833628688723,0.5444505214691162,-0.06562145638054641,0.1751792514673528,0.0024465946426639974,0.01069252498388743,89.29834969783008,squat_25.mp4,234
177.28718440249582,177.7287558436908,178.8486891773302,175.76862291333316,0.9175995588302612,0.6782372017391703,0.5677008026935823,0.0024876147301373113,0.017371212058646248,87.28718440249582,squat_25.mp4,237
178.008259058543,176.0551856599444,178.24620720617486,177.27825185823824,0.13759975135326385,0.49767233458338267,0.985179055751268,0.011032335745089114,0.0054452250654363635,86.05518565994441,squat_25.mp4,240
178.03556613807964,175.9880943605183,178.04505351685356,176.89209090349976,0.20521505177021027,0.49076791881359216,1.0032621993256663,0.011566864060315903,0.006496714313948136,85.98809436051829,squat_25.mp4,243
179.18219003090474,177.05316874756983,178.1708312038324,177.05443118000198,0.19797830283641815,0.2043056799721074,0.7368216673900344,0.011952891429055711,0.006285589129210612,87.05316874756983,squat_25.mp4,246
178.59263492657968,175.19270247618246,179.96573597990397,175.67224271121694,0.5801460146903992,0.351811751364944,1.2022028120904897,0.01922031294658551,0.024145302391430017,85.19270247618246,squat_25.mp4,249
177.74562233009564,177.0865055150212,178.45325732567716,177.2154712981789,0.3205192983150482,0.5632230690060294,0.7284223429953637,0.0037150909590810415,0.006960330936528877,87.0865055150212,squat_25.mp4,252
175.53357809083485,174.9343027989487,179.36634396434403,177.6591590566869,0.08223181217908859,1.1146767216018094,1.266761859230116,0.0034198585637273886,0.009563377927971569,84.93430279894869,squat_25.mp4,255
174.84827890226043,174.68868621545178,179.93438939407156,177.59474303479294,0.10137971490621567,1.2854523639932856,1.3280821938228309,0.0009131662898938623,0.013087864160239437,84.68868621545178,squat_25.mp4,258
175.454075907194,174.5715110894924,180.0,177.3972139596496,0.20462219417095184,1.134988974658535,1.3577964633296593,0.005042858867971704,0.014565228483534018,84.57151108949239,squat_25.mp4,261
176.21131432758057,177.8311989725551,178.81073249471956,179.07910140024143,1.1068216562271118,0.9465535329958845,0.542213517070896,0.009150791693771983,0.0014997291350870442,86.21131432758057,squat_25.mp4,264
177.34221938520852,175.40223409008428,178.33904967259795,177.7606048207859,0.3363645076751709,0.6636164376008975,1.1495308181815096,0.010999380860627066,0.003248780752876652,85.40223409008428,squat_25.mp4,267
177.88344651723938,176.71723199059485,179.3970413313975,177.35543524343177,0.20718777179718018,0.5290118774601937,0.8208488885776647,0.00657762151810862,0.011445504780048823,86.71723199059485,squat_25.mp4,270
176.94373018113163,175.52127213863247,179.7482117038317,175.96410150386018,0.7689170241355896,0.7639238214267229,1.1186322259029222,0.008071485300028018,0.02127623958725368,85.52127213863247,squat_25.mp4,273
176.40114252785,171.15368887927815,177.9028614880026,173.06310475181914,2.0946433544158936,0.8991388659626842,2.212916185478239,0.03019640744067197,0.027579635644080443,81.15368887927815,squat_25.mp4,276
174.0552507462893,170.45296805281703,172.10981531546628,168.19875396361758,4.000131130218506,1.4860717135690231,2.386563833836526,0.02091260815796599,0.022985382708016835,80.45296805281703,squat_25.mp4,279
170.81322411350178,165.1760103473498,170.12488107730596,164.22918628960304,3.983410596847534,2.296514929918401,3.7150176431877533,0.0335559189876889,0.03526617656625174,75.1760103473498,squat_25.mp4,282
161.56870599446336,158.68473750800945,164.44621060599331,161.7781849033869,3.5917654037475586,4.629542928078826,5.3649641554326974,0.018010538496718093,0.016356996836122344,68.68473750800945,squat_25.mp4,285
148.15266798692247,144.89618404299205,152.14831772618206,151.89452653865354,6.757781982421875,8.101424067365096,8.951409644805347,0.022224853783750678,0.0016694435821515755,54.89618404299205,squat_25.mp4,288
146.83653090529626,140.2396534594676,152.79679793017218,149.39009977037176,5.043034076690674,8.418967352053283,10.18884358326492,0.045959071529573826,0.022546961405165395,50.239653459467604,squat_25.mp4,291
149.89918792528047,129.95727112207445,151.15824967476377,144.66632956486993,3.745507001876831,7.393405675479271,12.9787682578447,0.14251532282720425,0.04389033613488241,39.957271122074445,squat_25.mp4,294
132.48204028453773,122.2102217866268,142.7007134103468,142.29169033778822,2.3652803897857666,11.928782552227357,15.267331146534042,0.08066062482134491,0.0028704138579079236,32.2102217866268,squat_25.mp4,297
132.52869815119087,137.687408830323,146.43665261688523,145.58215757329617,0.25316283106803894,11.47699427478073,9.691936272272006,0.03818211087975631,0.005852328780002577,42.528698151190866,squat_25.mp4,300
116.27565626945183,121.78694475939166,137.97520028698858,137.15738670127007,0.15828561782836914,15.423897650756096,14.350631848295729,0.04630117007981515,0.005944868942430375,26.27565626945183,squat_25.mp4,303
112.18479491061247,165.21728516684183,138.1704148736079,166.91947884726014,1.7169134616851807,14.597887706551449,2.583901486958469,0.38235106414070147,0.18846290595227144,22.184794910612467,squat_25.mp4,306
118.32699796551921,89.49261175197807,144.22252473687095,127.3761421817817,2.930198907852173,13.407472742762073,-25.48538020054627,0.2774943736323785,0.12405349957137278,0.5073882480219254,squat_25.mp4,309
130.70799716789966,74.05999808114596,153.41351250512173,116.94178572257844,2.263432741165161,9.302700804716258,-30.869916542196503,0.5532895804137412,0.26980589632703156,15.940001918854037,squat_25.mp4,312
48.64144448687825,125.50190482208176,66.08789083918688,140.9432250948602,0.02501733787357807,19.337402130155404,13.745843629764428,0.8827263359778378,0.723131244479401,41.35855551312175,squat_25.mp4,315
42.488064501939945,54.274507084638856,60.62750950150561,69.64191055595646,2.475919008255005,34.251937534999364,32.45308189364109,0.2436157367345892,0.1383962721331619,47.511935498060055,squat_25.mp4,318
39.07571398063318,48.40999827959213,53.25881396287071,61.62192553787231,3.53877592086792,34.0506211843435,33.90578941786882,0.213389913799735,0.14559640913431804,50.92428601936682,squat_25.mp4,321
39.69891748141787,53.095143421428176,55.06409408563166,71.29269487660095,3.494624376296997,37.64414215479199,37.185145404468656,0.28873024436415057,0.2568694713478345,50.30108251858213,squat_25.mp4,324
41.06459258177028,53.04404725725694,58.78644040874157,71.38557799695543,2.5021462440490723,35.570854391637994,36.70356057940387,0.2545877763397179,0.1935767416457677,48.93540741822972,squat_25.mp4,327
50.08452912177219,58.6855399187828,63.7434176465958,74.61642257154934,1.7794088125228882,30.15159280583311,32.40898903470982,0.15815032339096366,0.1571699549205984,39.91547087822781,squat_25.mp4,330
51.86746707475697,68.57441772052402,67.48381074035748,82.43764934071076,1.279585361480713,30.747599542663906,26.449385909302123,0.27742758549759333,0.19948896698667648,38.13253292524303,squat_25.mp4,333
52.85189455914774,77.5586564186788,68.776630178424,93.81928054178577,1.659371018409729,27.14341986410881,24.089487497870977,0.3789074070200333,0.30803542662834155,37.14810544085226,squat_25.mp4,336
134.88355311171586,96.80109257185035,157.25302134476658,129.76313472553193,4.066372394561768,7.7396309511894374,-23.746738263858557,0.32874393059157103,0.1915563708720396,6.801092571850347,squat_25.mp4,339
110.78845741954387,115.6391303663825,126.55683294503102,134.25291661380714,1.1237154006958008,16.57547997769818,16.195929654794238,0.042845246855914454,0.059016840296761255,20.788457419543874,squat_25.mp4,342
129.68484523837685,121.13500731549466,136.72326590512404,134.3770085505666,3.5329511165618896,12.192769243597377,15.007191874287841,0.06817512916802183,0.01730914776289487,31.13500731549466,squat_25.mp4,345
144.40203519377172,133.05364484025654,157.8445406140998,148.78932210853108,1.6427240371704102,9.008424903627969,11.972303611185113,0.08180326567560897,0.0590620906977891,43.05364484025654,squat_25.mp4,348
149.75890299517454,136.6151509054578,156.89490020561436,149.09646722061183,4.141690731048584,7.644126468881227,11.204335369015379,0.09179429428531562,0.050971588189544066,46.615150905457796,squat_25.mp4,351
162.38192973680017,156.10863243478354,169.58965651298737,163.70481060226933,1.449318766593933,4.42767514828479,6.033237393324936,0.03939392903352,0.03531319293508104,66.10863243478354,squat_25.mp4,354
171.47172567853252,169.93625680363016,176.0910403456699,173.3669687475501,1.2215615510940552,2.129929756958819,2.517728990258853,0.008994920761599863,0.015590265652736314,79.93625680363016,squat_25.mp4,357
178.34046414901601,177.41199573117999,179.79157999061712,176.25215752469379,1.036831021308899,0.4146212964728465,0.6469858475411241,0.005219744190377222,0.0198819532152065,87.41199573117999,squat_25.mp4,360
179.09280247809008,176.734872535933,178.68195623540072,176.46520368267628,0.7312828898429871,0.22653313533800742,0.8163071437389045,0.013253212764095204,0.012483571898678786,86.734872535933,squat_25.mp4,363
179.59169621979106,178.24197199959085,179.720935463584,177.01298683384422,0.6811395287513733,0.10198474968525682,0.4395604197122034,0.007543863756122142,0.015181895864010449,88.24197199959085,squat_25.mp4,366
179.16350124948832,177.7338457988762,176.34066100620495,170.53464702088453,1.0256837606430054,0.20889701730066962,-0.5640570991019292,0.008011577908526135,0.033476086945150876,87.73384579887619,squat_7.mp4,0
179.7753156540062,178.08377881535785,176.63616987090273,170.54405893583407,1.2353403568267822,0.05622222328241533,-0.47702092514178746,0.009453647342156103,0.03509480338789642,88.08377881535785,squat_7.mp4,3
179.57663845319382,179.68909572643298,176.23360377625588,171.27690080260152,1.1388221979141235,0.10588593537007619,-0.07731388316571741,0.0006260395163816636,0.02852692455821622,89.57663845319382,squat_7.mp4,6
178.13313095085368,179.96573597990397,175.33964862934667,172.30955910647052,0.8779881000518799,0.465750459947907,0.006629833905831647,0.010235190324713534,0.01743187935108861,88.13313095085368,squat_7.mp4,9
179.31243500922375,178.98895635613323,176.86081620765435,171.0060135303304,1.1567809581756592,-0.17180576002173592,-0.2517653941010751,0.0018056232037383844,0.03366117247645503,88.98895635613323,squat_7.mp4,12
178.91609928631334,178.48031624908216,177.01547826887443,170.89832201116207,1.1723945140838623,0.2709196155321771,-0.3781656149508821,0.002438653653413693,0.035164780774942846,88.48031624908216,squat_7.mp4,15
179.77014981494682,178.92826338928177,176.5572979609056,172.01689313885078,0.45161202549934387,-0.05731080848333922,-0.2669159288067966,0.004694118483237982,0.02605129661338256,88.92826338928177,squat_7.mp4,18
179.49062705182874,178.31228383931816,176.1667150210473,172.08968981307743,0.029436705633997917,-0.12729006283091432,-0.42032243826168725,0.006586549056159392,0.023413928079294207,88.31228383931816,squat_7.mp4,21
176.07354590967145,178.88934906565257,171.4107319342769,175.83862818777433,1.1326136589050293,0.9756663391455443,0.2767718446095888,0.01586533801611496,0.025502689202601375,86.07354590967145,squat_7.mp4,24
174.52993923179525,178.63169287573535,170.1456120775787,176.147657198812,1.5338422060012817,1.3619496792272405,0.34089673851219227,0.02322876140005604,0.03466452081944925,84.52993923179525,squat_7.mp4,27
172.9909216050629,177.5388366869789,166.84224761880157,179.2423024136477,3.273293972015381,1.7439831525348852,0.614165575434974,0.025948810189900733,0.07165910638705772,82.99092160506291,squat_7.mp4,30
171.5774095310353,177.85114390924352,164.57296740994394,178.74181161588226,4.699655055999756,2.0949197280059986,0.5358819354695682,0.035908538763879054,0.08254141721567104,81.5774095310353,squat_7.mp4,33
170.83288161396152,178.66016305875883,161.45079306921264,177.14343279383007,6.674334526062012,2.285030714626424,0.3346444726132653,0.044792201527942256,0.09269289625136679,80.83288161396152,squat_7.mp4,36
167.9066397158963,176.42921653902278,155.27818035435723,173.37945705260424,9.133805274963379,2.9922730292721913,0.8919397576710534,0.04950153559852938,0.11015278294496492,77.90663971589629,squat_7.mp4,39
163.89314945340473,175.27507070495668,149.95862631225208,168.6293537463254,11.716719627380371,3.9812298701896935,1.1755352531469183,0.0671166729373265,0.11720923953653493,73.89314945340473,squat_7.mp4,42
161.3430871046261,175.69770605727132,146.36274680279263,168.31965926319543,12.877764701843262,4.597109616396119,1.0741510585611547,0.08518030602752572,0.13954966682057526,71.34308710462611,squat_7.mp4,45
159.49929165085945,174.11283744551386,143.34099127462486,167.13134916982895,13.610952377319336,4.967218995338496,1.4655842921415356,0.08760800054984137,0.153252672113382,69.49929165085945,squat_7.mp4,48
155.90233216971947,172.8344516572558,138.88172300165337,167.39339027425268,14.07101821899414,5.720901131133981,1.7476748376501938,0.10301323320391342,0.18618337590436054,65.90233216971947,squat_7.mp4,51
146.93606397303176,169.12210202409415,130.45753533006513,162.49695335664302,15.382111549377441,7.632805532190093,2.590726968239742,0.14039212042547974,0.21873307468479541,56.936063973031764,squat_7.mp4,54
144.39873812193795,163.44078968996342,124.36326070095308,154.92257278560933,18.201486587524414,8.144573264223501,3.7541933287266827,0.12371414225700543,0.21883897012002643,54.39873812193795,squat_7.mp4,57
141.1285090877057,165.35767060397458,124.17879464045593,158.5364958125817,16.7520694732666,8.80613191390654,3.139845613300892,0.158109325129394,0.24305513237058532,51.12850908770571,squat_7.mp4,60
139.429423843921,158.0697111535439,119.63167623659375,150.7597097444391,18.44031524658203,9.011773639665654,4.266751509774574,0.12531322022016456,0.23024426902437564,49.429423843921,squat_7.mp4,63
135.94101608240845,164.43052744411165,118.12975387903701,157.3675127840015,17.482479095458984,9.416923801597658,2.7921221591825636,0.18969514240411278,0.28485044066122295,45.94101608240845,squat_7.mp4,66
138.37725880325416,169.94591585519623,122.25748284553646,165.39537022503947,16.012367248535156,9.012542979670243,1.8297510726844541,0.2047764141434566,0.29993018959501916,48.377258803254165,squat_7.mp4,69
135.1838072530984,169.8923981667561,120.02223939023308,165.5647102696809,15.218449592590332,9.55718773125898,1.755078400332715,0.227540465608524,0.31893943987063295,45.183807253098394,squat_7.mp4,72
136.78775818819,174.2603463199574,121.38778107977832,171.04583759213818,14.61877727508545,8.962515721598749,0.9913993546163125,0.24094400569340788,0.33961934156463464,46.78775818819,squat_7.mp4,75
139.89097396734348,175.02310792515252,125.6668101008148,171.7288431879804,14.21047306060791,8.517467373552199,0.8537715001532862,0.22312202583434984,0.30976937677320826,49.890973967343484,squat_7.mp4,78
136.10889727834032,166.65458865642097,123.13129982082617,163.31114060997567,14.14635181427002,9.663116678756584,2.3912377866012258,0.20177922898313141,0.2805439077304332,46.10889727834032,squat_7.mp4,81
139.88785181910777,166.43438135615528,125.40221068241833,161.4162136396354,15.835569381713867,9.008695328589493,2.6700063095649282,0.17332421001161125,0.2511275420492429,49.887851819107766,squat_7.mp4,84
141.45474628063397,165.2907837965745,126.20110094752822,161.1309429030844,15.204261779785156,8.717652795497353,3.3000680615045566,0.1554124522038899,0.24313224162158967,51.45474628063397,squat_7.mp4,87
146.19812806023685,165.89663187183388,133.4170005246665,162.79567638135188,13.280885696411133,7.985185226842719,3.305116334296256,0.12623412079000954,0.19836204286426665,56.198128060236854,squat_7.mp4,90
151.13348114717542,168.13880682199581,141.42485979024346,164.76082785137584,11.431939125061035,6.989422960329396,2.90655847284794,0.10652553519748276,0.15243016903158707,61.13348114717542,squat_7.mp4,93
156.11588520820735,171.5371691255499,145.36374740549013,167.7903950647797,11.28300952911377,5.865016774443842,2.1038749850952665,0.09413178795906456,0.14323072645554225,66.11588520820735,squat_7.mp4,96
160.1447762316536,172.79499786441636,150.35546830143963,170.95584256070418,8.971595764160156,4.881877456940691,1.7852792225650609,0.07599105073647666,0.1282268850355099,70.1447762316536,squat_7.mp4,99
164.7685213760739,174.56299835686727,155.90575340370654,174.88913558197288,7.249257564544678,3.770214637485108,1.3471015269650528,0.057728070699130885,0.11477433787731924,74.76852137607389,squat_7.mp4,102
167.22851213025896,176.5085632140668,159.47269682544515,176.99573490395937,5.8129167556762695,3.1801844680651112,0.8691945293660158,0.053995054647578554,0.10415858622128711,77.22851213025896,squat_7.mp4,105
171.47992780370018,177.4560096648696,164.9433633342777,180.0,3.78035831451416,2.123495530330074,0.6349344766276187,0.03425317497833094,0.08729918164061738,81.47992780370018,squat_7.mp4,108
173.18260660515378,178.45756501129677,169.3114260850664,174.97546717464115,1.6335638761520386,1.7019752059092057,-0.38468786532053095,0.030002023840988316,0.03290303058561212,83.18260660515378,squat_7.mp4,111
175.52324057251568,179.2859104116777,170.41552476327064,175.4289386295282,1.3230819702148438,1.1171465586510019,-0.1782538494351184,0.021209542249543845,0.02899230374877214,85.52324057251568,squat_7.mp4,114
177.51887659115613,178.89606448841425,174.18529972349776,173.86697216107927,0.09133385866880417,0.6196904874860012,-0.27528031546105763,0.007728003170050409,0.001829193992585425,87.51887659115613,squat_7.mp4,117
178.9106966945335,178.39867766413045,175.76677192503988,172.42047254151407,0.9745416641235352,0.2718601283667686,-0.3986563070097253,0.002865970316743455,0.019221263482253965,88.39867766413045,squat_7.mp4,120
179.24904695746818,177.19439124777898,176.20728514078075,170.97815984562422,1.6224054098129272,0.18733031063423503,-0.6994391883067764,0.011528649370204362,0.03012295227618944,87.19439124777898,squat_7.mp4,123
179.75450741730629,178.06214681105513,177.22977857469272,171.04228374123645,1.9645731449127197,-0.060730748788979314,-0.4815097512802372,0.009459373040647118,0.03553253621499728,88.06214681105513,squat_7.mp4,126
179.88635908459844,178.0085538625446,177.78159141018222,171.1180954601057,2.046970844268799,-0.028503893131852493,-0.4964905290743714,0.010493612253891785,0.038197202237982106,88.0085538625446,squat_7.mp4,129
179.88635908459844,177.9866604973691,178.02513309342572,170.6641534546816,2.3164479732513428,-0.027469499383183736,-0.501602280245859,0.010616606915203585,0.04222085348027201,87.98666049736909,squat_7.mp4,132
179.37756011301457,179.26911852805367,178.77347144296166,170.7895961386963,2.3128409385681152,-0.15542018652935138,-0.1817161066968636,0.0006047265535640327,0.04567916948148603,89.26911852805367,squat_7.mp4,135
178.9517079517313,178.0664943452723,178.50760339550612,170.30973364905867,2.048668622970581,-0.261879813582454,-0.4813662792462323,0.0049589270281663695,0.047003797551496675,88.0664943452723,squat_7.mp4,138
179.49139592214703,177.69811223182765,178.30557180336993,169.67299345075637,2.2171573638916016,-0.12699087694726544,-0.5733362425117201,0.010041077071873841,0.04961557529446822,87.69811223182765,squat_7.mp4,141
177.91916326601026,178.92716844476786,173.678356394273,172.0584347712488,0.556888222694397,0.5194745031070449,-0.26750220014954407,0.00564951963454444,0.009370837379286361,87.91916326601026,squat_7.mp4,144
175.023698439404,178.93283774930083,170.96360173111276,175.31759159176997,0.31040796637535095,1.2382434959620736,0.2661739240661108,0.02208824479971038,0.025147134436477588,85.023698439404,squat_7.mp4,147
172.99856606055016,179.13883498673349,168.58580226448822,176.45812076597997,1.1546152830123901,1.744109831784546,0.21498736489312006,0.0348742786646445,0.04563081959160662,82.99856606055016,squat_7.mp4,150
171.8765052713565,178.251347755004,165.59886152005012,179.26325210302696,2.766317367553711,2.024062260963576,0.43689826413384,0.036414369371336665,0.07924553056536424,81.8765052713565,squat_7.mp4,153
169.5412713478282,178.16175949609257,164.25531786159397,179.5248105023755,3.2570886611938477,2.6034928866503284,0.4590318529783812,0.049585349471020244,0.08883289859392508,79.5412713478282,squat_7.mp4,156
170.70362460900583,177.50895648101292,160.176735296415,176.73667182575323,6.189918518066406,2.312806246650014,0.6225552833257949,0.03908722568670083,0.09830381444768949,80.70362460900583,squat_7.mp4,159
168.80426403361733,177.39022942766522,155.1934398475117,172.46800142781805,9.012127876281738,2.7640096349745824,0.6521815948922025,0.04960197551500409,0.1054415283841149,78.80426403361733,squat_7.mp4,162
168.77985923844207,177.15366159507374,153.0926807518723,171.00719325373117,10.520401954650879,2.7720068263427553,0.7106815235548265,0.04841278368430594,0.11054933333018904,78.77985923844207,squat_7.mp4,165
164.86622907668584,176.6686286230006,147.23285709924147,167.89525076826712,12.940593719482422,3.731329807788129,0.8314049209981912,0.06911387977090563,0.1311364689671724,74.86622907668584,squat_7.mp4,168
161.53175725264137,174.19103304280327,143.04349287210874,165.46558509228535,14.601247787475586,4.5073708763464735,1.4475246781269384,0.0754150516801163,0.14535774680033503,71.53175725264137,squat_7.mp4,171
156.26959195328212,173.85439065040285,136.94422559936578,163.83620395352986,16.111831665039062,5.670704955948747,1.5267663962160671,0.1065345120244193,0.178814681488011,66.26959195328212,squat_7.mp4,174
150.75920637026732,171.27089049854854,131.82394423606735,162.4976687367247,16.337139129638672,6.815804784115765,2.1365042286275413,0.127389857828332,0.20843677901080898,60.75920637026732,squat_7.mp4,177
146.89871268445944,168.35633805074372,129.99814291970307,163.782081807952,14.271183967590332,7.494921256630515,2.6041764370816636,0.13612866988962213,0.22999464255681523,56.89871268445944,squat_7.mp4,180
144.71336078840446,164.68980288143203,124.90336080602702,157.40139323574394,17.069263458251953,7.97707086636131,3.4867765427926227,0.1291288806234987,0.23023368869592878,54.71336078840446,squat_7.mp4,183
140.2464512645349,163.69564812824495,120.96454741050961,156.868354057152,17.12824821472168,8.883064447642214,3.4388976427801468,0.1543004204455863,0.2584561184581044,50.2464512645349,squat_7.mp4,186
136.79872726534504,161.6322925584139,117.90017363384953,155.03144874550648,17.168434143066406,9.27934268828904,3.6526852739294338,0.16642750681704965,0.27209214372416735,46.798727265345036,squat_7.mp4,189
132.29452731313847,162.9274794228935,114.61927065516379,157.32656518530374,16.51666259765625,9.991457409975219,3.2566645888084884,0.20752485526693806,0.31408676950798003,42.294527313138474,squat_7.mp4,192
134.9487646002323,172.54248997367966,115.93494756035138,166.93338368654256,16.629505157470703,9.042827165956279,1.3771872315750622,0.2445189891695663,0.36058074017256164,44.948764600232295,squat_7.mp4,195
128.88963642577917,173.91791199242724,113.30632937881104,170.50093996739864,14.670580863952637,9.809351921151903,1.018993912663724,0.29740523842199384,0.4030524709274959,38.88963642577917,squat_7.mp4,198
129.4859285736812,174.76598483829855,113.37267310136446,171.84981913853858,14.095745086669922,9.735533150087164,0.7169432577464766,0.29764845687793434,0.4100458247730933,39.48592857368121,squat_7.mp4,201
131.7038360684971,173.63403509792207,114.05036826013715,169.55482548429003,15.358951568603516,9.43117219988038,0.9120963804479568,0.27464787691908427,0.3914205977071853,41.70383606849711,squat_7.mp4,204
137.08863576205047,165.90925101807022,116.99333802869857,158.88444794689457,17.6291561126709,8.841890695978465,2.3846072672710528,0.1902364109683331,0.3036932442389696,47.08863576205047,squat_7.mp4,207
134.98606227802046,156.13488718526148,112.8706894515908,146.30779918706637,20.073959350585938,9.367123218265654,4.391482350809556,0.14529236007392488,0.2580238036814319,44.986062278020455,squat_7.mp4,210
142.52119734856794,162.96022050628957,123.20170406885563,155.46897331556596,17.6145076751709,8.445498394478214,3.5258188903661574,0.13381516493702258,0.23157993908485866,52.52119734856794,squat_7.mp4,213
148.95367582676303,160.53962241938297,128.90444601844203,153.23320161289772,16.909175872802734,7.095653180400159,4.2844886355478975,0.07487041986547578,0.17246018600286406,58.95367582676303,squat_7.mp4,216
152.2629648459199,167.09927947169626,138.12627792352274,162.0527172365608,13.06460952758789,6.462172512968356,3.0271297898540865,0.09291213905060842,0.1594144806852874,62.262964845919896,squat_7.mp4,219
156.66168386108302,168.82623633197537,142.23483107795158,163.95680265237826,12.980931282043457,5.644003191172077,2.740478235011688,0.07474656794437791,0.14188481448554355,66.66168386108302,squat_7.mp4,222
161.3375153027336,169.93963838264446,148.63912043437392,169.07733202628222,10.468690872192383,4.563725050894108,2.501399402992512,0.05193308976616298,0.12865692936968212,71.3375153027336,squat_7.mp4,225
164.17270379358393,172.8978102364447,154.22125291364048,173.21051232259123,8.030945777893066,3.9192210029148127,1.7706936074253397,0.05177021471586495,0.11598910933550133,74.17270379358393,squat_7.mp4,228
165.8860823460973,175.39372126498887,156.08863900676386,174.64013475381813,7.284429550170898,3.503451217664703,1.1463943976065722,0.0557175597166378,0.11218555637668162,75.88608234609731,squat_7.mp4,231
168.10784284580996,178.03407231461716,160.8328070154428,179.04080022446848,5.146878242492676,2.967903676902807,0.4910667902363738,0.05735352486396614,0.10714567310413697,78.10784284580996,squat_7.mp4,234
179.16350124948832,177.7338457988762,176.34066100620495,170.53464702088453,1.0256837606430054,0.20889701730066962,-0.5640570991019292,0.008011577908526135,0.033476086945150876,87.73384579887619,squat_7.mp4,0
179.7753156540062,178.08377881535785,176.63616987090273,170.54405893583407,1.2353403568267822,0.05622222328241533,-0.47702092514178746,0.009453647342156103,0.03509480338789642,88.08377881535785,squat_7.mp4,3
179.57663845319382,179.68909572643298,176.23360377625588,171.27690080260152,1.1388221979141235,0.10588593537007619,-0.07731388316571741,0.0006260395163816636,0.02852692455821622,89.57663845319382,squat_7.mp4,6
178.13313095085368,179.96573597990397,175.33964862934667,172.30955910647052,0.8779881000518799,0.465750459947907,0.006629833905831647,0.010235190324713534,0.01743187935108861,88.13313095085368,squat_7.mp4,9
179.31243500922375,178.98895635613323,176.86081620765435,171.0060135303304,1.1567809581756592,-0.17180576002173592,-0.2517653941010751,0.0018056232037383844,0.03366117247645503,88.98895635613323,squat_7.mp4,12
178.91609928631334,178.48031624908216,177.01547826887443,170.89832201116207,1.1723945140838623,0.2709196155321771,-0.3781656149508821,0.002438653653413693,0.035164780774942846,88.48031624908216,squat_7.mp4,15
179.77014981494682,178.92826338928177,176.5572979609056,172.01689313885078,0.45161202549934387,-0.05731080848333922,-0.2669159288067966,0.004694118483237982,0.02605129661338256,88.92826338928177,squat_7.mp4,18
179.49062705182874,178.31228383931816,176.1667150210473,172.08968981307743,0.029436705633997917,-0.12729006283091432,-0.42032243826168725,0.006586549056159392,0.023413928079294207,88.31228383931816,squat_7.mp4,21
176.07354590967145,178.88934906565257,171.4107319342769,175.83862818777433,1.1326136589050293,0.9756663391455443,0.2767718446095888,0.01586533801611496,0.025502689202601375,86.07354590967145,squat_7.mp4,24
174.52993923179525,178.63169287573535,170.1456120775787,176.147657198812,1.5338422060012817,1.3619496792272405,0.34089673851219227,0.02322876140005604,0.03466452081944925,84.52993923179525,squat_7.mp4,27
172.9909216050629,177.5388366869789,166.84224761880157,179.2423024136477,3.273293972015381,1.7439831525348852,0.614165575434974,0.025948810189900733,0.07165910638705772,82.99092160506291,squat_7.mp4,30
171.5774095310353,177.85114390924352,164.57296740994394,178.74181161588226,4.699655055999756,2.0949197280059986,0.5358819354695682,0.035908538763879054,0.08254141721567104,81.5774095310353,squat_7.mp4,33
170.83288161396152,178.66016305875883,161.45079306921264,177.14343279383007,6.674334526062012,2.285030714626424,0.3346444726132653,0.044792201527942256,0.09269289625136679,80.83288161396152,squat_7.mp4,36
167.9066397158963,176.42921653902278,155.27818035435723,173.37945705260424,9.133805274963379,2.9922730292721913,0.8919397576710534,0.04950153559852938,0.11015278294496492,77.90663971589629,squat_7.mp4,39
163.89314945340473,175.27507070495668,149.95862631225208,168.6293537463254,11.716719627380371,3.9812298701896935,1.1755352531469183,0.0671166729373265,0.11720923953653493,73.89314945340473,squat_7.mp4,42
161.3430871046261,175.69770605727132,146.36274680279263,168.31965926319543,12.877764701843262,4.597109616396119,1.0741510585611547,0.08518030602752572,0.13954966682057526,71.34308710462611,squat_7.mp4,45
159.49929165085945,174.11283744551386,143.34099127462486,167.13134916982895,13.610952377319336,4.967218995338496,1.4655842921415356,0.08760800054984137,0.153252672113382,69.49929165085945,squat_7.mp4,48
155.90233216971947,172.8344516572558,138.88172300165337,167.39339027425268,14.07101821899414,5.720901131133981,1.7476748376501938,0.10301323320391342,0.18618337590436054,65.90233216971947,squat_7.mp4,51
146.93606397303176,169.12210202409415,130.45753533006513,162.49695335664302,15.382111549377441,7.632805532190093,2.590726968239742,0.14039212042547974,0.21873307468479541,56.936063973031764,squat_7.mp4,54
144.39873812193795,163.44078968996342,124.36326070095308,154.92257278560933,18.201486587524414,8.144573264223501,3.7541933287266827,0.12371414225700543,0.21883897012002643,54.39873812193795,squat_7.mp4,57
141.1285090877057,165.35767060397458,124.17879464045593,158.5364958125817,16.7520694732666,8.80613191390654,3.139845613300892,0.158109325129394,0.24305513237058532,51.12850908770571,squat_7.mp4,60
139.429423843921,158.0697111535439,119.63167623659375,150.7597097444391,18.44031524658203,9.011773639665654,4.266751509774574,0.12531322022016456,0.23024426902437564,49.429423843921,squat_7.mp4,63
135.94101608240845,164.43052744411165,118.12975387903701,157.3675127840015,17.482479095458984,9.416923801597658,2.7921221591825636,0.18969514240411278,0.28485044066122295,45.94101608240845,squat_7.mp4,66
138.37725880325416,169.94591585519623,122.25748284553646,165.39537022503947,16.012367248535156,9.012542979670243,1.8297510726844541,0.2047764141434566,0.29993018959501916,48.377258803254165,squat_7.mp4,69
135.1838072530984,169.8923981667561,120.02223939023308,165.5647102696809,15.218449592590332,9.55718773125898,1.755078400332715,0.227540465608524,0.31893943987063295,45.183807253098394,squat_7.mp4,72
136.78775818819,174.2603463199574,121.38778107977832,171.04583759213818,14.61877727508545,8.962515721598749,0.9913993546163125,0.24094400569340788,0.33961934156463464,46.78775818819,squat_7.mp4,75
139.89097396734348,175.02310792515252,125.6668101008148,171.7288431879804,14.21047306060791,8.517467373552199,0.8537715001532862,0.22312202583434984,0.30976937677320826,49.890973967343484,squat_7.mp4,78
136.10889727834032,166.65458865642097,123.13129982082617,163.31114060997567,14.14635181427002,9.663116678756584,2.3912377866012258,0.20177922898313141,0.2805439077304332,46.10889727834032,squat_7.mp4,81
139.88785181910777,166.43438135615528,125.40221068241833,161.4162136396354,15.835569381713867,9.008695328589493,2.6700063095649282,0.17332421001161125,0.2511275420492429,49.887851819107766,squat_7.mp4,84
141.45474628063397,165.2907837965745,126.20110094752822,161.1309429030844,15.204261779785156,8.717652795497353,3.3000680615045566,0.1554124522038899,0.24313224162158967,51.45474628063397,squat_7.mp4,87
146.19812806023685,165.89663187183388,133.4170005246665,162.79567638135188,13.280885696411133,7.985185226842719,3.305116334296256,0.12623412079000954,0.19836204286426665,56.198128060236854,squat_7.mp4,90
151.13348114717542,168.13880682199581,141.42485979024346,164.76082785137584,11.431939125061035,6.989422960329396,2.90655847284794,0.10652553519748276,0.15243016903158707,61.13348114717542,squat_7.mp4,93
156.11588520820735,171.5371691255499,145.36374740549013,167.7903950647797,11.28300952911377,5.865016774443842,2.1038749850952665,0.09413178795906456,0.14323072645554225,66.11588520820735,squat_7.mp4,96
160.1447762316536,172.79499786441636,150.35546830143963,170.95584256070418,8.971595764160156,4.881877456940691,1.7852792225650609,0.07599105073647666,0.1282268850355099,70.1447762316536,squat_7.mp4,99
164.7685213760739,174.56299835686727,155.90575340370654,174.88913558197288,7.249257564544678,3.770214637485108,1.3471015269650528,0.057728070699130885,0.11477433787731924,74.76852137607389,squat_7.mp4,102
167.22851213025896,176.5085632140668,159.47269682544515,176.99573490395937,5.8129167556762695,3.1801844680651112,0.8691945293660158,0.053995054647578554,0.10415858622128711,77.22851213025896,squat_7.mp4,105
171.47992780370018,177.4560096648696,164.9433633342777,180.0,3.78035831451416,2.123495530330074,0.6349344766276187,0.03425317497833094,0.08729918164061738,81.47992780370018,squat_7.mp4,108
173.18260660515378,178.45756501129677,169.3114260850664,174.97546717464115,1.6335638761520386,1.7019752059092057,-0.38468786532053095,0.030002023840988316,0.03290303058561212,83.18260660515378,squat_7.mp4,111
175.52324057251568,179.2859104116777,170.41552476327064,175.4289386295282,1.3230819702148438,1.1171465586510019,-0.1782538494351184,0.021209542249543845,0.02899230374877214,85.52324057251568,squat_7.mp4,114
177.51887659115613,178.89606448841425,174.18529972349776,173.86697216107927,0.09133385866880417,0.6196904874860012,-0.27528031546105763,0.007728003170050409,0.001829193992585425,87.51887659115613,squat_7.mp4,117
178.9106966945335,178.39867766413045,175.76677192503988,172.42047254151407,0.9745416641235352,0.2718601283667686,-0.3986563070097253,0.002865970316743455,0.019221263482253965,88.39867766413045,squat_7.mp4,120
179.24904695746818,177.19439124777898,176.20728514078075,170.97815984562422,1.6224054098129272,0.18733031063423503,-0.6994391883067764,0.011528649370204362,0.03012295227618944,87.19439124777898,squat_7.mp4,123
179.75450741730629,178.06214681105513,177.22977857469272,171.04228374123645,1.9645731449127197,-0.060730748788979314,-0.4815097512802372,0.009459373040647118,0.03553253621499728,88.06214681105513,squat_7.mp4,126
179.88635908459844,178.0085538625446,177.78159141018222,171.1180954601057,2.046970844268799,-0.028503893131852493,-0.4964905290743714,0.010493612253891785,0.038197202237982106,88.0085538625446,squat_7.mp4,129
179.88635908459844,177.9866604973691,178.02513309342572,170.6641534546816,2.3164479732513428,-0.027469499383183736,-0.501602280245859,0.010616606915203585,0.04222085348027201,87.98666049736909,squat_7.mp4,132
179.37756011301457,179.26911852805367,178.77347144296166,170.7895961386963,2.3128409385681152,-0.15542018652935138,-0.1817161066968636,0.0006047265535640327,0.04567916948148603,89.26911852805367,squat_7.mp4,135
178.9517079517313,178.0664943452723,178.50760339550612,170.30973364905867,2.048668622970581,-0.261879813582454,-0.4813662792462323,0.0049589270281663695,0.047003797551496675,88.0664943452723,squat_7.mp4,138
179.49139592214703,177.69811223182765,178.30557180336993,169.67299345075637,2.2171573638916016,-0.12699087694726544,-0.5733362425117201,0.010041077071873841,0.04961557529446822,87.69811223182765,squat_7.mp4,141
177.91916326601026,178.92716844476786,173.678356394273,172.0584347712488,0.556888222694397,0.5194745031070449,-0.26750220014954407,0.00564951963454444,0.009370837379286361,87.91916326601026,squat_7.mp4,144
175.023698439404,178.93283774930083,170.96360173111276,175.31759159176997,0.31040796637535095,1.2382434959620736,0.2661739240661108,0.02208824479971038,0.025147134436477588,85.023698439404,squat_7.mp4,147
172.99856606055016,179.13883498673349,168.58580226448822,176.45812076597997,1.1546152830123901,1.744109831784546,0.21498736489312006,0.0348742786646445,0.04563081959160662,82.99856606055016,squat_7.mp4,150
171.8765052713565,178.251347755004,165.59886152005012,179.26325210302696,2.766317367553711,2.024062260963576,0.43689826413384,0.036414369371336665,0.07924553056536424,81.8765052713565,squat_7.mp4,153
169.5412713478282,178.16175949609257,164.25531786159397,179.5248105023755,3.2570886611938477,2.6034928866503284,0.4590318529783812,0.049585349471020244,0.08883289859392508,79.5412713478282,squat_7.mp4,156
170.70362460900583,177.50895648101292,160.176735296415,176.73667182575323,6.189918518066406,2.312806246650014,0.6225552833257949,0.03908722568670083,0.09830381444768949,80.70362460900583,squat_7.mp4,159
168.80426403361733,177.39022942766522,155.1934398475117,172.46800142781805,9.012127876281738,2.7640096349745824,0.6521815948922025,0.04960197551500409,0.1054415283841149,78.80426403361733,squat_7.mp4,162
168.77985923844207,177.15366159507374,153.0926807518723,171.00719325373117,10.520401954650879,2.7720068263427553,0.7106815235548265,0.04841278368430594,0.11054933333018904,78.77985923844207,squat_7.mp4,165
164.86622907668584,176.6686286230006,147.23285709924147,167.89525076826712,12.940593719482422,3.731329807788129,0.8314049209981912,0.06911387977090563,0.1311364689671724,74.86622907668584,squat_7.mp4,168
161.53175725264137,174.19103304280327,143.04349287210874,165.46558509228535,14.601247787475586,4.5073708763464735,1.4475246781269384,0.0754150516801163,0.14535774680033503,71.53175725264137,squat_7.mp4,171
156.26959195328212,173.85439065040285,136.94422559936578,163.83620395352986,16.111831665039062,5.670704955948747,1.5267663962160671,0.1065345120244193,0.178814681488011,66.26959195328212,squat_7.mp4,174
150.75920637026732,171.27089049854854,131.82394423606735,162.4976687367247,16.337139129638672,6.815804784115765,2.1365042286275413,0.127389857828332,0.20843677901080898,60.75920637026732,squat_7.mp4,177
146.89871268445944,168.35633805074372,129.99814291970307,163.782081807952,14.271183967590332,7.494921256630515,2.6041764370816636,0.13612866988962213,0.22999464255681523,56.89871268445944,squat_7.mp4,180
144.71336078840446,164.68980288143203,124.90336080602702,157.40139323574394,17.069263458251953,7.97707086636131,3.4867765427926227,0.1291288806234987,0.23023368869592878,54.71336078840446,squat_7.mp4,183
140.2464512645349,163.69564812824495,120.96454741050961,156.868354057152,17.12824821472168,8.883064447642214,3.4388976427801468,0.1543004204455863,0.2584561184581044,50.2464512645349,squat_7.mp4,186
136.79872726534504,161.6322925584139,117.90017363384953,155.03144874550648,17.168434143066406,9.27934268828904,3.6526852739294338,0.16642750681704965,0.27209214372416735,46.798727265345036,squat_7.mp4,189
132.29452731313847,162.9274794228935,114.61927065516379,157.32656518530374,16.51666259765625,9.991457409975219,3.2566645888084884,0.20752485526693806,0.31408676950798003,42.294527313138474,squat_7.mp4,192
134.9487646002323,172.54248997367966,115.93494756035138,166.93338368654256,16.629505157470703,9.042827165956279,1.3771872315750622,0.2445189891695663,0.36058074017256164,44.948764600232295,squat_7.mp4,195
128.88963642577917,173.91791199242724,113.30632937881104,170.50093996739864,14.670580863952637,9.809351921151903,1.018993912663724,0.29740523842199384,0.4030524709274959,38.88963642577917,squat_7.mp4,198
129.4859285736812,174.76598483829855,113.37267310136446,171.84981913853858,14.095745086669922,9.735533150087164,0.7169432577464766,0.29764845687793434,0.4100458247730933,39.48592857368121,squat_7.mp4,201
131.7038360684971,173.63403509792207,114.05036826013715,169.55482548429003,15.358951568603516,9.43117219988038,0.9120963804479568,0.27464787691908427,0.3914205977071853,41.70383606849711,squat_7.mp4,204
137.08863576205047,165.90925101807022,116.99333802869857,158.88444794689457,17.6291561126709,8.841890695978465,2.3846072672710528,0.1902364109683331,0.3036932442389696,47.08863576205047,squat_7.mp4,207
134.98606227802046,156.13488718526148,112.8706894515908,146.30779918706637,20.073959350585938,9.367123218265654,4.391482350809556,0.14529236007392488,0.2580238036814319,44.986062278020455,squat_7.mp4,210
142.52119734856794,162.96022050628957,123.20170406885563,155.46897331556596,17.6145076751709,8.445498394478214,3.5258188903661574,0.13381516493702258,0.23157993908485866,52.52119734856794,squat_7.mp4,213
148.95367582676303,160.53962241938297,128.90444601844203,153.23320161289772,16.909175872802734,7.095653180400159,4.2844886355478975,0.07487041986547578,0.17246018600286406,58.95367582676303,squat_7.mp4,216
152.2629648459199,167.09927947169626,138.12627792352274,162.0527172365608,13.06460952758789,6.462172512968356,3.0271297898540865,0.09291213905060842,0.1594144806852874,62.262964845919896,squat_7.mp4,219
156.66168386108302,168.82623633197537,142.23483107795158,163.95680265237826,12.980931282043457,5.644003191172077,2.740478235011688,0.07474656794437791,0.14188481448554355,66.66168386108302,squat_7.mp4,222
161.3375153027336,169.93963838264446,148.63912043437392,169.07733202628222,10.468690872192383,4.563725050894108,2.501399402992512,0.05193308976616298,0.12865692936968212,71.3375153027336,squat_7.mp4,225
164.17270379358393,172.8978102364447,154.22125291364048,173.21051232259123,8.030945777893066,3.9192210029148127,1.7706936074253397,0.05177021471586495,0.11598910933550133,74.17270379358393,squat_7.mp4,228
165.8860823460973,175.39372126498887,156.08863900676386,174.64013475381813,7.284429550170898,3.503451217664703,1.1463943976065722,0.0557175597166378,0.11218555637668162,75.88608234609731,squat_7.mp4,231
168.10784284580996,178.03407231461716,160.8328070154428,179.04080022446848,5.146878242492676,2.967903676902807,0.4910667902363738,0.05735352486396614,0.10714567310413697,78.10784284580996,squat_7.mp4,234
177.97338686975218,177.7888377003762,174.74263898128694,171.31155706603005,3.296351432800293,0.4901096622602702,0.5356604062272986,0.0010374860321326282,0.019829737390543042,87.7888377003762,squat_8.mp4,0
177.73186022128414,178.09957216176346,173.76551875901364,171.28142812596164,2.8162288665771484,0.5512316115141451,0.46185358040702945,0.0020667760462683787,0.014398566081966237,87.73186022128414,squat_8.mp4,3
175.9924898748417,177.2409655918525,172.77941224394758,172.93061699149607,2.8080525398254395,0.9706969655871658,0.6691004089368605,0.007068841853392949,0.0008747489789803785,85.99248987484171,squat_8.mp4,6
172.206381039167,175.66211720493916,171.2289999830455,172.64160550256517,2.8331687450408936,1.8943288677241483,1.0439421749399642,0.019868060391873676,0.008215913177718725,82.20638103916701,squat_8.mp4,9
170.6021276974208,176.70633630487075,170.29100447849777,174.00475049246538,2.6517677307128906,2.261007886523371,0.8009926223951342,0.03515151077579078,0.021572999145927977,80.6021276974208,squat_8.mp4,12
160.22448420661192,176.1896689280166,161.80128695886927,175.3805149182389,1.5336823463439941,4.894205392040853,0.9081777079819905,0.09491387073132815,0.08054543800272365,70.22448420661192,squat_8.mp4,15
160.4554642200026,177.3194125856581,161.64175617327874,176.58098059174768,1.1602388620376587,4.885188957972461,0.6335746329229698,0.09985318342878541,0.08833956322012539,70.4554642200026,squat_8.mp4,18
155.2422013415679,175.87507232519224,156.45815503643564,178.43351955047828,0.019152067601680756,6.211003801387051,0.9721349814529938,0.124625760263957,0.13123864330846124,65.24220134156789,squat_8.mp4,21
153.71837758001607,177.27602329559136,156.23326367435627,179.49719992382674,0.3293062150478363,6.6052025446846825,0.6244255313839567,0.1423446780565246,0.13858698433344302,63.71837758001607,squat_8.mp4,24
150.9227082758636,174.2122278066541,152.58315574745896,179.79064326571418,1.1406865119934082,7.320988061901506,1.3699035904238968,0.143260640098545,0.16371619904478024,60.92270827586361,squat_8.mp4,27
152.01553844094678,172.48255327863663,154.02668047448935,178.43852460342038,0.7892762422561646,6.9955575222976245,1.8301152256163515,0.1261456714844198,0.14685352786442937,62.015538440946784,squat_8.mp4,30
154.1188631283918,174.16927631815474,153.44822256084595,177.7103888737223,1.6502461433410645,6.465544541638763,1.4185020162128237,0.12215131027009057,0.14652897720384472,64.11886312839181,squat_8.mp4,33
148.8168548517236,169.010577568476,148.68835124192248,176.9336264880122,2.2512240409851074,7.841192076186951,2.6859190655322425,0.12707350377518253,0.17348506659778282,58.816854851723605,squat_8.mp4,36
146.64893701338377,171.43557760475014,146.79418374782347,178.0889946295756,2.501422166824341,8.394087063633116,2.117028818631761,0.1558494013524875,0.1926527008141903,56.64893701338377,squat_8.mp4,39
148.11072709382736,171.9601185478987,146.241639242414,178.38141698987317,2.847928047180176,8.006545035169767,1.931550511956411,0.14902570339547483,0.19801290838973085,58.110727093827364,squat_8.mp4,42
143.6567122541784,173.09697716219907,143.40119605277206,178.0917617124755,2.6485772132873535,9.132514461545327,1.6880156321333204,0.1858874317281969,0.2158091791549244,53.65671225417839,squat_8.mp4,45
143.02848223571138,169.97326125717805,142.35931334217452,175.62793722696765,3.709132671356201,9.305572279755264,2.5020859538131757,0.17217015292490717,0.20924501737253964,53.02848223571138,squat_8.mp4,48
142.82814733226266,170.4561601210052,142.08290719061216,176.38946417360103,3.6475086212158203,9.363017449331004,2.3825593968816783,0.17637661466885815,0.21544447850237536,52.82814733226266,squat_8.mp4,51
139.41672883950804,171.4194026297211,137.7185975234148,175.62184890321592,4.305627346038818,10.166554107722321,2.1459807900638364,0.2059134736939752,0.24193015496118697,49.41672883950804,squat_8.mp4,54
137.45687279486037,170.98813983629367,136.44241306986132,174.43499883446952,4.419186592102051,10.559480490923141,2.2535934933309782,0.21742135984238325,0.24442165503037583,47.456872794860374,squat_8.mp4,57
134.4532291218725,172.26408865796563,135.6369887550066,177.3597316566741,3.68550968170166,11.367507544482372,1.9347944426522572,0.24655184004467445,0.2666017896084667,44.45322912187251,squat_8.mp4,60
137.22261111706325,168.56824831691293,133.59087529571266,173.6503492786504,5.477530002593994,10.591754125972553,2.8627922256948932,0.20501356553214808,0.26076887330750725,47.22261111706325,squat_8.mp4,63
134.0000876994816,176.17412924803253,132.27531011810024,178.44744829970534,3.2429237365722656,11.149437985667888,0.9509932674113627,0.27193776428997873,0.2971918659367776,44.00008769948161,squat_8.mp4,66
130.05359135787796,174.49326890683167,128.49139295082898,179.58598537538776,3.879242420196533,12.118703579996563,1.372577565890196,0.2918413114509019,0.331699735320753,40.05359135787796,squat_8.mp4,69
128.65556723502033,174.89515787691707,127.24727149481146,179.52152761532744,4.22331428527832,12.419195099021787,1.2274430994354377,0.3046580806212565,0.34080555957549,38.65556723502033,squat_8.mp4,72
126.07003638669732,178.91447568583357,125.58661624185612,178.26426571112466,3.8370203971862793,12.575601075187691,0.24482033152862462,0.34653851069374214,0.3467335630601863,36.070036386697325,squat_8.mp4,75
121.4961778840029,177.13925570662738,117.43299862974189,178.8146880821495,5.513317108154297,13.552758804360597,0.6475785481876205,0.3726488659004883,0.4143943882478509,31.496177884002904,squat_8.mp4,78
121.42588580002122,170.24363197836834,117.66417525660489,174.09999938260282,5.524176120758057,13.371128013042947,2.2545897890927082,0.33474698727646157,0.3868591762219322,31.42588580002122,squat_8.mp4,81
120.12186718510506,170.53296507286373,114.6964603509008,175.50450982350645,6.315065860748291,13.876518568896081,2.124776353555979,0.34687947553554954,0.4190754389005713,30.12186718510506,squat_8.mp4,84
117.74569206561077,172.28265686307128,110.89604843879067,174.89527302161054,7.178216934204102,14.137327726890156,1.710542628170408,0.37608023490745834,0.44787381405273,27.74569206561077,squat_8.mp4,87
112.15723811035637,169.5689440340839,105.92000353771503,172.50626650405232,7.37322473526001,15.346597438543888,2.343350066669205,0.4075709647340672,0.47830445709270564,22.157238110356374,squat_8.mp4,90
104.27933348430521,173.25933305296874,96.99690704841586,174.66380456765256,7.385539531707764,16.27962210115931,1.263122354412897,0.49708388693580025,0.5717933745900031,14.279333484305212,squat_8.mp4,93
109.29452046743822,173.67017361290542,102.82662105880878,176.21327881555254,7.250052452087402,15.663273011170158,1.3383537879112937,0.45500837731500654,0.5259940086689133,19.29452046743822,squat_8.mp4,96
108.7683423806647,174.95748451299113,102.03096658224231,177.2867515060701,6.833651065826416,15.413859457669657,1.068610077970001,0.4665711462152861,0.5388543586771966,18.768342380664706,squat_8.mp4,99
109.818333635009,174.65367898333471,102.69734030007308,176.63750879207925,7.254454612731934,15.422584164961844,1.137215338652762,0.45582934329157215,0.5294016749597424,19.818333635008997,squat_8.mp4,102
110.86219115921043,176.6793417565749,105.10241448693766,178.43326971743988,6.834193706512451,14.745746481272416,0.7318311804951353,0.4577923052016343,0.5172601497146584,20.862191159210425,squat_8.mp4,105
111.07752168518175,174.87948399222535,105.49761505543086,175.4965869331709,7.889120101928711,15.739142067220396,1.1010159483188056,0.44623465094623116,0.4982236030662262,21.07752168518175,squat_8.mp4,108
122.2371195444469,178.0102252432503,117.64696009287599,179.3556265128461,6.414095878601074,13.589282881781843,0.45798914108012173,0.37151439749277493,0.4155429562092658,32.2371195444469,squat_8.mp4,111
124.00445672790633,179.75933725872721,121.17504965850324,174.488182203171,4.830442905426025,13.263447003379229,-0.055035972255457366,0.3670936539150169,0.3606341729336859,34.00445672790633,squat_8.mp4,114
128.37773789827475,174.90395471579774,126.6739147554894,178.63154986772227,5.335220813751221,12.55938990219629,1.2507256221529999,0.3068184987791389,0.3403649205975113,38.377737898274745,squat_8.mp4,117
130.2733002601543,173.5170177015613,127.74969098354691,177.1311926872004,5.683711528778076,12.22064351158072,1.5898572393609745,0.28469450726113454,0.3239396390426531,40.273300260154286,squat_8.mp4,120
135.59847482655027,172.68777282438214,133.25926070435835,177.60273104969804,5.32052755355835,11.08677437492577,1.8288534583405458,0.24061597479902821,0.2852936127387536,45.59847482655027,squat_8.mp4,123
141.13717856927704,171.32957102679373,137.0889617906351,174.8830437745687,6.211475372314453,9.783274586654795,2.1647998470511136,0.19325187397729027,0.2422914960940907,51.13717856927704,squat_8.mp4,126
143.13524351742333,173.59528257420973,140.00358059109178,175.7041296252476,5.591059684753418,9.295142414628247,1.6002026282985666,0.1923404064183825,0.22616203455843342,53.13524351742333,squat_8.mp4,129
150.11187472173708,174.76980474564039,148.53812471481677,179.06142218280772,3.1184074878692627,7.508255832496328,1.3039079485027134,0.1517963713086462,0.18634517512034005,60.11187472173708,squat_8.mp4,132
154.6736721209071,177.57787612194244,153.88317861919379,177.3481915926945,1.6650612354278564,6.355278586497791,0.5996192100484202,0.13787266980194285,0.14168351843299243,64.6736721209071,squat_8.mp4,135
154.09180624832948,173.44877586185802,155.07883542456008,179.6246558000751,1.9492144584655762,6.506393026914486,1.6203090824623148,0.11819585523614105,0.1466720307320676,64.09180624832948,squat_8.mp4,138
156.09886976410348,173.37776887409333,156.24909786015758,179.96043531735157,1.4711964130401611,5.97192216541901,1.6436653812955393,0.10488694543811991,0.14105095255984354,66.09886976410348,squat_8.mp4,141
156.27023690554083,174.9439812553786,157.88922802664752,177.10423009746793,0.24426579475402832,5.939791909837024,1.2557980930660095,0.11275931603132557,0.1147186704983429,66.27023690554083,squat_8.mp4,144
159.85142137054908,176.44003503272236,160.70114255958006,176.4101307175637,0.23382499814033508,5.017420171295493,0.8815054535122483,0.0986561706895145,0.09319764364610297,69.85142137054908,squat_8.mp4,147
164.41030974371006,175.93644118727582,164.83786932514798,175.06409810625942,1.1207164525985718,3.890019941789145,1.0115812663880885,0.06773169664195197,0.060171636300840825,74.41030974371006,squat_8.mp4,150
169.78182437748097,176.5977427163608,167.8605949142212,174.83433966948687,1.343444585800171,2.542988985645127,0.84647097201054,0.03935519866870934,0.04069943294456391,79.78182437748097,squat_8.mp4,153
170.2929892089711,175.73855187398337,169.48861279607732,172.959144668924,2.296832799911499,2.4181212672696977,1.0568312957512032,0.031474371659702495,0.020268971235423466,80.29298920897111,squat_8.mp4,156
174.07943672064178,177.5683593745499,171.64644790005462,171.4979955065123,2.7138428688049316,1.4681509245149316,0.6051074876343224,0.019843278943592047,0.0008652472531308797,84.07943672064178,squat_8.mp4,159
174.27799376881765,177.31030030981577,172.6589044553814,171.04636420755682,2.8551487922668457,1.4222936817117522,0.6676351402970324,0.01724918941880323,0.009383273373129117,84.27799376881765,squat_8.mp4,162
173.07867407416074,176.45867360935432,172.777836506521,170.99511926499363,3.316926956176758,1.7141795519490468,0.879672513798365,0.019339847702077098,0.010371480429730085,83.07867407416074,squat_8.mp4,165
175.93427308468316,176.9520684381335,174.72132596792204,170.2402871613546,3.555331230163574,1.007784763359747,0.7566901243610837,0.005768403214804112,0.02597992724998161,85.93427308468316,squat_8.mp4,168
178.2255733054392,178.4172387654971,175.68080453549365,169.21664552519522,3.601957321166992,0.4394516180303781,0.3909270542697936,0.0010748314760358527,0.03748452770039897,88.22557330543921,squat_8.mp4,171
177.69513819876178,176.59159087327086,175.95586105534838,169.55904587547812,3.9077320098876953,0.5673152931493249,0.8437205900342529,0.006229684800113141,0.03702772327071218,86.59159087327086,squat_8.mp4,174
178.29773621323613,175.48039267234694,176.7482710365966,170.13418475844526,4.144358158111572,0.4190428372650661,1.1216423006538832,0.015927177577449207,0.03813445256544961,85.48039267234694,squat_8.mp4,177
179.77014981494682,176.71711271682972,176.45143817863973,170.23784978698723,3.3714396953582764,-0.0569558069261798,0.8129144391012124,0.017128449843814324,0.03584528629721356,86.71711271682972,squat_8.mp4,180
178.42566885004163,177.29542258975204,176.66856985468812,169.2413151956641,3.8974568843841553,0.3895069103474221,0.6716520213678904,0.00635467666938097,0.04294329234299199,87.29542258975204,squat_8.mp4,183
178.14427625920115,176.64508664151478,176.45557879568653,169.31555141216208,4.041089057922363,0.4555267290034347,0.8315007166573631,0.008451153131701424,0.04129915287741038,86.64508664151478,squat_8.mp4,186
178.49897399432615,176.88428995212547,176.8153705014094,169.044650308302,4.059016227722168,0.3685665274770486,0.7720610663926354,0.009087001026834938,0.0449356371107302,86.88428995212547,squat_8.mp4,189
178.86650344151704,176.3822587377708,177.17173744992968,168.92667552137158,4.086355686187744,0.2807140985174206,0.8958103827878103,0.013985944319729887,0.047645765594665046,86.3822587377708,squat_8.mp4,192
179.53437771291527,176.26356450675323,177.6235595850011,168.80004347054094,4.179969787597656,0.11478077807904286,0.9240077542131118,0.0183857904616135,0.050940617421183484,86.26356450675323,squat_8.mp4,195
179.56299274602398,177.28019435111324,177.55463384106088,168.55226943129733,4.087908744812012,0.10723077131105209,0.6729532564370965,0.012794406492560194,0.05202071570747845,87.28019435111324,squat_8.mp4,198
179.75610673696684,176.8820915992372,177.64898037696375,168.83074874469798,4.0371994972229,0.05935992267179654,0.7719663677870424,0.01611725917827952,0.050901861731537885,86.88209159923721,squat_8.mp4,201
178.7127519489165,177.22131217580545,177.18644864447484,169.03310159535155,3.871044397354126,0.3181117843634545,0.6860452165279711,0.008380427295030848,0.047099287394229805,87.22131217580545,squat_8.mp4,204
178.12257289803281,177.1649627713121,175.77714789048102,169.77299187785766,3.47324800491333,0.46233965745774697,0.6994402392477435,0.005390620444461228,0.03475128684160637,87.1649627713121,squat_8.mp4,207
176.89278386820044,177.24380494526733,173.99550428159523,170.90320241655323,2.843315601348877,0.7664321429323085,0.6794301224246582,0.0019824050276362735,0.017931652424248445,86.89278386820044,squat_8.mp4,210
174.97281634920122,175.7327649876001,171.93288995972586,172.74836801811537,1.894752860069275,1.2467759187882639,1.0508915218232866,0.004333826884089697,0.004731780678611433,84.97281634920122,squat_8.mp4,213
168.3804922808084,174.98667061947646,167.71991607765585,173.74714908492595,1.3924405574798584,2.898334376097882,1.2284013091226826,0.03847880084320421,0.035301987349206684,78.3804922808084,squat_8.mp4,216
162.23302506095308,173.44225370951196,163.15117589751637,175.1061111806579,0.864098072052002,4.454303492637573,1.6068942645440794,0.06678614338009534,0.070685455952224,72.23302506095308,squat_8.mp4,219
163.54019929486728,173.77379485202644,164.10546480221151,175.45390355742265,0.6505575776100159,4.1091942759492905,1.5383082071014682,0.060676970032275804,0.0668421478696578,73.54019929486728,squat_8.mp4,222
159.2681833372488,170.80016360857434,159.20773067162372,177.57270986842613,0.6132208108901978,5.201668505879448,2.2427970833144384,0.06987631730235794,0.10906202965559961,69.26818333724879,squat_8.mp4,225
156.33017074503093,173.16307120444108,156.7778162606968,177.63139682020923,1.449968934059143,5.956277285977812,1.6714811840597308,0.1021744807864162,0.12471893562613766,66.33017074503093,squat_8.mp4,228
153.56997157658176,172.26091795357584,155.31069259160353,177.42876478991306,0.8944360613822937,6.6594405009690085,1.8968677703949233,0.11472789706308135,0.13294529222573756,63.569971576581764,squat_8.mp4,231
152.9859446814,173.02374224121698,153.12176387406205,178.20888762835358,1.5790801048278809,6.7925835281499625,1.6981224561503416,0.12292762064197939,0.15143255621255808,62.985944681400014,squat_8.mp4,234
147.56502003055496,172.28827925447783,149.63258436864555,179.79157999061712,2.566706418991089,8.197165741302891,1.890341604128773,0.15459124091692472,0.1831012954415866,57.56502003055496,squat_8.mp4,237
143.9712623141692,174.16198607477494,146.794832289957,178.21315396629032,2.156496047973633,9.13334446776334,1.4429317020664856,0.1897992360967886,0.19333876707609313,53.971262314169195,squat_8.mp4,240
136.4909787107119,171.13824617411518,139.47041365005612,179.19764939945026,2.618083953857422,10.921314153931737,2.2058964867953827,0.22525341977099117,0.24933302301600493,46.490978710711886,squat_8.mp4,243
140.0217715952786,172.9643286760956,142.54226653724155,179.26245575107575,2.2796692848205566,10.100961011555949,1.727834586343286,0.21050492052045877,0.22821411042523587,50.02177159527861,squat_8.mp4,246
135.61610260288407,172.00814384236838,138.44703550149612,179.29279411486064,2.928161859512329,11.206670580398251,1.992316026439923,0.23660060388615023,0.25710191046984715,45.61610260288407,squat_8.mp4,249
133.72413626162952,174.0138144506313,137.27584913593992,178.03228122283204,2.5254714488983154,11.611606742084033,1.4893799253835964,0.26184406632819335,0.2585181171225594,43.724136261629525,squat_8.mp4,252
137.27024711590184,171.71136563392568,138.15169694929207,179.77100269540782,3.45086932182312,10.75096263843732,2.064093516021117,0.22293312674181498,0.2618202839408959,47.27024711590184,squat_8.mp4,255
139.8346155446117,169.70669090440543,138.40607986263836,177.51422653466383,4.20252799987793,9.989912768479984,2.573346459229276,0.19300865336829484,0.24758235466410927,49.834615544611694,squat_8.mp4,258
133.4649615958507,170.93958493236448,129.90983414109837,179.45070387604082,4.288555145263672,11.364443714840544,2.2643912267075996,0.24621592393358208,0.32027918009502415,43.464961595850696,squat_8.mp4,261
132.7840209789701,174.6560985783664,131.02925168365343,177.4786538201794,4.016385078430176,11.545330691843239,1.3257003049410558,0.2723917597982023,0.3011229294799961,42.78402097897009,squat_8.mp4,264
128.825703188538,175.55137419371977,124.43986562403518,179.62361461763706,6.010011196136475,12.499320932027471,1.0928046501218867,0.30702490086991957,0.36297518498269754,38.825703188538,squat_8.mp4,267
129.83317868685518,178.50406717057,123.82335982633992,177.4141143058512,6.45866060256958,12.117344464071548,0.3580695614203595,0.31569905444521096,0.3558040355629473,39.83317868685518,squat_8.mp4,270
125.72827358882424,176.0486880100323,121.34494123811135,178.2752369226336,6.065807819366455,13.144356340972326,0.944029187892612,0.3334940755888287,0.38001643303195287,35.72827358882424,squat_8.mp4,273
128.97188519490967,168.51265823338963,127.89505556827484,178.102251534388,3.903898239135742,12.095419459720622,2.556283417473766,0.2658341343237566,0.3281544954855992,38.971885194909675,squat_8.mp4,276
124.01935438003584,175.70075719649938,122.18930815220928,177.888075012344,3.8789610862731934,12.769882480096765,0.874014778491455,0.3448644306491018,0.3712293560597415,34.019354380035836,squat_8.mp4,279
119.19809326611916,171.66254195897696,118.76808551301303,179.17385803226395,3.453843355178833,13.599237024520168,1.8184049967653677,0.36075317412585395,0.40548686633690634,29.19809326611916,squat_8.mp4,282
114.5610665502497,179.60188726744522,112.4281422150488,171.92386644070066,4.03199577331543,14.459860381214783,0.07353567273775448,0.44220946161360636,0.41846529944988237,24.561066550249706,squat_8.mp4,285
114.45367346029288,178.09607405414258,111.76304727626258,171.18235980350212,4.641315937042236,14.67807729597133,-0.3356468995766432,0.4350877150609016,0.42000549251176733,24.453673460292876,squat_8.mp4,288
113.64218031950814,179.05188037733814,111.91025447757741,173.79088518089173,4.49212646484375,15.152340032198653,0.17511240022806052,0.446949281458616,0.4331843462527817,23.642180319508142,squat_8.mp4,291
114.8269910983471,176.62205626369777,113.97461760858185,170.3333786949487,4.218045234680176,15.153630106155969,-0.6416284652445088,0.42405398627765895,0.3964627222527893,24.826991098347094,squat_8.mp4,294
126.4105153335633,178.63843119202258,124.09966383710538,172.7569224594341,4.401316165924072,12.569757879837212,-0.31053364942867023,0.34242318456312837,0.32781660147316677,36.410515333563296,squat_8.mp4,297
130.3713656979823,174.3626753018559,127.659618762113,177.90622386084218,5.883669853210449,11.942739563317815,1.3820308813014572,0.28871936630077344,0.3288757975526056,40.3713656979823,squat_8.mp4,300
129.98639718378053,179.43594077175226,129.87540490201178,175.97410955403822,4.459929466247559,12.469156963895475,0.13976114902951697,0.31962491082384714,0.3014469696576925,39.986397183780525,squat_8.mp4,303
129.17958087288255,177.1871444674113,129.43735953186703,178.57866052376008,4.458878993988037,12.73690792047196,0.7025119989221794,0.313399332392934,0.3190827605851035,39.17958087288255,squat_8.mp4,306
129.15575056597206,175.6976605342379,130.79391617364885,174.96666245492685,3.813900947570801,12.616987936400458,-1.0684881341280459,0.3053396043711436,0.28893683076742915,39.155750565972056,squat_8.mp4,309
135.82085153508143,176.0997165293149,135.8366427962979,178.62171814191393,5.261969566345215,11.120702121474698,0.9720505470283358,0.25826360373848667,0.2721191779920452,45.82085153508143,squat_8.mp4,312
141.11246422764304,172.81154495014053,140.24668090095918,176.24016009941468,4.963346004486084,9.71359101594943,1.7985590183308116,0.20195384740098327,0.2274564028297972,51.112464227643045,squat_8.mp4,315
144.57607113479168,173.83992491613398,142.4281153222843,178.43252045718322,5.171412944793701,8.944986880633268,1.5350320878005972,0.18380894266795575,0.22442394684803466,54.576071134791675,squat_8.mp4,318
144.87182501333228,175.23634021682892,146.60169412617785,179.23612953148506,3.9320180416107178,8.931241153435307,1.178579404245108,0.18971409355749627,0.20031090951303518,54.871825013332284,squat_8.mp4,321
149.92437200154404,176.58355844180332,151.36062946106426,178.38190068646594,3.3812482357025146,7.614439153126791,0.8469214102426507,0.1632988601781293,0.16389315150406641,59.92437200154404,squat_8.mp4,324
155.99056873089455,176.21426144125957,156.2381281532401,178.02959763663807,2.6268298625946045,6.037389011392135,0.938872088763334,0.12175435679177066,0.13038332930231,65.99056873089455,squat_8.mp4,327
158.4782014399303,177.09990692648728,159.71388165490933,177.0191536494819,1.492870569229126,5.397594235837914,0.7188751062025096,0.11098283840508417,0.10278333385929533,68.4782014399303,squat_8.mp4,330
160.0282461951774,179.70925984087398,160.38764074327827,174.8132930957874,1.0565701723098755,4.966268518457899,0.07149657386944201,0.11586011727305807,0.08607167162269945,70.02824619517739,squat_8.mp4,333
164.4113009589649,179.0483782679822,163.53842761383297,174.2873524782809,0.6617076992988586,3.8813489643539385,0.23443380620614748,0.0852331624018411,0.06363590642204425,74.41130095896489,squat_8.mp4,336
167.1956792259361,179.6567886991192,166.81208127650933,171.78520113729164,0.5466260313987732,3.1722011109833637,-0.08388794743696383,0.07185250575109413,0.02937483623808083,77.19567922593609,squat_8.mp4,339
171.9141245062724,179.98021765897056,168.97030589032562,171.62792141658883,0.528104841709137,2.0032880704601053,0.004816394400142712,0.04584383541415663,0.015605574622491654,81.9141245062724,squat_8.mp4,342
172.62299028858968,179.64118024861136,170.16096886974316,171.6177245821103,0.878538191318512,1.8255182078431567,0.08875477791255963,0.039846175382066154,0.008524555452268734,82.62299028858968,squat_8.mp4,345
172.97649535610714,179.69738802097828,170.31671557904014,170.9041744886673,1.2788581848144531,1.7451637327364216,0.07461117568993235,0.038113923268228184,0.0034432763451886293,82.97649535610714,squat_8.mp4,348
173.85206237467403,179.17789445675626,171.34292439758164,170.23452706555858,1.543950080871582,1.529093132657942,-0.20174101847236184,0.030172125503928733,0.006489874125328015,83.85206237467403,squat_8.mp4,351
175.16863820724504,179.40652711901373,172.67313704496038,169.71923602172652,2.0256423950195312,1.1934986207371185,-0.14666340420621446,0.023904036865465415,0.017254479104057287,85.16863820724504,squat_8.mp4,354
179.02101202383844,179.8344890035689,174.26430886053905,169.34938692721286,2.1842591762542725,0.24256709544562893,-0.04084690978267024,0.004533730024488817,0.028607252816617072,89.02101202383844,squat_8.mp4,357
177.97338686975218,177.7888377003762,174.74263898128694,171.31155706603005,3.296351432800293,0.4901096622602702,0.5356604062272986,0.0010374860321326282,0.019829737390543042,87.7888377003762,squat_8.mp4,0
177.73186022128414,178.09957216176346,173.76551875901364,171.28142812596164,2.8162288665771484,0.5512316115141451,0.46185358040702945,0.0020667760462683787,0.014398566081966237,87.73186022128414,squat_8.mp4,3
175.9924898748417,177.2409655918525,172.77941224394758,172.93061699149607,2.8080525398254395,0.9706969655871658,0.6691004089368605,0.007068841853392949,0.0008747489789803785,85.99248987484171,squat_8.mp4,6
172.206381039167,175.66211720493916,171.2289999830455,172.64160550256517,2.8331687450408936,1.8943288677241483,1.0439421749399642,0.019868060391873676,0.008215913177718725,82.20638103916701,squat_8.mp4,9
170.6021276974208,176.70633630487075,170.29100447849777,174.00475049246538,2.6517677307128906,2.261007886523371,0.8009926223951342,0.03515151077579078,0.021572999145927977,80.6021276974208,squat_8.mp4,12
160.22448420661192,176.1896689280166,161.80128695886927,175.3805149182389,1.5336823463439941,4.894205392040853,0.9081777079819905,0.09491387073132815,0.08054543800272365,70.22448420661192,squat_8.mp4,15
160.4554642200026,177.3194125856581,161.64175617327874,176.58098059174768,1.1602388620376587,4.885188957972461,0.6335746329229698,0.09985318342878541,0.08833956322012539,70.4554642200026,squat_8.mp4,18
155.2422013415679,175.87507232519224,156.45815503643564,178.43351955047828,0.019152067601680756,6.211003801387051,0.9721349814529938,0.124625760263957,0.13123864330846124,65.24220134156789,squat_8.mp4,21
153.71837758001607,177.27602329559136,156.23326367435627,179.49719992382674,0.3293062150478363,6.6052025446846825,0.6244255313839567,0.1423446780565246,0.13858698433344302,63.71837758001607,squat_8.mp4,24
150.9227082758636,174.2122278066541,152.58315574745896,179.79064326571418,1.1406865119934082,7.320988061901506,1.3699035904238968,0.143260640098545,0.16371619904478024,60.92270827586361,squat_8.mp4,27
152.01553844094678,172.48255327863663,154.02668047448935,178.43852460342038,0.7892762422561646,6.9955575222976245,1.8301152256163515,0.1261456714844198,0.14685352786442937,62.015538440946784,squat_8.mp4,30
154.1188631283918,174.16927631815474,153.44822256084595,177.7103888737223,1.6502461433410645,6.465544541638763,1.4185020162128237,0.12215131027009057,0.14652897720384472,64.11886312839181,squat_8.mp4,33
148.8168548517236,169.010577568476,148.68835124192248,176.9336264880122,2.2512240409851074,7.841192076186951,2.6859190655322425,0.12707350377518253,0.17348506659778282,58.816854851723605,squat_8.mp4,36
146.64893701338377,171.43557760475014,146.79418374782347,178.0889946295756,2.501422166824341,8.394087063633116,2.117028818631761,0.1558494013524875,0.1926527008141903,56.64893701338377,squat_8.mp4,39
148.11072709382736,171.9601185478987,146.241639242414,178.38141698987317,2.847928047180176,8.006545035169767,1.931550511956411,0.14902570339547483,0.19801290838973085,58.110727093827364,squat_8.mp4,42
143.6567122541784,173.09697716219907,143.40119605277206,178.0917617124755,2.6485772132873535,9.132514461545327,1.6880156321333204,0.1858874317281969,0.2158091791549244,53.65671225417839,squat_8.mp4,45
143.02848223571138,169.97326125717805,142.35931334217452,175.62793722696765,3.709132671356201,9.305572279755264,2.5020859538131757,0.17217015292490717,0.20924501737253964,53.02848223571138,squat_8.mp4,48
142.82814733226266,170.4561601210052,142.08290719061216,176.38946417360103,3.6475086212158203,9.363017449331004,2.3825593968816783,0.17637661466885815,0.21544447850237536,52.82814733226266,squat_8.mp4,51
139.41672883950804,171.4194026297211,137.7185975234148,175.62184890321592,4.305627346038818,10.166554107722321,2.1459807900638364,0.2059134736939752,0.24193015496118697,49.41672883950804,squat_8.mp4,54
137.45687279486037,170.98813983629367,136.44241306986132,174.43499883446952,4.419186592102051,10.559480490923141,2.2535934933309782,0.21742135984238325,0.24442165503037583,47.456872794860374,squat_8.mp4,57
134.4532291218725,172.26408865796563,135.6369887550066,177.3597316566741,3.68550968170166,11.367507544482372,1.9347944426522572,0.24655184004467445,0.2666017896084667,44.45322912187251,squat_8.mp4,60
137.22261111706325,168.56824831691293,133.59087529571266,173.6503492786504,5.477530002593994,10.591754125972553,2.8627922256948932,0.20501356553214808,0.26076887330750725,47.22261111706325,squat_8.mp4,63
134.0000876994816,176.17412924803253,132.27531011810024,178.44744829970534,3.2429237365722656,11.149437985667888,0.9509932674113627,0.27193776428997873,0.2971918659367776,44.00008769948161,squat_8.mp4,66
130.05359135787796,174.49326890683167,128.49139295082898,179.58598537538776,3.879242420196533,12.118703579996563,1.372577565890196,0.2918413114509019,0.331699735320753,40.05359135787796,squat_8.mp4,69
128.65556723502033,174.89515787691707,127.24727149481146,179.52152761532744,4.22331428527832,12.419195099021787,1.2274430994354377,0.3046580806212565,0.34080555957549,38.65556723502033,squat_8.mp4,72
126.07003638669732,178.91447568583357,125.58661624185612,178.26426571112466,3.8370203971862793,12.575601075187691,0.24482033152862462,0.34653851069374214,0.3467335630601863,36.070036386697325,squat_8.mp4,75
121.4961778840029,177.13925570662738,117.43299862974189,178.8146880821495,5.513317108154297,13.552758804360597,0.6475785481876205,0.3726488659004883,0.4143943882478509,31.496177884002904,squat_8.mp4,78
121.42588580002122,170.24363197836834,117.66417525660489,174.09999938260282,5.524176120758057,13.371128013042947,2.2545897890927082,0.33474698727646157,0.3868591762219322,31.42588580002122,squat_8.mp4,81
120.12186718510506,170.53296507286373,114.6964603509008,175.50450982350645,6.315065860748291,13.876518568896081,2.124776353555979,0.34687947553554954,0.4190754389005713,30.12186718510506,squat_8.mp4,84
117.74569206561077,172.28265686307128,110.89604843879067,174.89527302161054,7.178216934204102,14.137327726890156,1.710542628170408,0.37608023490745834,0.44787381405273,27.74569206561077,squat_8.mp4,87
112.15723811035637,169.5689440340839,105.92000353771503,172.50626650405232,7.37322473526001,15.346597438543888,2.343350066669205,0.4075709647340672,0.47830445709270564,22.157238110356374,squat_8.mp4,90
104.27933348430521,173.25933305296874,96.99690704841586,174.66380456765256,7.385539531707764,16.27962210115931,1.263122354412897,0.49708388693580025,0.5717933745900031,14.279333484305212,squat_8.mp4,93
109.29452046743822,173.67017361290542,102.82662105880878,176.21327881555254,7.250052452087402,15.663273011170158,1.3383537879112937,0.45500837731500654,0.5259940086689133,19.29452046743822,squat_8.mp4,96
108.7683423806647,174.95748451299113,102.03096658224231,177.2867515060701,6.833651065826416,15.413859457669657,1.068610077970001,0.4665711462152861,0.5388543586771966,18.768342380664706,squat_8.mp4,99
109.818333635009,174.65367898333471,102.69734030007308,176.63750879207925,7.254454612731934,15.422584164961844,1.137215338652762,0.45582934329157215,0.5294016749597424,19.818333635008997,squat_8.mp4,102
110.86219115921043,176.6793417565749,105.10241448693766,178.43326971743988,6.834193706512451,14.745746481272416,0.7318311804951353,0.4577923052016343,0.5172601497146584,20.862191159210425,squat_8.mp4,105
111.07752168518175,174.87948399222535,105.49761505543086,175.4965869331709,7.889120101928711,15.739142067220396,1.1010159483188056,0.44623465094623116,0.4982236030662262,21.07752168518175,squat_8.mp4,108
122.2371195444469,178.0102252432503,117.64696009287599,179.3556265128461,6.414095878601074,13.589282881781843,0.45798914108012173,0.37151439749277493,0.4155429562092658,32.2371195444469,squat_8.mp4,111
124.00445672790633,179.75933725872721,121.17504965850324,174.488182203171,4.830442905426025,13.263447003379229,-0.055035972255457366,0.3670936539150169,0.3606341729336859,34.00445672790633,squat_8.mp4,114
128.37773789827475,174.90395471579774,126.6739147554894,178.63154986772227,5.335220813751221,12.55938990219629,1.2507256221529999,0.3068184987791389,0.3403649205975113,38.377737898274745,squat_8.mp4,117
130.2733002601543,173.5170177015613,127.74969098354691,177.1311926872004,5.683711528778076,12.22064351158072,1.5898572393609745,0.28469450726113454,0.3239396390426531,40.273300260154286,squat_8.mp4,120
135.59847482655027,172.68777282438214,133.25926070435835,177.60273104969804,5.32052755355835,11.08677437492577,1.8288534583405458,0.24061597479902821,0.2852936127387536,45.59847482655027,squat_8.mp4,123
141.13717856927704,171.32957102679373,137.0889617906351,174.8830437745687,6.211475372314453,9.783274586654795,2.1647998470511136,0.19325187397729027,0.2422914960940907,51.13717856927704,squat_8.mp4,126
143.13524351742333,173.59528257420973,140.00358059109178,175.7041296252476,5.591059684753418,9.295142414628247,1.6002026282985666,0.1923404064183825,0.22616203455843342,53.13524351742333,squat_8.mp4,129
150.11187472173708,174.76980474564039,148.53812471481677,179.06142218280772,3.1184074878692627,7.508255832496328,1.3039079485027134,0.1517963713086462,0.18634517512034005,60.11187472173708,squat_8.mp4,132
154.6736721209071,177.57787612194244,153.88317861919379,177.3481915926945,1.6650612354278564,6.355278586497791,0.5996192100484202,0.13787266980194285,0.14168351843299243,64.6736721209071,squat_8.mp4,135
154.09180624832948,173.44877586185802,155.07883542456008,179.6246558000751,1.9492144584655762,6.506393026914486,1.6203090824623148,0.11819585523614105,0.1466720307320676,64.09180624832948,squat_8.mp4,138
156.09886976410348,173.37776887409333,156.24909786015758,179.96043531735157,1.4711964130401611,5.97192216541901,1.6436653812955393,0.10488694543811991,0.14105095255984354,66.09886976410348,squat_8.mp4,141
156.27023690554083,174.9439812553786,157.88922802664752,177.10423009746793,0.24426579475402832,5.939791909837024,1.2557980930660095,0.11275931603132557,0.1147186704983429,66.27023690554083,squat_8.mp4,144
159.85142137054908,176.44003503272236,160.70114255958006,176.4101307175637,0.23382499814033508,5.017420171295493,0.8815054535122483,0.0986561706895145,0.09319764364610297,69.85142137054908,squat_8.mp4,147
164.41030974371006,175.93644118727582,164.83786932514798,175.06409810625942,1.1207164525985718,3.890019941789145,1.0115812663880885,0.06773169664195197,0.060171636300840825,74.41030974371006,squat_8.mp4,150
169.78182437748097,176.5977427163608,167.8605949142212,174.83433966948687,1.343444585800171,2.542988985645127,0.84647097201054,0.03935519866870934,0.04069943294456391,79.78182437748097,squat_8.mp4,153
170.2929892089711,175.73855187398337,169.48861279607732,172.959144668924,2.296832799911499,2.4181212672696977,1.0568312957512032,0.031474371659702495,0.020268971235423466,80.29298920897111,squat_8.mp4,156
174.07943672064178,177.5683593745499,171.64644790005462,171.4979955065123,2.7138428688049316,1.4681509245149316,0.6051074876343224,0.019843278943592047,0.0008652472531308797,84.07943672064178,squat_8.mp4,159
174.27799376881765,177.31030030981577,172.6589044553814,171.04636420755682,2.8551487922668457,1.4222936817117522,0.6676351402970324,0.01724918941880323,0.009383273373129117,84.27799376881765,squat_8.mp4,162
173.07867407416074,176.45867360935432,172.777836506521,170.99511926499363,3.316926956176758,1.7141795519490468,0.879672513798365,0.019339847702077098,0.010371480429730085,83.07867407416074,squat_8.mp4,165
175.93427308468316,176.9520684381335,174.72132596792204,170.2402871613546,3.555331230163574,1.007784763359747,0.7566901243610837,0.005768403214804112,0.02597992724998161,85.93427308468316,squat_8.mp4,168
178.2255733054392,178.4172387654971,175.68080453549365,169.21664552519522,3.601957321166992,0.4394516180303781,0.3909270542697936,0.0010748314760358527,0.03748452770039897,88.22557330543921,squat_8.mp4,171
177.69513819876178,176.59159087327086,175.95586105534838,169.55904587547812,3.9077320098876953,0.5673152931493249,0.8437205900342529,0.006229684800113141,0.03702772327071218,86.59159087327086,squat_8.mp4,174
178.29773621323613,175.48039267234694,176.7482710365966,170.13418475844526,4.144358158111572,0.4190428372650661,1.1216423006538832,0.015927177577449207,0.03813445256544961,85.48039267234694,squat_8.mp4,177
179.77014981494682,176.71711271682972,176.45143817863973,170.23784978698723,3.3714396953582764,-0.0569558069261798,0.8129144391012124,0.017128449843814324,0.03584528629721356,86.71711271682972,squat_8.mp4,180
178.42566885004163,177.29542258975204,176.66856985468812,169.2413151956641,3.8974568843841553,0.3895069103474221,0.6716520213678904,0.00635467666938097,0.04294329234299199,87.29542258975204,squat_8.mp4,183
178.14427625920115,176.64508664151478,176.45557879568653,169.31555141216208,4.041089057922363,0.4555267290034347,0.8315007166573631,0.008451153131701424,0.04129915287741038,86.64508664151478,squat_8.mp4,186
178.49897399432615,176.88428995212547,176.8153705014094,169.044650308302,4.059016227722168,0.3685665274770486,0.7720610663926354,0.009087001026834938,0.0449356371107302,86.88428995212547,squat_8.mp4,189
178.86650344151704,176.3822587377708,177.17173744992968,168.92667552137158,4.086355686187744,0.2807140985174206,0.8958103827878103,0.013985944319729887,0.047645765594665046,86.3822587377708,squat_8.mp4,192
179.53437771291527,176.26356450675323,177.6235595850011,168.80004347054094,4.179969787597656,0.11478077807904286,0.9240077542131118,0.0183857904616135,0.050940617421183484,86.26356450675323,squat_8.mp4,195
179.56299274602398,177.28019435111324,177.55463384106088,168.55226943129733,4.087908744812012,0.10723077131105209,0.6729532564370965,0.012794406492560194,0.05202071570747845,87.28019435111324,squat_8.mp4,198
179.75610673696684,176.8820915992372,177.64898037696375,168.83074874469798,4.0371994972229,0.05935992267179654,0.7719663677870424,0.01611725917827952,0.050901861731537885,86.88209159923721,squat_8.mp4,201
178.7127519489165,177.22131217580545,177.18644864447484,169.03310159535155,3.871044397354126,0.3181117843634545,0.6860452165279711,0.008380427295030848,0.047099287394229805,87.22131217580545,squat_8.mp4,204
178.12257289803281,177.1649627713121,175.77714789048102,169.77299187785766,3.47324800491333,0.46233965745774697,0.6994402392477435,0.005390620444461228,0.03475128684160637,87.1649627713121,squat_8.mp4,207
176.89278386820044,177.24380494526733,173.99550428159523,170.90320241655323,2.843315601348877,0.7664321429323085,0.6794301224246582,0.0019824050276362735,0.017931652424248445,86.89278386820044,squat_8.mp4,210
174.97281634920122,175.7327649876001,171.93288995972586,172.74836801811537,1.894752860069275,1.2467759187882639,1.0508915218232866,0.004333826884089697,0.004731780678611433,84.97281634920122,squat_8.mp4,213
168.3804922808084,174.98667061947646,167.71991607765585,173.74714908492595,1.3924405574798584,2.898334376097882,1.2284013091226826,0.03847880084320421,0.035301987349206684,78.3804922808084,squat_8.mp4,216
162.23302506095308,173.44225370951196,163.15117589751637,175.1061111806579,0.864098072052002,4.454303492637573,1.6068942645440794,0.06678614338009534,0.070685455952224,72.23302506095308,squat_8.mp4,219
163.54019929486728,173.77379485202644,164.10546480221151,175.45390355742265,0.6505575776100159,4.1091942759492905,1.5383082071014682,0.060676970032275804,0.0668421478696578,73.54019929486728,squat_8.mp4,222
159.2681833372488,170.80016360857434,159.20773067162372,177.57270986842613,0.6132208108901978,5.201668505879448,2.2427970833144384,0.06987631730235794,0.10906202965559961,69.26818333724879,squat_8.mp4,225
156.33017074503093,173.16307120444108,156.7778162606968,177.63139682020923,1.449968934059143,5.956277285977812,1.6714811840597308,0.1021744807864162,0.12471893562613766,66.33017074503093,squat_8.mp4,228
153.56997157658176,172.26091795357584,155.31069259160353,177.42876478991306,0.8944360613822937,6.6594405009690085,1.8968677703949233,0.11472789706308135,0.13294529222573756,63.569971576581764,squat_8.mp4,231
152.9859446814,173.02374224121698,153.12176387406205,178.20888762835358,1.5790801048278809,6.7925835281499625,1.6981224561503416,0.12292762064197939,0.15143255621255808,62.985944681400014,squat_8.mp4,234
147.56502003055496,172.28827925447783,149.63258436864555,179.79157999061712,2.566706418991089,8.197165741302891,1.890341604128773,0.15459124091692472,0.1831012954415866,57.56502003055496,squat_8.mp4,237
143.9712623141692,174.16198607477494,146.794832289957,178.21315396629032,2.156496047973633,9.13334446776334,1.4429317020664856,0.1897992360967886,0.19333876707609313,53.971262314169195,squat_8.mp4,240
136.4909787107119,171.13824617411518,139.47041365005612,179.19764939945026,2.618083953857422,10.921314153931737,2.2058964867953827,0.22525341977099117,0.24933302301600493,46.490978710711886,squat_8.mp4,243
140.0217715952786,172.9643286760956,142.54226653724155,179.26245575107575,2.2796692848205566,10.100961011555949,1.727834586343286,0.21050492052045877,0.22821411042523587,50.02177159527861,squat_8.mp4,246
135.61610260288407,172.00814384236838,138.44703550149612,179.29279411486064,2.928161859512329,11.206670580398251,1.992316026439923,0.23660060388615023,0.25710191046984715,45.61610260288407,squat_8.mp4,249
133.72413626162952,174.0138144506313,137.27584913593992,178.03228122283204,2.5254714488983154,11.611606742084033,1.4893799253835964,0.26184406632819335,0.2585181171225594,43.724136261629525,squat_8.mp4,252
137.27024711590184,171.71136563392568,138.15169694929207,179.77100269540782,3.45086932182312,10.75096263843732,2.064093516021117,0.22293312674181498,0.2618202839408959,47.27024711590184,squat_8.mp4,255
139.8346155446117,169.70669090440543,138.40607986263836,177.51422653466383,4.20252799987793,9.989912768479984,2.573346459229276,0.19300865336829484,0.24758235466410927,49.834615544611694,squat_8.mp4,258
133.4649615958507,170.93958493236448,129.90983414109837,179.45070387604082,4.288555145263672,11.364443714840544,2.2643912267075996,0.24621592393358208,0.32027918009502415,43.464961595850696,squat_8.mp4,261
132.7840209789701,174.6560985783664,131.02925168365343,177.4786538201794,4.016385078430176,11.545330691843239,1.3257003049410558,0.2723917597982023,0.3011229294799961,42.78402097897009,squat_8.mp4,264
128.825703188538,175.55137419371977,124.43986562403518,179.62361461763706,6.010011196136475,12.499320932027471,1.0928046501218867,0.30702490086991957,0.36297518498269754,38.825703188538,squat_8.mp4,267
129.83317868685518,178.50406717057,123.82335982633992,177.4141143058512,6.45866060256958,12.117344464071548,0.3580695614203595,0.31569905444521096,0.3558040355629473,39.83317868685518,squat_8.mp4,270
125.72827358882424,176.0486880100323,121.34494123811135,178.2752369226336,6.065807819366455,13.144356340972326,0.944029187892612,0.3334940755888287,0.38001643303195287,35.72827358882424,squat_8.mp4,273
128.97188519490967,168.51265823338963,127.89505556827484,178.102251534388,3.903898239135742,12.095419459720622,2.556283417473766,0.2658341343237566,0.3281544954855992,38.971885194909675,squat_8.mp4,276
124.01935438003584,175.70075719649938,122.18930815220928,177.888075012344,3.8789610862731934,12.769882480096765,0.874014778491455,0.3448644306491018,0.3712293560597415,34.019354380035836,squat_8.mp4,279
119.19809326611916,171.66254195897696,118.76808551301303,179.17385803226395,3.453843355178833,13.599237024520168,1.8184049967653677,0.36075317412585395,0.40548686633690634,29.19809326611916,squat_8.mp4,282
114.5610665502497,179.60188726744522,112.4281422150488,171.92386644070066,4.03199577331543,14.459860381214783,0.07353567273775448,0.44220946161360636,0.41846529944988237,24.561066550249706,squat_8.mp4,285
114.45367346029288,178.09607405414258,111.76304727626258,171.18235980350212,4.641315937042236,14.67807729597133,-0.3356468995766432,0.4350877150609016,0.42000549251176733,24.453673460292876,squat_8.mp4,288
113.64218031950814,179.05188037733814,111.91025447757741,173.79088518089173,4.49212646484375,15.152340032198653,0.17511240022806052,0.446949281458616,0.4331843462527817,23.642180319508142,squat_8.mp4,291
114.8269910983471,176.62205626369777,113.97461760858185,170.3333786949487,4.218045234680176,15.153630106155969,-0.6416284652445088,0.42405398627765895,0.3964627222527893,24.826991098347094,squat_8.mp4,294
126.4105153335633,178.63843119202258,124.09966383710538,172.7569224594341,4.401316165924072,12.569757879837212,-0.31053364942867023,0.34242318456312837,0.32781660147316677,36.410515333563296,squat_8.mp4,297
130.3713656979823,174.3626753018559,127.659618762113,177.90622386084218,5.883669853210449,11.942739563317815,1.3820308813014572,0.28871936630077344,0.3288757975526056,40.3713656979823,squat_8.mp4,300
129.98639718378053,179.43594077175226,129.87540490201178,175.97410955403822,4.459929466247559,12.469156963895475,0.13976114902951697,0.31962491082384714,0.3014469696576925,39.986397183780525,squat_8.mp4,303
129.17958087288255,177.1871444674113,129.43735953186703,178.57866052376008,4.458878993988037,12.73690792047196,0.7025119989221794,0.313399332392934,0.3190827605851035,39.17958087288255,squat_8.mp4,306
129.15575056597206,175.6976605342379,130.79391617364885,174.96666245492685,3.813900947570801,12.616987936400458,-1.0684881341280459,0.3053396043711436,0.28893683076742915,39.155750565972056,squat_8.mp4,309
135.82085153508143,176.0997165293149,135.8366427962979,178.62171814191393,5.261969566345215,11.120702121474698,0.9720505470283358,0.25826360373848667,0.2721191779920452,45.82085153508143,squat_8.mp4,312
141.11246422764304,172.81154495014053,140.24668090095918,176.24016009941468,4.963346004486084,9.71359101594943,1.7985590183308116,0.20195384740098327,0.2274564028297972,51.112464227643045,squat_8.mp4,315
144.57607113479168,173.83992491613398,142.4281153222843,178.43252045718322,5.171412944793701,8.944986880633268,1.5350320878005972,0.18380894266795575,0.22442394684803466,54.576071134791675,squat_8.mp4,318
144.87182501333228,175.23634021682892,146.60169412617785,179.23612953148506,3.9320180416107178,8.931241153435307,1.178579404245108,0.18971409355749627,0.20031090951303518,54.871825013332284,squat_8.mp4,321
149.92437200154404,176.58355844180332,151.36062946106426,178.38190068646594,3.3812482357025146,7.614439153126791,0.8469214102426507,0.1632988601781293,0.16389315150406641,59.92437200154404,squat_8.mp4,324
155.99056873089455,176.21426144125957,156.2381281532401,178.02959763663807,2.6268298625946045,6.037389011392135,0.938872088763334,0.12175435679177066,0.13038332930231,65.99056873089455,squat_8.mp4,327
158.4782014399303,177.09990692648728,159.71388165490933,177.0191536494819,1.492870569229126,5.397594235837914,0.7188751062025096,0.11098283840508417,0.10278333385929533,68.4782014399303,squat_8.mp4,330
160.0282461951774,179.70925984087398,160.38764074327827,174.8132930957874,1.0565701723098755,4.966268518457899,0.07149657386944201,0.11586011727305807,0.08607167162269945,70.02824619517739,squat_8.mp4,333
164.4113009589649,179.0483782679822,163.53842761383297,174.2873524782809,0.6617076992988586,3.8813489643539385,0.23443380620614748,0.0852331624018411,0.06363590642204425,74.41130095896489,squat_8.mp4,336
167.1956792259361,179.6567886991192,166.81208127650933,171.78520113729164,0.5466260313987732,3.1722011109833637,-0.08388794743696383,0.07185250575109413,0.02937483623808083,77.19567922593609,squat_8.mp4,339
171.9141245062724,179.98021765897056,168.97030589032562,171.62792141658883,0.528104841709137,2.0032880704601053,0.004816394400142712,0.04584383541415663,0.015605574622491654,81.9141245062724,squat_8.mp4,342
172.62299028858968,179.64118024861136,170.16096886974316,171.6177245821103,0.878538191318512,1.8255182078431567,0.08875477791255963,0.039846175382066154,0.008524555452268734,82.62299028858968,squat_8.mp4,345
172.97649535610714,179.69738802097828,170.31671557904014,170.9041744886673,1.2788581848144531,1.7451637327364216,0.07461117568993235,0.038113923268228184,0.0034432763451886293,82.97649535610714,squat_8.mp4,348
173.85206237467403,179.17789445675626,171.34292439758164,170.23452706555858,1.543950080871582,1.529093132657942,-0.20174101847236184,0.030172125503928733,0.006489874125328015,83.85206237467403,squat_8.mp4,351
175.16863820724504,179.40652711901373,172.67313704496038,169.71923602172652,2.0256423950195312,1.1934986207371185,-0.14666340420621446,0.023904036865465415,0.017254479104057287,85.16863820724504,squat_8.mp4,354
179.02101202383844,179.8344890035689,174.26430886053905,169.34938692721286,2.1842591762542725,0.24256709544562893,-0.04084690978267024,0.004533730024488817,0.028607252816617072,89.02101202383844,squat_8.mp4,357
172.53486329071,172.0580640120521,171.1197102725584,171.33002411719997,4.483926296234131,1.8669485402303945,1.9876062812482014,0.0027673190067477693,0.0012282903067006462,82.05806401205211,squat_9.mp4,0
165.32536271778343,162.24068175136162,163.8397005751732,163.04135803584745,7.178446292877197,3.6825054709409617,4.465511151239211,0.01883394825871443,0.004884605689409188,72.24068175136162,squat_9.mp4,3
152.26843196754353,146.20753983107736,150.62711285619278,146.34612294655193,11.725659370422363,6.951374880678148,8.597943571214019,0.04061226168353284,0.028830812972549257,56.207539831077355,squat_9.mp4,6
133.65960953737857,128.3005453165686,128.871461048295,126.12367472234968,18.868667602539062,11.910561980205756,13.430862581273251,0.040915109580675485,0.021551676408579204,38.30054531656859,squat_9.mp4,9
111.00918568601294,104.33013194133709,109.61218477856039,104.08671788192635,21.493701934814453,18.240749855132986,20.08640469578455,0.062032830959686806,0.05171263705937326,14.330131941337086,squat_9.mp4,12
85.64783708389854,76.33104503492119,84.82792127680626,72.43766555735559,25.343698501586914,25.87701365760864,28.499037971414094,0.11503711998880209,0.15757109955042264,13.668954965078811,squat_9.mp4,15
51.63024685176331,52.57496624997956,52.648590232185136,50.79794252165668,25.686630249023438,38.66984006223837,38.434810939944924,0.01813190281169243,0.03577979196136424,38.36975314823669,squat_9.mp4,18
41.36773169482362,43.29517831672558,46.320230365723916,42.20847310903102,25.824508666992188,47.83160114236491,44.76783550373466,0.045532255426586066,0.09289094034604078,48.63226830517638,squat_9.mp4,21
48.86886957208796,49.84687361576805,50.69271218543027,48.15218406281121,25.741384506225586,42.58739559054938,41.22153653561586,0.01981455058934108,0.05140433586451878,41.13113042791204,squat_9.mp4,24
73.20817400980029,73.27275428225902,75.8783997854947,69.57770503614947,24.989999771118164,30.526308200503273,29.94828326312113,0.000881756733954667,0.086633624034839,16.791825990199712,squat_9.mp4,27
105.68930072344973,97.99557565201137,103.77457074412305,97.46205937108549,21.895034790039062,19.623792096935773,22.186409350010045,0.07554537389664798,0.06273720017497446,7.995575652011368,squat_9.mp4,30
135.36549363724848,127.75189376570913,132.58351655380568,128.25500154111572,16.90825653076172,11.405172131146394,13.597570600274777,0.05787226717844621,0.033189231746170084,37.75189376570913,squat_9.mp4,33
151.116197148905,147.42791454530516,153.22941792922987,148.8008375784245,10.435556411743164,7.310638203619241,8.287815362037593,0.024708459883326338,0.029325408763183514,57.42791454530516,squat_9.mp4,36
170.34508018691707,168.10254081769762,167.54656899726868,166.85506600602588,6.932410717010498,2.417098037365005,2.9813392130845155,0.013251913915440882,0.004135763219195904,78.10254081769762,squat_9.mp4,39
177.33317603382446,174.98139759904277,173.97542713530967,171.93288995972586,5.375782489776611,0.6665572036381484,1.2552320767969047,0.01335044650882019,0.011809702598290787,84.98139759904277,squat_9.mp4,42
179.46295210824888,178.18349994373875,179.30479349807158,177.58208182601172,2.8547353744506836,-0.13410036987889684,0.45384800340900144,0.007154843321773822,0.009654104934486547,88.18349994373875,squat_9.mp4,45
178.99069974823547,176.73007926483655,179.01781915140293,176.7964924646456,2.724684000015259,0.2518162884383406,0.8170055674437428,0.012710083957821595,0.012485875999020004,86.73007926483655,squat_9.mp4,48
178.5226274149256,175.27150654274791,178.9930289657907,176.25837996747552,2.563538074493408,0.36847269599439236,1.1816861435784267,0.018378602470365688,0.015395570176775186,85.27150654274791,squat_9.mp4,51
177.49219790296874,175.82819347472076,178.1277922176365,176.23308392121282,2.611487627029419,0.6262710051489917,1.0430673203312764,0.00941923799959343,0.010693665266146835,85.82819347472076,squat_9.mp4,54
171.24989791811853,170.39988759521836,170.91398738460683,170.2126653002248,4.627224445343018,2.190639793557371,2.4041249566056067,0.004975916034151841,0.004111798822298228,80.39988759521836,squat_9.mp4,57
161.63998884062838,158.7826888282104,163.01612144313583,161.2431981930969,6.927341461181641,4.612276777935936,5.347083854672078,0.01783456797256419,0.010935218466675783,68.78268882821041,squat_9.mp4,60
149.38382267980734,142.5510385221125,148.3691416079028,143.45169564893166,12.379487991333008,7.765042152203119,9.575011082800517,0.04681033385025489,0.03370181516300188,52.55103852211249,squat_9.mp4,63
128.99817136270926,122.13220957788118,128.44371879198735,121.75637111273785,17.600021362304688,13.159018732477536,15.150517151457423,0.054680455300645955,0.05345599741227913,32.132209577881184,squat_9.mp4,66
106.08695419124952,97.05806295645195,103.95635916669883,95.27279602427483,21.800331115722656,19.33470280825957,22.225384975404484,0.08889109230016601,0.08717161034086869,7.058062956451948,squat_9.mp4,69
78.71627649498579,72.86455752155817,79.5067433337346,69.98157253283412,23.84501075744629,28.603172573961793,29.941504021228802,0.07720921990426506,0.1274369939307166,17.13544247844183,squat_9.mp4,72
44.83880100141769,49.663257687951,48.12306576448251,47.05160863441101,25.293437957763672,43.47527607109264,40.357569694076105,0.1021026791044088,0.02251559328862715,45.16119899858231,squat_9.mp4,75
40.08994950718736,43.20139745250918,43.85739415562301,41.98524927856128,25.415189743041992,47.79336014639147,44.85000923198923,0.07471239351735776,0.04361806212310115,49.91005049281264,squat_9.mp4,78
43.306377254552785,46.30389902675528,48.36409661561515,45.1015563294874,25.023195266723633,46.617785535567194,42.41654472766223,0.06690129517718614,0.06981260352493378,46.693622745447215,squat_9.mp4,81
74.75945265738387,69.35439701985706,71.42536076304131,61.61243863745375,25.473766326904297,29.244771218926648,30.419559028068345,0.07501091185381614,0.1475208124278557,20.64560298014294,squat_9.mp4,84
105.24856995166438,97.09463588225492,102.104798450425,91.83626790075469,23.180683135986328,19.909949587468596,22.029361764475816,0.08059508631193779,0.1058933081359521,7.09463588225492,squat_9.mp4,87
132.64340175307495,126.5962374784559,128.48106160151804,123.24026128546456,18.31051254272461,12.12986735702852,13.808666700200055,0.04665308355269107,0.04163970104675229,36.596237478455905,squat_9.mp4,90
151.22448420993592,145.85932996832608,151.6191404474949,147.69420149144628,10.524651527404785,7.254420535489431,8.689774655101408,0.03611879197424427,0.02622628801391224,55.85932996832608,squat_9.mp4,93
166.6207640135925,163.77922076917656,166.291013168105,164.76097077080556,6.245500087738037,3.353165606466046,4.073620551123317,0.017200625758407254,0.009243517462694199,73.77922076917656,squat_9.mp4,96
172.41232119932707,170.97180276812728,170.47580948408267,170.53099279498483,4.729942798614502,1.8983638040400304,2.259806439640491,0.008390128317850376,0.0003236493262500468,80.97180276812728,squat_9.mp4,99
174.28608318678366,172.5610103730288,174.93039792922085,173.70555310235287,3.1355576515197754,1.4250657100613628,1.8595108643354008,0.009947166032442863,0.007026497544179276,82.56101037302881,squat_9.mp4,102
174.3415769991735,171.72829720113603,175.83054136086278,174.11483550536448,2.840604305267334,1.4125276708803125,2.069320099405647,0.015102613621461132,0.00980556377605273,81.72829720113603,squat_9.mp4,105
173.33329016940044,171.04063891338603,173.7345882118821,173.25159808584326,3.5084190368652344,1.6665073427830757,2.2420417068479757,0.013314894435363963,0.0027839155857601523,81.04063891338603,squat_9.mp4,108
172.99993902156226,171.99415491923068,174.08937749477204,172.97361922642514,3.4664173126220703,1.7504530743670852,2.0034373588670475,0.005830732293661728,0.006429716097007057,81.99415491923068,squat_9.mp4,111
170.24564747659568,168.7734548609683,170.10296110607445,169.60016993824783,4.880125522613525,2.4428183669431225,2.81317243682061,0.008685012764628932,0.002960179768028185,78.77345486096829,squat_9.mp4,114
164.78948989349104,162.05139842227683,164.81149033008083,163.3710860805318,6.886012554168701,3.8169325942911003,4.513706745123885,0.016754889422334922,0.0087780665585783,72.05139842227683,squat_9.mp4,117
151.45846243682024,147.34322511500017,153.26496162409026,149.60780157282866,10.487913131713867,7.232261374843052,8.31722982188798,0.027544940294933106,0.024149811377286647,57.343225115000166,squat_9.mp4,120
137.90770791401806,132.48747233774304,136.12475611437972,132.52233576976977,15.995808601379395,10.812304962977908,12.294097988690691,0.040091214430880866,0.026818978901610068,42.48747233774304,squat_9.mp4,123
116.9106201632326,109.89366875292616,117.48108515061053,112.13469330533754,18.045196533203125,16.407917092436726,18.63297142090894,0.06187670827424558,0.04656815730369068,19.89366875292616,squat_9.mp4,126
88.84060459036706,85.15387462963443,93.55222761595826,85.97709451827522,21.64296531677246,25.177688564502784,26.247687161042915,0.0423775510264446,0.08438881189579865,4.84612537036557,squat_9.mp4,129
64.80944348798495,67.43550593222989,70.69635747656919,68.39418414104445,23.352460861206055,34.30897916046967,32.87991815034391,0.039715126449184755,0.03310323345858922,25.19055651201505,squat_9.mp4,132
46.288253041049714,49.334810474934336,49.985231292993895,47.67387135640519,23.80588722229004,42.71778734778294,39.30598679493383,0.06372013867502518,0.04733526878465381,43.711746958950286,squat_9.mp4,135
36.86895734618054,40.07608009243803,43.22119898161244,38.032325445220366,23.595714569091797,50.28438722069458,45.6329888868762,0.08336139283357728,0.12772057761173305,53.13104265381946,squat_9.mp4,138
45.15958317023277,48.6463945733948,49.579393287079796,47.32235821470433,23.379436492919922,43.117955237510174,40.379184483922295,0.07434092127244833,0.046583989193093374,44.84041682976723,squat_9.mp4,141
86.8709227320572,76.75798858805736,81.26423960542984,72.0014017241386,23.36345100402832,24.21721247724955,27.75141004954523,0.12360815778105927,0.1208729862862515,13.242011411942642,squat_9.mp4,144
114.07111620910445,105.8531968725476,112.04860307159703,103.87046813798689,20.578805923461914,17.105107687681002,19.578017723579638,0.07473406847478252,0.07575185357917692,15.8531968725476,squat_9.mp4,147
137.2370095849229,132.27245781281462,134.7299842160016,130.3012187070502,15.62575912475586,10.925635493276742,12.285474238955642,0.036841390545896316,0.03342071016624595,42.27245781281462,squat_9.mp4,150
154.84232774548548,150.39779975333738,154.88843894239048,150.95120889646236,9.587069511413574,6.335919783901775,7.495411053495982,0.029121518383360235,0.025747021838075406,60.39779975333738,squat_9.mp4,153
169.10826695845097,167.2020757579181,168.1353347630459,167.5137822522129,5.641087055206299,2.7272825255552378,3.208282545077968,0.011335905908433393,0.0037035849601519573,77.2020757579181,squat_9.mp4,156
172.6200385209453,171.4384446063846,170.82611026640598,170.4173093748014,4.811832427978516,1.8457521132629071,2.143230590472608,0.006868564343018432,0.0023959488627467718,81.43844460638459,squat_9.mp4,159
175.97683448577106,174.22086984575182,175.5445549601209,174.74424186364183,3.0149519443511963,1.0055720961378425,1.4452072543866223,0.010028418909090953,0.004569447288842219,84.22086984575182,squat_9.mp4,162
173.8690502625938,173.10354397805287,175.02574609685846,174.17553233574083,2.903088331222534,1.5329846118058044,1.7254740796163546,0.0044124884630513134,0.0048694767953533285,83.10354397805287,squat_9.mp4,165
173.56175500424047,172.27190679151255,175.00683722561897,174.07572975919746,2.5660433769226074,1.6100861876047954,1.9335440885081894,0.007459356073265613,0.005334597338755146,82.27190679151255,squat_9.mp4,168
172.68967815298922,171.46677593809306,175.9357183581183,174.17822515640907,2.3979992866516113,1.8284088277730326,2.135898935064573,0.007106664427525199,0.010039549890913154,81.46677593809306,squat_9.mp4,171
171.9288512433732,172.3978255644171,175.11123786321357,174.54242072839114,2.6700634956359863,2.0190571651774385,1.9022604186422614,0.0027240080576486515,0.003253603220476047,81.9288512433732,squat_9.mp4,174
169.27831473337622,167.8342981669296,170.5632230985656,170.0515523929067,4.319660663604736,2.6859589501257704,3.0497755325542037,0.008566968491764174,0.003004395243398424,77.83429816692961,squat_9.mp4,177
165.7243653019111,163.76318847605745,165.45183372590193,165.20509685376345,6.703324317932129,3.582687452365269,4.078315932562106,0.011904406120148732,0.0014924040558045276,73.76318847605745,squat_9.mp4,180
152.9495238934679,150.768149429731,154.97849347434376,152.91700368628412,9.870047569274902,6.837196763833716,7.422972826502779,0.014364488176594145,0.013390840769484684,60.76814942973101,squat_9.mp4,183
141.93513214557456,136.10551327134803,141.81488618157425,135.47131948705646,15.14551830291748,9.748335303767139,11.296107742069426,0.041933573168663876,0.045754650356452514,46.10551327134803,squat_9.mp4,186
121.93247601907416,115.71490466134406,121.70430948571197,113.52694836249943,19.633420944213867,14.970236755039585,16.953295894304105,0.05232602471719489,0.06952614374480102,25.714904661344065,squat_9.mp4,189
100.68710117776055,93.47957923729884,96.60224957988032,89.43678020056592,24.71647834777832,20.763509968230874,23.08044596985167,0.07424056408704724,0.07703189365984893,3.479579237298836,squat_9.mp4,192
70.07211579587644,69.3596120176739,71.18131244134801,68.41470104287475,23.675325393676758,30.16775849078933,30.77242404982137,0.010220109717858677,0.039637398367195396,20.640387982326104,squat_9.mp4,195
48.30768997009586,50.9268662285676,50.83557719397802,50.19077888180476,24.625593185424805,40.727512295787996,38.382354389386585,0.05278758446257889,0.012764952379150958,41.69231002990414,squat_9.mp4,198
43.11647746865338,49.64943466511017,50.74330949657324,48.26841063280943,24.250743865966797,45.416347688033184,39.67311797257268,0.140848228539738,0.04999203852896931,46.88352253134662,squat_9.mp4,201
68.7774947788501,69.71257407730744,68.61212446255028,68.86832840196064,23.556428909301758,30.46435336996817,30.785906257899907,0.013503918456832558,0.0037271326079038724,21.222505221149902,squat_9.mp4,204
103.24845112517363,98.99494558785261,101.83988037820185,98.32345737145442,21.620729446411133,20.18238689742123,21.64260390769629,0.04206323278239379,0.03513553527115351,8.994945587852612,squat_9.mp4,207
131.24572055718275,125.96244732023867,129.09175261010475,124.84581160575777,18.030731201171875,12.522037682599239,14.065929373518674,0.04108169099405856,0.03344082642879621,35.96244732023867,squat_9.mp4,210
148.8524173546321,145.04273234691297,150.00385750063163,145.87005331410452,11.692008972167969,7.88197320094602,8.914215300939015,0.025925470437929525,0.02794301244840418,55.04273234691297,squat_9.mp4,213
164.6301751067906,163.98096658173213,164.32073140857494,163.50053152048176,7.636396884918213,3.8572126612014195,4.023472515821388,0.0039512264965977815,0.005003945630400939,73.98096658173213,squat_9.mp4,216
172.92357225393602,172.5686901431635,169.3559116340137,170.2324534493501,6.310824871063232,1.770734360818047,1.8588267321152037,0.002054356345408486,0.005162378370184842,82.56869014316351,squat_9.mp4,219
178.54102132140272,176.40724115390574,177.34664195277227,175.85357364512063,3.682749032974243,0.36447962231126463,0.8981356564011819,0.012023048951509734,0.008454515267631945,86.40724115390574,squat_9.mp4,222
179.1860273482921,176.92782233828407,179.74282935201697,177.74059248297866,2.5959484577178955,0.20290690757284266,0.7675580184380587,0.012682489108443966,0.011201844598894378,86.92782233828407,squat_9.mp4,225
176.5573548319069,174.78090575195318,177.66661248152383,175.9351883649587,2.82688045501709,0.8595497888377117,1.3043072121220523,0.01011247153669849,0.009793072956191423,84.78090575195318,squat_9.mp4,228
176.1370481291003,174.94576410492195,177.08751352463776,175.5418301814033,3.09118390083313,0.9645963125402724,1.2632232371858483,0.006786342040488537,0.008766617814556982,84.94576410492195,squat_9.mp4,231
174.41397908611924,172.74839507330037,175.2845744306094,173.82498493904512,3.6868412494659424,1.396019994124958,1.814004647492264,0.009595417803278529,0.008361784731416085,82.74839507330037,squat_9.mp4,234
167.83339070475495,165.86244751625495,166.31574864856046,167.01625357175277,6.548333168029785,3.050068925118833,3.5478766986973547,0.011812812524168353,0.004203046323342929,75.86244751625495,squat_9.mp4,237
157.68690607367554,156.6861523338941,157.8825421242161,157.84135322479878,9.365155220031738,5.624090537515364,5.888160174626884,0.006366663510229944,0.0002609172129450314,66.68615233389411,squat_9.mp4,240
146.0217939752412,141.55254696098413,145.22056211082977,141.72855350977818,14.294631004333496,8.670794013232475,9.84141992985634,0.031082376819204453,0.024338869931689086,51.55254696098413,squat_9.mp4,243
131.5376262752711,123.9928897782846,129.71221780474417,123.08797647664375,18.339881896972656,12.504383550818797,14.644578122612879,0.059051549799282795,0.052406932256761525,33.99288977828461,squat_9.mp4,246
110.15720509276854,103.4198777603687,109.44538575305013,102.81004167022793,21.76663589477539,18.45405583622375,20.540279418672093,0.06309035822005904,0.06252225597595722,13.419877760368706,squat_9.mp4,249
79.66202163553275,78.05446226771681,78.53330089740597,74.62929911154306,25.186838150024414,27.585502441722227,27.86049351359574,0.02038543249292937,0.05097852590168617,11.945537732283185,squat_9.mp4,252
56.27657340641008,58.47682348090732,55.943373554839454,54.354234550486744,25.738140106201172,35.62077540372235,34.716845689316024,0.03834744999588616,0.028815475360720377,33.72342659358992,squat_9.mp4,255
44.25256656332913,42.96578305364403,47.23447749564774,41.56541731086754,24.35528564453125,44.778291902076404,43.9392092446903,0.029507174014094986,0.12768168694641874,47.03421694635597,squat_9.mp4,258
43.674111695695736,45.661183917670435,46.259198873217244,43.431181211261375,24.867835998535156,45.0229616220628,41.766638518895235,0.04448571437149636,0.06306178342186046,46.325888304304264,squat_9.mp4,261
84.08895877616011,73.96286868128725,81.39366978102846,68.18954045073117,24.834978103637695,26.04099255648862,28.964425452991865,0.12813632411303988,0.1765456070883787,16.037131318712753,squat_9.mp4,264
107.17308123345649,102.34661152154288,105.19506158661777,100.19848645743846,21.55130958557129,18.94355159899923,20.66777901351047,0.04607175247777217,0.048653671712293095,12.346611521542883,squat_9.mp4,267
135.1436737233896,129.83399253717153,130.29207096679008,127.25988560252186,18.933273315429688,11.534688254571464,13.002686171123091,0.040076443129338335,0.023546203295506312,39.833992537171525,squat_9.mp4,270
154.5439960010548,150.55649889289518,153.62694367449936,149.05652756104936,11.721651077270508,6.410288851058623,7.4648652479285795,0.02613890947338939,0.030199310816633854,60.55649889289518,squat_9.mp4,273
171.55147568747188,169.17290730390613,166.34016653244677,166.39123563509128,8.092108726501465,2.1148527416154907,2.712588912472663,0.01396183250921575,0.0003069689383798527,79.17290730390613,squat_9.mp4,276
174.66630221969663,174.9838185959843,170.95397439127638,170.7502924947532,6.694714069366455,1.3339167075428076,1.2544522211417128,0.0018161948610053557,0.0011921530765730806,84.66630221969663,squat_9.mp4,279
179.8154825278411,176.09154133552153,176.56983226827774,174.2676586515579,4.757280349731445,0.04612438239410147,0.9766625425382134,0.020926483281483402,0.013123874593242229,86.09154133552153,squat_9.mp4,282
177.29846403931535,176.22415360094325,174.93674003087654,174.30239956036016,4.509091854095459,0.6751260816025402,0.9438430515642747,0.006077746569897281,0.0036326997670354756,86.22415360094325,squat_9.mp4,285
175.82960204806628,176.45348027964928,174.43151351325912,174.545940771461,4.2279558181762695,1.0426673062628775,0.8865968787142804,0.0035419142325014423,0.0006557859643765295,85.82960204806628,squat_9.mp4,288
176.39228524447103,175.44654169236833,175.4061126359606,174.98674877988313,3.777164936065674,0.901440265820135,1.1383419623688384,0.00537600446395573,0.0023936780811283096,85.44654169236833,squat_9.mp4,291
172.83155012743507,171.9508451957646,170.03350099656762,171.43546294449843,5.4410176277160645,1.7936046199369897,2.0146408630255426,0.00510875812464201,0.008211357962082695,81.9508451957646,squat_9.mp4,294
162.11347322908736,160.6593467459339,162.27325839124453,161.385750697029,8.507719039916992,4.497126298063652,4.8694987657445905,0.009010216431891576,0.005484214369410364,70.6593467459339,squat_9.mp4,297
146.29941521898104,141.78261972758352,146.63200720414056,141.94253841335592,13.910243034362793,8.592364588735602,9.797468950684584,0.03135770331694111,0.03250091778365305,51.78261972758352,squat_9.mp4,300
130.22056602250004,125.49612438613063,129.26920847970842,123.75408767129733,19.363121032714844,12.898501504956956,14.277494591457039,0.03695059269553218,0.04359377885204406,35.49612438613063,squat_9.mp4,303
107.89569754652557,102.80614017816414,107.50147476659417,103.52764283055366,22.381553649902344,19.002495816489166,20.858682891140326,0.04831051711102413,0.037661456213132743,12.806140178164142,squat_9.mp4,306
81.88850315277351,76.73171117114323,83.62739162149553,76.39174645782194,24.42525863647461,27.480131526299154,29.02622575375869,0.06502061548220638,0.09043474737486797,13.268288828856768,squat_9.mp4,309
58.85119088124999,57.38286247275256,63.88487487480959,57.60813717478311,24.91471290588379,36.229671543244336,36.62805254015483,0.025265029758972476,0.10332672791854654,32.61713752724744,squat_9.mp4,312
52.704062441727714,54.00685988450492,58.366400306376924,53.97240963668165,25.716867446899414,40.18194143629006,38.82126884668767,0.024417321383360207,0.07822747404788193,37.295937558272286,squat_9.mp4,315
78.86803563125868,74.92561472765226,80.96546427093058,74.43707207073271,24.238422393798828,28.608976104063796,29.781011714665148,0.051268968444482865,0.0840191203294745,15.07438527234774,squat_9.mp4,318
111.19414840135228,104.18525169125162,110.25281698452889,104.88771322777507,23.16577911376953,18.223238617751598,20.63210381667769,0.0650841882472245,0.04987534195866729,14.185251691251622,squat_9.mp4,321
136.15114343171888,130.36699085895253,133.49524788249366,129.40608626013622,18.449729919433594,11.290803501703545,12.916030982992181,0.04340532090366506,0.031107956417893073,40.36699085895253,squat_9.mp4,324
151.89509923490183,148.72313115306838,153.26399753589814,148.59832141231232,12.912178993225098,7.124024946614384,7.962865830940382,0.02110296556359735,0.030912610357215868,58.72313115306838,squat_9.mp4,327
168.00994855221458,167.47156752446037,166.07502894085783,166.20523272155427,8.913379669189453,3.00498181257951,3.1409251290713063,0.0032096017333554942,0.0007836985564235359,77.47156752446037,squat_9.mp4,330
174.1091760897424,173.46327939795577,171.21586319008267,171.5407899446682,7.049200534820557,1.473121801858411,1.6342972046258386,0.0037166160988236214,0.0018959617653740595,83.46327939795577,squat_9.mp4,333
176.0438836388413,174.86484975182844,176.13785927813836,174.3884259122138,5.339728355407715,0.9876065685964639,1.2832879507845545,0.00671988910404359,0.009981752809062806,84.86484975182844,squat_9.mp4,336
172.53486329071,172.0580640120521,171.1197102725584,171.33002411719997,4.483926296234131,1.8669485402303945,1.9876062812482014,0.0027673190067477693,0.0012282903067006462,82.05806401205211,squat_9.mp4,0
165.32536271778343,162.24068175136162,163.8397005751732,163.04135803584745,7.178446292877197,3.6825054709409617,4.465511151239211,0.01883394825871443,0.004884605689409188,72.24068175136162,squat_9.mp4,3
152.26843196754353,146.20753983107736,150.62711285619278,146.34612294655193,11.725659370422363,6.951374880678148,8.597943571214019,0.04061226168353284,0.028830812972549257,56.207539831077355,squat_9.mp4,6
133.65960953737857,128.3005453165686,128.871461048295,126.12367472234968,18.868667602539062,11.910561980205756,13.430862581273251,0.040915109580675485,0.021551676408579204,38.30054531656859,squat_9.mp4,9
111.00918568601294,104.33013194133709,109.61218477856039,104.08671788192635,21.493701934814453,18.240749855132986,20.08640469578455,0.062032830959686806,0.05171263705937326,14.330131941337086,squat_9.mp4,12
85.64783708389854,76.33104503492119,84.82792127680626,72.43766555735559,25.343698501586914,25.87701365760864,28.499037971414094,0.11503711998880209,0.15757109955042264,13.668954965078811,squat_9.mp4,15
51.63024685176331,52.57496624997956,52.648590232185136,50.79794252165668,25.686630249023438,38.66984006223837,38.434810939944924,0.01813190281169243,0.03577979196136424,38.36975314823669,squat_9.mp4,18
41.36773169482362,43.29517831672558,46.320230365723916,42.20847310903102,25.824508666992188,47.83160114236491,44.76783550373466,0.045532255426586066,0.09289094034604078,48.63226830517638,squat_9.mp4,21
48.86886957208796,49.84687361576805,50.69271218543027,48.15218406281121,25.741384506225586,42.58739559054938,41.22153653561586,0.01981455058934108,0.05140433586451878,41.13113042791204,squat_9.mp4,24
73.20817400980029,73.27275428225902,75.8783997854947,69.57770503614947,24.989999771118164,30.526308200503273,29.94828326312113,0.000881756733954667,0.086633624034839,16.791825990199712,squat_9.mp4,27
105.68930072344973,97.99557565201137,103.77457074412305,97.46205937108549,21.895034790039062,19.623792096935773,22.186409350010045,0.07554537389664798,0.06273720017497446,7.995575652011368,squat_9.mp4,30
135.36549363724848,127.75189376570913,132.58351655380568,128.25500154111572,16.90825653076172,11.405172131146394,13.597570600274777,0.05787226717844621,0.033189231746170084,37.75189376570913,squat_9.mp4,33
151.116197148905,147.42791454530516,153.22941792922987,148.8008375784245,10.435556411743164,7.310638203619241,8.287815362037593,0.024708459883326338,0.029325408763183514,57.42791454530516,squat_9.mp4,36
170.34508018691707,168.10254081769762,167.54656899726868,166.85506600602588,6.932410717010498,2.417098037365005,2.9813392130845155,0.013251913915440882,0.004135763219195904,78.10254081769762,squat_9.mp4,39
177.33317603382446,174.98139759904277,173.97542713530967,171.93288995972586,5.375782489776611,0.6665572036381484,1.2552320767969047,0.01335044650882019,0.011809702598290787,84.98139759904277,squat_9.mp4,42
179.46295210824888,178.18349994373875,179.30479349807158,177.58208182601172,2.8547353744506836,-0.13410036987889684,0.45384800340900144,0.007154843321773822,0.009654104934486547,88.18349994373875,squat_9.mp4,45
178.99069974823547,176.73007926483655,179.01781915140293,176.7964924646456,2.724684000015259,0.2518162884383406,0.8170055674437428,0.012710083957821595,0.012485875999020004,86.73007926483655,squat_9.mp4,48
178.5226274149256,175.27150654274791,178.9930289657907,176.25837996747552,2.563538074493408,0.36847269599439236,1.1816861435784267,0.018378602470365688,0.015395570176775186,85.27150654274791,squat_9.mp4,51
177.49219790296874,175.82819347472076,178.1277922176365,176.23308392121282,2.611487627029419,0.6262710051489917,1.0430673203312764,0.00941923799959343,0.010693665266146835,85.82819347472076,squat_9.mp4,54
171.24989791811853,170.39988759521836,170.91398738460683,170.2126653002248,4.627224445343018,2.190639793557371,2.4041249566056067,0.004975916034151841,0.004111798822298228,80.39988759521836,squat_9.mp4,57
161.63998884062838,158.7826888282104,163.01612144313583,161.2431981930969,6.927341461181641,4.612276777935936,5.347083854672078,0.01783456797256419,0.010935218466675783,68.78268882821041,squat_9.mp4,60
149.38382267980734,142.5510385221125,148.3691416079028,143.45169564893166,12.379487991333008,7.765042152203119,9.575011082800517,0.04681033385025489,0.03370181516300188,52.55103852211249,squat_9.mp4,63
128.99817136270926,122.13220957788118,128.44371879198735,121.75637111273785,17.600021362304688,13.159018732477536,15.150517151457423,0.054680455300645955,0.05345599741227913,32.132209577881184,squat_9.mp4,66
106.08695419124952,97.05806295645195,103.95635916669883,95.27279602427483,21.800331115722656,19.33470280825957,22.225384975404484,0.08889109230016601,0.08717161034086869,7.058062956451948,squat_9.mp4,69
78.71627649498579,72.86455752155817,79.5067433337346,69.98157253283412,23.84501075744629,28.603172573961793,29.941504021228802,0.07720921990426506,0.1274369939307166,17.13544247844183,squat_9.mp4,72
44.83880100141769,49.663257687951,48.12306576448251,47.05160863441101,25.293437957763672,43.47527607109264,40.357569694076105,0.1021026791044088,0.02251559328862715,45.16119899858231,squat_9.mp4,75
40.08994950718736,43.20139745250918,43.85739415562301,41.98524927856128,25.415189743041992,47.79336014639147,44.85000923198923,0.07471239351735776,0.04361806212310115,49.91005049281264,squat_9.mp4,78
43.306377254552785,46.30389902675528,48.36409661561515,45.1015563294874,25.023195266723633,46.617785535567194,42.41654472766223,0.06690129517718614,0.06981260352493378,46.693622745447215,squat_9.mp4,81
74.75945265738387,69.35439701985706,71.42536076304131,61.61243863745375,25.473766326904297,29.244771218926648,30.419559028068345,0.07501091185381614,0.1475208124278557,20.64560298014294,squat_9.mp4,84
105.24856995166438,97.09463588225492,102.104798450425,91.83626790075469,23.180683135986328,19.909949587468596,22.029361764475816,0.08059508631193779,0.1058933081359521,7.09463588225492,squat_9.mp4,87
132.64340175307495,126.5962374784559,128.48106160151804,123.24026128546456,18.31051254272461,12.12986735702852,13.808666700200055,0.04665308355269107,0.04163970104675229,36.596237478455905,squat_9.mp4,90
151.22448420993592,145.85932996832608,151.6191404474949,147.69420149144628,10.524651527404785,7.254420535489431,8.689774655101408,0.03611879197424427,0.02622628801391224,55.85932996832608,squat_9.mp4,93
166.6207640135925,163.77922076917656,166.291013168105,164.76097077080556,6.245500087738037,3.353165606466046,4.073620551123317,0.017200625758407254,0.009243517462694199,73.77922076917656,squat_9.mp4,96
172.41232119932707,170.97180276812728,170.47580948408267,170.53099279498483,4.729942798614502,1.8983638040400304,2.259806439640491,0.008390128317850376,0.0003236493262500468,80.97180276812728,squat_9.mp4,99
174.28608318678366,172.5610103730288,174.93039792922085,173.70555310235287,3.1355576515197754,1.4250657100613628,1.8595108643354008,0.009947166032442863,0.007026497544179276,82.56101037302881,squat_9.mp4,102
174.3415769991735,171.72829720113603,175.83054136086278,174.11483550536448,2.840604305267334,1.4125276708803125,2.069320099405647,0.015102613621461132,0.00980556377605273,81.72829720113603,squat_9.mp4,105
173.33329016940044,171.04063891338603,173.7345882118821,173.25159808584326,3.5084190368652344,1.6665073427830757,2.2420417068479757,0.013314894435363963,0.0027839155857601523,81.04063891338603,squat_9.mp4,108
172.99993902156226,171.99415491923068,174.08937749477204,172.97361922642514,3.4664173126220703,1.7504530743670852,2.0034373588670475,0.005830732293661728,0.006429716097007057,81.99415491923068,squat_9.mp4,111
170.24564747659568,168.7734548609683,170.10296110607445,169.60016993824783,4.880125522613525,2.4428183669431225,2.81317243682061,0.008685012764628932,0.002960179768028185,78.77345486096829,squat_9.mp4,114
164.78948989349104,162.05139842227683,164.81149033008083,163.3710860805318,6.886012554168701,3.8169325942911003,4.513706745123885,0.016754889422334922,0.0087780665585783,72.05139842227683,squat_9.mp4,117
151.45846243682024,147.34322511500017,153.26496162409026,149.60780157282866,10.487913131713867,7.232261374843052,8.31722982188798,0.027544940294933106,0.024149811377286647,57.343225115000166,squat_9.mp4,120
137.90770791401806,132.48747233774304,136.12475611437972,132.52233576976977,15.995808601379395,10.812304962977908,12.294097988690691,0.040091214430880866,0.026818978901610068,42.48747233774304,squat_9.mp4,123
116.9106201632326,109.89366875292616,117.48108515061053,112.13469330533754,18.045196533203125,16.407917092436726,18.63297142090894,0.06187670827424558,0.04656815730369068,19.89366875292616,squat_9.mp4,126
88.84060459036706,85.15387462963443,93.55222761595826,85.97709451827522,21.64296531677246,25.177688564502784,26.247687161042915,0.0423775510264446,0.08438881189579865,4.84612537036557,squat_9.mp4,129
64.80944348798495,67.43550593222989,70.69635747656919,68.39418414104445,23.352460861206055,34.30897916046967,32.87991815034391,0.039715126449184755,0.03310323345858922,25.19055651201505,squat_9.mp4,132
46.288253041049714,49.334810474934336,49.985231292993895,47.67387135640519,23.80588722229004,42.71778734778294,39.30598679493383,0.06372013867502518,0.04733526878465381,43.711746958950286,squat_9.mp4,135
36.86895734618054,40.07608009243803,43.22119898161244,38.032325445220366,23.595714569091797,50.28438722069458,45.6329888868762,0.08336139283357728,0.12772057761173305,53.13104265381946,squat_9.mp4,138
45.15958317023277,48.6463945733948,49.579393287079796,47.32235821470433,23.379436492919922,43.117955237510174,40.379184483922295,0.07434092127244833,0.046583989193093374,44.84041682976723,squat_9.mp4,141
86.8709227320572,76.75798858805736,81.26423960542984,72.0014017241386,23.36345100402832,24.21721247724955,27.75141004954523,0.12360815778105927,0.1208729862862515,13.242011411942642,squat_9.mp4,144
114.07111620910445,105.8531968725476,112.04860307159703,103.87046813798689,20.578805923461914,17.105107687681002,19.578017723579638,0.07473406847478252,0.07575185357917692,15.8531968725476,squat_9.mp4,147
137.2370095849229,132.27245781281462,134.7299842160016,130.3012187070502,15.62575912475586,10.925635493276742,12.285474238955642,0.036841390545896316,0.03342071016624595,42.27245781281462,squat_9.mp4,150
154.84232774548548,150.39779975333738,154.88843894239048,150.95120889646236,9.587069511413574,6.335919783901775,7.495411053495982,0.029121518383360235,0.025747021838075406,60.39779975333738,squat_9.mp4,153
169.10826695845097,167.2020757579181,168.1353347630459,167.5137822522129,5.641087055206299,2.7272825255552378,3.208282545077968,0.011335905908433393,0.0037035849601519573,77.2020757579181,squat_9.mp4,156
172.6200385209453,171.4384446063846,170.82611026640598,170.4173093748014,4.811832427978516,1.8457521132629071,2.143230590472608,0.006868564343018432,0.0023959488627467718,81.43844460638459,squat_9.mp4,159
175.97683448577106,174.22086984575182,175.5445549601209,174.74424186364183,3.0149519443511963,1.0055720961378425,1.4452072543866223,0.010028418909090953,0.004569447288842219,84.22086984575182,squat_9.mp4,162
173.8690502625938,173.10354397805287,175.02574609685846,174.17553233574083,2.903088331222534,1.5329846118058044,1.7254740796163546,0.0044124884630513134,0.0048694767953533285,83.10354397805287,squat_9.mp4,165
173.56175500424047,172.27190679151255,175.00683722561897,174.07572975919746,2.5660433769226074,1.6100861876047954,1.9335440885081894,0.007459356073265613,0.005334597338755146,82.27190679151255,squat_9.mp4,168
172.68967815298922,171.46677593809306,175.9357183581183,174.17822515640907,2.3979992866516113,1.8284088277730326,2.135898935064573,0.007106664427525199,0.010039549890913154,81.46677593809306,squat_9.mp4,171
171.9288512433732,172.3978255644171,175.11123786321357,174.54242072839114,2.6700634956359863,2.0190571651774385,1.9022604186422614,0.0027240080576486515,0.003253603220476047,81.9288512433732,squat_9.mp4,174
169.27831473337622,167.8342981669296,170.5632230985656,170.0515523929067,4.319660663604736,2.6859589501257704,3.0497755325542037,0.008566968491764174,0.003004395243398424,77.83429816692961,squat_9.mp4,177
165.7243653019111,163.76318847605745,165.45183372590193,165.20509685376345,6.703324317932129,3.582687452365269,4.078315932562106,0.011904406120148732,0.0014924040558045276,73.76318847605745,squat_9.mp4,180
152.9495238934679,150.768149429731,154.97849347434376,152.91700368628412,9.870047569274902,6.837196763833716,7.422972826502779,0.014364488176594145,0.013390840769484684,60.76814942973101,squat_9.mp4,183
141.93513214557456,136.10551327134803,141.81488618157425,135.47131948705646,15.14551830291748,9.748335303767139,11.296107742069426,0.041933573168663876,0.045754650356452514,46.10551327134803,squat_9.mp4,186
121.93247601907416,115.71490466134406,121.70430948571197,113.52694836249943,19.633420944213867,14.970236755039585,16.953295894304105,0.05232602471719489,0.06952614374480102,25.714904661344065,squat_9.mp4,189
100.68710117776055,93.47957923729884,96.60224957988032,89.43678020056592,24.71647834777832,20.763509968230874,23.08044596985167,0.07424056408704724,0.07703189365984893,3.479579237298836,squat_9.mp4,192
70.07211579587644,69.3596120176739,71.18131244134801,68.41470104287475,23.675325393676758,30.16775849078933,30.77242404982137,0.010220109717858677,0.039637398367195396,20.640387982326104,squat_9.mp4,195
48.30768997009586,50.9268662285676,50.83557719397802,50.19077888180476,24.625593185424805,40.727512295787996,38.382354389386585,0.05278758446257889,0.012764952379150958,41.69231002990414,squat_9.mp4,198
43.11647746865338,49.64943466511017,50.74330949657324,48.26841063280943,24.250743865966797,45.416347688033184,39.67311797257268,0.140848228539738,0.04999203852896931,46.88352253134662,squat_9.mp4,201
68.7774947788501,69.71257407730744,68.61212446255028,68.86832840196064,23.556428909301758,30.46435336996817,30.785906257899907,0.013503918456832558,0.0037271326079038724,21.222505221149902,squat_9.mp4,204
103.24845112517363,98.99494558785261,101.83988037820185,98.32345737145442,21.620729446411133,20.18238689742123,21.64260390769629,0.04206323278239379,0.03513553527115351,8.994945587852612,squat_9.mp4,207
131.24572055718275,125.96244732023867,129.09175261010475,124.84581160575777,18.030731201171875,12.522037682599239,14.065929373518674,0.04108169099405856,0.03344082642879621,35.96244732023867,squat_9.mp4,210
148.8524173546321,145.04273234691297,150.00385750063163,145.87005331410452,11.692008972167969,7.88197320094602,8.914215300939015,0.025925470437929525,0.02794301244840418,55.04273234691297,squat_9.mp4,213
164.6301751067906,163.98096658173213,164.32073140857494,163.50053152048176,7.636396884918213,3.8572126612014195,4.023472515821388,0.0039512264965977815,0.005003945630400939,73.98096658173213,squat_9.mp4,216
172.92357225393602,172.5686901431635,169.3559116340137,170.2324534493501,6.310824871063232,1.770734360818047,1.8588267321152037,0.002054356345408486,0.005162378370184842,82.56869014316351,squat_9.mp4,219
178.54102132140272,176.40724115390574,177.34664195277227,175.85357364512063,3.682749032974243,0.36447962231126463,0.8981356564011819,0.012023048951509734,0.008454515267631945,86.40724115390574,squat_9.mp4,222
179.1860273482921,176.92782233828407,179.74282935201697,177.74059248297866,2.5959484577178955,0.20290690757284266,0.7675580184380587,0.012682489108443966,0.011201844598894378,86.92782233828407,squat_9.mp4,225
176.5573548319069,174.78090575195318,177.66661248152383,175.9351883649587,2.82688045501709,0.8595497888377117,1.3043072121220523,0.01011247153669849,0.009793072956191423,84.78090575195318,squat_9.mp4,228
176.1370481291003,174.94576410492195,177.08751352463776,175.5418301814033,3.09118390083313,0.9645963125402724,1.2632232371858483,0.006786342040488537,0.008766617814556982,84.94576410492195,squat_9.mp4,231
174.41397908611924,172.74839507330037,175.2845744306094,173.82498493904512,3.6868412494659424,1.396019994124958,1.814004647492264,0.009595417803278529,0.008361784731416085,82.74839507330037,squat_9.mp4,234
167.83339070475495,165.86244751625495,166.31574864856046,167.01625357175277,6.548333168029785,3.050068925118833,3.5478766986973547,0.011812812524168353,0.004203046323342929,75.86244751625495,squat_9.mp4,237
157.68690607367554,156.6861523338941,157.8825421242161,157.84135322479878,9.365155220031738,5.624090537515364,5.888160174626884,0.006366663510229944,0.0002609172129450314,66.68615233389411,squat_9.mp4,240
146.0217939752412,141.55254696098413,145.22056211082977,141.72855350977818,14.294631004333496,8.670794013232475,9.84141992985634,0.031082376819204453,0.024338869931689086,51.55254696098413,squat_9.mp4,243
131.5376262752711,123.9928897782846,129.71221780474417,123.08797647664375,18.339881896972656,12.504383550818797,14.644578122612879,0.059051549799282795,0.052406932256761525,33.99288977828461,squat_9.mp4,246
110.15720509276854,103.4198777603687,109.44538575305013,102.81004167022793,21.76663589477539,18.45405583622375,20.540279418672093,0.06309035822005904,0.06252225597595722,13.419877760368706,squat_9.mp4,249
79.66202163553275,78.05446226771681,78.53330089740597,74.62929911154306,25.186838150024414,27.585502441722227,27.86049351359574,0.02038543249292937,0.05097852590168617,11.945537732283185,squat_9.mp4,252
56.27657340641008,58.47682348090732,55.943373554839454,54.354234550486744,25.738140106201172,35.62077540372235,34.716845689316024,0.03834744999588616,0.028815475360720377,33.72342659358992,squat_9.mp4,255
44.25256656332913,42.96578305364403,47.23447749564774,41.56541731086754,24.35528564453125,44.778291902076404,43.9392092446903,0.029507174014094986,0.12768168694641874,47.03421694635597,squat_9.mp4,258
43.674111695695736,45.661183917670435,46.259198873217244,43.431181211261375,24.867835998535156,45.0229616220628,41.766638518895235,0.04448571437149636,0.06306178342186046,46.325888304304264,squat_9.mp4,261
84.08895877616011,73.96286868128725,81.39366978102846,68.18954045073117,24.834978103637695,26.04099255648862,28.964425452991865,0.12813632411303988,0.1765456070883787,16.037131318712753,squat_9.mp4,264
107.17308123345649,102.34661152154288,105.19506158661777,100.19848645743846,21.55130958557129,18.94355159899923,20.66777901351047,0.04607175247777217,0.048653671712293095,12.346611521542883,squat_9.mp4,267
135.1436737233896,129.83399253717153,130.29207096679008,127.25988560252186,18.933273315429688,11.534688254571464,13.002686171123091,0.040076443129338335,0.023546203295506312,39.833992537171525,squat_9.mp4,270
154.5439960010548,150.55649889289518,153.62694367449936,149.05652756104936,11.721651077270508,6.410288851058623,7.4648652479285795,0.02613890947338939,0.030199310816633854,60.55649889289518,squat_9.mp4,273
171.55147568747188,169.17290730390613,166.34016653244677,166.39123563509128,8.092108726501465,2.1148527416154907,2.712588912472663,0.01396183250921575,0.0003069689383798527,79.17290730390613,squat_9.mp4,276
174.66630221969663,174.9838185959843,170.95397439127638,170.7502924947532,6.694714069366455,1.3339167075428076,1.2544522211417128,0.0018161948610053557,0.0011921530765730806,84.66630221969663,squat_9.mp4,279
179.8154825278411,176.09154133552153,176.56983226827774,174.2676586515579,4.757280349731445,0.04612438239410147,0.9766625425382134,0.020926483281483402,0.013123874593242229,86.09154133552153,squat_9.mp4,282
177.29846403931535,176.22415360094325,174.93674003087654,174.30239956036016,4.509091854095459,0.6751260816025402,0.9438430515642747,0.006077746569897281,0.0036326997670354756,86.22415360094325,squat_9.mp4,285
175.82960204806628,176.45348027964928,174.43151351325912,174.545940771461,4.2279558181762695,1.0426673062628775,0.8865968787142804,0.0035419142325014423,0.0006557859643765295,85.82960204806628,squat_9.mp4,288
176.39228524447103,175.44654169236833,175.4061126359606,174.98674877988313,3.777164936065674,0.901440265820135,1.1383419623688384,0.00537600446395573,0.0023936780811283096,85.44654169236833,squat_9.mp4,291
172.83155012743507,171.9508451957646,170.03350099656762,171.43546294449843,5.4410176277160645,1.7936046199369897,2.0146408630255426,0.00510875812464201,0.008211357962082695,81.9508451957646,squat_9.mp4,294
162.11347322908736,160.6593467459339,162.27325839124453,161.385750697029,8.507719039916992,4.497126298063652,4.8694987657445905,0.009010216431891576,0.005484214369410364,70.6593467459339,squat_9.mp4,297
146.29941521898104,141.78261972758352,146.63200720414056,141.94253841335592,13.910243034362793,8.592364588735602,9.797468950684584,0.03135770331694111,0.03250091778365305,51.78261972758352,squat_9.mp4,300
130.22056602250004,125.49612438613063,129.26920847970842,123.75408767129733,19.363121032714844,12.898501504956956,14.277494591457039,0.03695059269553218,0.04359377885204406,35.49612438613063,squat_9.mp4,303
107.89569754652557,102.80614017816414,107.50147476659417,103.52764283055366,22.381553649902344,19.002495816489166,20.858682891140326,0.04831051711102413,0.037661456213132743,12.806140178164142,squat_9.mp4,306
81.88850315277351,76.73171117114323,83.62739162149553,76.39174645782194,24.42525863647461,27.480131526299154,29.02622575375869,0.06502061548220638,0.09043474737486797,13.268288828856768,squat_9.mp4,309
58.85119088124999,57.38286247275256,63.88487487480959,57.60813717478311,24.91471290588379,36.229671543244336,36.62805254015483,0.025265029758972476,0.10332672791854654,32.61713752724744,squat_9.mp4,312
52.704062441727714,54.00685988450492,58.366400306376924,53.97240963668165,25.716867446899414,40.18194143629006,38.82126884668767,0.024417321383360207,0.07822747404788193,37.295937558272286,squat_9.mp4,315
78.86803563125868,74.92561472765226,80.96546427093058,74.43707207073271,24.238422393798828,28.608976104063796,29.781011714665148,0.051268968444482865,0.0840191203294745,15.07438527234774,squat_9.mp4,318
111.19414840135228,104.18525169125162,110.25281698452889,104.88771322777507,23.16577911376953,18.223238617751598,20.63210381667769,0.0650841882472245,0.04987534195866729,14.185251691251622,squat_9.mp4,321
136.15114343171888,130.36699085895253,133.49524788249366,129.40608626013622,18.449729919433594,11.290803501703545,12.916030982992181,0.04340532090366506,0.031107956417893073,40.36699085895253,squat_9.mp4,324
151.89509923490183,148.72313115306838,153.26399753589814,148.59832141231232,12.912178993225098,7.124024946614384,7.962865830940382,0.02110296556359735,0.030912610357215868,58.72313115306838,squat_9.mp4,327
168.00994855221458,167.47156752446037,166.07502894085783,166.20523272155427,8.913379669189453,3.00498181257951,3.1409251290713063,0.0032096017333554942,0.0007836985564235359,77.47156752446037,squat_9.mp4,330
174.1091760897424,173.46327939795577,171.21586319008267,171.5407899446682,7.049200534820557,1.473121801858411,1.6342972046258386,0.0037166160988236214,0.0018959617653740595,83.46327939795577,squat_9.mp4,333
176.0438836388413,174.86484975182844,176.13785927813836,174.3884259122138,5.339728355407715,0.9876065685964639,1.2832879507845545,0.00671988910404359,0.009981752809062806,84.86484975182844,squat_9.mp4,336
